00050433
000584B3
00060933
66C000EF
00050833
00040533
000485B3
00090633
046358FD
16630118
08172B05
08130002
4885FD68
0918282F
28081D63
0010029B
031702FE
03130000
03B3FBE3
32974053
82930001
4317FB22
03130001
8263CB23
BF030262
4E0D0082
01CF1A63
0002BE03
0102BF03
9E1E9F1E
01EE3023
C2E302E1
4081FE62
5B4000EF
00021A17
F78A0A13
00022A97
958A8A93
000A3023
4DE30A21
0A17FF5A
0A130000
1073316A
029B305A
12AA0010
3002B073
00022A17
F48A0A13
01336A89
0433015A
84B30005
09330005
89B30006
0A330006
00EF0007
05335C60
85B30004
06330004
86B30009
07330009
0433000A
84B30005
09330005
89B30006
0A330006
00EF0007
02B32BA0
05330005
85B30004
06330004
86B30009
07330009
85B3000A
07170002
07130002
6B8338A7
6C030507
6C830547
22170587
02130002
87B3EC62
923E038B
00000D17
EB8D0D13
41A20D33
0E339266
43850002
02334301
0233000E
07B34192
0233026C
678540F2
40F20233
00000717
E8C70713
40EE07B3
00E23023
00F23423
00020797
E7878793
38238F99
3C2300F2
302301A2
04330392
84B30005
09330005
00EF0006
342353E0
053302A2
85B30004
06330004
04330009
84B30005
09330005
00EF0006
382352E0
053302A2
85B30004
06330004
04330009
84B30005
09330005
00EF0006
3C2351E0
053302A2
85B30004
06330004
07170009
07130000
30230F27
071704E2
07130002
34232A67
071704E2
07130000
38231727
3C2304E2
30230402
04330602
84B30005
09330005
00EF0006
34234E20
053306A2
85B30004
06330004
38230009
931E0662
F17347E3
0713C5AD
04330FF0
84B30005
09330005
00EF0006
03334820
05330005
85B30004
06330004
02630009
00630403
82B304B3
C3830005
CE030072
CE830062
CF030052
0E220042
0F620EC2
01C3E3B3
01D3E3B3
01E3E3B3
5A63939A
BE030073
30230002
02A101C3
4AE30321
4285FE73
00020317
D4830313
0330000F
00533023
4285A005
00020317
D3430313
00033303
0203C3B3
0203C3B3
0203C3B3
FE6293E3
00EF4081
10733460
07173040
07130002
6B831B67
6C030507
3C830547
2B730707
8D63F140
4701000C
000CE783
01678663
07050C91
FF774AE3
00070B33
097B5663
00022217
CD020213
038B87B3
07B3923E
0233036C
678540F2
40F20233
34021073
00020133
00000717
07470713
301027F3
8B85839D
0717C789
07130000
10731927
029B3057
12AA0010
3002B073
34002573
067000EF
0001A815
00020397
12838393
0543E283
0503E383
40B383B3
025383B3
00022317
C6030313
6385931E
40730533
00018082
00000013
10500073
0001BFF5
00058533
00018082
34021273
06523023
300022F3
00B2D293
0032F293
0032A293
413312FD
F2B30041
41330022
42B30041
B0230052
8113EC22
3283EB02
F4160602
34021273
341022F3
22F3E216
E6163000
E002EA02
EC0EE406
F81AF012
E0A2FC1E
E8AAE4A6
F0B2ECAE
F8BAF4B6
E142FCBE
E94AE546
F152ED4E
F95AF556
E1E2FD5E
E9EAE5E6
F1F2EDEE
F9FAF5F6
22F3FDFE
EE163420
343022F3
F602F216
4281FA02
029BFE16
12AA0010
3002B073
00010533
061030EF
00853083
01053103
01853183
02053203
03053303
03853383
65246120
71306D2C
79387534
38037D3C
38830805
39030885
39830905
3A030985
3A830A05
3B030A85
3B830B05
3C030B85
3C830C05
3D030C85
3D830D05
3E030D85
3E830E05
3F030E85
3F830F05
32830F85
90731085
32833002
90731005
32833412
69280285
30200073
00000013
34021273
06523023
300022F3
00B2D293
0032F293
0032A293
413312FD
F2B30041
41330022
42B30041
B0230052
8113EC22
3283EB02
F4160602
34021273
341022F3
22F3E216
E6163000
E002EA02
EC0EE406
F81AF012
E0A2FC1E
E8AAE4A6
F0B2ECAE
F8BAF4B6
E142FCBE
E94AE546
F152ED4E
F95AF556
E1E2FD5E
E9EAE5E6
F1F2EDEE
F9FAF5F6
22F3FDFE
EE163420
343022F3
22F3F216
F61634B0
34A022F3
22F3FA16
D2933000
F2930262
FE160012
0010029B
B07312AA
05333002
30EF0001
308371E0
31030085
31830105
32030185
33030205
33830305
61200385
6D2C6524
75347130
7D3C7938
08053803
08853883
09053903
09853983
0A053A03
0A853A83
0B053B03
0B853B83
0C053C03
0C853C83
0D053D03
0D853D83
0E053E03
0E853E83
0F053F03
0F853F83
10853283
30029073
10053283
34129073
02853283
00736928
00013020
0000100F
41814101
42814201
43814301
44814401
48014781
49014881
4A014981
4B014A81
4C014B81
4D014C81
4E014D81
4F014E81
50734F81
80823400
00000013
494255B7
34F5859B
1BE36208
4589D2B5
C7E36608
4589D2A5
00B54463
80827608
8082557D
00000013
00020717
97070713
0717E30C
07130002
6A1496E7
0717E314
07130002
6E1496A7
0717E314
07130002
72149667
4709E314
C8636614
071700E6
07130002
761495A7
8082E314
00000013
00020517
92850513
80826108
00000013
00020517
92050513
80826108
00000013
00020517
91850513
80826108
00000013
00020517
91050513
80826108
00000000
14D0206F
00000013
1230206F
00000013
15F0206F
00000013
1A70206F
E0000553
00028067
E0008553
00028067
E0010553
00028067
E0018553
00028067
E0020553
00028067
E0028553
00028067
E0030553
00028067
E0038553
00028067
E0040553
00028067
E0048553
00028067
E0050553
00028067
E0058553
00028067
E0060553
00028067
E0068553
00028067
E0070553
00028067
E0078553
00028067
E0080553
00028067
E0088553
00028067
E0090553
00028067
E0098553
00028067
E00A0553
00028067
E00A8553
00028067
E00B0553
00028067
E00B8553
00028067
E00C0553
00028067
E00C8553
00028067
E00D0553
00028067
E00D8553
00028067
E00E0553
00028067
E00E8553
00028067
E00F0553
00028067
E00F8553
00028067
F0050053
00028067
F00500D3
00028067
F0050153
00028067
F00501D3
00028067
F0050253
00028067
F00502D3
00028067
F0050353
00028067
F00503D3
00028067
F0050453
00028067
F00504D3
00028067
F0050553
00028067
F00505D3
00028067
F0050653
00028067
F00506D3
00028067
F0050753
00028067
F00507D3
00028067
F0050853
00028067
F00508D3
00028067
F0050953
00028067
F00509D3
00028067
F0050A53
00028067
F0050AD3
00028067
F0050B53
00028067
F0050BD3
00028067
F0050C53
00028067
F0050CD3
00028067
F0050D53
00028067
F0050DD3
00028067
F0050E53
00028067
F0050ED3
00028067
F0050F53
00028067
F0050FD3
00028067
E2000553
00028067
E2008553
00028067
E2010553
00028067
E2018553
00028067
E2020553
00028067
E2028553
00028067
E2030553
00028067
E2038553
00028067
E2040553
00028067
E2048553
00028067
E2050553
00028067
E2058553
00028067
E2060553
00028067
E2068553
00028067
E2070553
00028067
E2078553
00028067
E2080553
00028067
E2088553
00028067
E2090553
00028067
E2098553
00028067
E20A0553
00028067
E20A8553
00028067
E20B0553
00028067
E20B8553
00028067
E20C0553
00028067
E20C8553
00028067
E20D0553
00028067
E20D8553
00028067
E20E0553
00028067
E20E8553
00028067
E20F0553
00028067
E20F8553
00028067
F2050053
00028067
F20500D3
00028067
F2050153
00028067
F20501D3
00028067
F2050253
00028067
F20502D3
00028067
F2050353
00028067
F20503D3
00028067
F2050453
00028067
F20504D3
00028067
F2050553
00028067
F20505D3
00028067
F2050653
00028067
F20506D3
00028067
F2050753
00028067
F20507D3
00028067
F2050853
00028067
F20508D3
00028067
F2050953
00028067
F20509D3
00028067
F2050A53
00028067
F2050AD3
00028067
F2050B53
00028067
F2050BD3
00028067
F2050C53
00028067
F2050CD3
00028067
F2050D53
00028067
F2050DD3
00028067
F2050E53
00028067
F2050ED3
00028067
F2050F53
00028067
F2050FD3
00028067
00000000
62B50073
00018082
62A00073
00018082
62050073
00018082
62000073
00018082
22B50073
00018082
22A00073
00018082
22050073
00018082
22000073
00008082
34202773
2773E298
E6983430
0006B823
0006BC23
0206B023
34102773
10730711
00733417
00013020
34202773
2773E298
E6983430
34B02773
2773EA98
EE9834A0
30002773
8B059319
2773F298
07113410
34171073
30200073
00000000
714D0000
FE26E2A2
E686FA4A
F252F64E
EA5AEE56
0A80E65E
47057D1C
F14025F3
04853983
891B84AA
89630005
470D00E7
22E78263
14078163
0C50A0EF
05300513
6FF030EF
00A03A33
12098F63
0609B783
0B636398
854A2207
1B639702
B7832405
679C0609
9782C399
0717F961
07130002
631C3B27
0230000F
C7B3E799
631C0207
0230000F
27F3DBFD
5BA83400
2E6060EF
A0EF85CA
41E365B0
4791FA05
1EF50963
659000EF
00020797
3887B783
0A17D7D1
0A130002
3703386A
DF3D000A
639897A6
0484B983
07054581
8526E398
7CD0A0EF
8863F525
B7830009
6B9C0609
9782C399
4581FD21
80EF8526
F53963C0
85264581
3F4010EF
4581F131
10EF8526
FD0D5820
85264581
7D9000EF
4581F905
00EF8526
13E364B0
4581F205
20EF8526
1DE34210
4581F005
20EF8526
17E36720
4581F005
70EF8526
11E336F0
8963F005
B7830009
6F9C0609
9782C781
EE0518E3
85264581
78B010EF
EE0512E3
70EF8526
1DE37350
3783EC05
8526000A
94BE85CA
0785609C
A0EFE09C
051369F0
30EF0550
3A335C50
95E300A0
02E3EC09
4585EE0A
00020517
29850513
231040EF
EC0519E3
B9838526
10EF0484
19E30AF0
8526E805
4D50A0EF
E80514E3
852685CA
1D2070EF
E6051EE3
10EF4521
0A9712B0
8A930002
B023266A
03E300AA
4521E605
115010EF
00020A17
258A0A13
00AA3023
E40508E3
000AB783
85264585
639897A6
E3980705
69D0A0EF
E2051CE3
0310000F
07174785
39230002
8A6320F7
B7830009
6B9C0609
4505C789
1BE39782
4585E005
80EF8526
15E34F80
4585E005
10EF8526
862A2AE0
0597CD2D
85930001
F517AF65
05130000
50EF1DE5
B3DD4790
F2098BE3
0609B783
C789639C
9782854A
DE050DE3
05174585
05130002
40EF1BA5
B7831530
3A130609
679C0015
1DE3EBCD
B3D5F00A
DC0A0DE3
8526BFF1
1340B0EF
80EF8526
1FE31B20
8526D805
5EF070EF
D8051AE3
852685CA
16A0B0EF
DA0A07E3
4585BF55
10EF8526
1DE33C20
74BCD605
EF998B85
4585461D
0000F517
17850513
3F3050EF
0000F517
18450513
3E7050EF
70EF8526
45853180
00EF8526
862A5EF0
0597CD09
85930001
F517A3E5
05130000
50EF2865
A0EF3C10
45855F20
00EF8526
862A4470
0597C11D
85930001
F517A1A5
05130000
50EF28A5
A0EF39D0
97825CE0
D00512E3
E60A12E3
4585B33D
20EF8526
862A1F90
0597CD09
85930001
F5179EA5
05130000
50EF27A5
A0EF36D0
458559E0
20EF8526
862A4320
0597CD09
85930001
F5179C65
05130000
50EF2765
A0EF3490
458557A0
70EF8526
862A1170
0597CD09
85930001
F5179A25
05130000
50EF27A5
A0EF3250
85265560
622010EF
CD09862A
00010597
98058593
0000F517
28050513
303050EF
5340A0EF
60EF8526
862A7550
0597CD09
85930001
F51795E5
05130000
50EF2865
A0EF2E10
86635120
B7830209
6F9C0609
4505C38D
862A9782
0597CD09
85930001
F5179325
05130000
50EF2825
A0EF2B50
45854E60
10EF8526
862A4BD0
0597CD09
85930001
F51790E5
05130000
50EF28E5
A0EF2910
40EF4C20
862A2570
0597CD09
85930001
F5178EE5
05130000
50EF28E5
A0EF2710
BA834A20
FA930684
9063001A
BB03240A
02630484
0593460B
F517008B
05130000
50EF28E5
09932490
0613EB04
855A0800
00EF85CE
85CE4ED0
0000F517
29850513
22B050EF
050B2583
0000F517
2B050513
21B050EF
273000EF
096385AA
F5174005
05130000
50EF2C25
20EF2050
85AA28E0
3E050963
02053A83
F5178656
05130000
50EF2CE5
50EF1E90
85AA3410
3C050663
0000F517
2E850513
1D3050EF
38D0A0EF
066385AA
F5173A05
05130000
50EF2FA5
00EF1BD0
85AA72D0
38050663
0000F517
30C50513
1A7050EF
45054581
03C020EF
046385AA
F5173605
05130000
50EF31A5
458118D0
20EF4501
85AA0220
34050263
0000F517
32850513
173050EF
0C0020EF
026385AA
F5173205
05130000
50EF33A5
30EF15D0
85AA0AD0
30050263
0000F517
34C50513
147050EF
F517608C
05130000
50EF3665
648C1390
0000F517
38050513
258181A9
127050EF
F517688C
05130000
50EF3965
689C1190
F517648C
05130000
8D9D3AE5
258181A9
103050EF
F5176C8C
05130000
50EF3C25
05170F50
05130002
BA8376E5
A0EF0204
8B2A7C60
00020517
75C50513
7600A0EF
05178BAA
05130002
A0EF74E5
DA937140
2A8100AA
00A55713
00ABD693
00AB5613
85D62701
26012681
0000F517
39850513
0A3050EF
59A010EF
10EF8AAA
66855940
861B9E89
6585000A
0000F517
3D850513
083050EF
612040EF
40EF8AAA
061B61A0
859B0005
F517000A
05130000
50EF4025
46010650
0593854E
40EF0800
85CE64C0
0000F517
41050513
04B050EF
854E4605
08000593
632040EF
F51785CE
05130000
50EF41E5
F5170310
05130000
50EFEE25
74BC0250
E7998B85
0000F517
42850513
672060EF
340027F3
50EF5BA8
74BC4B50
8B8589AA
14079B63
0D7030EF
58638AAA
85CA16A0
0000F517
42C50513
7E6050EF
12C98593
0000F517
44450513
7D6050EF
EB040993
10000613
852685CE
391070EF
F51785CE
05130000
50EF44E5
06137B80
85CE1000
30EF8556
85CE0CD0
0000F517
45C50513
79E050EF
10000613
852685CE
3ED070EF
F51785CE
05130000
50EF46A5
85267840
7D6070EF
0005059B
0000F517
47C50513
76E050EF
70EF8526
059B7D80
F5170005
05130000
50EF48E5
85267580
7DA070EF
0005059B
0000F517
4A050513
742050EF
70EF8526
F69777C0
B6830000
571B58E6
17930015
8F750205
8F999381
0027D993
0000F717
57C73703
00E9F9B3
97CE8FF9
0047D993
F79799BE
B7830000
F9B356E7
D79300F9
99BE0089
0109D793
99BE8526
72E070EF
0209D593
061B95CE
F5930005
F5170FF5
05130000
50EF45A5
10EF6D40
85AA0880
0000F517
47850513
6C2050EF
0000F617
49C60613
0000F597
4A458593
70EF8526
85CA69E0
60EF8526
862A1A90
F597C515
85930000
F51750A5
05130000
50EF4925
A0EF68C0
85AA0BE0
0000F517
2A050513
67A050EF
0AC0A0EF
70EF8526
862A0390
900503E3
0000F597
4D458593
0000F517
48450513
656050EF
0880A0EF
0000F597
BA458593
F597B9E5
85930000
B9E1B9A5
0000F597
B9058593
F597B965
85930000
B951B865
0000F597
B7C58593
F597B985
85930000
B981B725
0000F597
B6858593
F597B905
85930000
B139B5E5
0000F597
B5458593
F597B6ED
85930000
F5174425
05130000
50EFE2A5
09935E40
0613EB04
45010800
00EF85CE
85CE0890
0000F517
E3450513
5C6050EF
BE794581
00020717
B2473703
0797CB19
B7830002
C791B227
639C97AA
E11C953A
11418082
E406E022
90EF0800
11417CF0
0800E422
051787AA
35030002
C115AF25
07F00713
02F76263
02079713
01D75793
00020717
D3070713
639C97BA
953EC791
64226108
80820141
45016422
80820141
E4221141
87AA0800
00020517
AB853503
0713C115
626307F0
971302F7
57930207
071701D7
07130002
97BACEE7
C791639C
6108953E
01416422
64228082
01414501
11018082
E426E822
E04AEC06
84AA1000
F1402573
B9032501
10EF0484
25010480
00020797
0B07A783
00F56463
71D090EF
02090E63
06093783
C391739C
85269782
16F010EF
00EF8526
85262550
62B010EF
00EF8526
852666A0
744000EF
06093783
C391779C
85269782
76E0A0EF
10EF8526
85261410
227000EF
10EF8526
85265FD0
63C000EF
00EF8526
BFF17160
E4221141
60730800
64223441
80820141
E4221141
64220800
35138D0D
01410015
11418082
E406E022
45850800
0E70A0EF
640260A2
80820141
F9227131
ED4EF14A
F8E2E952
F526FD06
E15AE556
F4E6FCDE
ECEEF0EA
8C2A0180
34002973
07092503
3C2389AE
8A36F4C4
0CB050EF
1A0C1A63
836357FD
480102F9
744A70EA
790A74AA
6A4A69EA
6B0A6AAA
7C467BE6
7D067CA6
85426DE6
80826129
F7040493
A0EF85A6
882A46E0
3703F971
4C05F584
00020B17
B98B0B13
02071793
99939381
30230037
17B3F4F4
342300EC
0797F6F4
87930002
99BE9427
00020B97
928B8B93
08000593
40EF8526
07130DF0
8DAA07F0
24A76B63
F5843783
03F00713
00050C9B
24F76163
00020797
90C78793
F4F43823
F4043783
F6043023
07F00A93
F4F43423
86D2A891
85EA8666
9702854A
E935882A
F6843783
018D05B3
40F5B72F
4519CF45
029000EF
406CD713
9726070E
47856314
01979633
FFF64613
E3148EF1
001D8613
08000593
40EF8526
8DAA0F30
04AAED63
000D8C9B
0009B683
1C068563
020C9793
01D7D713
3D03975A
01630007
72981E0D
000BBC03
1DE3F759
7A98F92D
9702854A
4663B755
47890205
F8F51EE3
86134785
0593001D
85260800
F6F43023
09D040EF
F7E38DAA
3783FAAA
FB99F604
37834801
3703F484
078EF504
639497BA
EA0680E3
8DE3769C
854AE807
F7043423
38039782
B569F684
00020797
81478793
09636398
73181607
16070663
0550000F
0001F797
7FC78793
85666398
97027318
00EF4519
B70D74A0
F7040493
A0EF85A6
882A2E60
E40516E3
8AE3577D
5D13E6E9
FB17001C
3B030000
76B30A2B
06B3016D
FA9740DC
BA830000
D61309AA
76330026
F6B30156
96360156
00465693
FB9796B2
BB830000
F6B3086B
D6130176
96B20086
0106D793
D79396BE
97B60206
F8043023
F8043423
0FF7FC93
F8040D93
8C6AA039
02630985
5D13040D
7793001D
DBE5001C
0009851B
F7043423
527000EF
47052501
40655793
1633078E
071300A7
380307F0
97EEF684
FCA765E3
8C6A6394
8ED10985
12E3E394
0693FC0D
866E0800
852685A6
F7043423
660040EF
F6843803
629C86A6
D71306A1
77330017
8F990167
0027D713
01577733
0157F7B3
5793973E
97BA0047
0177F7B3
0087D713
D71397BA
97BA0107
0207D713
F79397BA
883B0FF7
90E30107
86E3FCDD
5875D70C
3703BB25
0793F584
E6E303F0
F797D2E7
87930001
38236BE7
1793F4F4
93810207
F4F43423
B5954801
BD8D5875
00EF4519
58755F60
1141BD99
0800E422
791CCD1D
CF85862A
0001F597
68858593
450187AE
04000693
2505A021
00D50C63
07A16398
1793FB7D
95BE0035
6422E190
80820141
05136422
0141C150
55758082
1141B7FD
E406E022
46810800
0001E617
65062603
C69FF0EF
640260A2
80820141
E4221141
70730800
64223441
80820141
E0221141
0800E406
E6174681
26030001
F0EF61E6
60A2C3BF
01416402
71798082
EC26F022
F406E052
E44EE84A
451D1800
0001F497
5E04B483
540000EF
0001F797
5DC7B783
34002A73
C78194D2
C391779C
000F9782
45810550
30EF8526
84AA5670
4901C515
0001F997
5BC98993
02091713
01D75793
0014F713
808597CE
639CC711
C3998552
97827B9C
F0ED2905
740270A2
694264E2
6A0269A2
80826145
0001F717
57C70713
C38D631C
CF99739C
E0221141
0800E406
0550000F
739C631C
60A29782
45016402
80820141
80825575
0001F797
54C7B783
779CCF91
1141CF81
E406E022
97820800
0550000F
640260A2
80820141
0550000F
11418082
0800E422
F5176422
35030001
014151A5
11418082
0800E422
F797C519
87930001
63985067
6422C701
80820141
6422E388
80820141
E8221101
EC06E426
1000E04A
E9B984AA
0001F817
4D483803
0E080B63
0001E717
4E472703
03F00793
0CE7EB63
0001E717
4D072703
0CE7E563
30239826
F7970008
B7830001
C7814AE7
C391779C
000F9782
60730550
45013044
644260E2
690264A2
80826105
00EF4521
F91732F0
09130001
302347A9
882A00A9
E897C959
88930001
B7834C28
C7D90308
0001F697
46C68693
87B68536
05934701
A0210400
00632705
639006B7
FA7D07A1
0001E597
45C58593
00371793
97AA7990
0117B023
0001E797
44E7A223
4781CA21
04000613
2785A021
02C78763
06A16298
9713FB7D
953A0037
64B8E10C
0001E697
40F6AC23
733CD731
D3B977BC
F12D9782
00093803
60E2BF35
64A26442
05136902
6105C150
05138082
B799C140
B7895575
E0221141
0800E406
30447073
DCFFF0EF
640260A2
80820141
E4221141
64220800
C1800513
80820141
E0221141
0800E406
0001E797
42C7B783
60A29782
01416402
11418082
0800E422
0001E797
41C78793
E11C6798
E308E518
E7886D18
E797C709
BF230001
64223EE7
80820141
E8221101
E426EC06
1000E04A
E917E5B9
09130001
34833EA9
8A630009
689C0124
C3998526
E5059782
9AE36084
E717FF24
37030001
07973C27
87930000
4501F767
00F70763
87936785
A0738007
60E23047
64A26442
61056902
653C8082
73BCDBCD
D7D573BC
D5459782
644260E2
690264A2
80826105
E4221141
E7170800
37030001
07973767
87930000
0763F2A7
678500F7
80078793
3047B073
01416422
C9558082
E8A2711D
EC86E4A6
FC4EE0CA
F456F852
EC5EF05A
E466E862
84AE1080
8932C199
60E6EE11
64A66446
79E26906
7AA27A42
6BE27B02
6CA26C42
80826125
458189AA
10EF8526
B7832B00
8BCA0489
4A85C7A9
4B054A01
0027F993
0000FC97
B70C8C93
0000FC17
B70C0C13
036A9563
414905BB
01448533
866286E6
87E34A89
40EFFE09
48635DF0
0A3B0005
50630145
8FE3032A
1B63FD6A
864A000A
0000F597
B4058593
10EF8526
BFB51E20
94DE8BD2
FE048FA3
8082BF8D
E0221141
0800E406
2573458D
70EF3400
87AA0B00
EB894535
0001F797
41C7B783
77BCCB81
9782C791
640260A2
80820141
BFDD557D
E0221141
0800E406
FC5FF0EF
45634781
47850005
00A797B3
3047B073
00EF6541
60A25B50
01416402
11418082
E406E022
F0EF0800
4781F9BF
00054563
97B34785
B07300A7
B0733047
60A23447
01416402
11418082
E406E022
F0EF0800
4781F73F
00054563
97B34785
A07300A7
60A23047
01416402
F7978082
B7830001
CB8D3827
E0221141
0800E406
34002773
639C97BA
0C078823
F39FF0EF
45634781
47850005
00A797B3
3037A073
640260A2
80820141
0C000823
F7979002
B7830001
CB9D3427
E8221101
EC06E426
27731000
97BA3400
4485639C
0C978823
EF5FF0EF
44634781
97B30005
B07300A4
60E23037
64A26442
80826105
0C000823
11419002
E406E022
F0EF0800
4781ECBF
00054563
97B34785
A07300A7
60A23047
01416402
11418082
E406E022
F0EF0800
87AAEA7F
C5634501
45050007
00F51533
640260A2
80820141
E4221141
F7970800
B7830001
CF992B27
340026F3
638C97B6
B803C991
872A0C85
19634501
64220008
80820141
45016422
80820141
EE6347D5
F69704E7
A6830001
F7972766
A7830001
FEE32867
9513FCF6
56130206
68C101E5
40D7853B
4681962E
A02118FD
03E32685
425CFCD5
F7B30611
99E300F8
57B3FEE7
8B8500D8
9793D7E5
D6930206
96AE01D7
45016EFC
EEFC0785
5575BF59
1141BF49
0800E422
F5176422
35030001
01412225
11018082
E426E822
EC06E04A
F7971000
B7830001
892A2027
C3994481
638497AA
60EF854A
478560B0
00A7D663
17E11782
32079073
60EF854A
55635F70
57FD00A0
30679073
F797C4A1
A7830001
470D1DA7
02F77163
FFC7871B
02071793
01E7D713
87930751
97260104
C39456FD
9EE30791
8793FEE7
87130D84
B0231584
07A10007
FEE79DE3
0C04B423
0C048823
644260E2
690264A2
80826105
F0227179
E44EE84A
EC26F406
1800E052
89AE892A
20F060EF
0105571B
1693EB69
92810205
03069793
D71344BD
E3190387
07A234E1
03C7D713
34F1E319
D7130792
E31903E7
078A34F9
0007C363
946334FD
F9970A09
89930001
B7831269
C7B50009
638897CA
F797C13D
A7830001
470D1227
02F77163
FFC7871B
02071793
01E7D713
07930751
972A0105
C39456FD
9EE30791
0793FEE7
07130D85
B0231585
07A10007
FEF71DE3
1782478D
17FD4705
0C053423
0C050823
E51CC158
70A24501
64E27402
69A26942
61456A02
05938082
F5171580
05130001
90EF7925
CD4562C0
0009B783
F1402773
993EC118
00A93023
1793BFAD
44FD0205
6589BF1D
0001F517
76850513
602090EF
0001FA17
064A0A13
00AA3023
4521C149
4F4000EF
0001F997
06098993
00A9B023
3783CD39
C38D0489
6BBC73BC
9782CF91
C919862A
0000E597
77058593
0000E517
73850513
0F1040EF
879BC885
24C50014
0001F717
00F72E23
0001F797
0297A623
BE9FF0EF
EE0549E3
0001E597
E9458593
00EF6541
B5C51F90
478D44CD
3583BFD1
F517000A
05130001
90EF6DA5
05135A60
B715C140
E0A2715D
0880FC26
E486F84A
45B584AE
3C23892A
3023FA04
3423FC04
3823FC04
3C23FC04
60EFFC04
0C6344D0
9C631805
F4971604
84930001
609CFC64
BE0397CA
0D630007
2683180E
57FD61CE
60FE3023
60FE3423
18069163
FB840893
E3174781
03130001
45057CA3
02000F13
34002EF3
3603A885
3C230003
8733FA04
16730006
28733056
10737A10
96133056
3F830015
95B2FB84
00179693
961396BE
55930045
069203C8
00B51833
120F9463
12058263
95F6608C
96AE618C
0106B423
B82395B2
BC230005
B0230005
B4230205
E29C0205
610E2683
26850785
60DE2823
0BE78963
00033603
0007859B
3C2386C6
8733FA04
16730006
90733056
10737A05
36033056
86C6FB84
3603E671
87330003
16730006
28733056
10737A00
36033056
86C6FB84
1763EA45
36030AF8
87330003
16730006
22F33056
10737A40
3F833056
9613FB84
96930017
963E0015
181396AE
96130046
86C60046
F00F9FE3
06A28C63
96F66094
98366294
00583423
B82396B2
BC230006
B0230006
B4230206
30230206
268300F8
0785610E
28232685
9BE360DE
4785F5E7
60FE2E23
60DE2A23
60A64501
74E26406
61617942
45218082
2C8000EF
0001F497
E4C48493
87AAE088
E80512E3
C1400513
60A6BFE9
74E26406
45017942
80826161
610E2683
2683BF6D
BF6D610E
62000593
0001F517
4E850513
382090EF
D5798E2A
27F36088
2C23F140
954A60FE
01C53023
1101B599
E426E822
1000EC06
24F345B5
85263400
25F060EF
C9114701
0001F797
DDC7B783
609C94BE
A703C399
60E26107
64A26442
6105853A
71398082
F426F822
EC4EF04A
E852FC06
0080E456
3503892A
05931705
89B20800
32D030EF
0005049B
07F00793
0297EF63
0001FA97
460A8A93
07F00A13
02049713
01D75793
638C97CE
90EF8556
861B31A0
35030014
16021709
05939201
30EF0800
049B3830
7BE30005
70E2FC9A
74A27442
69E27902
6AA26A42
80826121
F8227139
EC4EF426
FC06E852
E456F04A
0080E05A
350389AA
05931705
8A320800
2B1030EF
0005049B
07F00793
0497EE63
FA97597D
8A930001
59133E2A
0B130209
A00507F0
00051023
01253423
01253823
B503E388
30EF1709
049B30F0
65630005
45E1029B
90EF8556
97132500
861B0204
57930014
160201D7
920197D2
08000593
0513F171
A011C140
70E24501
74A27442
69E27902
6AA26A42
61216B02
11018082
E426E822
1000EC06
0001E697
B3C68693
0001F797
0A47E783
078E84AA
EE9C8536
0C7040EF
60E2C511
64A26442
80826105
DBF564BC
67DC73BC
9782D7FD
644260E2
610564A2
11418082
0800E422
0001F617
06862603
86AAC215
0001E797
B2478793
A0214501
09632505
439800C5
1BE30791
6422FED7
80820141
557D6422
80820141
F8227139
E456E852
F426FC06
EC4EF04A
0080E05A
04853B03
08000693
27838AAA
FA17050B
0A130001
0713012A
E3630800
873E00F6
00EA2023
E997C7B9
89930001
F917AC29
09130001
4481BF29
36834781
9713070B
85A60024
97368526
C6890485
9513431C
91010207
00F9A023
050AB783
09210991
27039782
3C23000A
879BFEA9
E6E30004
70E2FCE7
74A27442
69E27902
6AA26A42
45016B02
80826121
F8227139
F426FC06
EC4EF04A
E456E852
0080E05A
27F3CD41
67BC3400
7FBCC7C5
40F00933
157DC3C5
F51797AA
05130001
7933B665
30EF00F9
E7970F20
87930001
B983A1E7
66850007
0001F517
B4850513
01298733
04E6EA63
30EFE398
87630FA0
FA170409
0A130001
2783F36A
C3A1000A
0B134481
FA9707F0
8A930001
9713B22A
57930204
97D601D7
4581864A
009B6863
8533639C
C3990137
0EB000EF
000A2783
EEE32485
A021FCF4
0AC030EF
70E24981
74A27442
6A427902
6B026AA2
69E2854E
80826121
47A15961
1141BFB9
0800E422
01416422
11018082
E822EC06
1000E426
0001F497
AB048493
30EF8526
852603E0
0001E497
9684B483
05C030EF
644260E2
64A28526
80826105
E8221101
EC06E04A
1000E426
00F55793
892E8B85
F717C3C9
27030001
C729E7E7
1793377D
93810207
00479713
F4978F1D
B4830001
070EE6A4
07848793
A029973E
07848493
02E48263
9BE348BC
8513FEA7
20EF0704
30237CF0
60E20099
64A26442
45016902
80826105
0000E797
14878793
0000E697
16068693
A0114701
07914398
06E50263
FED79CE3
644260E2
690264A2
61055575
F7178082
37030001
27F3E127
F6973400
A6830001
97BADFE6
DECD639C
02069713
6F9C9301
00371693
06928E99
A02996BE
07078793
FAD780E3
1BE34BB8
3023FEA7
60E200F9
64A26442
45016902
80826105
644260E2
690264A2
61055579
715D8082
FC26E0A2
F84A0880
F052F44E
E486EC56
0001F797
DB47B783
00F504B3
FB040993
FB840913
6A214A85
852685CE
309050EF
E12985CA
FB042503
ED5FF0EF
3503F575
611CFB84
0047E713
17F98B8D
00FAE563
3503E118
493CFB84
07050513
0147F7B3
D3F92781
6F5020EF
852685CE
2C9050EF
D16985CA
640660A6
794274E2
7A0279A2
61616AE2
71398082
F426F822
EC4EF04A
FC060080
0593892E
89AAFC84
E71FF0EF
E12984AA
FC843503
493866A1
E3398F75
F1402773
93011702
06E91363
46056118
00377693
6A6316F9
67130CD6
E1180047
FC843503
493866A1
C7098F75
07050513
679020EF
744270E2
69E27902
74A28526
80826121
01853903
F1402773
93011702
00E91B63
46056118
00377693
7EE316F9
54D9FAD6
0513B7E1
20EF0705
049B63F0
85260009
FD342023
C07FF0EF
07932501
E06307F0
852606A7
BF7FF0EF
02051713
01D75793
0001F517
85850513
611C953E
F517C3A9
35030001
4601C725
FC040593
50EF953E
E9050AB0
468185CA
0001E617
96862603
E0EF4505
70E2C1BF
34B37442
04B300A0
79024090
852669E2
612174A2
54F58082
54FDBF81
54D9B7B1
7179B7A1
F406F022
E84AEC26
E052E44E
F7171800
37030001
27F3C067
97BA3400
0007B983
0209C783
70A2CB89
64E27402
69A26942
61456A02
8A138082
892A0109
20EF8552
B78354F0
84930009
8363FA07
267312F9
1602F140
4589468D
609C9201
0037F713
07638B91
806310D7
1E631207
6C9C10B7
10C79B63
E09C57ED
08093783
3783E0BC
E4BC0889
10893783
0207F993
00098363
F7134989
C3191007
0019E993
00800737
C3198F7D
0109E993
01000737
C3998FF9
0209E993
04800513
7FF010EF
27F3C919
F7136000
C3190807
0049E993
1007F793
BC23EFE1
27F30334
F89C1410
10893783
07136709
8F7D8007
EDF7F793
E793C319
34231007
F71310F9
C7090027
0207E793
10F93423
04800513
7AF010EF
27F3C505
36836000
D7131089
8B050276
F793CF35
E793EFF7
F6930807
C2991006
1007E793
60079073
10093783
14179073
F14027F3
93811782
08F93023
37837498
34231089
E71708E9
37030000
7094DC27
17378FF9
07130100
8FD98007
10D93023
10F93423
20EF8552
70A24470
64E27402
69A26942
61456A02
70BC8082
FA078493
ECF997E3
20EF8552
B7C54270
0807F713
EFF7F793
9073F359
B7796007
0089E993
1141B71D
E406E022
25F30800
1582F140
F0EF9181
60A2D29F
01416402
71798082
EC26F022
E44EE84A
1800F406
0001D997
75498993
0009B783
892E84AA
A831E781
CF816B9C
1DE34398
70A2FE97
64E27402
69A26942
61455569
09638082
37830009
C7890009
00F4D793
CB8D8B85
F51745E1
05130001
80EFCA25
C11D33D0
0009B783
01253423
E91CC104
00A9B023
70A24501
64E27402
69A26942
80826145
BFC55575
C1400513
7139B7ED
F426F822
E852EC4E
F04AFC06
0080E456
F99784AA
89930001
FA179A69
0A130001
E9C59A6A
000A3783
0009AE03
638897A6
1E050463
E508E108
00052823
0001D697
69C6B683
C6B14581
F1402873
68A11802
02085813
34002373
02059713
42909301
00371793
97138F99
77B30047
27810116
6D1CEF99
97BA2585
CBB06398
3603EFB4
67130703
BC230087
CBF00107
6A94E398
F617F6E1
26030001
063B91A6
F59701C6
B5830001
F51792A5
35030001
164292A5
92414691
952695A6
492050EF
70E24901
74A27442
6A4269E2
854A6AA2
61217902
DA178082
0A130001
3703606A
F917000A
09130001
28038CE9
CF0D0009
0009A603
430186C2
65214881
6B18A029
88AE2685
431CCB09
27818FE9
6B18FBED
832E2605
8563FB6D
20230008
883600D9
00030463
00C9A023
58131802
15930208
85B30048
058E4105
0001F517
B3450513
1CF080EF
0001F797
86A7B823
12050163
000A3703
C7314581
F1402873
68A11802
02085813
34002373
96934310
92810205
00469793
76B38F95
078E0116
97AA2681
6394CE99
EFB8CBB0
07033603
0086E693
CBF02585
0107BC23
A823E394
6B180607
4521F761
871FF0EF
0001FA17
81CA0A13
00AA3023
4561CD4D
85DFF0EF
0001FA97
818A8A93
00AAB023
E997C559
89930001
A7837F29
25030009
9D3D0009
02051793
01E7D513
831FF0EF
0001E797
7EA7B223
D517C151
05130001
E0EF4B25
892AAE5F
06054263
0001D797
4EA7A023
000A3783
0009AE03
638897A6
E20510E3
020E1613
15939201
8D910036
85930592
F5170285
05130001
80EFA3E5
C9150D90
000A3783
02850713
4705ED18
02E50023
AE0397A6
E3880009
3503B3D5
0913000A
F0EFC140
B585881F
000A3503
877FF0EF
0913BD99
BD81C140
000AB503
C1400913
863FF0EF
000A3503
85BFF0EF
7139BD2D
F426F822
F04AFC06
E852EC4E
D4970080
B4830001
C4B14424
F1402973
09931902
6A21FC84
02095913
85CE4088
865FF0EF
3503E51D
6D1CFC84
01279A63
F713611C
8B89FFC7
E118C781
FC843503
0513493C
F7B30705
27810147
20EFC399
68840830
70E2F4E1
74A27442
69E27902
61216A42
11418082
0800E422
00054783
872ACF81
05054501
00A707B3
0007C783
6422FBFD
80820141
45016422
80820141
E4221141
CE090800
87AA962A
0005C703
36B30785
8FA300E0
95B6FEE7
FEC798E3
01416422
11418082
0800E422
00054783
F593872A
C3950FF5
07854781
00F70533
00054683
87B6FAFD
02A77163
00F58A63
4783157D
1BE30005
4501FEA7
00B78563
01416422
853A8082
872ABFE5
1141B7FD
0800E422
00C50733
F593CA09
87AA0FF5
8FA30785
9DE3FEB7
6422FEE7
80820141
E4221141
CA190800
87AA962A
0005C703
05850785
FEE78FA3
FEC79AE3
01416422
11418082
0800E422
00B50F63
02B57063
962ACA19
C70387AA
07850005
8FA30585
9AE3FEE7
6422FEC7
80820141
FFF60713
00E507B3
DA6595BA
FFF50693
0005C703
15FD17FD
00E780A3
FEF69AE3
01416422
11418082
0800E422
962EC215
8F63A019
478300C5
C7030005
05050005
88E30585
6422FEE7
40E7853B
80820141
45016422
80820141
E4221141
C20D0800
F59387AA
962A0FF5
0B63A019
C70300F6
853E0007
1AE30785
6422FEB7
80820141
45016422
80820141
F8227139
E852F426
F04AFC06
E456EC4E
0080E05A
0001DA17
24CA0A13
000A3483
05448063
89AE892A
4B014A81
FF04B783
854A85CE
9782CB81
D563C511
8B1300AA
8AAAFD04
93E36084
70E2FF44
74A27442
69E27902
6AA26A42
6B02855A
80826121
B7E54B01
F4067179
EC26F022
E44EE84A
1800E052
340024F3
58A889AA
30EF8A2E
892A5910
450155FD
841FE0EF
85264581
55F080EF
1A094783
8526E781
BB6FE0EF
854E85D2
F5DFF0EF
751CD96D
854E85D2
B7E59782
E4221141
64220800
0001E517
49453503
80820141
E4221141
25730800
6422C010
80820141
0001E797
4807B783
1141CB91
E406E022
97820800
640260A2
80820141
80824501
E8221101
EC06E426
E7171000
37030001
E79745E7
B7830001
24F344E7
45013400
C39194BA
609C9782
644260E2
953E64A2
80826105
E4221141
64220800
0001E717
42C73703
340027F3
638897BA
80820141
E4221141
E7170800
37030001
27F34127
97BA3400
6422E388
80820141
E8221101
EC06E426
84AA1000
E0EF4515
4591CCFF
34002573
40F050EF
9073CD01
079314D4
A0730800
60E23047
64A26442
80826105
0001E797
3D07B783
7B9CD3FD
8526D3ED
07939782
B0730200
07933447
A0730800
60E23047
64A26442
80826105
E0221141
0800E406
08000793
3047B073
25734591
50EF3400
E5093B10
02000793
3447A073
640260A2
80820141
E4221141
64220800
0001E517
37053503
80820141
E4221141
C5190800
0001E797
35C78793
C7016398
01416422
E7178082
07130001
631433A7
F6FDE388
D7ED751C
B7DDE31C
F0227179
F406EC26
E44EE84A
84AA1800
E517E98D
35030001
C92D31A5
B02394AA
E7970004
B7830001
45013127
63BCC781
9782C391
740270A2
694264E2
614569A2
45218082
0484B903
0001E997
2E498993
B04FF0EF
00A9B023
4585C915
50EF8526
ED014210
00090863
06093783
C39963DC
F1699782
0009B503
0797B755
87930000
E717E1A7
31230001
BFE92AF7
C1400513
E797B755
B7830001
C7852A27
C3957F9C
E0221141
0800E406
07939782
B0730200
07933447
B0730800
60A23047
01416402
07938082
B0730200
07933447
B0730800
80823047
1E050963
47194954
646387AA
71391ED7
FC06F822
F04AF426
E852EC4E
E05AE456
67030080
D6970145
86930000
070A5326
43189736
87029736
01255983
BA034555
B9030007
DA830087
E0EF0107
F7B7AEFF
178203FF
F9B319B2
99F300F9
67B36809
8663012A
57FD1607
16F90363
6B054481
00090A63
009A0533
94DA85D6
E9CFD0EF
FF24EAE3
68099073
5983A8A1
454D0125
0007BA03
0087B903
AA1FE0EF
03FFF7B7
19B21782
00F9F9B3
680999F3
012A67B3
12078C63
096357FD
448112F9
03E36A85
8533FC09
94D60144
E60FD0EF
FF24EBE3
68099073
4525A031
A61FE0EF
0000100F
744270E2
790274A2
6A4269E2
6B026AA2
80826121
00053903
452D6504
A3DFE0EF
009967B3
57FDCFDD
0AF48D63
66854781
8733D8E1
00730127
97B61207
FE97EBE3
3903B7C1
65040005
D9834535
E0EF0107
67B3A0BF
CBC90099
876357FD
478108F4
DCD96685
00F90733
13370073
EBE397B6
B779FE97
00053983
00853903
DA034545
E0EF0127
E7B39D7F
CBBD0129
096357FD
448106F9
05E36A85
8533F609
85D20134
810994D6
D74FD0EF
FF24E9E3
3983BF91
39030005
453D0085
9A1FE0EF
0129E7B3
57FDCF8D
02F90B63
6A054481
F2090AE3
01348533
94D28109
D50FD0EF
FF24EAE3
0073B705
BF291200
13300073
8556BF11
D50FD0EF
68099073
D0EFB721
B709D36F
D0EF8552
BDEDD1EF
D48FD0EF
68099073
8082BDC5
F0A27159
1880ECA6
E8CAF486
E0D2E4CE
0493FC56
E797F984
B7830001
85A60667
40EF953E
C91959B0
70A64501
64E67406
69A66946
7AE26A06
80826165
F0EF8526
0913DCFF
0593FB04
854A0800
155020EF
0005049B
07F00793
0001EA17
BCCA0A13
0001EA97
02CA8A93
07F00993
0297EC63
02049713
01D75793
639C97D2
C7914585
000AB503
20EF953E
861B0A60
16020014
05939201
854A0800
19D020EF
0005049B
FC99F8E3
B7514505
E8221101
EC06E426
84AA1000
F0EF8526
FD6DF4BF
644260E2
610564A2
11018082
E426E822
EC06E04A
E9171000
39030001
84AAFBA9
A019992A
F21FF0EF
20EF854A
87AA00E0
49E38526
60E2FEF0
64A26442
61056902
71398082
F426F822
E852F04A
E05AE456
EC4EFC06
07130080
24F307F0
8A32F140
892E8B2A
24818AB6
6C6357FD
179300C7
D7130206
D79701E7
87930001
97BA9BA7
8963439C
E5970897
B5830001
992EF3A5
00000617
08E60613
854A85D6
2A1040EF
89AA4789
02F50663
0001E517
F2853503
955A4585
7A9010EF
70E24981
74A27442
6A427902
6B026AA2
69E2854E
80826121
85D64601
40EF854A
57E33030
855AFC05
E65FF0EF
07F00793
ED63567D
17930147
DA13020A
D79701E7
87930001
9A3E93A7
000A2603
D51785A6
05130000
30EF1C25
B7652F20
F0EF8556
4985C3BF
C535BF79
1141C5AD
E406E022
495C0800
862A4709
00E78D63
45094705
00E79563
006349D8
60A202F7
01416402
49DC8082
9AE34509
5703FEA7
D7830106
14E30105
6214FEF7
B8036618
659C0005
97C29736
02D86163
02E7E263
FD0697E3
852E05E1
08000693
20EF0661
45017280
4509BF6D
EAE38082
B7DDFAE7
6618E194
01858793
E598853E
08000693
85BE0661
702020EF
BF514505
47194A5C
06F76363
F0227179
E84AEC26
F406E44E
66141800
0001E717
E0073703
892A84B2
766389AE
577D00D7
00063023
9713E618
57930207
D71701E7
07130000
97BA0FE7
E0EF4388
86A6E92F
854A85CE
0001D617
AF062603
D55FD0EF
740270A2
694264E2
614569A2
55758082
715D8082
FC26E0A2
F84AE486
F052F44E
E85AEC56
3A830880
84AA0485
E797E9D9
B7830001
8A63D967
E7171607
37030001
0463D7A7
EA171607
0A130001
3683D66A
8C63000A
D5971406
A5830001
0613A8E5
676303F0
96A614B6
8933628C
89B300F4
CDE100E4
00093023
000A8E63
060AB783
CB897FBC
FAB43C23
35839782
061BFB84
A0290005
0001E617
CC862603
06931642
92410280
40EF854E
49010590
640660A6
79A274E2
6AE27A02
854A6B42
61617942
45218082
D01FE0EF
0001E997
CFC98993
00A9B023
4561C979
CEDFE0EF
0001EB17
CD8B0B13
00AB3023
4521C579
CD9FE0EF
0001EA17
CBCA0A13
00AA3023
D517C561
05130001
D0EF9AE5
892AF89F
08054063
0001D797
9CA7AA23
080A8763
060AB783
7BBC6505
9782C391
000A3683
0009B783
000B3703
628C96A6
0001E617
C8A63223
00F48933
00E489B3
8C63F595
B783020A
7FBC060A
9782C79D
0005059B
91811582
00259513
058E95AA
0001E517
EB450513
535070EF
C91585AA
000A3503
E08C94AA
E597BDD5
A5830001
BFC9BDA5
000A3503
CFFFE0EF
000B3503
CF7FE0EF
0009B503
CEFFE0EF
6505B721
0913B741
BDFDC140
C1500913
B503BDE5
09130009
E0EFC140
B5EDCD1F
000B3503
C1400913
CC3FE0EF
0009B503
CBBFE0EF
7139BDD1
EC4EF822
FC06E456
F04AF426
E05AE852
37830080
DA931085
F99300B7
9363002A
939D1C09
45D58A2E
FB1384AA
25730017
50EF3400
FA933B80
892A003A
B703CD09
57FD1084
17FD17A6
02975913
79138FF9
B4230019
051310F4
00EF0480
C5557E10
0A0B0563
000A3703
03F00793
08E7EF63
60202773
000A3603
1084B783
573356FD
169E00C7
8B0516FD
C7518FF5
171E4705
B4238FD9
051310F4
00EF0480
37837A10
9073008A
B7832437
90731004
37832417
9073000A
27732427
B7832050
76F91084
7FF68693
66858FF5
80068693
8FD59B71
10E4B023
10F4B423
200027F3
00090563
00800737
47058FD9
EFF7F793
00EA9463
1007E793
0027F713
FDF7F793
E793C319
9BF50207
20079073
B703A89D
57FD1084
17FD179E
B4238FF9
051310F4
00EF0480
E92D71D0
008A3783
14379073
1004B783
14179073
000A3783
14279073
10502773
B7839B71
B0231084
777910E4
6FF70713
8FF94685
8E636705
071306DA
8FD98007
0027F713
FDF7F793
E793C319
9BF50207
00090563
00800737
B4238FD9
70E210F4
74A27442
6A427902
6B026AA2
69E2854E
80826121
60002773
F7F77793
000B0963
77934685
8A63EFF7
E79302DA
37030807
F793020A
C319FBF7
0407E793
60079073
010A3783
64379073
018A3783
64A79073
0713BF91
8FD99007
E793B761
E7931007
B7F10807
BF6159F9
F0A27159
E4CEE8CA
ECA6F486
FC56E0D2
F45EF85A
EC66F062
E46EE86A
34831880
892A1185
340029F3
48098C63
0589B783
14F93023
0529BC23
1004C363
EB6347C1
D7170097
07130000
048AFB27
409C94BA
878297BA
11890593
F0EF854A
84AADBDF
0000DA17
DD8A0A13
12049363
10893783
83AD470D
85638B8D
854A00E7
D1FFE0EF
14093783
BC23854A
70A604F9
64E67406
69A66946
7AE26A06
7BA27B42
6CE27C02
6DA26D42
80826165
10EF854A
84AA42B0
0000DA17
D10A0A13
450DBF45
9FCFE0EF
00EF854A
84AA2F70
0000DA17
D30A0A13
4505BF61
9E4FE0EF
00EF854A
84AA2A70
0000DA17
CC0A0A13
854AB741
3E6040EF
DA1784AA
0A130000
B7BDD26A
80EF854A
84AA4A40
0000DA17
C54A0A13
4501BFB1
9A8FE0EF
00EF854A
84AA24F0
0000DA17
C64A0A13
4509B791
990FE0EF
00EF854A
84AA26F0
0000DA17
CA4A0A13
4581B735
34002573
0BE050EF
36050E63
FB0024F3
F0048EE3
4AAD4B1D
A8294A0D
35448F63
FE5FD0EF
3AA49063
810FE0EF
FB0024F3
EE048EE3
8F6380C1
91E33364
D0EFFF54
84AAE2FF
DA17D565
0A130000
2AF3BB2A
87CAF140
49812A81
1407B783
00098B1B
FBFD2985
0000C517
2EC50513
42F020EF
875287A6
865686DA
0000D597
E8058593
0000D517
C9050513
413020EF
0000CC97
2C4C8C93
0000DC17
CA4C0C13
0000DB97
CA4B8B93
0000D497
E5448493
0000DA17
C9CA0A13
0000DD97
CC4D8D93
0000DD17
CC4D0D13
0000DB17
CC4B0B13
3883A48D
37831089
885A1009
0000D717
CB870713
865686CE
855285A6
3B3020EF
01093883
00893783
0000D817
CA480813
0000D717
CA470713
865686CE
855285A6
38F020EF
02093883
01893783
0000D817
C9080813
0000D717
C9070713
865686CE
855285A6
36B020EF
04893883
04093783
0000D817
C7C80813
0000D717
C7C70713
865686CE
855285A6
347020EF
05893883
05093783
0000D817
C6880813
0000D717
C6870713
865686CE
855285A6
323020EF
06893883
06093783
0000D817
C5480813
0000D717
C5470713
865686CE
855285A6
2FF020EF
07893883
07093783
0000D817
C4080813
0000D717
C4070713
865686CE
855285A6
2DB020EF
08893883
08093783
0000D817
C2C80813
0000D717
C2C70713
865686CE
855285A6
2B7020EF
09893883
09093783
0000D817
C1880813
0000D717
C1870713
865686CE
855285A6
293020EF
0A893883
0A093783
0000D817
C0480813
0000D717
C0470713
865686CE
855285A6
26F020EF
0B893883
0B093783
0000D817
BF080813
0000D717
BF070713
865686CE
855285A6
24B020EF
0C893883
0C093783
0000D817
BDC80813
0000D717
BDC70713
865686CE
855285A6
227020EF
0D893883
0D093783
0000D817
BC880813
0000D717
BC870713
865686CE
855285A6
203020EF
03093883
02893783
0000D817
BB480813
0000D717
BB470713
865686CE
855285A6
1DF020EF
0E093883
03893783
0000D817
BA080813
0000D717
BA070713
865686CE
855285A6
1BB020EF
0F093883
0E893783
0000D817
B8C80813
0000D717
B8C70713
865686CE
855285A6
197020EF
0F893783
0000D717
B7C70713
865686CE
D51785A6
05130000
20EFB765
39031790
04631409
85660A09
16B020EF
12093883
11893783
886239FD
86CE875E
85A68656
20EF8552
05131510
00EF0480
0CE31C10
3883D605
37831309
886E1289
86CE876A
85A68656
20EF8552
BBB112D0
988FF0EF
D0EFB955
B17D8A5F
B6BD4781
80850486
8A63479D
47AD02F4
00F48C63
8163478D
D0EF02F4
9363C6BF
D0EF02A4
B659C97F
AC5FD0EF
DA1784AA
0A130000
BE8D84AA
867FD0EF
F0EFBE85
B6AD93EF
0000DA17
834A0A13
C1200493
70EFB9BD
11012FE0
EC06E822
E04AE426
37831000
470D1086
8B8D83AD
04E78463
340027F3
84B267BC
B583862E
CF911204
6FDC73BC
892ACB99
E9019782
644260E2
854A64A2
61056902
85938082
85261184
8B7FF0EF
644260E2
64A2892A
6902854A
80826105
BFD95975
E8221101
E426EC06
1000E04A
10863783
83AD470D
84638B8D
27F304E7
67BC3400
862E84B2
1204B583
73BCCF91
CB9973DC
9782892A
60E2E901
64A26442
6902854A
80826105
11848593
F0EF8526
60E2855F
892A6442
854A64A2
61056902
59758082
7159BFD9
E8CAF0A2
ECA6F486
E0D2E4CE
1880FC56
5C63892A
8A2E04A0
448189B2
F9840A93
0485A021
05248363
1209B503
952685D6
5E4000EF
F9843783
009A0733
00A70023
3783D3ED
670DFB04
1309B683
00E78863
02070713
00E78463
E2954781
854E85D6
FAF43823
FD6FF0EF
854AA011
740670A6
694664E6
6A0669A6
61657AE2
04BE8082
00D4E7B3
854E85D6
FAF43823
FAEFF0EF
7159BFF1
E8CAF0A2
F486E4CE
E0D2ECA6
1880FC56
13053783
F8043823
F713892A
89AE0017
12070763
0027F713
0037E493
CB554A11
8793679D
8FE507F7
8C63470D
67110AE7
8563070D
67090EE7
00370693
12D78B63
8613668D
8F630036
6A9910C7
003A8613
12C78A63
8563069D
071D04D7
12E78B63
070D6705
12E78363
070D6715
14E78C63
078D67B9
8A638FE5
67191557
8F630709
671114E7
18E78863
80630709
67090EE7
18E79C63
0024D793
07A18B9D
00779493
0593864A
4521F904
51639982
D79308A0
35030044
F793F904
C7170F87
973EFFFF
63A702E7
10893783
8FD96719
10F93423
679DA83D
07F78793
470D8FE5
98E34A09
4505F4E7
0593864A
0A93F904
99820380
02A05E63
F9043703
0044D793
0F87F793
01571733
5AB397CA
B0234157
37830157
45011009
302397D2
A80910F9
4A814505
0593864A
9982F904
FCA046E3
740670A6
694664E6
6A0669A6
61657AE2
35038082
0A131005
85D2F984
4D4000EF
F9843703
E70584AA
00357793
4A09470D
ECE792E3
BD7D4A11
4A814521
D793BF65
8BFD0074
4511CBB5
02000A93
85D2B765
F0EF854A
B76DE18F
4A814511
4509BF61
03000A93
864ABF41
F9040593
99824511
F8A058E3
0044D793
F9042503
0F87F793
FFFFC717
02E7973E
37833487
EAB31089
34230157
B7B11159
4A814509
D793BFA1
8B9D0024
949307A1
45210077
B7994A81
0074D793
F3C98BFD
672167C1
C4378793
06938FE5
88634007
071304D7
8D634407
F79304E7
471D05F4
02E78663
11890593
F0EF854A
BF29D88F
0024D793
07A18B9D
00779493
0A934511
BDED0200
8BE30709
BF5DE6E7
0593864A
4501F904
31C000EF
ECA049E3
D793B5F5
8B9D0024
949307A1
45090077
B5F94A81
0024D793
07A18B9D
00779493
0A934509
BD6D0300
E8A2711D
E0CAE4A6
FC4EEC86
37831080
84AA1305
F713892E
CB790017
0027F713
0037E693
C3454991
0116D713
7713679D
87930F87
85B307F7
8FF500E4
02300613
8A63618C
66090CC7
02360513
06A78F63
0813650D
8B630235
05130D07
8E630275
06130AA7
8A630276
67050CC7
02370713
0EE78763
07936739
8FF50037
0EE78363
86630709
67310CE7
0EE78663
8C630709
67290EE7
10E78163
8B630709
67C110E7
C4378793
8FF56725
C0070713
10E78D63
05F6F793
8163471D
859312E7
85261184
C6EFF0EF
4989A839
4791B785
853E8626
58639902
B78300A0
45011004
B02397CE
60E610F4
64A66446
79E26906
80826125
10053503
FA840993
00EF85CE
37032BA0
86AAFA84
7793E715
470D0035
9DE34989
4991F0E7
4785BF11
853ABF55
FFFFC797
82E797AA
47A12707
B74D85AA
BF7947A1
852685CE
BFAFF0EF
853AB76D
C7174791
972AFFFF
04E702E7
0005059B
9793B741
F7930016
97A60F87
47A1638C
4789BF85
D793B7B5
8B9D0026
078E07A1
638C97A6
BFA947A1
0026D793
07A18B9D
97A6078E
4791638C
9793B7A1
F7930016
97A60F87
4791638C
D513BF25
891D0026
050E0521
FFFFC797
82E797AA
47A11EC7
BF3985AA
F5130686
C7970F86
97AAFFFF
1D6782E7
85AA47A1
D793B721
8B9D0026
078E07A1
638C97A6
BDDD4789
09174781
09130000
B5ED1209
F8A27119
0100ECCE
F4A6FC86
E8D2F0CA
3423E4D6
89AAF8B4
04A05C63
09138A32
4481F884
F9840A93
0485A021
05348263
120A3503
00094583
95268656
122000EF
F9843783
D3F50905
FB043783
3683670D
8863130A
071300E7
84630207
478100E7
85D6E295
38238552
F0EFFAF4
A011AE0F
70E6854E
74A67446
69E67906
6AA66A46
80826109
E7B304BE
85D600D4
38238552
F0EFFAF4
BFF1AB8F
E0221141
0800E406
00000597
A6E58593
AFBFF0EF
640260A2
80820141
E0221141
0800E406
00000597
F4458593
D59FF0EF
640260A2
80820141
E0221141
0800E406
00000597
97258593
AC3FF0EF
640260A2
80820141
E0221141
0800E406
00000597
9B858593
D21FF0EF
640260A2
80820141
E4221141
64220800
01414501
11418082
0800E422
45016422
80820141
E4221141
C7970800
B7830001
46011C27
0005B023
00020837
000586B3
305797F3
30082673
00054883
30061073
30579073
F5136422
01410FF8
11418082
0800E422
C79786B2
B7830001
08371867
30230002
88B60006
86B34601
97F30008
26733057
00233008
107300B5
90733006
64223057
80820141
E4221141
C7970800
B7830001
460114E7
0005B023
00020837
000586B3
305797F3
30082673
00053883
30061073
30579073
85466422
80820141
E4221141
C7970800
B7830001
862A1167
0005B023
08B74801
86B3000A
97F30005
A8733057
55033008
77130006
17750035
5703E709
07420026
1073953A
90733008
619C3057
8B634735
475500E7
02E78663
8C634715
642200E7
80820141
47B16422
BC23E19C
01410005
64228082
E19C4785
0005BC23
80820141
47516D9C
F793E198
670DFDF7
FCE789E3
BC236422
01410005
11418082
0800E422
D5176422
35030001
0141CD25
11418082
E406E022
45810800
0001C517
9F450513
2E9070EF
640260A2
80820141
E0221141
0800E406
0001C517
9C050513
187090EF
640260A2
80820141
E0221141
0800E406
0001C517
A1450513
778090EF
640260A2
80820141
4501E119
11418082
E406E022
66710800
02FAF5B7
47814801
46894711
20060613
08058593
03002537
65F070EF
640260A2
80820141
4501E119
71798082
F022F406
1800EC26
0001C497
EFC4B483
90EF8526
C5977810
85930000
852625E5
730080EF
486385AA
07B70205
47114000
FDC40693
0000C617
29860613
2E238526
90EFFCF4
44632640
70A20205
64E27402
61454501
C5178082
05130000
10EF2465
70A27A90
64E27402
61454501
85AA8082
0000C517
26C50513
78F010EF
2773B7F9
CF1D3010
FBF5069B
0FF6F593
71634665
079B02B6
F593F9F5
46810FF7
00B66863
97BB4685
8F7D00F6
0007069B
80828536
96BB4785
8F7500D7
0007069B
80828536
340027F3
468167BC
73BCD3F5
DFF97B9C
E0221141
0800E406
60A29782
01416402
27F38082
CF913010
301022F3
0002A313
02860306
0002A293
00628533
2501C11D
27F38082
67BC3400
73BCCF89
CB917F9C
E0221141
0800E406
60A29782
01416402
557D8082
71198082
FC86F8A2
F4A60100
ECCEF0CA
E4D6E8D2
FC5EE0DA
F466F862
0000C797
1FC78793
0007B803
6B986794
0187C783
F9043023
F8D43423
F8E43823
F8F40C23
4791C5C5
8A328AAE
0AC7FD63
07200793
00F58023
07600793
00F580A3
03634789
478D0EF5
0CF51263
03100793
00F58123
03200793
00F581A3
03800793
00F58223
04934915
0B93F804
4B65F994
2CF34C05
7B633400
C9830549
27F30004
CFA53010
FBF9851B
0FF57713
00EB7863
F9F9851B
0FF57713
00EB6F63
00AC153B
851B8FE9
C9010007
02091793
97D69381
01378023
04852905
FA9B9FE3
01497863
59131902
99560209
00090023
744670E6
790674A6
6A4669E6
6B066AA6
7C427BE2
61097CA2
49018082
F8040493
F9940B93
4C054B65
34002CF3
B783BFBD
DFC5048C
7B9C73BC
854EDBCD
BF719782
07634785
862A02F5
0000D597
8C058593
0000C517
0B850513
66B010EF
03600793
00F58123
03400793
00F581A3
B77D4911
03300793
00F58123
03200793
00F581A3
BF694911
3EF00793
02A7CA63
31F00793
04A7DB63
CE05079B
0007869B
0CF00713
04D76363
02079693
0000C717
0BC70713
01E6D793
439C97BA
878297BA
879B77FD
9FA95007
0007869B
6E63477D
969300D7
C7170207
07130000
D7933D27
97BA01E6
97BA439C
11418782
E406E022
862A0800
0000D597
80858593
0000C517
05850513
5C3010EF
B1F02573
25738082
8082B1E0
B1D02573
25738082
8082B1C0
B1B02573
25738082
8082B1A0
B1902573
25738082
8082B180
B1702573
25738082
8082B160
B1502573
25738082
8082B140
B1302573
25738082
8082B120
B1102573
25738082
8082B100
B0F02573
25738082
8082B0E0
B0D02573
25738082
8082B0C0
B0B02573
25738082
8082B0A0
B0902573
25738082
8082B080
B0702573
25738082
8082B060
B0502573
25738082
8082B040
B0302573
25738082
8082B020
B0002573
25738082
80823C70
3C602573
25738082
80823C50
3C402573
25738082
80823C30
3C202573
25738082
80823C10
3C002573
25738082
80823CB0
3CA02573
25738082
80823C90
3C802573
25738082
80823CD0
3CC02573
25738082
80823CE0
32702573
25738082
80823DF0
3DE02573
25738082
80823DD0
3DC02573
25738082
80823DB0
3DA02573
25738082
80823D90
3D802573
25738082
80823D70
3D602573
25738082
80823D50
3D402573
25738082
80823D30
3D202573
25738082
80823D10
3D002573
25738082
80823CF0
3EF02573
25738082
80823200
32202573
25738082
80823210
32602573
25738082
80823250
32402573
25738082
80823230
32E02573
25738082
808232D0
32C02573
25738082
808232B0
32A02573
25738082
80823290
32802573
25738082
80823BF0
3BE02573
25738082
80823BD0
3BC02573
25738082
80823BB0
3BA02573
25738082
80823B90
3B802573
25738082
80823B70
3B602573
25738082
80823B50
3B402573
25738082
80823B30
3B202573
25738082
80823B10
3B002573
25738082
80823AF0
3AE02573
25738082
80823AD0
3AC02573
25738082
80823AB0
3AA02573
25738082
80823A90
3A802573
25738082
80823A70
3A602573
25738082
80823A50
3A402573
25738082
80823A30
3A202573
25738082
80823A10
3A002573
25738082
808233F0
33E02573
25738082
808233D0
33C02573
25738082
808233B0
33A02573
25738082
80823390
33802573
25738082
80823370
33602573
25738082
80823350
33402573
25738082
80823330
33202573
25738082
80823310
33002573
25738082
808232F0
3EE02573
25738082
80823ED0
3EC02573
25738082
80823EB0
3EA02573
25738082
80823E90
3E802573
25738082
80823E70
3E602573
25738082
80823E50
3E402573
25738082
80823E30
3E202573
25738082
80823E10
3E002573
07938082
CA633EF0
079302A7
DB6331F0
079B04A7
869BCE05
07130007
63630CF0
969304D7
C7170207
07130000
D7930A27
97BA01E6
97BA439C
77FD8782
5007879B
869B9FA9
477D0007
00D76E63
02079693
0000C717
3B870713
01E6D793
439C97BA
878297BA
E0221141
0800E406
C597862A
85930000
C51741E5
05130000
10EFC7E5
90731E90
8082B1F5
B1E59073
90738082
8082B1D5
B1C59073
90738082
8082B1B5
B1A59073
90738082
8082B195
B1859073
90738082
8082B175
B1659073
90738082
8082B155
B1459073
90738082
8082B135
B1259073
90738082
8082B115
B1059073
90738082
8082B0F5
B0E59073
90738082
8082B0D5
B0C59073
90738082
8082B0B5
B0A59073
90738082
8082B095
B0859073
90738082
8082B075
B0659073
90738082
8082B055
B0459073
90738082
8082B035
B0259073
90738082
8082B005
3C759073
90738082
80823C65
3C559073
90738082
80823C45
3C359073
90738082
80823C25
3C159073
90738082
80823C05
3CB59073
90738082
80823CA5
3C959073
90738082
80823C85
3CD59073
90738082
80823CC5
3CE59073
90738082
80823275
3DF59073
90738082
80823DE5
3DD59073
90738082
80823DC5
3DB59073
90738082
80823DA5
3D959073
90738082
80823D85
3D759073
90738082
80823D65
3D559073
90738082
80823D45
3D359073
90738082
80823D25
3D159073
90738082
80823D05
3CF59073
90738082
80823EF5
32059073
90738082
80823225
32159073
90738082
80823265
32559073
90738082
80823245
32359073
90738082
808232E5
32D59073
90738082
808232C5
32B59073
90738082
808232A5
32959073
90738082
80823285
3BF59073
90738082
80823BE5
3BD59073
90738082
80823BC5
3BB59073
90738082
80823BA5
3B959073
90738082
80823B85
3B759073
90738082
80823B65
3B559073
90738082
80823B45
3B359073
90738082
80823B25
3B159073
90738082
80823B05
3AF59073
90738082
80823AE5
3AD59073
90738082
80823AC5
3AB59073
90738082
80823AA5
3A959073
90738082
80823A85
3A759073
90738082
80823A65
3A559073
90738082
80823A45
3A359073
90738082
80823A25
3A159073
90738082
80823A05
33F59073
90738082
808233E5
33D59073
90738082
808233C5
33B59073
90738082
808233A5
33959073
90738082
80823385
33759073
90738082
80823365
33559073
90738082
80823345
33359073
90738082
80823325
33159073
90738082
80823305
32F59073
90738082
80823EE5
3ED59073
90738082
80823EC5
3EB59073
90738082
80823EA5
3E959073
90738082
80823E85
3E759073
90738082
80823E65
3E559073
90738082
80823E45
3E359073
90738082
80823E25
3E159073
90738082
80823E05
03F00793
04A7E963
E04A1101
0025591B
3A09091B
FFE97913
E822EC06
1000E426
84AA2901
F0EF854A
949B827F
07930034
F4930FF0
94B30384
C4930097
F5B3FFF4
854A00A4
BE3FF0EF
644260E2
690264A2
61054501
55758082
07938082
EE6303F0
715D0CA7
E85AE0A2
FC26E486
F44EF84A
EC56F052
E062E45E
87930880
0713FFE6
8B3603E0
0AF76D63
00255A9B
3A0A8A9B
00351B9B
FFEAFA93
038BFB93
0FF00493
89B24789
0A1B2A81
F9133B05
9C33FE75
86630174
855606F6
F94FF0EF
01896593
017595B3
00A5C4B3
0184F4B3
04000793
55FD8CA9
02FB0163
3B794585
01659B33
416007B3
0029D993
FFFB0593
0137F9B3
E5B38185
85520135
B2FFF0EF
85A68556
B27FF0EF
60A64501
74E26406
79A27942
6AE27A02
6BA26B42
61616C02
85568082
F2CFF0EF
01096593
017595B3
F4B38DA9
8CA90185
0029D593
5575BF7D
55758082
0713B7D9
676303F0
71390CA7
EC4EF822
F426FC06
E852F04A
0080E456
C9CD89AE
C65D8A32
C6CD8AB6
551B87AA
B0230025
051B0006
30233A05
99790006
0005B023
991B2501
849B0037
F0EF3B07
7913EC2F
07930389
97B30FF0
8FE90127
0127D933
01897713
852647E1
02F70663
EA0FF0EF
4689050A
0129B023
00AA3023
00DAB023
70E24501
74A27442
69E27902
6AA26A42
80826121
E78FF0EF
046357FD
471302F5
7793FFF5
E3950017
76138305
86BE0017
DA7D0785
17B3577D
8D7D00F7
050A0691
0693BF55
45010400
468DB775
B75D050A
BF455575
80825575
F0227179
1800F406
FE840693
FE040613
FD840593
F0EF2501
E911F15F
FD843503
740270A2
35338961
614500A0
70A28082
45017402
80826145
E4221141
61080800
0AA0000F
01416422
11418082
0800E422
000FE10C
64220550
80820141
E4221141
37AF0800
642206B5
00F58533
80820141
E4221141
07B30800
37AF40B0
642206F5
40B78533
80820141
E4221141
87AA0800
0F50000F
1407B52F
00B51563
1CC7B72F
6422FB75
80820141
F4227179
3C231800
3783FCB4
3023FD84
3783FEF4
37AFFE04
34230EF5
3503FEF4
7422FE84
80826145
F4227179
3C231800
3783FCB4
3023FD84
3783FEF4
37AFFE04
34230EF5
3503FEF4
7422FE84
80826145
E4221141
080067C1
FFF78713
06F526AF
0106D613
F5B38E79
066300E6
411400B6
0230000F
6422BFCD
80820141
E4221141
000F0800
57830310
64220005
10232785
014100F5
11418082
0800E422
450D6422
80820141
E4221141
64220800
01414501
11418082
0800E422
B5176422
35030001
0141D865
11418082
0800E422
0001B697
D7C68693
8B63629C
6F9800D7
00E56563
76637398
639C00A7
FED799E3
64224781
0141853E
C9598082
E0A2715D
E486E85A
F84AFC26
F052F44E
E45EEC56
0880E062
51638B2E
89B206B0
0001BB97
D30B8B93
4581862E
D0EF8AAA
B483F84F
8063000B
49010774
0000BC17
054C0C13
0284C783
03379263
01048A13
412B05BB
866286D2
012A8533
2C0010EF
D0EF8552
2905EB8F
00A9093B
9BE36084
0263FD74
99560209
FE090FA3
640660A6
794274E2
7A0279A2
6B426AE2
6C026BA2
80826161
865A8082
0000B597
00058593
D0EF8556
BFD9EA2F
E4221141
C5390800
3583882A
71080188
04B56263
04083783
B617CF95
06130001
621CC8E6
00C78B63
6F947398
00B76463
02D57263
99E3639C
661CFEC7
00C83023
34234501
B02300F8
34230107
64220106
80820141
55756422
80820141
F8227139
FC06F04A
EC4EF426
B8170080
08130001
3783C3E8
30230008
3423FC04
6544FC04
08053983
8B63892A
6F940107
00D4E563
F8637394
639C0296
FF0799E3
10093783
38235779
079104E9
10F93023
3C234781
70E204F9
74A27442
69E27902
61214501
63BC8082
864ADFE1
FC040693
852685CE
47839782
862AFC04
57C9FFE9
02F55C63
86A6874E
0000C597
BCC58593
0000C517
B9450513
06E010EF
3783567D
38231009
472104C9
30230791
74E310F9
3783FA97
BF71FC84
85634789
43E300F4
BFF1FCA0
10093783
04A93823
30230791
B75110F9
0001B797
B887B783
1101C3A1
E426E822
1000EC06
0001B497
B7C48493
9782A031
B783E909
CB99FF84
04A17B9C
0513FBED
60E2C180
64A26442
80826105
644260E2
450164A2
80826105
80824501
1141ED89
E406E022
6A280800
FDCFD0EF
640260A2
01414501
55798082
11418082
E406E022
B5170800
05130001
F0EFB4E5
60A2E57F
01416402
ED898082
E0221141
0800E406
6A286E2C
ED7FB0EF
640260A2
80820141
80825579
E0221141
0800E406
0001B517
B5C50513
E1DFF0EF
640260A2
80820141
E3634799
11010CB7
E04AE822
0000C717
AC870713
E426EC06
058A1000
419C95BA
97BA8936
27F38782
4501F120
60E2E69C
64A26442
61056902
27F38082
60E2F130
E69C6442
690264A2
61054501
60E28082
07B76442
E69C0300
690264A2
61054501
F0EF8082
3423CC1F
60E200A9
64A26442
45016902
80826105
644260E2
079D67C1
64A2E69C
45016902
80826105
85266A24
CA7FF0EF
7D1CC51D
0593C385
85260089
B7719782
F11027F3
644260E2
64A2E69C
45016902
80826105
34234785
450100F9
3423B7BD
B7A50009
80825579
E0221141
0800E406
0001B517
ABC50513
D35FF0EF
640260A2
80820141
F0227179
E84AEC26
E44EF406
1800E052
84B2892E
30002A73
F3634785
478902B7
97635579
450300F5
00EF0506
45015A70
740270A2
694264E2
6A0269A2
80826145
EFA1723C
340027F3
89B65BA8
2EA010EF
6CAC68B0
00BA5693
8A8D470D
776010EF
68ACCD1D
20EF6CA8
68AC6C50
01636CA8
00EF0209
B4235C50
20EF00A9
70A279D0
64E27402
69A26942
45016A02
80826145
567000EF
00A9B423
557DB7CD
5575BF51
1141BF41
E406E022
00EF0800
87AA73D0
C7994501
0001B517
A3C50513
C6DFF0EF
640260A2
80820141
E0221141
0800E406
0001B517
A6850513
C51FF0EF
640260A2
80820141
E1227175
0900E506
F8CAFCA6
F0D2F4CE
E8DAECD6
F8043C23
FA043023
FA043423
FA043823
FA043C23
27F34721
6863F140
C7171CA7
07130000
050A8F27
849B953A
411C0007
89B68932
878297BA
05063A83
180A8B63
F9840A13
85D28556
BD5FE0EF
F9843B03
17638AAA
3783160B
36830689
37030589
10230609
4789F8F4
38238526
3C23F6D4
1123F6E4
2223F804
C0EFF8F4
2501869F
F8043423
F8043823
07F00793
02A7C763
41F5571B
01A7571B
579B9D39
96934065
07930037
97B6F884
75136394
9D1903F5
15334705
8D5500A7
0613E388
85DAF704
D0EF8556
A029AD7F
D0EF6A28
4501CCAF
640A60AA
794674E6
7A0679A6
6B466AE6
80826149
05064503
3F1000EF
B7CD4501
3C5000EF
B0EFBFF1
4501BF3F
6A28BFD1
0A13C979
85D2F984
B15FE0EF
F9843583
B0EFE9C5
BF6DBB9F
05063A83
0A0A8F63
F9840A13
85D28556
AF5FE0EF
F9843B03
17638AAA
8526080B
F6043823
F6043C23
F8043023
3A83BF1D
8A630506
0A13080A
8556F984
E0EF85D2
3B03AC7F
8AAAF984
060B1063
05893683
06093703
17934905
85260209
F8F43023
F6D43823
F6E43C23
F62FC0EF
34232501
3823F804
0793F804
C4E307F0
571BF2A7
571B41F5
9D3901A7
4065579B
00379693
F8840793
639497B6
03F57513
15339D19
8D5500A9
BDF5E388
854A85D2
C0BFD0EF
80234785
450100F9
5B7DB701
55FDB549
5B7DBF2D
5B7DBFA9
4581B751
D0EF4501
5579AAEF
27F3B5D5
67BC3400
73BCC385
CF896BDC
E0221141
0800E406
85B2852E
97828636
640260A2
80820141
80825579
F11027F3
34002773
45016738
7338CB0D
C7156B58
17A21141
E406E022
07370800
93A10900
0001B517
84C50513
ED1C97BA
F0EFF11C
60A29E7F
01416402
80828082
879B1141
E42203F6
41F7D81B
581B0800
083B01A8
5F6300F8
581B00D0
47014068
6214619C
05A12705
E11C8FF5
05210621
FF0748E3
01416422
11418082
03F6879B
D81BE422
080041F7
01A8581B
00F8083B
00D05F63
4068581B
619C4701
27056214
8FD505A1
0621E11C
48E30521
6422FF07
80820141
E4221141
F7930800
C3ADFC05
A8014781
04078793
40F586B3
FC06F713
6118CB29
D77D0521
02071613
46819201
9301E601
02000693
03071613
E2199241
834126C1
0FF77613
26A1E219
76138321
E21900F7
83112691
00377613
2689E219
8B058309
97B6CB05
853E6422
80820141
DAFD86AE
04000713
063B610C
577D40D7
00C75733
D3658F6D
02071613
46819201
B745F645
BFC12685
E4221141
73630800
57130AB6
87AA0066
7513070E
7613FC06
97BA03F6
E62D8D89
FC05F713
06B3CB41
A80100B5
04050513
40A685B3
FC05F713
6398CF35
D77D07A1
02071693
47819281
9301E681
02000793
03071693
E29992C1
834127C1
0FF77693
27A1E299
76938321
E29900F7
83112791
00377693
2789E299
8B058309
2785E311
6422953E
80820141
0007B803
1733577D
069300C7
773303F0
FF630107
F34D00B6
859307A1
0513FC05
BF9D0405
852E6422
80820141
6398D5F9
04000793
40B786BB
D7B357FD
8F7D00D7
952EFF25
715DBF5D
FC26E0A2
F44EF84A
F052E486
0880EC56
0001B997
58898993
0009B783
892E84AA
7798CBA1
9702CB19
640660A6
794274E2
7A0279A2
61616AE2
739C8082
C1A5CB85
00B50AB3
A0214A29
0009B783
C503739C
19630004
45350145
B7839782
C5030009
739C0004
97820485
FF5490E3
BF6D854A
00B50AB3
FBF40A13
0001A997
62898993
C783CD99
46050004
85D20485
0FA3854E
20EFFAF4
96E30FE0
854AFE9A
4501B771
715DB761
E486E0A2
F84AFC26
F052F44E
E85AEC56
CD310880
892E84AA
419CC1A9
74634705
611C02F7
85938AC1
E10C0017
00C78023
8023611C
27830007
37FD0009
00F92023
8063C299
60A604E7
74E26406
79A27942
6AE27A02
61616B42
611C8082
00178713
8023E118
611C00C7
00078023
0FA3BFE9
0493FAC4
4585FBF4
F0EF8526
DD65EE1F
4981B7D9
0001BA17
580A0A13
0FF00B13
0FE00A93
413B05B3
013A0533
EBFFF0EF
F9E399AA
B023FF3A
07930144
20231000
BF5100F9
F8A27119
F0CAF4A6
E0DAE8D2
FC86F06A
E4D6ECCE
F862FC5E
EC6EF466
84AA0100
8A3A8532
8B328936
C0EF8D2E
7713CF1F
093B001A
126340A9
52631007
77131D20
0A93002A
C3190200
03000A93
39FD89CA
865686D2
852685EA
EF3FF0EF
FE0999E3
000B4703
093BCB5D
8DDA4169
010A7C13
BC974B05
8C930001
0B934DEC
0A9BF8F4
84630019
0E631004
26830C0D
7463000D
609402DB
00168593
8023E08C
609800E6
00070023
000D2703
2023377D
046300ED
0163000C
C7031367
893B001D
0D8501BA
5C63F369
8DCE0530
02000B93
7A134A85
BC17010A
0C130001
0B1347EC
CCD5F8F4
080D0B63
000D2703
02EAF463
06936098
E0940017
01770023
00236098
27030007
377D000D
00ED2023
000A0463
09570F63
96E33DFD
093BFC0D
70E60139
74A67446
6A4669E6
6B066AA6
7C427BE2
7D027CA2
854A6DE2
61097906
47038082
89CA000B
D3414901
4169093B
7C138DDA
4B05010A
0001BC97
400C8C93
F8F40B93
00190A9B
6094B70D
00168593
8023E08C
609800E6
00070023
6098B789
00170693
0023E094
60980177
00070023
07A3B761
4585F8E4
F0EF855E
DD65D15F
07A3BF39
4585F974
F0EF855A
DD65D05F
4C81B7A5
0FF00793
419785B3
019C0533
CEFFF0EF
07939CAA
F5E30FE0
B023FF97
07130184
20231000
BF3D00ED
07934901
85B30FF0
85334127
F0EF012C
992ACC5F
0FE00793
FF27F5E3
0194B023
10000713
00ED2023
89CABD6D
BDB94901
E9227135
F0DAFCCE
E526ED06
F8D2E14A
1100F4D6
061389B2
8B3606F0
8663884E
F69312C7
0613FD77
44A90500
06100A13
08C68C63
06900693
0AD79163
00877793
10079063
0809DF63
41300833
FA040FA3
02D00613
FBF40893
0E9B4E25
A011FC6A
77B388CA
83420298
FFF88913
02985833
00FE7363
879B97F6
8FA30307
71E3FEF8
7793FE93
EFA50027
00098B63
00477793
47C1C799
0EF48A63
8F6347A1
4A810CF4
0FA3C601
197DFEC9
864A86DA
D51FF0EF
644A60EA
690A64AA
7A4679E6
053B7B06
7AA60155
8082610D
0207FA13
06900693
041A6A13
83E344C1
0693F6D7
8FE30640
4601F4D7
FA040FA3
F60996E3
03000793
FAF40F23
00277793
FBE40913
4A81D3CD
83E3EA31
7793FA09
DFD90047
826347C1
47A108F4
F8F49AE3
061386BA
34230300
3823F6E4
3C23F6B4
F0EFF6A4
3503C1DF
3583F784
3703F704
2A85F684
B7AD3B7D
02B00613
FB3040E3
44A1BDF5
06100A13
BF494601
342386BA
3823F6E4
3C23F6B4
F0EFF6A4
3703BE5F
3583F684
3503F704
3B7DF784
B7714A85
079388CA
89130300
8FA3FFF8
BF21FEF8
18F92A5D
FF490FA3
86BAB7ED
03000613
F6B43823
F6A43023
F6E43C23
BA3FF0EF
F7843703
F6043503
F7043583
061386BA
3423017A
3C23F6E4
F0EFF6A4
3503B85F
3583F784
3703F704
2A89F684
BDC93B79
F8A27119
E8D2F4A6
FC86E0DA
ECCEF0CA
FC5EE4D6
F466F862
EC6EF06A
8A2A0100
84B68B32
1E050E63
93638CAE
37832605
89D2000A
00078023
000B4783
26078263
06634901
0A93200A
0ADE2410
BD974B81
8D930000
0A85F8ED
F8040C13
02500713
001B0D13
0EE79E63
001B4603
874ACE41
0B0946C1
0EF60B63
FE06079B
0FF7F793
00F6E763
97EE078A
97EE439C
77938782
C3910017
059B9B75
F893FD06
47A50FF5
45254681
0317E163
001D4603
0026979B
969B9EBD
9EAD0016
FD06059B
0FF5F793
73E30D05
0793FEF5
04630730
07930CF6
03630640
07930AF6
0F630690
079B08F6
F793FA86
05930FF7
F1630200
76130CF5
07930DF6
0B130500
0963001D
478318F6
FFA9001D
0001BC97
170C8C93
140A0463
744670E6
790674A6
6A4669E6
6B066AA6
7CA27C42
6DE27D02
7BE2855E
80826109
00876713
46030D05
BF3D000D
67130D05
46030047
BF0D000D
67130D05
46030017
B71D000D
67130D05
46030027
BF29000D
460387EA
8D5A000B
86CA8B3E
854E85E6
9FFFF0EF
B7612B85
47834090
85E6000D
F0EF854E
04A1CA7F
00AB8BBB
001D0B13
6090B7BD
096304A1
85E61406
F0EF854E
8BBBA87F
0B1300AB
BF91001D
00FAD7B3
0B138B85
EBA9001D
0DF67793
05000513
0CA78663
06C00793
14F61A63
001D4783
0CC78A63
07500613
12C78563
06F00613
12C78163
06400613
10C78563
06900613
14C78863
0DF7F613
05800593
10B60363
07936090
A0290690
0004E603
000D4783
854E85E6
C15FF0EF
0BBB04A1
B5C50175
10000793
0001BC97
050C8C93
00FCA023
0001B797
F4078223
00064783
0001B997
F3898993
F9343423
0993C789
4941F884
4B81BBDD
000CA783
0FF00713
EAF76AE3
10000913
40F9093B
59131902
44810209
0001B997
F0498993
409905B3
00998533
84BFF0EF
E9E394AA
B559FF24
BFBD6090
9EE3419C
4783D807
89AA0006
DA0792E3
B5BD4B81
002D4503
06900793
FA85061B
0FF67613
00C5EF63
0000B597
DBC58593
D633618C
8A0500C5
0B13C609
079B002D
60900005
854E85E6
B51FF0EF
04A18D5A
01750BBB
BD210B05
0000B617
CEC60613
0613B56D
0793002D
8D5A0640
60908B32
6090BF01
854E85E6
B21FF0EF
002D0793
8D5A04A1
01750BBB
B3D58B3E
06300793
DCF61FE3
8662409C
854E85E6
F8F40023
F80400A3
8F1FF0EF
0BBB04A1
B3C10175
002D0613
06900793
8B328D5A
B5C96090
0001B797
D147B783
7B9CCF81
1141CB91
E406E022
97820800
640260A2
80820141
8082557D
F0227179
1800EC26
0FA3F406
0493FCA4
4585FDF4
F0EF8526
DD65F40F
740270A2
614564E2
71798082
F022F406
1800EC26
E44EE84A
0001B997
DC498993
854E84AA
E0EF892E
85CADC7F
F0EF8526
84AAF0CF
E0EF854E
70A2DE3F
69427402
852669A2
614564E2
71798082
E84AF022
EC26F406
E052E44E
892E1800
89AAC595
BA174481
0A130001
3783C72A
C795000A
C7857B9C
87B39782
40630099
80230205
048500A7
FE9913E3
740270A2
69A264E2
854A6A02
61456942
89268082
7159B7F5
F022F406
1800EC26
B917E84A
09130001
84AAD329
F018854A
3823F41C
3C230304
E40C0314
EC14E810
D25FE0EF
00840693
45818626
3C234501
F0EFFCD4
84AAB97F
E0EF854A
70A2D37F
69427402
64E28526
80826165
F0227159
1800EC26
F018F406
E40CF41C
EC14E810
03043823
03143C23
340027F3
071377BC
3C230084
8B89FCE4
E7994481
740270A2
64E28526
80826165
B51784AA
05130001
E0EFCAA5
3683CB3F
8626FD84
45014581
B29FF0EF
B51784AA
05130001
E0EFC8E5
70A2CC3F
85267402
616564E2
71598082
F022F406
1800EC26
B917E84A
09130001
84AAC6A9
F018854A
3823F41C
3C230304
E40C0314
EC14E810
C5DFE0EF
00840693
45818626
3C234501
F0EFFCD4
854AACFF
C71FE0EF
129040EF
F022711D
1800F406
FCA43C23
E818E414
3023EC1C
34230304
2A230314
CD19FCB4
00840693
FD440593
FD840513
FED43423
A91FF0EF
740270A2
80826125
B517D1F5
05130000
F0EFAA65
1141F71F
0800E422
B5176422
35030001
0141AD25
C9098082
0001B797
AC478793
C7016398
8082E388
71398082
F426F822
EC4EF04A
FC060080
FCE40993
0001A917
BA890913
85CEE388
0493854A
10EFFCF4
ED197AE0
FCE44783
FCF407A3
85264585
CE2FF0EF
85CEDD65
10EF854A
D17D7920
744270E2
790274A2
612169E2
C92D8082
F8227139
E852F426
F04AFC06
E456EC4E
AA170080
0A130001
3483B6AA
8063000A
89AA0544
0001BA97
C80A8A93
85A6689C
078E854E
B90397CE
864A0107
00090E63
C391749C
85CA9782
40EF8556
689C32F0
97CE078E
0007B823
99E36084
70E2FD44
74A27442
69E27902
6AA26A42
80826121
71798082
F406F022
E84AEC26
E052E44E
699C1800
97AA078E
EBB96B9C
6D8C84AE
B517892A
05130001
40EFC125
89AA2AD0
709CC131
862AC799
854A85A6
8A2A9782
6888E105
050E4A01
3823992A
70A20139
64E27402
69A26942
6A028552
80826145
B51785CE
05130001
40EFBD25
B7C529F0
BFF15A69
F0EF854A
0A13F19F
BFC1C140
F0227179
EC26F406
E44EE84A
1800E052
AA17C139
0A130001
3903A7AA
89AA000A
01491763
3903A839
0C630009
85CA0149
F0EF854E
84AAF51F
854ED57D
ED3FF0EF
4481A011
740270A2
69A26942
85266A02
614564E2
54F58082
7139B7F5
F426F822
E852F04A
EC4EFC06
0080E456
0001AA17
A30A0A13
000A3483
8263892A
BA970544
8A930001
3783B36A
85260109
078E85CA
B98397A6
864E0107
02098063
02893783
9782C391
855685CE
1E1040EF
01093783
97A6078E
0007B823
96E36084
3703FD44
37830089
76B70009
B63737AB
E31C3EB7
2583E798
068A0109
EEF68693
41F5D79B
01A7D79B
D79B9FAD
060A4067
00D93423
B697078E
86930001
0613A926
3023ABE6
97B600C9
47056394
00B71733
FFF74713
E3988F75
744270E2
790274A2
6A4269E2
61216AA2
71398082
FC06F822
F04AF426
E852EC4E
0080E456
6D1CC15D
C3C58A2A
B6974781
86930001
0593A426
A0210200
83632785
628408B7
0007871B
D4B3863A
888500E4
628CF4F5
0001A717
92470713
38034505
16330087
8E4D00C5
E2901782
30239381
342300EA
3823010A
302300FA
AA970148
8A930001
B90390AA
3423000A
17630147
A8390159
00093903
01590C63
85D2854A
DCFFF0EF
D57D89AA
F0EF8552
84CEE9DF
744270E2
69E27902
6AA26A42
74A28526
80826121
C1500493
54F5B7E5
1141B7D5
0800E422
07F00793
02A7E763
02051793
01D7D513
0001A797
2FC78793
6108953E
B797C901
B7830001
C79198E7
6108953E
01416422
64228082
01414501
71798082
E44EF022
EC26F406
E052E84A
49811800
0A13C105
84AA1285
892E8552
845FE0EF
07F00793
FE634981
85520127
861FE0EF
740270A2
694264E2
854E6A02
614569A2
57938082
84934069
078E1184
B98394BE
D9330004
79930129
BFC10019
F0227179
F406E84A
E44EEC26
892E1800
0993C915
84AA1285
E0EF854E
B783FEAF
854E1184
00F93023
1204B783
00F93423
801FE0EF
740270A2
694264E2
450169A2
80826145
740270A2
0005B023
0005B423
694264E2
450169A2
80826145
F0227179
E84AEC26
E052E44E
1800F406
852E84AA
89328A2E
40EF89B6
07932410
EC630400
0A6302A7
879302F5
4805FFF4
014785B3
04000893
00A81733
40E007B3
973E8FE5
00F4E863
00E4F663
00F5E463
00E5E663
11E30505
4781FF15
00098863
00F9B423
00A9B023
0129B823
740270A2
694264E2
6A0269A2
80826145
E4221141
C5510800
0026F793
0016FF93
EF93C399
F793002F
EBAD0046
17853783
CF396398
0E934F0D
4E0503F0
0713A811
98BAFFF5
00A5E463
02B8F663
C3296398
0107B303
00EE18B3
00335513
00757813
01E61463
00737813
07E16788
FCEEF9E3
FCA5EEE3
8A85828D
01F3531B
9C634501
F7B30066
87B3010F
B51341F7
A0210017
35131675
64220016
80820141
004FEF93
6422B771
01414501
71358082
F8D2E922
E526ED06
FCCEE14A
F0DAF4D6
E8E2ECDE
E0EAE4E6
1100FC6E
35038A2A
09631705
05932005
E0EF0800
2501E53F
07F00793
0001A497
4CC48493
07F00913
00A7FA63
3503A889
E0EF170A
2501EC7F
04A96363
061B409C
16020015
05939201
62E30800
1713FEF5
57930205
951701E7
05130001
953EF5A5
06134114
B59712CA
85930000
A517A225
05130000
F0EF5325
55758B5F
3903A8BD
0A63178A
37031C09
85CA0009
03D00813
04000893
EB1D557D
1A2A4783
5CFD4B01
0613EFC9
B59712CA
85930000
A5179E25
05130000
F0EF57A5
5575875F
0D63A83D
8FF50517
6D98EF89
CB3905E1
00E517B3
FFD70613
C7936594
72E3FFF7
699CFEC8
12CA0613
0000B597
9A458593
0000A517
4FC50513
837FF0EF
60EA5575
64AA644A
79E6690A
7AA67A46
6BE67B06
6CA66C46
7DE26D06
8082610D
6D98F2F9
F75D05E1
4B0187CA
0C9B6F98
07E1000B
FB7D2B05
1A2A4783
8463D7BD
4C050A0C
FFFB079B
26234A81
0B9BF6F4
0D13000C
09B3F784
F3630159
2783096B
0AE1F6C4
8DBB84D6
1D824177
020DDD93
001C0793
9D9397EE
9DBE0017
99260D8E
00093703
0009B783
466185CE
04E1856A
00F76F63
00F70763
029D8963
178A3903
3703BFF9
B7830089
77E30089
B0EFFEF7
85CAD4FF
854E4661
D45FB0EF
85EA4661
B0EF854A
9BE3D3BF
FE63FC9D
3903019B
0C05178A
000C0B9B
015909B3
F96BE1E3
E6E30AE1
3603FF9B
4785198A
04C7EA63
190A3483
85524691
F0EF85A6
87AAD5BF
90E34501
86A6F007
12CA0613
0000B597
88458593
0000A517
47450513
F16FF0EF
B5C55575
12CA0613
0000B597
86858593
0000A517
35050513
EFAFF0EF
B5D15575
B59786B2
85930000
061384E5
A51712CA
05130000
F0EF40A5
5575EDCF
0613B55D
B59712CA
85930000
A51782E5
05130000
F0EF36E5
5575EC0F
7159B569
FC56F0A2
ECA6F486
E4CEE8CA
F85AE0D2
F062F45E
E86AEC66
1880E46E
00C58AB3
89AEC969
0F55F363
17853D83
8B368A2A
000DBD03
0C938BBA
4C0503F0
0A0D0B63
84EE87EA
0793A819
983EFFF9
0129E463
01387D63
04E16C9C
B903CFC9
18330084
F2E300FC
E7E3FEFC
86DEFF29
85CE865A
F0EF8552
C521C67F
87EE876A
08934601
8663FFF9
678C02F4
02B9F363
0325E163
16B36094
96C600DC
00D5FB63
FFF58813
00EC1333
7463981A
F9630109
6F980306
FB6107E1
3983C229
E1E30086
70A6F959
64E67406
69A66946
7AE26A06
7BA27B42
6CE27C02
6DA26D42
80826165
6614CA09
00D5E763
FCD595E3
72E36214
863EFCD7
4501BF7D
B983B7E9
E2E30004
19B3FD3C
99CA013C
F359ECE3
4505BF5D
7119BF4D
F8A2FC86
0100F4A6
E0DAECCE
E8D2F0CA
FC5EE4D6
F466F862
EC6EF06A
258389AE
84AA1105
12C50693
A517864E
05130000
F0EF33A5
A683D74F
A5831804
864E1104
0000A517
34450513
D5EFF0EF
1104A583
A517864E
05130000
F0EF3525
B503D4CF
05931704
E0EF0800
0B1BA7BF
07130005
626307F0
17930D67
D713020B
9A9701E7
8A930001
9756BAEA
11848793
00072D83
00009D17
C84D0D13
12848A13
F8F43423
AB974905
8B930000
8552322B
A48FE0EF
F8843783
406B5713
973E070E
00073C03
E0EF8552
0C9BA5EF
5733000B
8B05019C
85EA866E
A697855E
86930000
E7092666
00009697
C3468693
CBEFF0EF
001B061B
1704B503
92011602
08000593
A79FE0EF
00050B1B
020B1793
01E7D713
07F00793
E2639756
2D830367
AD170007
0D130000
046321AD
29050009
9D17B749
0D130000
2905BEAD
9517BF9D
05130000
F0EFB265
B903C68F
4A011784
00093683
14068663
0C934D05
AC1703F0
0C130000
AB972E6C
8B930000
1B1330EB
AA9701FD
8A930000
AD971DAA
8D930000
A8811DAD
A51785D6
05130000
F0EF3165
A517C20F
05130000
F0EF3125
3783C14F
F7130109
EF510087
0107F713
02800593
F793EB4D
99630207
85EE2407
0000A517
2F050513
F0EF0961
3683BE8F
2A050009
3703CAE1
57FD0089
00DCE763
00DD16B3
FFF70793
A58397B6
86CE1104
85628652
BBEFF0EF
F0EF855E
3783BB8F
F7330109
13630167
F7131807
01630017
05931607
A5170280
05130000
F0EF2725
3783B94F
F7130109
15630027
8B911807
02C00593
A517DBB1
05130000
F0EF2625
85D6B74F
0593B799
A5170280
05130000
F0EF23E5
3783B60F
F7130109
0E630107
05931407
A51702C0
05130000
F0EF22A5
3783B44F
F7930109
CB890207
02C00593
0000A517
21850513
B2AFF0EF
A51785D6
05130000
09612225
B1AFF0EF
00093683
FA952A05
1904B683
1104A583
A517864E
05130000
F0EF12A5
B683AFCF
A5831884
864E1104
0000A517
13C50513
AE6FF0EF
1104A583
A517864E
05130000
F0EF1525
B783AD4F
47051984
10E78B63
8163470D
886310E7
A5170E07
05130000
F0EF1DA5
C783AB4F
A5831A04
A6971104
86930000
E7890566
0000A697
05468693
A517864E
05130000
F0EF1C25
C783A8CF
A5831A14
A6971104
86930000
E78902E6
0000A697
02C68693
A517864E
05130000
F0EF1BA5
70E6A64F
74A67446
69E67906
6AA66A46
7BE26B06
7CA27C42
6DE27D02
80826109
0027F713
02800593
A517C739
05130000
F0EF1165
3783A30F
B5550109
02800593
0000A517
0F050513
A1AFF0EF
01093783
02C00593
0017F713
E60717E3
0027F713
E6070FE3
02C00593
F793B7C9
9FE30207
85D6EA07
8B91B5E9
80E385EE
0593DC07
A5170280
05130000
F0EF0C65
85D69D8F
A517B36D
05130000
F0EF0E65
BF119C8F
0000A517
0C850513
9BAFF0EF
A517B719
05130000
F0EF0C25
BDE59ACF
02800593
7179BD85
EC26F022
F406E44E
E052E84A
99971800
89930001
B483EF69
81630009
892A0334
00009A17
834A0A13
85CA8526
BCBFF0EF
F0EF8552
608496CF
FF3498E3
740270A2
694264E2
6A0269A2
80826145
F0A27159
F486E0D2
E8CAECA6
FC56E4CE
F45EF85A
EC66F062
E46EE86A
2A731880
0E63F140
89AE1C05
1C058B63
0001A797
F807C783
1C079563
00019497
E8048493
892A609C
00978763
14F90963
9DE3639C
854AFE97
FBAFF0EF
12638AAA
64941405
0001A797
F4878793
34234398
302300D9
B0230099
28230126
069B10E9
3C230017
30231009
24231209
05931209
854E0800
0124B423
E0EFC394
049BDF6F
07930005
0B1307F0
2A011189
0A97E763
0001AC97
864C8C93
8B974C05
8B930001
AD97722B
8D930000
AD17032D
0D130001
0A93EEAD
370307F0
D7931709
078E4064
6318973E
03F4F613
00C75733
CB298B05
02049693
95939281
95E60036
15336198
C71500CC
000D3803
00639742
63100208
0613CE09
963E1186
48936218
7733FFF5
E2180117
C7016198
30239742
97DA0127
068A6398
8F4996DE
429CE398
05478463
0014861B
92011602
08000593
E0EF854E
049BDD6F
F0E30005
854AF89A
AC4FF0EF
ED318AAA
740670A6
694664E6
6A0669A6
7BA27B42
6CE27C02
6DA26D42
7AE28556
80826165
18092783
FB478CE3
11092583
856E8652
FC3FE0EF
19492023
5AE9B755
86AAB7D1
12C90613
0000A597
11C58593
0000A517
F1450513
F9FFE0EF
86AAB765
12C90613
0000A597
10058593
0000A517
F5050513
F83FE0EF
00893603
00093683
3EB7B737
37AB77B7
070AE214
E690078A
ABE70713
EEF78793
00E93023
00F93423
5AF5B795
7171B785
E152F122
F5061900
E94AED26
FCD6E54E
F4DEF8DA
ECE6F0E2
E4EEE8EA
00B50A33
F6C43023
19457063
FFF60793
F6F43423
17FD67C1
8B36892A
0A935D7D
3C23F784
4D85F4F4
00019497
C8048493
F6843783
0127F7B3
1A078F63
938157FD
00F977B3
1E079463
02095793
02000993
F5843703
E3198F7D
83C129C1
0FF7F713
29A1E319
F71383A1
E31900F7
83912991
0037F713
2989E319
8B858389
2985E391
013D99B3
865A86D6
854A85CE
C4CFF0EF
0001A797
CFC78793
0007C783
18079B63
1784B503
18050763
0001AC97
CF0C8C93
000CAE83
EE6347FD
611C17D7
3603CF8D
3583F804
3E03F784
0713F884
95B3FFF6
95BA00BD
6714872A
00FD97B3
97B617FD
00D66863
00F67663
00B6F463
0EB7FE63
07616F1C
1E82F3ED
020EDE93
001E9793
0E8E9EBE
85D64661
B0EF9576
A703BF2F
B683000C
27051784
02071613
17939201
97B20016
97B6078E
00ECA023
0007B023
F0EF8526
86AACBCF
BB83E579
B6831784
C2A1000B
B6034E01
0BE1018B
B503CA0D
879BFF0B
17B30016
C79300FD
8FE9FFF7
0006859B
B783EB81
95B3008B
95AA00BD
02F58D63
B60386B2
0BE1018B
19E3FA69
994EFA0E
EB4966E3
70AA4681
64EA740A
69AA694A
7AE66A0A
7BA67B46
6CE67C06
6DA66D46
614D8536
15E38082
B583FCD6
B783FF8B
9FE3010B
0685FAF5
FEDBB423
85628C5E
46610C61
B0EF85E2
3783B32F
FBE5000C
000CA783
000BB683
A02337FD
D6B900FC
B7854E05
13E36B1C
994EF0FE
E54960E3
3783BF51
09B3F604
F3E3412A
89BEE937
3423B541
9617F6A4
06130001
A597BCA6
85930000
A517E665
05130000
E0EFC865
3683D11F
B785F684
498187CA
56F5B505
7159BF99
F486F0A2
E8CAECA6
E0D2E4CE
F85AFC56
F062F45E
E86AEC66
1880E46E
0001A797
B387C783
12078763
00019497
A3848493
0004BC03
8AAE8A2A
0001A917
88090913
07F00993
00019B17
474B0B13
0001AB97
B0CB8B93
009C1763
3C03A055
0F63000C
2503089C
A0EF180C
2783FE4F
25010009
FEF575E3
FEA9E3E3
170C3783
40655C93
97E60C8E
7D13639C
D7B303F5
8B8501A7
1713D7E9
57930205
97DA01D7
DFD5639C
000BB703
97BADB5D
98E3639C
0D93FB87
856E128C
995FD0EF
118C0793
BC839CBE
856E000C
9B1FD0EF
01ACDCB3
001CFC93
F80C85E3
180C2603
190C3683
05561163
02DA3823
198C3783
02FA3C23
188C3783
02FA3423
000C3C03
F69C15E3
70A64C81
64E67406
69A66946
7AE26A06
7BA27B42
6D427C02
85666DA2
61656CE2
37838082
3703188C
4581198C
30EF8552
8CAA7050
2603D50D
872A180C
12CC0693
0000A597
CEC58593
0000A517
BAC50513
BAFFE0EF
5CF5B77D
1101B76D
E04AE822
E426EC06
A9171000
09130001
47039F29
653C0009
CB8DE729
67BC73BC
9782C795
C11D84AA
A597862A
85930000
A517C8E5
05130000
E0EFB9E5
60E2B69F
69026442
64A28526
80826105
00234785
448100F9
644260E2
85266902
610564A2
54F58082
715DBFC5
E486E0A2
F84AFC26
F052F44E
E85AEC56
0880E45E
97976910
87930001
E39C88A7
0063E79C
07931E06
7733FFF6
1A6300F6
61181C07
8FF984AA
1E079163
8B2E4521
0001A997
95898993
F18FA0EF
00A9B023
1A050663
32F060EF
C10D892A
0009B503
FCAFA0EF
640660A6
79A274E2
6AE27A02
6BA26B42
7942854A
80826161
31800593
0001A517
93850513
7D2030EF
0D638A2A
99171205
09130001
45C181E9
0001A517
91C50513
17493C23
7B2030EF
0A638AAA
AB971205
8B930001
A7838EEB
3823000B
688C16A9
02079713
16939301
96BA0017
068E6088
96D22785
A0234615
F0EF00FB
A783802F
6898000B
96136088
92010207
1693648C
96B20016
2785068E
953A8D99
460D96D2
00FBA023
FD9FE0EF
000BA783
061355FD
97130380
93010207
00171693
068E96BA
47052785
450196D2
1AE90123
00FBA023
FADFE0EF
000BE703
00019597
5BC58593
00171793
078E97BA
B02397D2
20230007
74981969
3423419C
789818E9
18E93823
3C237C98
C78518E9
08134781
450507F0
4067D713
9756070E
00F51633
00F86563
8ED16314
4198E314
E3E32785
85D6FEE7
00018517
71C50513
84DFF0EF
01E3892A
85D6EC05
0001A517
81050513
6DC030EF
A51785D2
05130001
30EF8025
60EF6CE0
BD591E90
0000A597
A7858593
0000A517
A2850513
963FE0EF
C1400913
A597B7CD
85930000
A517A5E5
05130000
E0EFA2E5
0913949F
BF6DC140
C1400913
A597B595
85930000
A517A3E5
05130000
E0EF98E5
5975929F
A597B5B1
85930000
A517A265
05130000
E0EF9A65
5975911F
3783BD15
46851085
00B7D713
18638B0D
114102D7
E406E022
939D0800
EB818B85
A0EF4505
60A2A59F
01416402
05938082
B0EF1185
60A2915F
01416402
55758082
11418082
E406E022
45DD0800
4E7000EF
60A2E509
01416402
45818082
A0EF4505
60A2A39F
01416402
87328082
02D60633
E0221141
0800E406
E38C87AA
9723852E
962300E7
A42300D7
A8230007
45810007
E23FA0EF
640260A2
80820141
E0A2715D
FC26E486
F44EF84A
EC56F052
E45EE85A
CD250880
C9B589AE
00850B13
855A84AA
D0EF8A32
D783D96F
4B810104
E7914A85
D783A8B9
DB630104
D70302FB
D6030124
854E00E4
017706BB
C3632B85
9E9100C6
00C4D783
87BB608C
178202D7
95BE9381
079B9A02
892A0005
FCFAE5E3
D0EF855A
60A6D76F
74E26406
7A0279A2
6B426AE2
854A6BA2
61617942
49098082
855AB7DD
D54FD0EF
BFF14909
12050263
F0227179
F406E84A
E44EEC26
1800E052
8563892E
09931005
84AA0085
8A32854E
CFCFD0EF
0104D783
00E4D683
0AD79163
0E0A0063
0124D703
17C237FD
93C12705
93411742
00F49823
0007061B
08D77463
00E49923
00C78733
64639FB1
873B00D7
D60340D7
469100C4
079B6088
00630006
E26308D6
468504F6
08D78463
9F634689
171B04D7
57830017
17020009
972A9301
00F71023
0104D783
2785854E
00F49823
CA8FD0EF
70A24501
64E27402
69A26942
61456A02
46A18082
02D79263
0037171B
00093783
93011702
E31C972A
D603B7E1
B7490124
00049923
BFAD4601
02E6073B
170285CA
953A9301
CB1FA0EF
171BB765
27830027
17020009
972A9301
BF59C31C
00094783
93011702
0023972A
B75900F7
D0EF854E
0513C36F
B771C150
B7615575
80825575
7179C16D
E84AF022
EC26F406
1800E44E
C5F1892E
00850993
854E84AA
BDCFD0EF
0104D783
D603C7DD
D50300C4
46910124
071B608C
079B0005
0D630006
E96306D6
468504F6
06D78263
9B634689
070606D7
5783972E
10230007
D78300F9
D7030124
D6830104
278500E4
377D17C2
982393C1
992300E4
F66300F4
854E02D7
BA8FD0EF
70A24501
64E27402
69A26942
80826145
976346A1
070E02D7
631C972E
00F93023
9923BF6D
BFD10004
C78395AA
00230005
B76500F9
972E070A
2023431C
BF7100F9
02E6073B
1702854A
95BA9301
BA9FA0EF
854EB769
B50FD0EF
C1200513
5575B75D
5575B74D
11418082
0800E422
8B634785
E18D00F5
05000793
3027B073
64224501
80820141
05000793
3027A073
45016422
80820141
B7E55575
E4221141
27F30800
64223020
0507F793
00F037B3
4501E19C
80820141
E4221141
47850800
00F58A63
17EEED99
30A7B073
64224501
80820141
A07315EE
642230A5
01414501
55758082
1141B7ED
0800E422
30A027F3
93ED6422
E19C8B85
01414501
11418082
0800E422
8A634785
ED9900F5
B07317F6
450130A7
01416422
15F68082
30A5A073
45016422
80820141
B7ED5575
E4221141
27F30800
642230A0
8B8593F5
4501E19C
80820141
E4221141
47850800
00F58963
7073ED89
450130A2
01416422
60738082
642230A2
01414501
55758082
1141B7F5
0800E422
30A027F3
83896422
E19C8B85
01414501
11418082
0800E422
89634785
ED8900F5
30A47073
64224501
80820141
30A46073
45016422
80820141
B7F55575
E4221141
27F30800
642230A0
8B85838D
4501E19C
80820141
E4221141
479D0800
02F58C63
876347C1
557500F5
6422C591
80820141
1582458D
1782478D
30A7B6F3
30A5A073
30A02773
45018FF9
FEB781E3
30A69073
BFE15575
478D4585
17821586
30A7B6F3
30A5A073
30A02773
45018FF9
FAB78FE3
1141BFF1
0800E422
30A027F3
1702470D
8FF94685
89631686
836300D7
557D02E7
6422CB91
80820141
479D6422
4501E19C
80820141
B0236422
45010005
80820141
47C16422
4501E19C
80820141
E0221141
0800E406
257345D1
00EF3400
57F97D80
4781C111
640260A2
0141853E
11418082
E406E022
45CD0800
34002573
7B6000EF
C11157F9
60A24781
853E6402
80820141
E0221141
0800E406
257345DD
00EF3400
57F97940
4781C111
640260A2
0141853E
11418082
E406E022
45D90800
34002573
772000EF
C11157F9
60A24781
853E6402
80820141
E0221141
0800E406
257345D5
00EF3400
57F97500
4781C111
640260A2
0141853E
11418082
E406E022
05130800
C0EF0530
57F9B80F
4781C111
640260A2
0141853E
97178082
37030001
27F31627
97BA3400
0007B883
08054763
0008A803
08080363
E8221101
EC06E04A
1000E426
8713892E
28010088
A0214781
89632785
63140307
42900741
FEA61AE3
07926698
84B307A1
C70100F8
97028526
3023E501
45010099
644260E2
690264A2
80826105
02051793
C38D9381
8F634705
470900E7
00E78C63
8963470D
471100E7
00E78663
55714715
FCE798E3
644260E2
690264A2
61055579
17938082
93810205
4705C395
02E78063
8D634709
470D00E7
00E78A63
87634711
471500E7
83635571
808200E7
80825579
F8227139
FC06F426
EC4EF04A
84AA0080
9917EDA1
09130001
37830829
97A60009
C3AD639C
00018497
12048493
00018997
1D898993
09134501
85CAFC84
EF7FF0EF
02048493
3703E511
671CFC84
E71C9BF9
01348463
B7D54088
70E24501
74A27442
69E27902
80826121
90EF4521
9917DE3F
09130001
30230269
87AA00A9
0513F14D
BFE1C140
06800593
00019517
01C50513
6B7020EF
4719D56D
8717C118
07130001
E5180AA7
00018717
0C070713
8717ED18
07130001
F5180D67
00093783
00018717
0E870713
8717FD18
07130001
E5380FE7
00018717
11470713
94BEED38
B799E088
E8221101
EC06E426
77931000
472503F5
08700493
04E78D63
02500713
08600493
04E78763
02400713
08200493
04E78163
4499476D
02E78D63
4489472D
02E78963
00757793
03857713
4481CB8D
471DE30D
04E78663
00157493
00257793
08048493
E493C399
89110024
E493C119
60E20044
85266442
610564A2
E3198082
BFC54481
00355493
01057793
C3998885
0024E493
02057513
E493DD69
BFD10044
00009597
4A058593
00009517
22850513
89AFE0EF
7179BF7D
EC26F022
E84AF406
33031800
17820006
84B29381
66636610
579300F3
E1630026
869A0307
12C58593
00009517
22850513
862FE0EF
740270A2
694264E2
80826145
B78388AA
19130488
85360207
02095913
73BCC385
CF8977DC
871A688C
864A86B2
FCA43C23
64909782
0004B303
FD843503
869A85CA
AB7FC0EF
740270A2
694264E2
80826145
E8221101
E04AE426
1000EC06
05300513
893284AE
872FC0EF
26F3C50D
95173030
05130000
864A2165
D0EF85A6
26F3FE5F
95173020
05130000
864A21A5
D0EF85A6
60E2FD1F
64A26442
61056902
11418082
0800E422
97976422
B7830001
953EE2E7
01415148
11418082
0800E422
97976422
B7830001
953EE167
01414D08
11418082
0800E422
97976422
B7830001
953EDFE7
01415108
11418082
0800E422
97976422
B7830001
953EDE67
01414D48
71398082
F04AF822
E456E852
F426FC06
E05AEC4E
99170080
09130001
3783DC29
2AF30009
97D63400
8385679C
0017FA13
060A0863
450189AA
C0EF84AE
8A2AB7FF
3783E545
85260009
EB0397D6
20EF0207
76637150
37830965
97D60009
0207E903
04000793
0527E963
02F90B63
FFF98793
85B34705
06930097
17B30400
04B30127
F4B340F0
97A60134
0099E863
00F9F663
0095E463
02F5E263
10E30905
5A7DFED9
744270E2
790274A2
6AA269E2
85526B02
61216A42
44818082
048AB783
73BCCB91
C79977DC
86A6874A
45ED4619
97824501
862686CA
45014599
923FC0EF
8526B7D1
683020EF
BFAD892A
C1500A13
9797BF55
B7830001
2773CEA7
97BA3400
81056788
C11D8905
E0221141
0800E406
C791673C
7BDC73BC
4501C399
45019782
885FC0EF
640260A2
80820141
711D8082
EC86E8A2
E0CAE4A6
F852FC4E
F05AF456
E862EC5E
1080E466
00019797
C947B783
A98397AA
88630187
AA830E09
679401C7
3AFD4905
01591733
0A938285
8A85FFF7
0207AB03
27F38A2A
EAB33400
5BA800EA
E0EFE2ED
3903A90F
37031785
C3450009
5B131B02
4C81020B
12C50B93
00009C17
F88C0C13
86BAA821
856285DE
DBBFD0EF
01893703
CF250961
073CFB63
01093583
00159693
0085F793
0806F693
E693C399
F7930016
C7810105
0026E693
F7932681
C7810205
0046E693
36032681
6CE30089
5793FB67
F8E30026
3783FB57
9493048A
90810206
73BCCB91
C79977DC
856686B2
97828626
00893603
00093683
85A68566
FDEFC0EF
01893703
09612C85
0513F751
B0EF0530
C901DADF
12000073
04800513
D9FFB0EF
60E6E579
64A66446
79E26906
7AA27A42
6BE27B02
6CA26C42
61254501
E0EF8082
8BAA9B0F
74726073
C0EF4501
B483F36F
609C178B
8463C7A9
49050529
F0EFA025
071BB9FF
86CA0005
88568626
85DE87DA
DF418552
C3BFF0EF
89626C9C
C38504E1
01397F63
77936888
77130075
C7810385
00190C1B
6C9CD769
04E12905
E073F3F5
B4837470
609C178B
4785D3AD
F4F98FE3
A0194905
F5397BE3
0C1B6888
77130019
77930075
C3110385
F0EFCF91
071BB33F
86CA0005
88568626
85DE87DA
D7158552
BCFFF0EF
89626C9C
F7E904E1
70EFBF39
BF05D0BF
E4221141
64220800
00019797
ABC7B783
4148953E
80820141
E0221141
0800E406
00019797
AA47B783
415C953E
852E4709
00009697
E8468693
846385B2
470D02E7
00009697
E6C68693
00E78D63
96974705
86930000
9663E566
969700E7
86930000
9617E626
06130000
D0EFE626
60A2CF7F
01416402
11418082
D79BE422
080041F5
01A7D79B
00019717
A4073703
953A9FAD
4067D79B
078E0521
638897AA
55336422
890500B5
80820141
711DC1ED
FC4EE8A2
E4A6EC86
F852E0CA
F05AF456
E862EC5E
1080E466
556389B2
8A2E0AC0
94978AAA
B4830001
45819F64
9AA68552
91AFA0EF
45ED0AA1
D0EF8556
091B8A2F
47E90005
0927CE63
8B974481
8B930001
8B17B3EB
0B130000
4C699D6B
D0EFA01D
8566C57F
84EFA0EF
061B87AA
24850019
855645ED
D0EF9CBD
091B8FAF
4F630005
1793032C
97DE0049
0087BC83
A0EF8566
87AA824F
97A60785
409985BB
865A86E6
009A0533
FAF9FDE3
00009597
ED058593
00009517
D7050513
AEBFD0EF
94D2C095
FE048FA3
644660E6
690664A6
7A4279E2
7B027AA2
6C426BE2
61256CA2
80828082
8597864E
85930000
855294E5
FF1F90EF
1141BFD1
D79BE422
080041F5
01A7D79B
00019717
91873703
953A9FAD
4067D79B
078E0541
638897AA
55336422
890500B5
80820141
E0A2715D
E45EE85A
FC26E486
F44EF84A
EC56F052
9B970880
8B930001
B7838DEB
8B2A000B
051397AA
AA830440
B0EF0247
0B63AC9F
64992005
05600513
ABBFB0EF
E493C119
90736004
05133004
B0EF0530
C909AA9F
000BB783
43DC97DA
02F05863
1063D073
000BB783
43DC97DA
02F05063
907357FD
B7033067
4785000B
4358975A
00E7D663
17E11782
32079073
448D597D
197A4A05
02000993
009A17BB
00FAF7B3
851B2781
85CA3204
C3992485
836FC0EF
FF3494E3
04800513
A3FFB0EF
5073C119
B7836000
97DA000B
83096798
C7218B05
8B056798
18070263
571D6794
8A851766
18069263
82B96794
9D638A85
679C1606
8B8583E5
4785C781
8F5D17DA
30C71073
17FE57FD
30D79073
30E79073
30F79073
000BB783
679897DA
8B058369
0513C71D
B0EF0530
C9099D5F
10C05073
10D05073
10E05073
10F05073
04800513
9BBFB0EF
12051663
000BB783
43D897DA
DA634789
267308E7
B70330A0
57FD000B
975A17EE
17FD6714
82A98FF1
C2998A85
0807E793
82AD6714
C2998A85
0407E793
82AD6714
C2998A85
0307E793
82B16714
C6818A85
16FA4685
67148FD5
8A858291
56FDC681
8FD516FE
82BD6714
C6818A85
16F24685
67148FD5
8A8582CD
4685C681
8FD516F6
83496718
C7098B05
1776577D
8FF9177D
30A79073
000BB783
679C97DA
8B85839D
5073EFD9
05133040
B0EF0530
C11990DF
18005073
04400513
8FFFB0EF
27F3C579
67193000
CBE18FF9
07134781
45011000
FFFF7697
82E796BE
07A16086
FEE799E3
00305073
05300513
048B3483
8CBFB0EF
60A6E125
74E26406
79A27942
6AE27A02
6BA26B42
80826161
04600513
8ABFB0EF
DE0513E3
B3CD4481
57056794
8A851766
E80682E3
16F24685
B5518F55
60C05073
60D05073
60E05073
60F05073
0793B5E1
A0732000
07937477
B0731000
BF917477
CABF80EF
691364BC
04932225
8B891090
B4B7C789
84930004
05131094
B0EF0480
C511849F
00F007B7
40078793
10738CDD
90733039
45013024
0513B7AD
B0EF0460
F515829F
5575BF81
7119BFA9
F0CAF8A2
F4A6FC86
0100ECCE
5073892A
E1A13440
00018997
60498993
0009B503
00A904B3
0004C783
F8043023
F8043423
F8043823
F8043C23
FA043023
854AC7B1
CE5FF0EF
744670E6
790674A6
610969E6
05138082
B0EF0480
C909FC4F
FFFF8797
84C78793
00017717
70F73E23
03000513
B58F90EF
00018997
5A498993
00A9B023
0513F145
BF7DC140
45814621
00848513
CBBF90EF
45814621
01048513
CAFF90EF
00017797
6E078793
0004A223
FA840813
AC236390
A2230004
34230204
3823FA04
3C23FA04
3023FA04
3423FC04
86C2FC04
87334581
16730006
90733056
10733A05
36833056
0613FA84
C299F804
4480106F
638C557D
812986C2
00068733
305595F3
3B051073
30559073
FA843683
106FC299
63884260
873386C2
15730006
25F33055
10733B00
36833055
C299FA84
4080106F
106FE199
96934020
92810205
206FC299
D6930820
05130205
98930200
D8930306
94630308
25410008
F89382C1
94630FF6
25210008
F89382A1
946300F6
25110008
F8938291
94630036
25090008
8A858289
2505E291
D0882509
0205D693
206FC299
96930280
457D0205
0306D893
00089463
06C23541
0386D893
00089463
06A23561
03C6D893
00089463
06923571
03E6D893
00089463
068A3579
0006C363
2505357D
86B2CCC8
30236388
8733F804
15730006
28F33055
10733B00
36833055
C299F804
3440106F
86B26388
00068733
30551573
3B059073
30551073
F8043683
106FC299
98F33260
F8B33B08
846300B8
106F00B8
4C883160
302386B2
2505F804
6388CC88
00068733
30551573
3B1028F3
30551073
F8043683
106FC299
63882EE0
873386B2
15730006
90733055
10733B15
36833055
C299F804
2D00106F
3B1898F3
00B8F8B3
00B88463
2C00106F
86B24C88
F8043023
CC882505
87336388
15730006
28F33055
10733B20
36833055
C299F804
2980106F
86B26388
00068733
30551573
3B259073
30551073
F8043683
106FC299
96F327A0
8EED3B28
00B68463
26C0106F
86B24C88
F8043023
CC882505
87336388
15730006
28F33055
10733B30
36833055
C299F804
2440106F
86B26388
F8043023
00068733
30551573
3B359073
30551073
F8043683
106FC299
96F32220
8EED3B38
00B68463
2140106F
86B24C88
F8043023
CC882505
87336388
15730006
28F33055
10733B40
36833055
C299F804
1EC0106F
86B26388
00068733
30551573
3B459073
30551073
F8043683
106FC299
96F31CE0
8EED3B48
00B68463
1C00106F
86B24C88
F8043023
CC882505
87336388
15730006
28F33055
10733B50
36833055
C299F804
1980106F
86B26388
00068733
30551573
3B559073
30551073
F8043683
106FC299
96F317A0
8EED3B58
00B68463
16C0106F
86B24C88
F8043023
CC882505
87336388
15730006
28F33055
10733B60
36833055
C299F804
1440106F
86B26388
00068733
30551573
3B659073
30551073
F8043683
106FC299
96F31260
8EED3B68
00B68463
1180106F
86B24C88
F8043023
CC882505
87336388
15730006
28F33055
10733B70
36833055
C299F804
0F00106F
86B26388
00068733
30551573
3B759073
30551073
F8043683
106FC299
96F30D20
8EED3B78
00B68463
0C40106F
86B24C88
F8043023
CC882505
87336388
15730006
28F33055
10733B80
36833055
C299F804
09C0106F
86B26388
00068733
30551573
3B859073
30551073
F8043683
106FC299
96F307E0
8EED3B88
00B68463
0700106F
86B24C88
F8043023
CC882505
87336388
15730006
28F33055
10733B90
36833055
C299F804
0480106F
86B26388
00068733
30551573
3B959073
30551073
F8043683
106FC299
96F302A0
8EED3B98
00B68463
01C0106F
86B24C88
F8043023
CC882505
87336388
15730006
28F33055
10733BA0
36833055
9BE3F804
63887E06
873386B2
15730006
90733055
10733BA5
36833055
9DE3F804
96F37C06
8EED3BA8
7CB698E3
86B24C88
F8043023
CC882505
87336388
15730006
28F33055
10733BB0
36833055
95E3F804
63887A06
873386B2
15730006
90733055
10733BB5
36833055
97E3F804
96F37806
8EED3BB8
78B692E3
86B24C88
F8043023
CC882505
87336388
15730006
28F33055
10733BC0
36833055
9FE3F804
63887406
873386B2
15730006
90733055
10733BC5
36833055
91E3F804
96F37406
8EED3BC8
72B69CE3
86B24C88
F8043023
CC882505
87336388
15730006
28F33055
10733BD0
36833055
99E3F804
63887006
302386B2
8733F804
15730006
90733055
10733BD5
36833055
99E3F804
96F36E06
8EED3BD8
6EB694E3
86B24C88
F8043023
CC882505
87336388
15730006
28F33055
10733BE0
36833055
91E3F804
63886C06
873386B2
15730006
90733055
10733BE5
36833055
93E3F804
96F36A06
8EED3BE8
68B69EE3
86B24C88
F8043023
CC882505
87336388
15730006
28F33055
10733BF0
36833055
9BE3F804
63886606
873386B2
15730006
90733055
10733BF5
36833055
9DE3F804
96F36406
8EED3BF8
64B698E3
86B24C88
F8043023
CC882505
87336388
15730006
28F33055
10733C00
36833055
95E3F804
63886206
873386B2
15730006
90733055
10733C05
36833055
97E3F804
96F36006
8EED3C08
60B692E3
86B24C88
F8043023
CC882505
87336388
15730006
28F33055
10733C10
36833055
9FE3F804
63885C06
873386B2
15730006
90733055
10733C15
36833055
91E3F804
96F35C06
8EED3C18
5AB69CE3
86B24C88
F8043023
CC882505
87336388
15730006
28F33055
10733C20
36833055
99E3F804
63885806
873386B2
15730006
90733055
10733C25
36833055
9BE3F804
96F35606
8EED3C28
56B696E3
86B24C88
F8043023
CC882505
87336388
15730006
28F33055
10733C30
36833055
93E3F804
63885406
873386B2
15730006
90733055
10733C35
36833055
95E3F804
96F35206
8EED3C38
52B690E3
86B24C88
F8043023
CC882505
87336388
15730006
28F33055
10733C40
36833055
9DE3F804
63884E06
873386B2
15730006
90733055
10733C45
36833055
9FE3F804
96F34C06
8EED3C48
4CB69AE3
86B24C88
F8043023
CC882505
87336388
15730006
28F33055
10733C50
36833055
97E3F804
63884A06
873386B2
15730006
90733055
10733C55
36833055
99E3F804
96F34806
8EED3C58
48B694E3
86B24C88
F8043023
CC882505
87336388
15730006
28F33055
10733C60
36833055
91E3F804
63884606
873386B2
15730006
90733055
10733C65
36833055
93E3F804
96F34406
8EED3C68
42B69EE3
86B24C88
F8043023
CC882505
87336388
15730006
28F33055
10733C70
36833055
9BE3F804
63884006
302386B2
8733F804
15730006
90733055
10733C75
36833055
9BE3F804
96F33E06
8EED3C78
3EB696E3
86B24C88
F8043023
CC882505
87336388
15730006
28F33055
10733C80
36833055
93E3F804
63883C06
873386B2
15730006
90733055
10733C85
36833055
95E3F804
96F33A06
8EED3C88
3AB690E3
86B24C88
F8043023
CC882505
87336388
15730006
28F33055
10733C90
36833055
9DE3F804
63883606
873386B2
15730006
90733055
10733C95
36833055
9FE3F804
96F33406
8EED3C98
34B69AE3
86B24C88
F8043023
CC882505
87336388
15730006
28F33055
10733CA0
36833055
97E3F804
63883206
873386B2
15730006
90733055
10733CA5
36833055
99E3F804
96F33006
8EED3CA8
30B694E3
86B24C88
F8043023
CC882505
87336388
15730006
28F33055
10733CB0
36833055
91E3F804
63882E06
873386B2
15730006
90733055
10733CB5
36833055
93E3F804
96F32C06
8EED3CB8
2AB69EE3
86B24C88
F8043023
CC882505
87336388
15730006
28F33055
10733CC0
36833055
9BE3F804
63882806
873386B2
15730006
90733055
10733CC5
36833055
9DE3F804
96F32606
8EED3CC8
26B698E3
86B24C88
F8043023
CC882505
87336388
15730006
28F33055
10733CD0
36833055
95E3F804
63882406
873386B2
15730006
90733055
10733CD5
36833055
97E3F804
96F32206
8EED3CD8
22B692E3
86B24C88
F8043023
CC882505
87336388
15730006
28F33055
10733CE0
36833055
9FE3F804
63881E06
873386B2
15730006
90733055
10733CE5
36833055
91E3F804
96F31E06
8EED3CE8
1CB69CE3
86B24C88
F8043023
CC882505
87336388
15730006
28F33055
10733CF0
36833055
99E3F804
63881A06
873386B2
15730006
90733055
10733CF5
36833055
9BE3F804
96F31806
8EED3CF8
18B696E3
86B24C88
F8043023
CC882505
87336388
15730006
28F33055
10733D00
36833055
93E3F804
63881606
873386B2
15730006
90733055
10733D05
36833055
95E3F804
96F31406
8EED3D08
14B690E3
86B24C88
F8043023
CC882505
87336388
15730006
28F33055
10733D10
36833055
9DE3F804
63881006
302386B2
8733F804
15730006
90733055
10733D15
36833055
9DE3F804
96F30E06
8EED3D18
0EB698E3
86B24C88
F8043023
CC882505
87336388
15730006
28F33055
10733D20
36833055
95E3F804
63880C06
873386B2
15730006
90733055
10733D25
36833055
97E3F804
96F30A06
8EED3D28
0AB692E3
86B24C88
F8043023
CC882505
87336388
15730006
28F33055
10733D30
36833055
9FE3F804
63880606
873386B2
15730006
90733055
10733D35
36833055
91E3F804
96F30606
8EED3D38
04B69CE3
86B24C88
F8043023
CC882505
87336388
15730006
28F33055
10733D40
36833055
99E3F804
63880206
873386B2
15730006
90733055
10733D45
36833055
9BE3F804
96F30006
8EED3D48
00B696E3
86B24C88
F8043023
CC882505
87336388
15730006
28F33055
10733D50
36833055
9363F804
63887E06
873386B2
15730006
90733055
10733D55
36833055
9563F804
96F37C06
8EED3D58
7CB69063
86B24C88
F8043023
CC882505
87336388
15730006
28F33055
10733D60
36833055
9D63F804
63887806
873386B2
15730006
90733055
10733D65
36833055
9F63F804
96F37606
8EED3D68
76B69A63
86B24C88
F8043023
CC882505
87336388
15730006
28F33055
10733D70
36833055
9763F804
63887406
873386B2
15730006
90733055
10733D75
36833055
9963F804
96F37206
8EED3D78
72B69463
86B24C88
F8043023
CC882505
87336388
15730006
28F33055
10733D80
36833055
9163F804
63887006
873386B2
15730006
90733055
10733D85
36833055
9363F804
96F36E06
8EED3D88
6CB69E63
86B24C88
F8043023
CC882505
87336388
15730006
28F33055
10733D90
36833055
9B63F804
63886A06
873386B2
15730006
90733055
10733D95
36833055
9D63F804
96F36806
8EED3D98
68B69863
86B24C88
F8043023
CC882505
87336388
15730006
28F33055
10733DA0
36833055
9563F804
63886606
873386B2
15730006
90733055
10733DA5
36833055
9763F804
96F36406
8EED3DA8
64B69263
86B24C88
F8043023
CC882505
87336388
15730006
28F33055
10733DB0
36833055
9F63F804
63886006
302386B2
8733F804
15730006
90733055
10733DB5
36833055
9F63F804
96F35E06
8EED3DB8
5EB69A63
86B24C88
F8043023
CC882505
87336388
15730006
28F33055
10733DC0
36833055
9763F804
63885C06
873386B2
15730006
90733055
10733DC5
36833055
9963F804
96F35A06
8EED3DC8
5AB69463
86B24C88
F8043023
CC882505
87336388
15730006
28F33055
10733DD0
36833055
9163F804
63885806
873386B2
15730006
90733055
10733DD5
36833055
9363F804
96F35606
8EED3DD8
54B69E63
86B24C88
F8043023
CC882505
87336388
15730006
28F33055
10733DE0
36833055
9B63F804
63885206
873386B2
15730006
90733055
10733DE5
36833055
9D63F804
96F35006
8EED3DE8
50B69863
86B24C88
F8043023
CC882505
87336388
15730006
28F33055
10733DF0
36833055
9563F804
63884E06
873386B2
15730006
90733055
10733DF5
36833055
9763F804
96F34C06
8EED3DF8
4CB69263
86B24C88
F8043023
CC882505
87336388
15730006
28F33055
10733E00
36833055
9F63F804
63884806
873386B2
15730006
90733055
10733E05
36833055
9163F804
96F34806
8EED3E08
46B69C63
86B24C88
F8043023
CC882505
87336388
15730006
28F33055
10733E10
36833055
9963F804
63884406
873386B2
15730006
90733055
10733E15
36833055
9B63F804
96F34206
8EED3E18
42B69663
86B24C88
F8043023
CC882505
87336388
15730006
28F33055
10733E20
36833055
9363F804
63884006
873386B2
15730006
90733055
10733E25
36833055
9563F804
96F33E06
8EED3E28
3EB69063
86B24C88
F8043023
CC882505
87336388
15730006
28F33055
10733E30
36833055
9D63F804
63883A06
873386B2
15730006
90733055
10733E35
36833055
9F63F804
96F33806
8EED3E38
38B69A63
86B24C88
F8043023
CC882505
87336388
15730006
28F33055
10733E40
36833055
9763F804
63883606
873386B2
15730006
90733055
10733E45
36833055
9963F804
96F33406
8EED3E48
34B69463
86B24C88
F8043023
CC882505
87336388
15730006
28F33055
10733E50
36833055
9163F804
63883206
302386B2
8733F804
15730006
90733055
10733E55
36833055
9163F804
96F33006
8EED3E58
2EB69C63
86B24C88
F8043023
CC882505
87336388
15730006
28F33055
10733E60
36833055
9963F804
63882C06
873386B2
15730006
90733055
10733E65
36833055
9B63F804
96F32A06
8EED3E68
2AB69663
86B24C88
F8043023
CC882505
87336388
15730006
28F33055
10733E70
36833055
9363F804
63882806
873386B2
15730006
90733055
10733E75
36833055
9563F804
96F32606
8EED3E78
26B69063
86B24C88
F8043023
CC882505
87336388
15730006
28F33055
10733E80
36833055
9D63F804
63882206
873386B2
15730006
90733055
10733E85
36833055
9F63F804
96F32006
8EED3E88
20B69A63
86B24C88
F8043023
CC882505
87336388
15730006
28F33055
10733E90
36833055
9763F804
63881E06
873386B2
15730006
90733055
10733E95
36833055
9963F804
96F31C06
8EED3E98
1CB69463
86B24C88
F8043023
CC882505
87336388
15730006
28F33055
10733EA0
36833055
9163F804
63881A06
873386B2
15730006
90733055
10733EA5
36833055
9363F804
96F31806
8EED3EA8
16B69E63
86B24C88
F8043023
CC882505
87336388
15730006
28F33055
10733EB0
36833055
9B63F804
63881406
873386B2
15730006
90733055
10733EB5
36833055
9D63F804
96F31206
8EED3EB8
12B69863
86B24C88
F8043023
CC882505
87336388
15730006
28F33055
10733EC0
36833055
9563F804
63881006
873386B2
15730006
90733055
10733EC5
36833055
E6FDF804
3EC896F3
93638EED
4C880EB6
302386B2
2505F804
6388CC88
00068733
30551573
3ED028F3
30551073
F8043683
6388E2E1
873386B2
15730006
90733055
10733ED5
36833055
E2DDF804
3ED896F3
9F638EED
4C8808B6
302386B2
2505F804
6388CC88
00068733
30551573
3EE028F3
30551073
F8043683
6388EEA5
873386B2
15730006
90733055
10733EE5
36833055
EEB9F804
3EE896F3
9B638EED
4C8804B6
302386B2
2505F804
6388CC88
00068733
30551573
3EF028F3
30551073
F8043683
6388EA85
302386B2
8733F804
15730006
90733055
10733EF5
36833055
EA89F804
3EF896F3
95638EED
4C9400B6
CC942685
86B2638C
F8043023
00068733
305595F3
B03028F3
30559073
F8043683
638CE285
450586B2
00068733
305595F3
B0351073
30559073
F8043683
400686E3
3423638C
3823FA04
3C23FA04
3023FA04
3423FC04
86C2FC04
8733557D
95F30006
10733055
9073B035
36833055
99E3FA84
86C21806
0007B803
00068733
30581873
B03025F3
30581073
FA843803
458186AE
04081463
8D751502
400510E3
45FD1682
1813557D
F8330305
1BE30106
06C23E08
35C11562
E1198D75
06A235E1
03C6D513
35F1E119
D5130692
E11903E6
068A35F9
0006C363
258535FD
86B2D48C
3023638C
8733F804
95F30006
28733055
9073B040
36833055
E285F804
86B2638C
87334505
95F30006
10733055
9073B045
36833055
81E3F804
638C2806
302386B2
8733F804
95F30006
28733055
9073B050
36833055
E285F804
86B2638C
87334505
95F30006
10733055
9073B055
36833055
89E3F804
638C2206
302386B2
8733F804
95F30006
28733055
9073B060
36833055
E285F804
86B2638C
87334505
95F30006
10733055
9073B065
36833055
81E3F804
638C1E06
302386B2
8733F804
95F30006
28733055
9073B070
36833055
E285F804
86B2638C
87334505
95F30006
10733055
9073B075
36833055
89E3F804
638C1806
302386B2
8733F804
95F30006
28733055
9073B080
36833055
E285F804
86B2638C
87334505
95F30006
10733055
9073B085
36833055
81E3F804
638C1406
302386B2
8733F804
95F30006
28733055
9073B090
36833055
E285F804
86B2638C
87334505
95F30006
10733055
9073B095
36833055
89E3F804
638C0E06
302386B2
8733F804
95F30006
28733055
9073B0A0
36833055
E285F804
86B2638C
87334505
95F30006
10733055
9073B0A5
36833055
81E3F804
638C0A06
302386B2
8733F804
95F30006
28733055
9073B0B0
36833055
E285F804
86B2638C
87334505
95F30006
10733055
9073B0B5
36833055
87E3F804
638C0406
302386B2
8733F804
95F30006
28733055
9073B0C0
36833055
E285F804
86B2638C
87334505
95F30006
10733055
9073B0C5
36833055
8F63F804
638C7E06
302386B2
8733F804
95F30006
28733055
9073B0D0
36833055
E285F804
86B2638C
87334505
95F30006
10733055
9073B0D5
36833055
8863F804
638C7A06
302386B2
8733F804
95F30006
28733055
9073B0E0
36833055
E285F804
86B2638C
87334505
95F30006
10733055
9073B0E5
36833055
8163F804
638C7606
302386B2
8733F804
95F30006
28733055
9073B0F0
36833055
E285F804
86B2638C
87334505
95F30006
10733055
9073B0F5
36833055
8A63F804
638C7006
302386B2
8733F804
95F30006
28733055
9073B100
36833055
E285F804
86B2638C
87334505
95F30006
10733055
9073B105
36833055
8363F804
638C6C06
302386B2
8733F804
95F30006
28733055
9073B110
36833055
E285F804
86B2638C
87334505
95F30006
10733055
9073B115
36833055
8B63F804
638C6606
302386B2
8733F804
95F30006
28733055
9073B120
36833055
E285F804
86B2638C
87334505
95F30006
10733055
9073B125
36833055
8363F804
638C6206
302386B2
8733F804
95F30006
28733055
9073B130
36833055
E285F804
86B2638C
87334505
95F30006
10733055
9073B135
36833055
8B63F804
638C5C06
302386B2
8733F804
95F30006
28733055
9073B140
36833055
E285F804
86B2638C
87334505
95F30006
10733055
9073B145
36833055
8163F804
638C7606
302386B2
8733F804
95F30006
28733055
9073B150
36833055
E285F804
86B2638C
87334505
95F30006
10733055
9073B155
36833055
8963F804
638C7006
302386B2
8733F804
95F30006
28733055
9073B160
36833055
E285F804
86B2638C
87334505
95F30006
10733055
9073B165
36833055
8163F804
638C6C06
302386B2
8733F804
95F30006
28733055
9073B170
36833055
E285F804
86B2638C
87334505
95F30006
10733055
9073B175
36833055
8963F804
638C6606
302386B2
8733F804
95F30006
28733055
9073B180
36833055
E285F804
86B2638C
87334505
95F30006
10733055
9073B185
36833055
8163F804
638C6206
302386B2
8733F804
95F30006
28733055
9073B190
36833055
E285F804
86B2638C
87334505
95F30006
10733055
9073B195
36833055
8963F804
638C5C06
302386B2
8733F804
95F30006
28733055
9073B1A0
36833055
E285F804
86B2638C
87334505
95F30006
10733055
9073B1A5
36833055
8163F804
638C5806
302386B2
8733F804
95F30006
28733055
9073B1B0
36833055
E285F804
86B2638C
87334505
95F30006
10733055
9073B1B5
36833055
8963F804
638C5206
302386B2
8733F804
95F30006
28733055
9073B1C0
36833055
E285F804
86B2638C
87334505
95F30006
10733055
9073B1C5
36833055
8363F804
638C3A06
302386B2
8733F804
95F30006
28733055
9073B1D0
36833055
E285F804
86B2638C
87334505
95F30006
10733055
9073B1D5
36833055
8B63F804
638C3406
302386B2
8733F804
95F30006
28733055
9073B1E0
36833055
E285F804
86B2638C
87334505
95F30006
10733055
9073B1E5
36833055
8363F804
638C3006
302386B2
8733F804
95F30006
28733055
9073B1F0
36833055
E285F804
86B2638C
87334505
95F30006
10733055
9073B1F5
36833055
8B63F804
638C2A06
302386B2
8733F804
95F30006
25733055
90733060
36833055
E691F804
C46340D4
46850006
638CC0D4
302386B2
8733F804
95F30006
25733055
90733200
36833055
E691F804
546340D4
468900D0
638CC0D4
302386B2
8733F804
95F30006
25733055
907330A0
36833055
9063F804
40D42206
D9634585
468D02D5
638CC0D4
302386B2
8733F804
95F30006
25733055
9073DA00
36833055
9463F804
648C2006
E59340D4
E48C0085
CF63638C
86B20E06
F8043023
00068733
305595F3
FB002573
30559073
F8043683
1C068F63
638C40D4
59634509
86B20AD5
F8043023
00068733
305595F3
14D02573
30559073
F8043683
6494E689
0106E693
40D4E494
638C4509
08D55263
302386B2
8733F804
95F30006
25733055
907330C0
36833055
E689F804
E6936494
E4940046
450940D4
5B63638C
86B204D5
F8043023
00068733
305595F3
10C02573
30559073
F8043683
6494E691
040005B7
E4948ECD
450940D4
5363638C
86B202D5
F8043023
00068733
305595F3
32102573
30559073
F8043683
38068A63
638C40D4
0206C263
302386B2
8733F804
95F30006
25733055
90737A00
36833055
8163F804
638C3606
302386B2
8733F804
95F30006
25733055
9073C000
36833055
E689F804
E6936894
E8940016
86B2638C
F8043023
00068733
305595F3
C0102573
30559073
F8043683
6894E689
0026E693
639CE894
302386B2
8733F804
97F30006
26733057
9073C020
37833057
EBA5F804
27F36898
67133400
E8980047
CB8967BC
63BC73BC
8526C791
C1199782
980FE06F
0009B783
97CA6494
8B056B98
6B98C711
8B058305
2A071863
FDF6F713
E49850D4
6713C681
E4980407
80234705
679C00E4
8B858385
E06FE399
27F3940F
8B857470
C1600513
E06FE399
E06F930F
27F3932F
67BC3400
73BCD7D5
FFD163BC
40D4B755
C6E34585
BD09DED5
03F00593
F06F2585
40D4ED2F
6488B511
638C40D4
00156513
BD39E488
B1F81873
D4A815E3
05B750D4
8ECD8000
BB35D0D4
B1E81873
CEA81DE3
05B750D4
8ECD4000
B1F5D0D4
B1D81873
CAA815E3
05B750D4
8ECD2000
B971D0D4
B1C81873
C4A81DE3
05B750D4
8ECD1000
B1B1D0D4
B1381873
A2A815E3
05B750D4
8ECD0008
BC31D0D4
B1281873
9CA81DE3
05B750D4
8ECD0004
B2F1D0D4
B1181873
98A815E3
05B750D4
8ECD0002
BAB5D0D4
B1081873
92A81DE3
65C150D4
D0D48ECD
1873B23D
16E3B0F8
50D48EA8
8ECD65A1
B0C5D0D4
B0E81873
88A81FE3
659150D4
D0D48ECD
1873B849
18E3B0D8
50D484A8
8ECD6589
B091D0D4
B0C81873
80A811E3
658550D4
D0D48ECD
FF6FF06F
B0B81873
FAA81963
658550D4
80058593
D0D48ECD
FA2FF06F
B0A81873
F4A81F63
E69350D4
D0D44006
F52FF06F
B0981873
F0A81763
E69350D4
D0D42006
F02FF06F
B0881873
EAA81F63
E69350D4
D0D41006
EB2FF06F
B0781873
E6A81763
E69350D4
D0D40806
E62FF06F
B0681873
E0A81F63
E69350D4
D0D40406
E12FF06F
B0581873
DCA81763
E69350D4
D0D40206
DC2FF06F
B0481873
D6A81F63
E69350D4
D0D40106
D72FF06F
B1B81873
ACA817E3
05B750D4
8ECD0800
B4C1D0D4
B1A81873
A6A81FE3
05B750D4
8ECD0400
BC85D0D4
B1981873
A2A817E3
05B750D4
8ECD0200
B405D0D4
B1881873
9CA81FE3
05B750D4
8ECD0100
BAC1D0D4
B1781873
98A817E3
05B750D4
8ECD0080
B241D0D4
B1681873
92A81FE3
05B750D4
8ECD0040
BA05D0D4
B1581873
8EA817E3
05B750D4
8ECD0020
B0C5D0D4
B1481873
88A81FE3
05B750D4
8ECD0010
B841D0D4
B03898F3
BEA89A63
E69350D4
D0D40086
BE8FF06F
E7136B90
82090206
05E38A05
B3A9D406
65096494
8EC9638C
B969E494
40D46488
6513638C
E4881005
86AEB1A5
03F00513
FDDFD06F
450186AE
F87FD06F
03F00593
C04FF06F
8D751562
C12FF06F
E4221141
00730800
00731050
BFE51050
F8227139
F04AF426
E852EC4E
FC06E456
0080E05A
84B64785
8A2E8AAA
89BA8932
02F68563
8C63478D
C69102F6
10500073
10500073
0513BFE5
90EF0550
E105DF8F
10500073
10500073
0513BFE5
90EF0530
E511DE4F
10500073
10500073
2B73BFE5
77F93000
7FF78793
00FB7B33
04800513
00B49793
00FB6B33
DBAF90EF
7B13ED19
1073F7FB
1073300B
47853419
02F48E63
8556C085
007385D2
57FD3020
8793179E
7B33F7F7
979300FB
EB330279
BFD10167
04E00513
D7EF90EF
1073DD69
50730059
50730400
B7F10040
00098B63
20591073
24005073
20405073
28005073
1073BF5D
50731059
50731400
50731040
B7551800
F0227179
F406EC26
E44EE84A
44811800
8913CE69
964AFFF5
40B00933
84AE89AA
00C97933
9F4FA0EF
0389B703
03898813
01071663
6318A07D
0B070563
6F0C6B14
FFF68793
0297D7B3
87B30785
86B30297
063340D7
E0E300D9
C2C5FEC5
0289B583
02898E13
06BE0F63
0005B303
0085BE83
3EB7B8B7
37AB7537
006EB023
050A088A
01D33423
ABE88893
EEF50513
0115B023
3303E588
70630187
B3031066
0F630289
3E83106E
3E030083
B0230003
342301CE
302301DE
34230113
6B0800A3
38239532
6F0800A3
40C50633
00C33C23
0409B603
01033023
00C33423
00663023
0469B023
4481A86D
A0EF854E
70A295EF
69427402
852669A2
614564E2
70638082
B78306B9
86930289
44810289
FCD78EE3
6788638C
3EB7B637
37AB76B7
060AE10C
E588068A
ABE60613
EEF68693
E390E794
BC236B10
86930127
EB900489
6B0C6F10
093395CA
EB0C4126
01273C23
0509B603
E790E394
B823E21C
6B8404F9
4481B771
F92594E3
6310670C
3EB7B6B7
37AB77B7
068AE190
E60C078A
ABE68693
EEF78793
E71CE314
0509B783
04898693
E71CE314
B823E398
6B0404E9
1163BF81
E99C0266
0125BC23
0509B783
04898613
E59CE190
B823E38C
EF1404B9
B73D6984
0289B303
01C5B423
0065B023
02B9B423
00B33423
BF194481
E0221141
0800E406
0593862E
F0EF0400
60A2E23F
01416402
11018082
E426E822
EC06E04A
862E1000
0593892E
F0EF0400
84AAE03F
864AC509
70EF4581
60E2869F
69026442
64A28526
80826105
1101C1E1
E426E822
EC06E04A
892A1000
90EF84AE
3783FEBF
06930489
8C630489
6B9800F6
00E4E663
97326F90
00E4EE63
98E3639C
854AFED7
FF1F90EF
644260E2
690264A2
80826105
678C6390
3EB7B6B7
37AB7737
068AE190
E60C070A
ABE68693
EEF70713
E798E394
03893683
03890513
88638636
6B8C04A6
0187B303
006588B3
9742A821
04E58763
0006B803
06B76063
08638642
86B202A8
B8036A98
92E30186
EA8CFEE8
07136F90
98320289
0106BC23
03093683
E794E398
3823E29C
BFA502F9
37038082
E3880409
E31CE798
04F93023
981AB79D
0106BC23
03093703
02890693
E798E394
3823E31C
B7B102F9
B023E790
E29C0107
00F83423
1101BF3D
E426E822
EC06E04A
892A1000
EF5F90EF
03893783
03890693
87634481
6F9800D7
94BA639C
FED79DE3
90EF854A
60E2F03F
69026442
64A28526
80826105
E8221101
EC06E04A
1000E426
6904711C
00016917
FE490913
8C9D854A
EA9F90EF
03893783
00016617
00860613
00C78963
6F944701
9736639C
FEC79DE3
65178C99
05130001
90EFFB65
60E2EABF
69026442
64A28526
80826105
E4221141
64220800
01417108
11418082
5713E422
08000046
081386AE
08930285
05930385
77130485
2023C007
E5140005
ED14E910
3423F118
38230305
3C230305
30230315
E52C0515
87AAE92C
4701C359
6F94A011
00571593
BC2395B6
B8230005
7B940005
0105B023
E5940705
7394E28C
8295FB8C
FCD76FE3
0287B803
00883583
00083603
3EB7B6B7
37AB7737
068AE190
E60C070A
ABE68693
EEF70713
00D83023
00E83423
6F987394
97364501
00E83823
73946B98
3C238F15
63B800E8
01183023
00E83423
01073023
0507B023
01416422
86428082
B77D85C2
C2217110
3FF67793
6D1CEF8D
EA636918
651402E7
00F60733
02E6E563
3FF7F713
1141E30D
E406E022
610C0800
00016517
E9850513
F0EF95BE
60A2F01F
01416402
55758082
11418082
0800E422
4501872A
06134685
A0210400
06630505
97B300C5
EBE300A6
6422FEE7
80820141
E8221101
E04AE426
1000EC06
852E892A
B1BF60EF
0005049B
854A85A6
CAAFB0EF
0793CD15
EB6307F0
97930297
D4930204
559701D7
85930001
94AE7665
CF99609C
00016517
E7053503
90EF953E
2501C1FF
644260E2
690264A2
80826105
BFCD5575
E0A2715D
F44EF84A
FC26E486
EC56F052
E45EE85A
0880E062
B0EF892E
89AACAAF
60A6CD11
74E26406
7A027942
6B426AE2
6C026BA2
79A2854E
80826161
08000593
A0EF854A
049BC72F
07930005
5A1707F0
0A130001
E6E36EAA
6B17FC97
0B130001
4B99DF6B
0A934C05
A83107F0
0014861B
92011602
08000593
A0EF854A
049BCCEF
E0E30005
9713FA9A
57930204
97D201D7
CF89639C
000B3503
90EF953E
079BB6FF
F7130005
D379FFB7
FD7782E3
4064D793
97CA078E
16B36398
C693009C
8F75FFF6
B76DE398
F8227139
F04AF426
FC06EC4E
E456E852
69170080
39030001
992AD7A9
89AE84AA
45894601
90EF854A
4789B6FF
02F51763
0284BA03
0304BA83
000F7C84
45810310
03090513
B13F90EF
02099513
86A64701
85D28656
F0EF9101
862A8A7F
00006597
34058593
00006517
26850513
E4BFA0EF
87DFF0EF
E4221141
64220800
00016517
D1853503
80820141
F8227139
F426FC06
EC4EF04A
E456E852
CDA50080
03800513
A3DF60EF
00016797
CEA7B423
6597C561
85930001
419C9C65
08934701
581707F0
08130001
23735B68
CB953400
02071793
96939381
96C20037
00E8EF63
86336294
CA9100A6
07033683
B7938F95
07850017
3823E21C
419C0206
69E32705
4501FCF7
744270E2
790274A2
6A4269E2
61216AA2
64978082
B4830001
89AAC7A4
2AF394AA
67853040
80878793
3047A073
4A098526
00016917
C6490913
A0DF90EF
03450963
00093783
7398CF91
779CCF01
CB89854E
FA8F50EF
00093783
779CC781
9782C391
10500073
90EF8526
1BE39DFF
9073FD45
B771304A
C1400513
1101B761
EC06E822
1000E426
651787AA
35030001
953EC065
458D4605
90EF63A4
478D9FFF
02F51B63
00016797
BF47B783
7398CB89
779CC719
9782C789
136357F9
948200F5
F14025F3
00006517
13C50513
A0EF2581
F0EFCEDF
862AF1EF
00006597
1B858593
00006517
0F050513
CD3FA0EF
711DBFD1
E0CAE8A2
F456FC4E
EC5EF05A
EC86E06A
F852E4A6
E466E862
8BAA1080
8D3E8532
892E8B32
89BA8AB6
FF2F60EF
E0634785
049B1337
00630005
85A60209
B0EF854A
0663978F
46911005
85D6864E
B0EF854A
0063A9EF
07931005
EA6307F0
97930E97
D7130204
579701D7
87930001
97BA4227
0007B903
0C090D63
00016A17
B28A3A03
0C939A4A
4605030A
85664581
91DF90EF
8526ED5D
EE4F50EF
85268C2A
E9AF50EF
342387AA
382303A9
3C230359
46090339
85524585
90EF893E
079B8F3F
CFB50005
88634705
54F502E7
0310000F
85664581
89BF90EF
644660E6
79E26906
7AA27A42
6BE27B02
6CA26C42
85266D02
612564A6
67978082
B7830001
C799AB67
C7097398
CF95779C
032C0F63
50EF8526
84AABC3F
4605D0F1
85524589
891F90EF
05E34789
862AFAF5
00006597
06458593
00006517
FB450513
B97FA0EF
54E9BF41
15E3B771
B583FC0C
855A040B
84AA9702
54F5B7D1
54EDB751
1101B741
E426E822
EC06E04A
27F31000
84AA3400
892E5BA8
80AFB0EF
00016797
A307B783
C13197A6
4581460D
90EF853E
E911827F
02091D63
60E24501
64A26442
61056902
862A8082
00006597
FD458593
00006517
F3C50513
B1FFA0EF
644260E2
690264A2
6105557D
557D8082
8526B7F9
DF6F50EF
E0221141
0800E406
00016797
9D07B783
4619953E
90EF4591
4791FCAF
00F51E63
00016797
9C07B783
7F9CC781
9782C391
640260A2
80820141
6597862A
85930000
6517F4E5
05130000
A0EFED65
F0EFAB9F
7179CEAF
EC26F022
E44EE84A
1800F406
00016917
97890913
00093703
89AE84AA
45994601
90EF953A
4799F6AF
04F51663
00093903
C0EF8526
4789E2FF
D6639926
378300A7
90730289
378330A7
90730209
37833027
90730109
37833047
F7930189
A0730227
7C943447
748C7890
02099513
91014701
C84FF0EF
6597862A
85930000
6517E9E5
05130000
A0EFE465
F0EFA29F
7139C5AF
FC06F822
872E0080
059387AA
853AFC84
34234709
3823FCE4
3C23FCF4
3023FC04
3423FE04
70EFFE04
70E2A35F
61217442
37B78082
16130083
07A20205
07BD9201
0B6386AE
713902F6
FC06F822
872A0080
FC840593
85364789
FCF43423
FCE43823
FC043C23
FE043023
FE043423
9EFF70EF
744270E2
80826121
0330000F
1005B783
07914501
10F5B023
71598082
FC56F0A2
ECA6F486
E4CEE8CA
F85AE0D2
B7831880
468D1085
01455A9B
8B8D83AD
12D78063
00C55713
00377793
84AA892E
00070A1B
7713CF85
972E0F87
F9040613
3B038556
20EF0007
89AA2570
7A13E915
6697007A
86930000
0A0AEAA6
27039A36
D793000A
8BFD00F4
87029736
00006597
EB458593
00006517
E5450513
917FA0EF
05934789
854AF984
F8F43C23
FA943023
FA043423
FA043823
FA043C23
933F70EF
70A689AA
64E67406
6A066946
7B427AE2
69A6854E
80826165
865A8B3E
855685CA
70F020EF
3703FD55
8091F904
0F84F493
E09894CA
10093783
30230791
B7D110F9
F9043703
FFF7CB13
00F036B3
00EB7B33
865ADEE9
855685CA
6D7020EF
B749D569
F9043703
00F036B3
00E7EB33
BF75F2FD
F9043703
FFFB4B13
00F037B3
00EB7B33
865AD7CD
855685CA
6A7020EF
BF89DD49
F9043703
00F037B3
00EB6B33
B771F3FD
65978656
85930000
6517DDE5
05130000
A0EFD4E5
59FD841F
7119B7A9
F4A6F8A2
FC86ECCE
E8D2F0CA
39030100
84AA1205
50EF4511
498DCFFF
00397793
03379763
00191793
0F87F713
00015797
9A078793
639C97BA
854A85A6
70E69782
74A67446
69E67906
61096A46
B5038082
0A131004
85D2F804
EA0F80EF
F8043783
E795892A
00357793
FB378EE3
05934789
8526FA84
FAF43423
FB243823
FA043C23
FC043023
FC043423
FEAF70EF
85D2BF4D
70EF8526
B765FE0F
E4221141
61080800
01416422
11418082
0800E422
6422E20C
80820141
E4221141
06130800
42180045
411C2701
0007869B
2781421C
FEE799E3
95136422
17820206
8D5D9101
80820141
E4221141
053B0800
C20840A0
0205D793
00460713
C20CC31C
01416422
57178082
37030001
27F361E7
97BA3400
CF81639C
E0221141
0800E406
678867B8
60A29702
01416402
45018082
57178082
37030001
27F35F27
97BA3400
2673639C
C795F140
E0221141
0800E406
26015794
9E156F98
02061693
D6136BBC
963A01D6
450555FD
60A29782
01416402
80828082
00015717
5B073703
340027F3
639C97BA
F1402673
1141C795
E406E022
57940800
6F982601
16939E15
6BBC0206
01D6D613
963A85AA
97824505
640260A2
80820141
47838082
E3C10315
F8227139
FC06F426
EC4EF04A
E456E852
39030080
84AA0385
04090A63
05134585
B9830405
3A830084
90EF0089
ED1DB7EF
854E64BC
37839782
8A2A0489
97828556
8AAA64BC
9782854E
892A64BC
68A4854E
05B39782
5A130155
85B3001A
59134145
864E0019
412585B3
94824501
744270E2
790274A2
6A4269E2
61216AA2
80828082
E8221101
E426EC06
1000E04A
00015717
4DC73703
340027F3
B90397BA
26730007
0E63F140
854A0209
0006049B
F4FFF0EF
02892603
01893703
05093783
40C4863B
02061693
01D6D613
963A4505
978255FD
60E24501
64A26442
61056902
05138082
BFC5C180
1C050663
E0A2715D
E486FC26
F44EF84A
EC56F052
55580880
C70184AA
8E63711C
689C1007
10079663
8B9D6C9C
10079763
8B9D709C
10079363
70636785
8A6310F7
60941405
9A63619C
5A170EF6
0A130001
378343AA
8F63000A
85631407
FC8C00B4
0404B023
00000697
DB868693
0304C783
0697E4B4
86930000
E8B4DD66
0E079763
09934901
5A9707F0
8A930001
CF0DCD6A
053B5488
60EF0125
2501858F
02A9E263
053B5488
60EF0125
1793848F
D5130205
955601D7
C789611C
000A3703
E38497BA
290554DC
FCF966E3
C9B5688C
70986C9C
86B36488
006300E7
06B308D5
816300B5
49050AD7
0693097E
66050039
D62FB0EF
708CE51D
06936C88
66050039
D52FB0EF
609CED19
00014517
73050513
0797F11C
87930000
E13CE8E7
D29F60EF
60A64501
74E26406
79A27942
6AE27A02
80826161
8FD56494
89E38B9D
5575EE07
4797B7CD
BF230001
6C9C7007
64887098
86B3688C
14E300E7
4685F8D5
068D06FE
95BA6605
B0EF853E
DD51CECF
0797BF5D
87930000
E4BCC967
00000797
C9A78793
B709E8BC
06FE4685
6605068D
B0EF95BA
D935CC4F
5A17B779
0A130001
37832F2A
93E3000A
4521EC07
820F60EF
00AA3023
0513E115
B7B5C140
3C234521
60EFFAB4
302380AF
358300AA
D565FB84
BD4154D8
80825575
BD4954D8
E4221141
57970800
A7830001
153B2BA7
179300F5
93810205
00015517
2A053503
00015717
2A472703
953E4685
02D70663
09634789
410800F7
000F2501
64220820
80820141
00051503
91411542
0820000F
25016422
80820141
00050503
0FF57513
0820000F
25016422
80820141
E4221141
57970800
A7830001
153B24E7
150200F5
00015797
2447A783
91014705
02E78C63
8D634709
000F00E7
57970140
B7830001
953E21E7
6422C10C
80820141
0140000F
00015797
2087B783
1023953E
642200B5
80820141
0140000F
00015797
1F07B783
0023953E
642200B5
80820141
E0221141
0800E406
5E1785AA
0E130001
53171DEE
03130001
58971CA3
88930001
48151CA8
4E894605
439CA801
000F2781
F7930820
EB950207
0008A703
00033783
000E2683
00E8173B
93011702
856397BA
9CE302C6
9783FDD6
17C20007
000F93C1
27810820
0207F793
4501DBE1
F25FF0EF
640260A2
80820141
00078783
0FF7F793
0820000F
B7752781
E4221141
55170800
25030001
56171565
06130001
56971526
86930001
471513E6
00A7173B
420C629C
93011702
97BA4505
04A58B63
80634709
439C04E5
000F2781
8B850820
421CC3AD
62884705
04E78563
8A634709
410800E7
000F2501
25010820
01416422
15038082
15420005
000F9141
25010820
9783B7ED
17C20007
000F93C1
27810820
8783BF7D
F7930007
000F0FF7
27810820
0503B77D
75130005
000F0FF5
25010820
557DBF6D
1101BF65
E8221782
EC06E426
1000E04A
97AA9381
181B84AA
55170068
39230001
579708F5
A9230001
579708D7
A7230001
87AE08E7
04087593
191BCA59
093B0036
161B00F9
563B0046
450502C9
03061913
E11FF0EF
03095913
08000593
F0EF450D
0C63E03F
75930009
45010FF9
DF5FF0EF
00895593
F0EF4505
458DDEBF
F0EF450D
4585DE3F
F0EF4509
4581DDBF
F0EF4511
4515DD3F
D61FF0EF
F0EF4501
4581D5BF
F0EF451D
4517DBFF
05130001
A0EF3F65
4685A80F
852606FE
660506ED
B0EF6585
60E29B0F
64A26442
61056902
45058082
D91FF0EF
08000593
F0EF450D
BF71D87F
E4221141
47030800
47830105
46830115
46030125
979B0135
171B0107
8F5D0187
979B8F51
8FD90086
0045969B
871B9EBD
27810006
04F76463
00454703
00554803
00754883
00654603
0187171B
0108181B
01076733
01176733
0086161B
17028F51
16829301
17419281
00D76A63
17826422
93810592
953E97AE
80820141
45016422
80820141
F0227179
E84AEC26
F406E44E
84AA1800
893289AE
247020EF
06054763
0084C783
0094C703
00B4C683
00A4C583
0187979B
0107171B
959B8FD9
8FD50085
17828FCD
85B39381
85330137
076300B4
415C0209
0187D61B
0187971B
0087969B
06378F51
8EF100FF
66C18F55
0087D79B
F0068693
8FD98FF5
00F92023
740270A2
694264E2
614569A2
87AA8082
15E34501
B7EDFE09
F0227179
E84AEC26
F406E44E
84AA1800
893289AE
640020EF
12054C63
00C4C783
00D4C683
00F4C603
00E4C703
0187979B
0106969B
171B8FD5
8FD10087
87BB8FD9
871B0137
25010007
0009859B
10A77163
0004C703
0014C603
0034C803
0024C683
0106161B
0187171B
969B8F51
67330086
8F550107
06B79D1D
061BD00E
27010005
86931502
9101EED6
06D70463
2FF206B7
11268693
0CD71B63
0A09DB63
0204C703
0214C583
0234C803
0224C683
0105959B
0187171B
969B8F4D
67330086
8F550107
413005BB
0005869B
62632701
E96308D7
17820AC6
94BE9381
4581862A
60EF8526
C15DD5AF
06090B63
20238D05
A0B500A9
0409CF63
0144C703
0154C803
0174C883
0164C683
0187171B
0108181B
01076733
0086969B
01176733
27018F55
FAE346C1
C703FAE6
C8030204
C8830214
C6830234
171B0224
181B0187
67330108
67330107
969B0117
8F550086
E2632701
557102E5
04634481
20230009
70A200A9
69427402
852669A2
614564E2
554D8082
9F0DB7D5
0007069B
F4C6FFE3
02071513
BF919101
02059513
B7B19101
B7D95561
E1227175
F4CEFCA6
E4DEECD6
0900E0E2
F8CAE506
E8DAF0D2
F86AFC66
84AAF46E
8AB68BB2
3C2389BA
20EFF6F4
8C2A7DE0
02054663
F8C40C93
49254A0D
85E24B11
85268666
67E020EF
09632501
2C030145
0D63F8C4
04E30D25
5C7DFF65
09136A41
0B37F8C4
0A1300FF
4D63F00A
864E060C
852685E2
D71FF0EF
CD4D8CAA
00852803
8526864A
0188159B
0188569B
0088171B
77338DD5
581B0167
8DD90088
01487833
0105E5B3
F0EF2581
C509DCFF
F8C42703
07570363
852685E2
786020EF
43638C2A
4D0D0205
4D914CA5
864A85E2
20EF8526
25015F40
F9A50BE3
F8C42C03
03951963
040C5C63
84634C81
A0230009
60AA0189
74E6640A
79A67946
6AE67A06
6BA66B46
7D426C06
85667DA2
61497CE2
0DE38082
5C7DFBB5
8656BFC1
60EF85DE
F959B60F
F7843783
A023D7E9
B7D10187
F20C48E3
B72D5C55
B77D5C4D
B76D5C55
E0A2715D
F84AFC26
0FF00493
F052F44E
E85AEC56
E062E45E
0880E486
9B9369C1
9B130304
9A930284
892A0204
04E24C01
00FF0A37
F0098993
6518A0A9
03875613
03871793
02871693
F6B38FD1
16130176
8FD50187
01667633
00871693
F6B38FD1
56130156
8FD50087
56938E65
8FD10187
0146F6B3
8FD59321
01377733
CB818FD9
85E22C05
F0EF854A
F945B9FF
60A65C61
74E26406
79A27942
6AE27A02
6BA26B42
6C028562
80826161
E0A2715D
F44EFC26
E486F052
EC56F84A
E45EE85A
49030880
4B830085
4A830095
4B0300A5
84AA00B5
89B28A2E
2B8020EF
08054363
852685D2
5EC020EF
06054D63
0144C783
0154C683
0189151B
010B9B9B
01756533
0174C603
0164C703
01656533
008A9A9B
0187979B
0106969B
01556533
15028FD5
0087171B
8FD19101
05B38FD9
94AE0145
473D2781
7C630491
876302F7
85260009
8D6F60EF
00A9A023
640660A6
79A27942
6AE27A02
6BA26B42
74E28526
80826161
44815555
FE0982E3
00A9A023
0593BFF1
852602F0
8F2F60EF
0493D565
BF750015
E8A2711D
E0CAE4A6
F05AFC4E
F852EC86
EC5EF456
1080E862
84AE892A
89B68B32
1F0020EF
08054C63
FA042423
FA840A13
0B934A85
C863FAC4
85A60404
854A8652
57C020EF
FA842783
4B6384AA
CB630405
94E30407
865EFF57
854A85A6
ED1FF0EF
85DA864E
2703D979
48E3FAC4
0C33FD37
60EF0135
F171950F
000C4783
0593864E
855A0400
60E6E395
69066446
7A4279E2
7B027AA2
6C426BE2
64A68526
80826125
FE07D3E3
B7C554FD
94CF60EF
04000793
4703F549
12E3000C
B7F1F8F7
B7E184AA
F0227179
E84AEC26
E052E44E
1800F406
853284AA
89B68932
50EF8A2E
C783FBDF
C6030144
C6830154
C7030174
979B0164
161B0187
8FD10106
0087171B
8FD98FD5
473D2781
02F77363
0005069B
874E4781
85D2864A
F0EF8526
70A2C33F
64E27402
69A26942
61456A02
45018082
FE0987E3
A02357D9
70A200F9
64E27402
69A26942
61456A02
71798082
EC26F022
F4061800
FDC40793
F0EF84AA
C13DBF3F
0144C783
0154C683
0174C603
0164C703
0187979B
0106969B
171B8FD5
8FD10087
27818FD9
6E63473D
278302F7
07B1FDC4
CB858B9D
561B4158
179B0187
169B0187
8FD10087
00FF0637
8FD58EF1
571B66C1
86930087
8F75F006
27818FD9
6863471D
053100F7
740270A2
614564E2
05418082
715DBFD5
FC26E0A2
F052F44E
E486EC56
E85AF84A
0880E45E
84AE8AAA
20EF89B2
8A2A0260
06054063
0004C703
02F00793
01348933
13634A01
099306F7
E66302F0
A0890124
0F630485
C7830299
8BE30004
0BB3FF37
865E4099
02F00593
50EF8526
8B2AFCBF
0BB3CD41
85D24095
000B869B
85568626
DC1FF0EF
45638A2A
84DA0005
5A6DBF7D
640660A6
794274E2
6AE279A2
6BA26B42
7A028552
80826161
0593864E
852602F0
F85F50EF
C93989AA
00005517
EB450513
E17F50EF
0005061B
00005597
EA458593
F0EF8556
85AAF3DF
409986BB
FA0549E3
47018626
F0EF8556
84AAEA1F
50EFD14D
061BDE9F
85A60005
F0EF8556
84CEF15F
09938A2A
B79102F0
B7B58B4A
B76D89CA
EC061101
E426E822
1000E04A
852E892A
50EF84AE
061BDB5F
85A60005
F0EF854A
60E2EE1F
64A26442
61056902
71798082
F022F406
E84AEC26
E052E44E
892A1800
8A368532
89AE84B2
D7FF50EF
069B8752
86260005
854A85CE
E1FFF0EF
740270A2
694264E2
6A0269A2
80826145
E0A2715D
F84AFC26
F052F44E
EC56E486
0880E85A
84AE89AA
8A368932
6B9010EF
456387AA
57FD0005
00095D63
640660A6
794274E2
7A0279A2
6B426AE2
6161853E
2E238082
5B4DFA04
0A934781
85BEFBC4
854E8656
02F4C763
FBC42703
02E90163
02F48363
21C020EF
52E387AA
577DFE05
00E50963
1BE35771
57D5FAE5
8B3EBF45
57F1B7C5
0463B765
2023000A
446300EA
87DA0127
57FDBF61
7179BF51
EC26F022
1800E84A
0693F406
4601FDC4
892E84AA
F51FF0EF
2503E115
4963FDC4
061B0005
4681FFF5
852685CA
F39FF0EF
740270A2
694264E2
80826145
FE054AE3
740270A2
694264E2
6145554D
71398082
F426F822
EC4EF04A
E456E852
0080FC06
8532892A
84AE8A32
C57F50EF
00050A9B
0015099B
0154DF63
50EFA80D
34FDDA3F
41250933
412484BB
0913C10D
CE630015
85CA0154
8552864E
D53F50EF
862687AA
4581854A
4505FBF9
4501A011
744270E2
790274A2
6A4269E2
61216AA2
715D8082
FC26E0A2
F052F84A
F44EE486
E85AEC56
892A0880
8A3284AE
561010EF
06054263
460185A6
20EF854A
84AA0FE0
04054A63
FBC40A93
00005997
C7098993
A8315B7D
FBC42583
F4BFF0EF
85A6E91D
854A4601
0D4020EF
446384AA
854E0205
BA3F50EF
0005069B
8756864E
854A85A6
C43FF0EF
F5798652
FBC42503
01654463
8526F579
640660A6
794274E2
7A0279A2
6B426AE2
80826161
E4221141
872A0800
01154783
01054503
01374803
01274683
0185151B
0107979B
969B8FC9
E7B30086
8FD50107
06932781
45050270
02F6FA63
00874683
00974803
00B74883
00A74503
0186969B
0108181B
0106E6B3
0085151B
0116E6B3
26818EC9
45059DBD
00B6F563
01416422
47838082
480300C7
488300D7
458300F7
979B00E7
181B0187
E7B30108
E7B30107
959B0117
8FCD0085
9E352781
FCC7E8E3
02074503
02174883
00474683
00574803
02374E03
02274583
00774303
00674603
0185151B
0186971B
0108989B
0108169B
65338F55
64220115
01C56533
0085959B
00676733
0086169B
8F558D4D
079B9D3D
B5330007
014100A7
11018082
E426E822
E04AEC06
84AA1000
3E1010EF
06054763
0154C903
0144C703
0174C683
0164C783
0109191B
0187171B
00E96933
0087979B
00D96933
00F96933
47C12901
0527F563
0244C603
0254C703
0274C683
0264C783
0186161B
0107171B
8E558E59
0087979B
26018E5D
852645C1
E9DFF0EF
47C5ED19
00F90563
110007B7
60E2C8DC
64A26442
61056902
55598082
5551BFCD
4703B7FD
4E8300C5
480300D5
48830205
47830215
4F030235
4E0300F5
430300E5
171B0225
9E9B0187
181B010E
989B0188
67330108
683301D7
68330118
673300F8
179B01E7
1E1B0083
6733008E
683301C7
07BB00F8
87330107
436340A5
88AE0806
00E605B3
06E5EE63
02079E13
020E5E13
06BE6863
06A8E663
00D7873B
0006859B
00060E9B
04C76E63
00454703
00554303
00754F03
00654803
0187171B
0103131B
00676733
01E76733
0088181B
41D585BB
01076733
27019FAD
02F76663
E0221141
0800E406
00C885B3
01C50633
85338E0D
50EF00D8
60A29EDF
45016402
80820141
80825571
80825575
E486715D
FC26E0A2
F44EF84A
EC56F052
E45EE85A
47830880
48030105
84AA0115
01354883
01254503
0108181B
0187979B
0107E7B3
0117E7B3
0085151B
17828FC9
938189AE
00F485B3
02898513
091B8A36
8ABA0286
983F50EF
280007B7
00F9A823
0084C783
0094C703
00B4C683
00A4C583
0107171B
0187979B
8FD58FD9
0085959B
17828FCD
051B9381
85B30009
865200F4
50EF954E
0BB7945F
571B00FF
579B0189
159B018A
151B0189
169B0089
161B018A
6B41008A
F00B0B13
01757533
01767633
8EDD8DD9
0089571B
008A579B
01677733
0167F7B3
8ED18DC9
8EDD8DD9
00B9A423
02D9A223
00C4C783
00D4C703
00F4C683
00E4C583
0107171B
0187979B
8FD58FD9
0085959B
17828FCD
0149053B
892A9381
85B38656
954E00F4
8BFF50EF
0189569B
0089171B
0189179B
01777BB3
591B8FD5
E7B30089
79330177
E9330169
A6230127
C6830129
C6030214
C7030204
C7830224
06A20234
07428ED1
07E28F55
A0238FD9
60A602F9
74E26406
79A27942
6AE27A02
6BA26B42
80826161
F0227179
E84AEC26
F406E44E
84AA1800
893689B2
D8FFF0EF
C703E15D
C8030244
C7830254
C58300C4
C30300D4
C8830274
C60300F4
C6830264
181B00E4
959B0108
171B0105
979B0187
67330187
8FCD0107
0117E7B3
00676733
0086161B
0086969B
093B8F51
8EDD4139
012686BB
012707BB
00FF0337
0187961B
0187DE9B
0087989B
0186971B
0186DE1B
0086981B
859365C1
6633F005
F8B301D6
D79B0068
67330087
783301C7
D69B0068
66330086
8FED0116
01076733
8FD18EED
D0DC8ED9
70A2C4D4
64E27402
69A26942
80826145
F8A27119
ECCEF4A6
E4D6E8D2
FC86E0DA
FC5EF0CA
F466F862
EC6EF06A
84AA0100
89B68A32
10EF8ABA
8B2A34B0
10054D63
00C4C903
00D4C703
00F4C683
00E4C783
0107171B
0189191B
00E96933
00D96933
0087979B
69338552
50EF00F9
C583E5CF
C7030204
C6830214
C7830234
959B0224
171B0185
19020107
59138DD9
8DD50209
0087979B
8DDD9926
86528BAA
854A2581
429010EF
0BBBC979
4D014125
0C0BC563
0084C583
0094C703
00B4C683
00A4C783
0107171B
0185959B
8DD58DD9
0087979B
15828DDD
95DA9181
0039869B
9AF195A6
00BAB023
460126B1
F0EF8526
8B2AE5BF
12632981
B7831605
0737000A
D51B0300
C398018B
00FF05B7
018B971B
008B961B
B78366C1
8693000A
8F49F006
DB9B8E6D
8F51008B
00DBFBB3
01776BB3
0177A423
0189D51B
0189979B
0089971B
000AB603
8F6D8FC9
0089D99B
F9B38FD9
E9B300D9
22230137
70E60136
74A67446
69E67906
6AA66A46
7C427BE2
7D027CA2
855A6DE2
61096B06
8B5E8082
C783BFF9
C5030204
C5830214
C60300C4
C88300D4
C6830234
C8030224
C70300F4
151B00E4
161B0105
979B0106
959B0187
8FC90185
E7B38DD1
969B0117
E5B30086
171B0105
8FD50087
9C938DD9
15820207
020CDC93
8D9B9181
95E6001B
86EE2781
95A64601
34238526
F0EFF8F4
8BAAB05F
11E34D01
C783EC05
C6830204
C6030214
CB830234
969B0224
979B0106
8FD50187
9B9B8FD1
E7B3008B
8BBB0177
D69B01B7
979B018B
971B018B
8FD5008B
00FF06B7
8FD98F75
07136741
DB9BF007
FBB3008B
EBB300EB
A0230177
866E0374
053385D2
50EF0199
4D05D36F
F8842B83
00E3BDA1
8552F00D
C6AF50EF
0204C783
0214C683
0234C603
0224C703
0106969B
0187979B
171B8FD5
8FD10087
37FD8FD9
40A7853B
0185569B
0185179B
0085171B
06B78FD5
8F7500FF
67418FD9
0085551B
F0070713
8D5D8D79
B565D088
E0A2715D
F84A0880
F052F44E
E486EC56
E85AFC26
FBC40913
864A8A32
89B68AAA
76A010EF
47852501
0AF51463
24834B05
864AFBC4
85A68556
752010EF
78E33575
C903FEAB
C703008A
C683009A
C78300BA
191B00AA
171B0189
69330107
693300E9
979B00D9
69330087
190200F9
02095913
00498B1B
7B139926
9956FFCB
86DA2B21
85CA4601
F0EF8556
E90DC0FF
010007B7
00490A93
00498613
00F92023
45819A71
50EF8556
864EC0CF
855685D2
C24F50EF
07B7995A
2E230200
8526FEF9
640660A6
794274E2
7A0279A2
6B426AE2
80826161
B7ED554D
E0A2715D
F84AFC26
F052F44E
E85AEC56
0880E486
8A2E892A
89B68AB2
F0EF8B3A
84AA8B1F
60A6CD01
79426406
7A0279A2
6B426AE2
74E28526
80826161
FB440693
85D28656
F0EF854A
3C23B26F
CD29FAA4
FB442603
0039869B
260D9AF1
05939A71
268100C5
854A2601
B59FF0EF
0009879B
D61BED21
971B0187
969B0187
8F510087
00FF0637
8F558EF1
D79B66C1
86930087
8FF5F006
37038FD9
C35CFB84
FB843783
302307B1
B74100FB
FB442503
1A6357FD
071300F5
86CEFB84
85D28656
F0EF854A
DD69BCFF
B78584AA
04E357FD
84AAFEF5
7139BF99
F426F822
EC4EF04A
FC060080
89B6893A
FC840713
F0EF86CA
84AAF17F
1A63E119
70E20009
79027442
852669E2
612174A2
35038082
864AFC84
50EF85CE
70E2AEEF
79027442
852669E2
612174A2
71798082
EC26F022
E44EE84A
F406E052
84AA1800
89328532
50EF8A2E
89AAA08F
F0EF8526
C909F8CF
740270A2
694264E2
6A0269A2
80826145
86CE2981
85D2864A
F0EF8526
536394AF
57FD0205
FCF51EE3
864A86CE
852685D2
DB5FF0EF
740270A2
694264E2
6A0269A2
80826145
BF6D5579
F8A27119
F0CAF4A6
E8D2ECCE
E4D6FC86
FC5EE0DA
F466F862
EC6EF06A
4C030100
4A830045
4B830055
4D030065
84AA0075
89B28A2E
2F8010EF
4E63892A
85261405
F61FE0EF
0144C783
0154C683
0174C603
0164C703
0187979B
0106969B
171B8FD5
8FD10087
00150B1B
1C9B8FD9
2781004B
8B664741
14F77163
0244C903
0254C783
0274C703
0264C603
0189191B
0107979B
00F96933
0086161B
00E96933
00C96933
864A2901
852685E6
F9242623
D9CFF0EF
14050063
0204C703
0214C683
0234C603
0224C783
0187171B
0106969B
979B8F55
8F510087
079B8F5D
8B3B0287
0B3B0167
2701012B
1969C263
016A07B3
02F4F463
010A9A9B
018C1C1B
018AEAB3
01AAEAB3
008B9B9B
017AEAB3
DA931A82
9AA6020A
155A6663
86CA8AD2
85D68666
F0EF8526
865AF9AF
855285D6
966F50EF
0189D69B
0189979B
0089971B
06B78FD5
8F7500FF
67418FD9
F0070713
0089D99B
00E9F9B3
0137E9B3
EDFE17B7
DD078793
00FA2023
110007B7
00FA2A23
100007B7
013A2223
00FA2C23
01D4C683
01C4C603
01E4C703
01F4C783
8ED106A2
8F550742
8FD907E2
00FA2E23
70E64901
74A67446
6A4669E6
6B066AA6
7C427BE2
7D027CA2
854A6DE2
61097906
9B638082
26230AE7
4581F804
F8C40D93
A0194925
F8C42583
8526866E
356010EF
19E32501
2903FF25
4CE3F8C4
864AFA09
852685E6
C60FF0EF
EC0514E3
85D2864E
10EF8526
892A6200
2783FD49
0837F8C4
971B00FF
969B0189
D31B0187
951B0187
D89B0087
961B0189
65C10089
F0058593
0066E6B3
01057533
0087D79B
01176733
01067633
0089D99B
8FED8EC9
F5B38F51
8FD500B9
06B78F4D
2A231100
222300DA
222302FA
BF3500EA
016A87B3
013A06B3
EAF6F9E3
B7355975
B7255959
F8227139
0080E852
F426FC06
EC4EF04A
FC042623
CC638A2E
892A0405
099384AE
85A6FCC4
854A864E
440010EF
476384AA
27830205
D6E3FCC4
4601FE07
854A85D2
18C010EF
414484BB
07B794AA
76630400
C11C0095
6EE30511
4481FE95
744270E2
69E27902
85266A42
612174A2
84AE8082
1141B7F5
0800E422
8832C525
083B7910
25814100
079B8215
26010016
989BCB8D
18820075
0208D893
63094701
169B711C
16820027
9281979A
97B697C6
0140000F
0107A023
0007079B
11E32705
7118FEF6
00C5959B
002007B7
97BA1582
95BE9181
0140000F
C19C479D
64224501
80820141
BFE55575
F0227179
F406E84A
E44EEC26
27731800
46973400
B6830001
678383A6
97360707
87136304
070A0107
7C909726
00871583
97A6078A
04A79983
00167913
0205D263
0009859B
C6634501
864A0009
F0EF8526
70A2F41F
64E27402
69A26942
80826145
8526864A
F2BFF0EF
70A2DD61
64E27402
69A26942
80826145
F0227179
EC26F406
E44EE84A
08631800
39171405
09130001
37837C29
84AA0009
12078563
788C7C9C
CBA18B91
00013797
4687A783
871BCB95
1793FFF7
D7130207
D51301E7
07130055
050904E7
04A48793
050A9726
96834601
07910007
0006C363
1AE3962A
95B2FEF7
00013517
6EC50513
D6CFD0EF
C16DE0A8
4691788C
45014701
7090C185
02069793
97B29381
0140000F
7890C388
00270793
07052691
FEF673E3
70887C9C
EBD98B89
4685748C
06ED06FE
00100637
8D3F90EF
E52589AA
00013817
3D880813
00082783
3E03C7A9
46810009
07F00313
00013897
FC088893
02069793
87139381
070A0107
15839726
96130087
078E0027
97C69626
CC634701
63630205
639800D3
E3049772
00082783
E7E32685
0797FCF6
87930000
E89CE767
30EF8526
70A29A5F
64E27402
854E6942
614569A2
16038082
54E304A6
B7F9FC06
002007B7
97AA17F1
C3984705
4521B785
BB0F40EF
00A93023
EC0518E3
C1400993
59F5B7D9
1141B7C9
0800E422
07F00793
04A7E563
91011502
00351713
00013797
F1C78793
639C97BA
3717CB8D
37030001
97BA6567
C3156398
00012797
DC878793
953E050A
411C4B14
9F956318
02079693
01E6D793
470597BA
6422C398
80820141
E4221141
37170800
37030001
27F361A7
97BA3400
CF096398
27F34B14
6318F140
96939F95
D7930207
97BA01E6
C3984701
01416422
71398082
FC06F822
F04AF426
E852EC4E
0080E456
611CC571
9713892A
E3690347
6514495C
02079613
01E65713
0AE6EA63
37FD6705
65631779
3A170AF7
0A130001
37835B2A
C3D9000A
09934481
3A9707F0
8A930001
2503E56A
9D250109
9DAF40EF
E3632501
250302A9
9D250109
9CAF40EF
02051793
01D7D513
611C9556
3703C791
97BA000A
0127B023
01492783
E4E32485
3583FCF4
35030089
46850009
068D06FE
90EF6605
84AAEF4F
70E2C919
79027442
6A4269E2
85266AA2
612174A2
35178082
05130001
30EF93E5
B7C5E90F
40EF4521
3023A3EF
C51900AA
01492783
BF55F7B5
B7E154F5
C1400493
7139B7C9
F426F822
EC4EF04A
FC060080
27F384AA
5BA83400
80EF892E
89AAA91F
FC840713
FC040693
85CA4601
10EF8526
4F6329C0
35830005
C999FC04
FC843783
B603CB81
468D1989
80EF854E
C901BD7F
744270E2
790274A2
612169E2
C6038082
C7030044
C6830054
C7830074
161B0064
171B0186
8E590107
979B8E55
8E5D0087
0206061B
852685A6
8D5FF0EF
FC0542E3
00004517
B3450513
A77F40EF
0015071B
00004697
B2468693
00004617
B2C60613
852685CA
FEAFF0EF
7179BF61
EC26F022
1800F406
46174581
06130000
84AAB366
E3FFE0EF
426385AA
06930805
4617FDC4
06130000
8526B466
C8FFE0EF
2783C135
4705FDC4
2E238789
5B63FCF4
684104F7
46010511
00FF0337
F0080813
5E7D48AD
26054118
0187179B
0187559B
0087169B
F6B38FCD
571B0066
8FD50087
01077733
27818FD9
01179463
01C52023
FDC42703
579B0521
9FB901F7
4017D79B
FCF642E3
740270A2
614564E2
45818082
00004617
AB860613
E0EF8526
85AADA9F
F60557E3
740270A2
614564E2
01138082
3423CF01
30233011
3C233081
0E002E91
2F213823
2F313423
2F413023
2D613823
2D713423
2D513C23
2D813023
2B913C23
2BA13823
2BB13423
27F3892A
5BA83400
D9040B13
8EBF80EF
20000613
84AA4581
20EF855A
45818B6F
3823854A
3C23D404
3023D404
3423D604
3823D604
3C23D604
3023D604
3423D804
00EFD804
45817EB0
854A89AA
058010EF
00494603
00594703
00794583
00694783
0107171B
0186161B
8E4D8E59
0087979B
8A2A8E5D
4006061B
854A85CA
F2CFF0EF
43638BAA
45972205
85930000
854AA025
B05FE0EF
48638BAA
B6832605
49811784
02636288
48852005
889308FE
03130388
A02103F0
06E16E88
6A9CC521
0117F7B3
4D63FBF5
B8032F33
8D630086
87DA2009
D5040613
A0294701
06052705
21370463
07A1638C
FF059AE3
00064583
FEA5F6E3
F9040793
0023973E
6E88DCA7
FD5506E1
1A098363
879367C1
3823F007
0793D0F4
3C23D204
0793CEF4
0C93D244
4A81D504
D3040D93
38234D05
A23DCEF4
86D68726
00004617
9E860613
02000593
80EF856E
85DEC1EF
854A866E
DF2FF0EF
406385AA
30231005
4701D0A4
46174681
06130000
854A9CE6
D86FF0EF
0E054363
CF843603
D0043583
034D5963
018C569B
018C179B
008C171B
06B78FD5
8F7500FF
37038FD9
5C1BD104
3603008C
7C33CF04
EC3300EC
20230187
D71BD384
979B0184
8FD90184
D1043703
0084951B
00FF0837
01057533
0084D49B
8CF98FC9
37038CDD
3783D184
C204D084
00FD17B3
12ED5463
4207D713
0087151B
01057833
D1043503
0187169B
0187589B
0116E6B3
0087571B
0106E6B3
8F558F69
00860813
D61BC258
969B0187
971B0187
8ED10087
00FF0637
8ED98F71
D1043703
0087D79B
00004617
90860613
37038FF9
8FD5D184
CF843683
00EA073B
0027171B
2023854A
F0EF00F8
2A85CA0F
0C850B21
05598963
000CC783
854A4581
000B3483
D0F43423
5C5000EF
45818A2A
00EF854A
3C236330
D793D0A4
DC130204
24814204
EB4D54E3
EA0782E3
876287A6
461786D6
06130000
059386E6
856E0200
ABCF80EF
4B81BD79
30813083
30013403
2F813483
2F013903
2E813983
2E013A03
2D813A83
2D013B03
2C013C03
2B813C83
2B013D03
2A813D83
3B83855E
01132C81
80823101
00399793
F9040713
F9040613
97B2974E
E107B023
DCA70023
BB5D2985
00460813
3617B719
06130000
458179A6
F0EF854A
8BAAC28F
F80548E3
470185AA
36174681
06130000
854A78E6
BBEFF0EF
08054463
018A579B
018A171B
169B8F5D
67C1008A
00FF0C37
0186F6B3
F0078A93
008A579B
F7B38F55
0D930157
8FD9D304
471186EE
00003617
75460613
854A85DE
D2F42823
B76FF0EF
04054063
0189D69B
0089979B
0189971B
FC338F55
D79B0187
67330089
F7B30187
8FD90157
471186EE
00003617
72860613
854A85DE
D2F42823
B3AFF0EF
CE0553E3
B5FD8BAA
00003597
79458593
00003517
71450513
87EF80EF
C1500B93
7179BDD1
EC26F022
E44EE84A
1800F406
4481892A
00003997
64098993
F0EFA019
85A6A5DF
854A864E
95FFE0EF
85AA84AA
D6E3854A
4481FE04
00003997
62C98993
F0EFA019
85A6A39F
854A864E
93BFE0EF
85AA84AA
D6E3854A
F0EFFE04
854AAD9F
B93FF0EF
00003597
70058593
E0EF854A
85AAF52F
00054F63
00003617
6F460613
E0EF854A
85AA905F
00054563
F0EF854A
2997DB6F
89930001
B48332A9
89630009
6C9C0134
85CA8526
60849782
FF349BE3
740270A2
694264E2
614569A2
11418082
E406E022
37970800
E7830001
3517B6E7
05130001
078EEB65
80EFED1C
60A2B8CF
01416402
11418082
E406E022
35170800
05130001
80EFE965
60A2AA4F
01416402
71398082
F04AF822
FC06E456
EC4EF426
0080E852
892A4785
34002AF3
00B7FF63
D53357FD
890500A7
744270E2
790274A2
6A4269E2
61216AA2
85568082
89B284AE
AE8FA0EF
5A634A01
2A7300A0
86633060
27F30009
7A336060
553300FA
8905012A
8556F4E1
AC4FA0EF
450187AA
FAF05EE3
10602573
00AA7533
01255533
B76D8905
F0227179
E84AEC26
F406E44E
B7831800
06931085
89326050
00B7D593
0277D713
F99387AA
74930035
25730017
85633400
777D4ED7
4007071B
869B9FB9
477D0007
4CD76A63
02079693
00003717
5D070713
01E6D793
439C97BA
878297BA
EDBF90EF
01E55793
97638B85
86264A07
457985CE
F13FF0EF
4A050063
B1E027F3
30234501
70A200F9
64E27402
69A26942
80826145
EA7F90EF
01D55793
9D638B85
86264607
457585CE
EDFFF0EF
46050663
B1D027F3
30234501
B7F100F9
E7FF90EF
01C55793
99638B85
86264407
457185CE
EB7FF0EF
44050263
B1C027F3
30234501
B75500F9
E57F90EF
01B55793
95638B85
86264207
456D85CE
E8FFF0EF
40050E63
B1B027F3
30234501
BFB500F9
E2FF90EF
01A55793
91638B85
86264007
456985CE
E67FF0EF
3E050A63
B1A027F3
30234501
BF9100F9
E07F90EF
01955793
9D638B85
86263C07
456585CE
E3FFF0EF
3C050663
B19027F3
30234501
B73500F9
DDFF90EF
01855793
99638B85
86263A07
456185CE
E17FF0EF
3A050263
B18027F3
30234501
B71100F9
DB7F90EF
01755793
95638B85
86263807
455D85CE
DEFFF0EF
36050E63
B17027F3
30234501
BDF100F9
D8FF90EF
01655793
91638B85
86263607
455985CE
DC7FF0EF
34050A63
B16027F3
30234501
BD5500F9
D67F90EF
01555793
9D638B85
86263207
455585CE
D9FFF0EF
32050663
B15027F3
30234501
B57100F9
D3FF90EF
01455793
99638B85
86263007
455185CE
D77FF0EF
30050263
B14027F3
30234501
B59500F9
D17F90EF
01355793
95638B85
86262E07
454D85CE
D4FFF0EF
2C050E63
B13027F3
30234501
BD3500F9
CEFF90EF
01255793
91638B85
86262C07
454985CE
D27FF0EF
2A050A63
B12027F3
30234501
BD1100F9
CC7F90EF
01155793
9D638B85
86262807
454585CE
CFFFF0EF
28050663
B11027F3
30234501
B3F500F9
C9FF90EF
01055793
99638B85
86262607
454185CE
CD7FF0EF
26050263
B10027F3
30234501
B3D100F9
C77F90EF
00F55793
95638B85
86262407
453D85CE
CAFFF0EF
22050E63
B0F027F3
30234501
BB7100F9
C4FF90EF
00E55793
91638B85
86262207
453985CE
C87FF0EF
20050A63
B0E027F3
30234501
BB9500F9
C27F90EF
00D55793
9D638B85
86261E07
453585CE
C5FFF0EF
1E050663
B0D027F3
30234501
B3B100F9
BFFF90EF
00C55793
99638B85
86261C07
453185CE
C37FF0EF
1C050263
B0C027F3
30234501
B31500F9
BD7F90EF
00B55793
95638B85
86261A07
452D85CE
C0FFF0EF
18050E63
B0B027F3
30234501
B9F500F9
BAFF90EF
40057513
18051263
85CE8626
F0EF4529
0B63BE9F
27F31605
4501B0A0
00F93023
90EFB9D9
7513B89F
1F632005
86261405
452585CE
BC3FF0EF
14050863
B09027F3
30234501
B94500F9
B63F90EF
10057513
12051C63
85CE8626
F0EF4521
0563B9DF
27F31205
4501B080
00F93023
90EFB169
7513B3DF
19630805
86261005
451D85CE
B77FF0EF
10050263
B07027F3
30234501
B19500F9
B17F90EF
04057513
0E051663
85CE8626
F0EF4519
0F63B51F
27F30C05
4501B060
00F93023
90EFB93D
7513AF1F
E1790205
85CE8626
F0EF4515
CD4DB2DF
B05027F3
30234501
B93100F9
ACFF90EF
E15D8941
85CE8626
F0EF4511
CD49B0DF
B04027F3
30234501
BEF500F9
AAFF90EF
E1598921
85CE8626
F0EF450D
CD2DAEDF
B03027F3
30234501
BEF100F9
85CE8626
F0EF4509
C12DAD5F
B02027F3
30234501
B6D100F9
85CE8626
F0EF4505
C529ABDF
40EFC0A5
30239BEF
450100A9
8626B66D
450185CE
AA3FF0EF
27F3C905
4501B000
00F93023
90EFBE49
2501A45F
00054E63
85CE8626
F0EF457D
C519A81F
B1F027F3
30234501
BE8500F9
B6B55579
9DE34785
F8FDFEF9
9A0F40EF
00A93023
BEA14501
940F40EF
0693B74D
B7836050
17631085
D71302D5
8B0D00B7
11634685
939D02D7
EF898B85
E0221141
0800E406
40EF8532
60A2982F
45016402
80820141
80825579
E0221141
0800E406
F63FC0EF
640260A2
80820141
E4221141
47830800
46830045
46030055
47030075
979B0065
969B0187
8FD50106
0087171B
8FD98FD1
00757713
4703EF71
46030005
45830015
46830035
171B0025
161B0187
8F510106
0086969B
8F558F4D
D00E06B7
86932701
2781EED6
04D70663
2FF206B7
11268693
08D71E63
02454703
02554603
02754583
02654683
0187171B
0106161B
8F4D8F51
0086969B
27018F55
0737CF35
47138000
6363FFE7
851B06F7
64220007
80820141
01454703
01554603
01754583
01654683
0187171B
0106161B
969B8F51
8F4D0086
27018F55
F7634685
470302E6
46030185
45830195
468301B5
171B01A5
161B0187
8F510106
0086969B
8F558F4D
46C52701
F8E6FDE3
B7555559
B7455561
BF71555D
BF615535
BF515565
E4221141
47030800
47830095
48030085
468300B5
979B00A5
171B0187
8F5D0107
01076733
0086979B
883B8FD9
CA6300B7
831B0A05
66630005
06BB0A68
E26300C8
47030B06
48830045
4E030055
48030075
171B0065
989B0187
67330108
67330117
181B01C7
67330088
27010107
06D76B63
01454703
01554803
01754883
01654683
0187171B
0108181B
01076733
0086969B
01176733
27018F55
278146C1
02E6FC63
00C3063B
02666F63
02454703
02554803
02754883
02654683
0187171B
0108181B
01076733
01176733
0086969B
27018F55
00C76963
17826422
97AE9381
0141953E
64228082
01414501
71398082
EC4EF822
E456E852
F426FC06
E05AF04A
57E10080
C21C89B2
8A2A4611
F0EF8AAE
C525EF7F
8B1B411C
891B000A
969B004A
D49B0187
971B0187
8CD50087
00FF06B7
8CD98F75
D79B6741
07130087
8FF9F007
849B8FC5
57D50007
00F9A023
E66347A5
36970297
86930000
9713EBA6
97360024
97B6431C
47838782
C3F10005
460585CA
F0EF8552
2905E93F
44A5F57D
744270E2
69E27902
6AA26A42
85266B02
612174A2
46118082
855285D6
E6DFF0EF
290DDD79
FFC97913
0129A023
4611BFD1
855285CA
E55FF0EF
4114D179
014A4783
015A4503
0186D89B
0186971B
0086959B
01176733
00FF08B7
0115F5B3
017A4803
016A4603
979B8F4D
151B0187
65C10105
0086D69B
85938FC9
8EEDF005
0086161B
0107E7B3
8FD18F55
093B2B31
278100EB
864A46BD
EB632701
479D00F6
00E7F863
007B7B13
000B0463
864A2911
4156063B
063BB7A5
B78D4159
E8221101
1000EC06
FEB42623
0205C363
0035F793
0613EF99
F0EFFEC4
2501EA1F
18634785
250300F5
60E2FEC4
61056442
55718082
1101BFDD
EC06E822
26231000
C363FEB4
F7930205
EF990035
FEC40613
E6BFF0EF
478D2501
00F51863
FEC42503
644260E2
80826105
BFDD5571
E8A2711D
FC4EE0CA
EC861080
F852E4A6
F05AF456
2423EC5E
89AAFA04
D9638932
44810805
FA840B93
865E85A6
F0EF854E
4B09E21F
4AA52501
00634A05
0E630365
09630555
24830345
865EFA84
85A6854E
DFFFF0EF
14E32501
06E3FF65
2783FE09
871B0009
2023FFF7
5EE300E9
2483FC07
A801FA84
00090763
00092783
20232785
60E600F9
69066446
7A4279E2
7B027AA2
85266BE2
612564A6
24838082
D763FA84
57E10004
FCF49FE3
FC091DE3
BFD154FD
FAB42623
0035F793
0613E385
F0EFFAC4
2501D91F
19634785
248300F5
2423FAC4
D9E3FA94
B775F404
B76554F1
F0227179
E84AEC26
E052E44E
1800F406
853284AA
8A32892E
9E7F30EF
0015099B
41390933
76639926
A01D0099
61630485
85260299
85D2864E
AF3F30EF
70A2F965
69427402
6A0269A2
64E28526
80826145
740270A2
694264E2
6A0269A2
61454501
45638082
71790606
EC26F022
E44EE84A
1800F406
84AA8932
F0EF89AE
4E63AFFF
C7830205
C7030044
C6830054
C6030074
979B0064
171B0187
8FD90107
161B8FD5
8FD10086
61632781
961302F9
92010207
854E85A6
A27F30EF
70A24501
64E27402
69A26942
80826145
BFC55575
80825575
E8221101
1000EC06
FEC40693
00003617
A9060613
B83FD0EF
2603C139
4791FEC4
04F61A63
559B4118
179B0187
169B0187
8FCD0087
00FF05B7
8FD58EED
571B66C1
86930087
8F75F006
27818FD9
02F66463
0007851B
60E2C385
61056442
25038082
C909FEC4
18E357FD
60E2FEF5
45096442
80826105
B7C55549
E8221101
1000EC06
FEC40693
00003617
A0860613
B0BFD0EF
2683C129
4791FEC4
04F69763
D61B411C
951B0187
971B0187
8D510087
00FF0637
8D598F71
D79B6741
07130087
8FF9F007
25018D5D
02A6E163
60E22501
61056442
25038082
57FDFEC4
FEF519E3
644260E2
61054505
55498082
7135B7CD
ED06E922
E5261100
FCCEE14A
F4D6F8D2
ECDEF0DA
E4E6E8E2
FC6EE0EA
F6E43C23
26050263
CF6384AE
8C322405
24064C63
8A36892A
B4FFD0EF
4E6389AA
85AA2005
F0EF854A
8B2AED3F
24A05763
854A85CE
F3DFF0EF
F6A43823
4E638AAA
06932205
3617F884
06130000
85A69B66
D0EF854A
0263A3DF
07BB2205
8C3B015B
27830387
8389F884
20FC7063
06B30C0A
34230185
0163F6D4
1893160A
6541002B
448198B6
00FF0337
F0050513
14824298
179B0691
559B0187
161B0187
8FCD0087
00667633
0087571B
8F698FD1
17828FD9
8CDD9381
FD169CE3
0C936DC1
3C17F8C4
0C130000
0BB78BEC
8D9300FF
85CEF00D
F0EF854A
8D2AE27F
10A05063
854A85CE
E91FF0EF
49638AAA
86E60E05
85CE8662
D0EF854A
026399DF
27831605
5E63F8C4
0D0A14F0
01A505B3
41144601
05111602
0186979B
0186DE1B
0086931B
01C7E7B3
01737333
0086D69B
0067E7B3
01B6F6B3
17828FD5
8E5D9381
FCB519E3
43019D2E
13024194
979B0591
DE1B0186
951B0186
E7B30086
753301C7
D69B0175
8FC90086
01B6F6B3
17828FD5
E3339381
99E30067
8763FDA5
98930E0A
98EA002A
26834781
9593000D
0D110207
0186979B
0186D51B
00869E1B
7E338FC9
D69B017E
E7B30086
F6B301C7
8FD501B6
93811782
18E38FCD
ED63FD1D
97A60AC4
0AF67A63
40C487B3
3023979A
85CE00FA
D0EF854A
89AA99DF
000A3483
EE055DE3
F7843783
CFB14981
F7043783
3703C3C1
0B0AF684
00279A93
016709B3
9ACE6541
08374781
051300FF
A703F005
96930009
09910207
0187179B
0187559B
0087161B
76338FCD
571B0106
8FD10087
8FD98F69
93811782
9AE38FD5
3703FD59
4981F784
60EAE31C
64AA644A
7A46690A
7B067AA6
6C466BE6
6D066CA6
854E7DE2
610D79E6
30238082
B7A5009A
BF814781
B7F14781
BFC159F5
00003517
87850513
8A2F70EF
0993B785
BF75C180
00000000
00000000
00000000
00000000
00000000
00000000
00000000
00000000
00000000
00000000
00000000
00000000
00000000
00000000
00000000
00000000
00000000
00000000
00000000
00000000
00000000
00000000
00000000
00000000
00000000
00000000
00000000
00000000
00000000
00000000
00000000
00000000
00000000
00000000
00000000
00000000
00000000
00000000
00000000
00000000
00000000
00000000
00000000
00000000
00000000
00000000
00000000
00000000
00000000
00000000
00000000
00000000
00000000
00000000
00000000
00000000
00000000
00000000
00000000
00000000
00000000
00000000
00000000
00000000
00000000
00000000
00000000
00000000
00000000
00000000
00000000
00000000
00000000
00000000
00000000
00000000
00000000
00000000
00000000
00000000
00000000
00000000
00000000
00000000
00000000
00000000
00000000
00000000
00000000
00000000
00000000
00000000
00000000
00000000
00000000
00000000
00000000
00000000
00000000
00000000
00000000
00000000
00000000
00000000
00000000
00000000
00000000
00000000
00000000
00000000
00000000
00000000
00000000
00000000
00000000
00000000
00000000
00000000
00000000
00000000
00000000
00000000
00000000
00000000
00000000
00000000
00000000
00000000
00000000
00000000
00000000
00000000
00000000
00000000
00000000
00000000
00000000
00000000
00000000
00000000
00000000
00000000
00000000
00000000
00000000
00000000
00000000
00000000
00000000
00000000
00000000
00000000
00000000
00000000
00000000
00000000
00000000
00000000
00000000
00000000
00000000
00000000
00000000
00000000
00000000
00000000
00000000
00000000
00000000
00000000
00000000
00000000
00000000
00000000
00000000
00000000
00000000
00000000
00000000
00000000
00000000
00000000
00000000
00000000
00000000
00000000
00000000
00000000
00000000
00000000
00000000
00000000
00000000
00000000
00000000
00000000
00000000
00000000
00000000
00000000
00000000
00000000
00000000
00000000
00000000
00000000
00000000
00000000
00000000
00000000
00000000
00000000
00000000
00000000
00000000
00000000
00000000
00000000
00000000
00000000
00000000
00000000
00000000
00000000
00000000
00000000
00000000
00000000
00000000
00000000
00000000
00000000
00000000
00000000
00000000
00000000
00000000
00000000
00000000
00000000
00000000
00000000
00000000
00000000
00000000
00000000
00000000
00000000
00000000
00000000
00000000
00000000
00000000
00000000
00000000
00000000
00000000
00000000
00000000
00000000
00000000
00000000
00000000
00000000
00000000
00000000
00000000
00000000
00000000
00000000
00000000
00000000
00000000
00000000
00000000
00000000
00000000
00000000
00000000
00000000
00000000
00000000
00000000
00000000
00000000
00000000
00000000
00000000
00000000
00000000
00000000
00000000
00000000
00000000
00000000
00000000
00000000
00000000
00000000
00000000
00000000
00000000
00000000
00000000
00000000
00000000
00000000
00000000
00000000
00000000
00000000
00000000
00000000
00000000
00000000
00000000
00000000
00000000
00000000
00000000
00000000
00000000
00000000
00000000
00000000
00000000
00000000
00000000
00000000
00000000
00000000
00000000
00000000
00000000
00000000
00000000
00000000
00000000
00000000
00000000
00000000
00000000
00000000
00000000
00000000
00000000
00000000
00000000
00000000
00000000
00000000
00000000
00000000
00000000
00000000
00000000
00000000
00000000
00000000
00000000
00000000
00000000
00000000
00000000
00000000
00000000
00000000
00000000
00000000
00000000
00000000
00000000
00000000
00000000
00000000
00000000
00000000
00000000
00000000
002D2D2D
00000000
203A7325
20756D70
74696E69
69616620
2064656C
72726528
2520726F
000A2964
65704F0A
4942536E
64257620
0A64252E
00000000
00000000
5F202020
205F5F5F
20202020
20202020
20202020
20202020
5F202020
5F5F5F5F
5F5F5F20
5F5F205F
0A5F5F5F
202F2020
5C205F5F
20202020
20202020
20202020
20202020
202F2020
5F5F5F5F
5F20207C
205F5C20
7C5F2020
207C200A
7C20207C
205F7C20
20205F5F
5F5F5F20
5F205F20
207C205F
5F5F5F28
7C207C20
7C20295F
0A7C207C
7C207C20
207C2020
5F27207C
2F205C20
5C205F20
205F2720
5F5C205C
5C205F5F
5F20207C
7C203C20
200A7C20
5F7C207C
7C207C5F
295F7C20
20207C20
202F5F5F
207C207C
5F5F5F7C
7C20295F
295F7C20
207C7C20
200A5F7C
5F5F5C20
7C2F5F5F
5F5F2E20
5F5C202F
5F7C5F5F
5F7C207C
5F5F5F7C
7C2F5F5F
5F5F5F5F
5F5F5F2F
0A7C5F5F
20202020
20202020
0A7C207C
20202020
20202020
0A7C5F7C
0000000A
00000000
203A7325
63717269
20706968
74696E69
69616620
2064656C
72726528
2520726F
000A2964
00000000
203A7325
20697069
74696E69
69616620
2064656C
72726528
2520726F
000A2964
203A7325
20626C74
74696E69
69616620
2064656C
72726528
2520726F
000A2964
203A7325
656D6974
6E692072
66207469
656C6961
65282064
726F7272
29642520
0000000A
00000000
203A7325
74667766
696E6920
61662074
64656C69
72652820
20726F72
0A296425
00000000
00000000
203A7325
7978706D
696E6920
61662074
64656C69
72652820
20726F72
0A296425
00000000
00000000
203A7325
616D6F64
66206E69
6C616E69
20657A69
6C696166
28206465
6F727265
64252072
00000A29
203A7325
74616C70
6D726F66
6E696620
69206C61
2074696E
6C696166
28206465
6F727265
64252072
00000A29
00000000
203A7325
20657373
74696E69
69616620
2064656C
72726528
2520726F
000A2964
203A7325
6C616365
6E69206C
66207469
656C6961
65282064
726F7272
29642520
0000000A
00000000
74616C50
6D726F66
6D614E20
20202065
20202020
20202020
20202020
7325203A
0000000A
00000000
74616C50
6D726F66
61654620
65727574
20202073
20202020
20202020
7325203A
0000000A
00000000
74616C50
6D726F66
52414820
6F432054
20746E75
20202020
20202020
7525203A
0000000A
00000000
74616C50
6D726F66
49504920
76654420
20656369
20202020
20202020
7325203A
0000000A
00000000
74616C50
6D726F66
6D695420
44207265
63697665
20202065
20202020
7325203A
25204020
7A48756C
0000000A
00000000
74616C50
6D726F66
6E6F4320
656C6F73
76654420
20656369
20202020
7325203A
0000000A
00000000
74616C50
6D726F66
4D534820
76654420
20656369
20202020
20202020
7325203A
0000000A
00000000
74616C50
6D726F66
554D5020
76654420
20656369
20202020
20202020
7325203A
0000000A
00000000
74616C50
6D726F66
62655220
20746F6F
69766544
20206563
20202020
7325203A
0000000A
00000000
74616C50
6D726F66
75685320
776F6474
6544206E
65636976
20202020
7325203A
0000000A
00000000
74616C50
6D726F66
73755320
646E6570
76654420
20656369
20202020
7325203A
0000000A
00000000
74616C50
6D726F66
50504320
65442043
65636976
20202020
20202020
7325203A
0000000A
00000000
6D726946
65726177
73614220
20202065
20202020
20202020
20202020
7830203A
0A786C25
00000000
6D726946
65726177
7A695320
20202065
20202020
20202020
20202020
6425203A
0A424B20
00000000
6D726946
65726177
20575220
7366664F
20207465
20202020
20202020
7830203A
0A786C25
00000000
6D726946
65726177
20575220
657A6953
20202020
20202020
20202020
6425203A
0A424B20
00000000
6D726946
65726177
61654820
664F2070
74657366
20202020
20202020
7830203A
0A786C25
00000000
6D726946
65726177
61654820
69532070
2020657A
20202020
20202020
6425203A
20424B20
746F7428
2C296C61
20642520
2820424B
65736572
64657672
25202C29
424B2064
73752820
2C296465
20642520
2820424B
65657266
00000A29
00000000
6D726946
65726177
72635320
68637461
7A695320
20202065
20202020
6425203A
28204220
61746F74
202C296C
42206425
73752820
2C296465
20642520
66282042
29656572
0000000A
746E7552
20656D69
20494253
73726556
206E6F69
20202020
20202020
6425203A
0A64252E
00000000
6E617453
64726164
49425320
74784520
69736E65
20736E6F
20202020
7325203A
0000000A
00000000
65707845
656D6972
6C61746E
49425320
74784520
69736E65
20736E6F
7325203A
0000000A
00000000
20202020
20202020
00000000
00000000
6F727245
64252072
74656720
676E6974
53494D20
4C582041
000A4E45
00000000
746F6F42
52414820
44492054
20202020
20202020
20202020
20202020
7525203A
0000000A
00000000
746F6F42
52414820
6F442054
6E69616D
20202020
20202020
20202020
7325203A
0000000A
00000000
746F6F42
52414820
72502054
56207669
69737265
20206E6F
20202020
7325203A
0000000A
00000000
746F6F42
52414820
61422054
49206573
20204153
20202020
20202020
7325203A
0000000A
00000000
746F6F42
52414820
53492054
78452041
736E6574
736E6F69
20202020
7325203A
0000000A
00000000
746F6F42
52414820
4D502054
6F432050
20746E75
20202020
20202020
6425203A
0000000A
00000000
746F6F42
52414820
4D502054
72472050
6C756E61
74697261
20202079
7525203A
74696220
00000A73
746F6F42
52414820
4D502054
64412050
73657264
69422073
20207374
6425203A
0000000A
00000000
746F6F42
52414820
484D2054
49204D50
206F666E
20202020
20202020
6C25203A
30282075
38302578
000A2978
00000000
746F6F42
52414820
65442054
20677562
67697254
73726567
20202020
6425203A
69727420
72656767
00000A73
00000000
20202020
20202020
00202020
00000000
746F6F42
52414820
00002054
00000000
203A7325
616D6F64
73206E69
74726174
66207075
656C6961
65282064
726F7272
29642520
0000000A
203A7325
20504D50
666E6F63
72756769
61662065
64656C69
72652820
20726F72
0A296425
00000000
6E6B6E55
006E776F
55555555
55555555
33333333
33333333
0F0F0F0F
0F0F0F0F
74696E69
6C6F635F
6F6F6264
00000074
6564656D
0067656C
002C7325
00000000
656E6F6E
00000000
203A7325
74616C70
6D726F66
756D7020
696E6920
61662074
64656C69
72652820
20726F72
0A296425
00000000
00000000
5F696273
5F756D70
74696E69
00000000
FF7FE7FD
FFFFFF7F
00000000
00000001
00008000
00010000
00100000
00108000
FFFF0000
FFFF8000
FFFF2B7E
FFFF2B9C
FFFF2BCA
FFFF2BFC
FFFF2C36
FFFF2AE0
FFFF2B32
00000000
74726168
203A6425
74726168
74206425
6620626C
206F6669
6C6C7566
0000000A
00000008
0000000A
0000000C
00000010
0000000E
00000014
00000012
00000000
61686E75
656C646E
6F6C2064
206C6163
65746E69
70757272
00000074
00000000
656C6C69
206C6167
74736E69
74637572
206E6F69
646E6168
2072656C
6C696166
00006465
00000000
6173696D
6E67696C
6C206465
2064616F
646E6168
2072656C
6C696166
00006465
6173696D
6E67696C
73206465
65726F74
6E616820
72656C64
69616620
0064656C
6C616365
6168206C
656C646E
61662072
64656C69
00000000
64616F6C
75616620
6820746C
6C646E61
66207265
656C6961
00000064
00000000
726F7473
61662065
20746C75
646E6168
2072656C
6C696166
00006465
00000000
62756F64
7420656C
20706172
646E6168
2072656C
6C696166
00006465
00000000
70617274
64657220
63657269
61662074
64656C69
00000000
203A7325
74726168
203A6425
70617274
203A6425
28207325
6F727265
64252072
00000A29
00000000
6176746D
0000006C
7561636D
00006573
203A7325
74726168
203A6425
70617274
203A6425
303D7325
31302578
20786C36
303D7325
31302578
0A786C36
00000000
6E69746D
00007473
6176746D
0000326C
6174736D
00737574
6370656D
00000000
00007073
00000000
00006172
00000000
00007074
00000000
00007067
00000000
00003173
00000000
00003073
00000000
00003161
00000000
00003061
00000000
00003361
00000000
00003261
00000000
00003561
00000000
00003461
00000000
00003761
00000000
00003661
00000000
00003373
00000000
00003273
00000000
00003573
00000000
00003473
00000000
00003773
00000000
00003673
00000000
00003973
00000000
00003873
00000000
00313173
00000000
00303173
00000000
00003174
00000000
00003074
00000000
00003374
00000000
00003274
00000000
00003574
00000000
00003474
00000000
00003674
00000000
203A7325
74726168
203A6425
70617274
203A6425
303D7325
31302578
0A786C36
00000000
FFFF3060
FFFF3060
FFFF3108
FFFF3060
FFFF311A
FFFF3132
FFFF30DE
FFFF30C6
FFFF3060
FFFF30B4
FFFF3060
FFFF30B4
FFFF3060
FFFF3060
FFFF3060
FFFF3060
FFFF30F6
5F696273
70617274
7272655F
0000726F
636F732F
746E692F
75727265
632D7470
72746E6F
656C6C6F
30344072
30303030
00000030
00000000
74616C50
6D726F66
78696620
203A7075
43494C50
646F6E20
6F6E2065
6F662074
20646E75
72726528
2964253D
0000000A
63736972
646E2C76
00007665
00000000
74616C50
6D726F66
78696620
203A7075
6C696166
74206465
6573206F
69722074
2C766373
7665646E
72652820
64253D72
00000A29
00000000
203A7325
6E6B6E55
206E776F
6173696D
4C584D2E
636E6520
6E69646F
64252067
00000000
00000000
616D6569
63716466
746A626C
686E7670
77726F6B
677A7978
00000000
00000000
203A7325
6E6B6E55
206E776F
20525343
00782325
FFFF4126
FFFF4132
FFFF412C
FFFF414A
FFFF4144
FFFF413E
FFFF4138
FFFF40B4
FFFF4174
FFFF416E
FFFF4168
FFFF4162
FFFF415C
FFFF4156
FFFF4150
FFFF429A
FFFF4294
FFFF428E
FFFF4288
FFFF4282
FFFF427C
FFFF4276
FFFF4270
FFFF426A
FFFF4264
FFFF425E
FFFF4258
FFFF4252
FFFF424C
FFFF4246
FFFF4240
FFFF423A
FFFF3F82
FFFF3F82
FFFF3F82
FFFF3F82
FFFF3F82
FFFF3F82
FFFF3F82
FFFF3F82
FFFF3F82
FFFF3F82
FFFF3F82
FFFF3F82
FFFF3F82
FFFF3F82
FFFF3F82
FFFF3F82
FFFF3F82
FFFF3F82
FFFF3F82
FFFF3F82
FFFF3F82
FFFF3F82
FFFF3F82
FFFF3F82
FFFF3F82
FFFF3F82
FFFF3F82
FFFF3F82
FFFF3F82
FFFF3F82
FFFF3F82
FFFF3F82
FFFF3F82
FFFF3F82
FFFF3F82
FFFF3F82
FFFF3F82
FFFF3F82
FFFF3F82
FFFF3F82
FFFF3F82
FFFF3F82
FFFF3F82
FFFF3F82
FFFF3F82
FFFF3F82
FFFF3F82
FFFF3F82
FFFF3F82
FFFF3F82
FFFF3F82
FFFF3F82
FFFF3F82
FFFF3F82
FFFF3F82
FFFF3F82
FFFF3F82
FFFF3F82
FFFF3F82
FFFF3F82
FFFF3F82
FFFF3F82
FFFF3F82
FFFF3F82
FFFF3F82
FFFF3F82
FFFF3F82
FFFF3F82
FFFF3F82
FFFF3F82
FFFF3F82
FFFF3F82
FFFF3F82
FFFF3F82
FFFF3F82
FFFF3F82
FFFF3F82
FFFF3F82
FFFF3F82
FFFF3F82
FFFF3F82
FFFF3F82
FFFF3F82
FFFF3F82
FFFF3F82
FFFF3F82
FFFF3F82
FFFF3F82
FFFF3F82
FFFF3F82
FFFF3F82
FFFF3F82
FFFF3F82
FFFF3F82
FFFF3F82
FFFF3F82
FFFF4234
FFFF422E
FFFF4228
FFFF4222
FFFF421C
FFFF4216
FFFF4210
FFFF420A
FFFF4204
FFFF41FE
FFFF41F8
FFFF41F2
FFFF41EC
FFFF41E6
FFFF41E0
FFFF41DA
FFFF41D4
FFFF41CE
FFFF41C8
FFFF41C2
FFFF41BC
FFFF41B6
FFFF41B0
FFFF41AA
FFFF41A4
FFFF419E
FFFF4198
FFFF4192
FFFF418C
FFFF4186
FFFF4180
FFFF417A
FFFF4084
FFFF407E
FFFF4078
FFFF4072
FFFF406C
FFFF4066
FFFF4060
FFFF405A
FFFF409C
FFFF4096
FFFF4090
FFFF408A
FFFF40A8
FFFF40A2
FFFF40AE
FFFF411A
FFFF4114
FFFF410E
FFFF4108
FFFF4102
FFFF40FC
FFFF40F6
FFFF40F0
FFFF40EA
FFFF40E4
FFFF40DE
FFFF40D8
FFFF40D2
FFFF40CC
FFFF40C6
FFFF40C0
FFFF40BA
FFFF42F4
FFFF42EE
FFFF42E8
FFFF42E2
FFFF42DC
FFFF42D6
FFFF42D0
FFFF42CA
FFFF42C4
FFFF42BE
FFFF42B8
FFFF42B2
FFFF42AC
FFFF42A6
FFFF42A0
FFFF4120
FFFF3D14
FFFF3C42
FFFF3D0E
FFFF3D08
FFFF3D02
FFFF3CFC
FFFF3CF6
FFFF3CF0
FFFF3CEA
FFFF3CE4
FFFF3CDE
FFFF3CD8
FFFF3CD2
FFFF3CCC
FFFF3CC6
FFFF3CC0
FFFF3CBA
FFFF3CB4
FFFF3CAE
FFFF3CA8
FFFF3CA2
FFFF3C9C
FFFF3C96
FFFF3C90
FFFF3C8A
FFFF3C84
FFFF3C7E
FFFF3C78
FFFF3C72
FFFF3C6C
FFFF3C66
FFFF3C60
FFFF4140
FFFF414C
FFFF4146
FFFF4164
FFFF415E
FFFF4158
FFFF4152
FFFF40CE
FFFF418E
FFFF4188
FFFF4182
FFFF417C
FFFF4176
FFFF4170
FFFF416A
FFFF42B4
FFFF42AE
FFFF42A8
FFFF42A2
FFFF429C
FFFF4296
FFFF4290
FFFF428A
FFFF4284
FFFF427E
FFFF4278
FFFF4272
FFFF426C
FFFF4266
FFFF4260
FFFF425A
FFFF4254
FFFF3F9C
FFFF3F9C
FFFF3F9C
FFFF3F9C
FFFF3F9C
FFFF3F9C
FFFF3F9C
FFFF3F9C
FFFF3F9C
FFFF3F9C
FFFF3F9C
FFFF3F9C
FFFF3F9C
FFFF3F9C
FFFF3F9C
FFFF3F9C
FFFF3F9C
FFFF3F9C
FFFF3F9C
FFFF3F9C
FFFF3F9C
FFFF3F9C
FFFF3F9C
FFFF3F9C
FFFF3F9C
FFFF3F9C
FFFF3F9C
FFFF3F9C
FFFF3F9C
FFFF3F9C
FFFF3F9C
FFFF3F9C
FFFF3F9C
FFFF3F9C
FFFF3F9C
FFFF3F9C
FFFF3F9C
FFFF3F9C
FFFF3F9C
FFFF3F9C
FFFF3F9C
FFFF3F9C
FFFF3F9C
FFFF3F9C
FFFF3F9C
FFFF3F9C
FFFF3F9C
FFFF3F9C
FFFF3F9C
FFFF3F9C
FFFF3F9C
FFFF3F9C
FFFF3F9C
FFFF3F9C
FFFF3F9C
FFFF3F9C
FFFF3F9C
FFFF3F9C
FFFF3F9C
FFFF3F9C
FFFF3F9C
FFFF3F9C
FFFF3F9C
FFFF3F9C
FFFF3F9C
FFFF3F9C
FFFF3F9C
FFFF3F9C
FFFF3F9C
FFFF3F9C
FFFF3F9C
FFFF3F9C
FFFF3F9C
FFFF3F9C
FFFF3F9C
FFFF3F9C
FFFF3F9C
FFFF3F9C
FFFF3F9C
FFFF3F9C
FFFF3F9C
FFFF3F9C
FFFF3F9C
FFFF3F9C
FFFF3F9C
FFFF3F9C
FFFF3F9C
FFFF3F9C
FFFF3F9C
FFFF3F9C
FFFF3F9C
FFFF3F9C
FFFF3F9C
FFFF3F9C
FFFF3F9C
FFFF3F9C
FFFF424E
FFFF4248
FFFF4242
FFFF423C
FFFF4236
FFFF4230
FFFF422A
FFFF4224
FFFF421E
FFFF4218
FFFF4212
FFFF420C
FFFF4206
FFFF4200
FFFF41FA
FFFF41F4
FFFF41EE
FFFF41E8
FFFF41E2
FFFF41DC
FFFF41D6
FFFF41D0
FFFF41CA
FFFF41C4
FFFF41BE
FFFF41B8
FFFF41B2
FFFF41AC
FFFF41A6
FFFF41A0
FFFF419A
FFFF4194
FFFF409E
FFFF4098
FFFF4092
FFFF408C
FFFF4086
FFFF4080
FFFF407A
FFFF4074
FFFF40B6
FFFF40B0
FFFF40AA
FFFF40A4
FFFF40C2
FFFF40BC
FFFF40C8
FFFF4134
FFFF412E
FFFF4128
FFFF4122
FFFF411C
FFFF4116
FFFF4110
FFFF410A
FFFF4104
FFFF40FE
FFFF40F8
FFFF40F2
FFFF40EC
FFFF40E6
FFFF40E0
FFFF40DA
FFFF40D4
FFFF430E
FFFF4308
FFFF4302
FFFF42FC
FFFF42F6
FFFF42F0
FFFF42EA
FFFF42E4
FFFF42DE
FFFF42D8
FFFF42D2
FFFF42CC
FFFF42C6
FFFF42C0
FFFF42BA
FFFF413A
FFFF3D2E
FFFF3C5C
FFFF3D28
FFFF3D22
FFFF3D1C
FFFF3D16
FFFF3D10
FFFF3D0A
FFFF3D04
FFFF3CFE
FFFF3CF8
FFFF3CF2
FFFF3CEC
FFFF3CE6
FFFF3CE0
FFFF3CDA
FFFF3CD4
FFFF3CCE
FFFF3CC8
FFFF3CC2
FFFF3CBC
FFFF3CB6
FFFF3CB0
FFFF3CAA
FFFF3CA4
FFFF3C9E
FFFF3C98
FFFF3C92
FFFF3C8C
FFFF3C86
FFFF3C80
FFFF3C7A
00000000
5F727363
74697277
756E5F65
0000006D
5F727363
64616572
6D756E5F
00000000
6173696D
7274735F
00676E69
00000000
203A7325
61766E49
2064696C
6F727265
64252072
726F6620
74786520
2578303D
6620786C
3D636E75
6C257830
00000A78
5F696273
6C616365
61685F6C
656C646E
00000072
FFFF457A
FFFF458E
FFFF45A4
FFFF45B8
FFFF45D0
FFFF4552
FFFF4566
FFFF47B8
FFFF47D4
FFFF47E0
FFFF47E6
FFFF47EE
FFFF4808
FFFF4836
FFFF4728
FFFF48D2
00000000
6C756E28
0000296C
FFFF5158
FFFF50B2
FFFF50B2
FFFF5160
FFFF50B2
FFFF50B2
FFFF50B2
FFFF5158
FFFF50B2
FFFF50B2
FFFF50B2
FFFF5154
FFFF50B2
FFFF516C
FFFF50B2
FFFF50B2
FFFF5178
00000000
5F696273
72706E73
66746E69
6C616320
2064656C
68746977
4C554E20
756F204C
74757074
72747320
20676E69
20646E61
7074756F
73207475
20657A69
6E207369
7A20746F
0A6F7265
00000000
00000000
20821001
00000001
203A7325
70207325
6973736F
20656C62
54524148
73616D20
7369206B
4C554E20
00000A4C
00000000
203A7325
70207325
6973736F
20656C62
54524148
73616D20
6168206B
6E692073
696C6176
61682064
25207472
00000A64
203A7325
72207325
6F696765
6920736E
554E2073
000A4C4C
203A7325
68207325
69207361
6C61766E
72206469
6F696765
6162206E
303D6573
786C2578
64726F20
253D7265
6620756C
7367616C
2578303D
000A786C
00000000
203A7325
64207325
2073656F
20746F6E
65766168
72696620
7261776D
65722065
6E6F6967
0000000A
203A7325
69207325
6C61766E
6E206469
20747865
746F6F62
20676E69
67617473
6F6D2065
30206564
786C2578
0000000A
203A7325
6E207325
20747865
746F6F62
20676E69
67617473
64612065
73657264
78302073
20786C25
276E6163
78652074
74756365
00000A65
0000002C
00000000
0000002A
00000000
00000029
00000000
00002928
00000000
00736579
00000000
00006F6E
00000000
616D6F44
64256E69
6D614E20
20202065
20202020
3A732520
0A732520
00000000
616D6F44
64256E69
6F6F4220
41482074
20205452
3A732520
0A642520
00000000
616D6F44
64256E69
52414820
20207354
20202020
3A732520
00000020
00000000
64257325
00007325
616D6F44
64256E69
78654E20
64412074
73657264
3A732573
25783020
6C363130
00000A78
00000000
616D6F44
64256E69
78654E20
72412074
20203167
3A732520
25783020
6C363130
00000A78
00000000
616D6F44
64256E69
78654E20
6F4D2074
20206564
3A732520
00000020
00000000
616D6F44
64256E69
67655220
256E6F69
20643230
25202020
30203A73
31302578
2D786C36
30257830
786C3631
00000020
00203A4D
00000000
00496325
00000000
00526325
00000000
00576325
00000000
00586325
00000000
00207325
00000000
3A552F53
00000020
000A7325
00000000
6F6D2D4D
000A6564
6F6D2D53
000A6564
6F6D2D55
000A6564
6E6B6E55
0A6E776F
00000000
00000000
616D6F44
64256E69
73795320
65736552
20202074
3A732520
0A732520
00000000
616D6F44
64256E69
73795320
70737553
20646E65
3A732520
0A732520
00000000
203A7325
696E6173
63207974
6B636568
61662073
64656C69
726F6620
20732520
72726528
2520726F
000A2964
00000000
616D6F44
64256E69
6F6F4220
41482074
44495452
726F6620
20646563
25206F74
00000A64
00000000
203A7325
616D6F64
64206E69
20617461
75746573
61662070
64656C69
726F6620
20732520
72726528
2520726F
000A2964
203A7325
6C696166
74206465
7473206F
20747261
746F6F62
52414820
64252054
726F6620
20732520
72726528
2520726F
000A2964
00000000
203A7325
74616C70
6D726F66
6D6F6420
736E6961
696E695F
20292874
6C696166
28206465
6F727265
64252072
00000A29
203A7325
725F7766
666F5F77
74657366
20736920
20746F6E
6F702061
20726577
3220666F
78302820
29786C25
0000000A
203A7325
735F7766
74726174
646E6120
5F776620
6F5F7772
65736666
6F6E2074
6C612074
656E6769
00000A64
00000000
203A7325
6D206F6E
726F6D65
6F662079
6F722072
7220746F
6F696765
000A736E
203A7325
6D206F6E
726F6D65
6F662079
6F722072
6820746F
6D747261
0A6B7361
00000000
00000000
5F696273
616D6F64
695F6E69
0074696E
5F696273
616D6F64
665F6E69
6C616E69
00657A69
00000000
5F696273
616D6F64
735F6E69
74726174
00007075
00000000
746F6F72
6464615F
6D656D5F
69676572
00006E6F
00000000
696E6173
657A6974
6D6F645F
006E6961
5F696273
616D6F64
725F6E69
73696765
00726574
00000000
203A7325
6F6D2D4D
6F206564
20796C6E
69676572
20736E6F
6E6E6163
6820746F
52657661
70205857
696D7265
6F697373
000A736E
00000000
206E6143
20746F6E
666E6F63
72756769
6D702065
6F662070
6F642072
6E69616D
20732520
61636562
20657375
6F6D656D
72207972
6F696765
6461206E
73657264
78302073
20786C25
7320726F
20657A69
6C257830
73692078
746F6E20
206E6920
676E6172
000A2E65
494D7325
454C4544
3A732547
25783020
6C363130
00000A78
454D7325
454C4544
3A732547
25783020
6C363130
00000A78
6E6B6E75
006E776F
312E3176
00000032
312E3176
00000031
312E3176
00000030
00007325
00000000
653A7325
6E657478
6E6F6973
6D616E20
73692065
6E6F6C20
20726567
6E616874
66756220
20726566
72726528
0A29726F
00000000
00000000
69616D73
00000061
70656D73
0000706D
74736D73
65657461
0000006E
00000000
6F637373
666D7066
00000000
00000000
63747373
00000000
6E63697A
00007274
7068697A
0000006D
00726B7A
00000000
6E636D73
6D707274
00000066
00000000
646E6178
6D707365
00000075
00000000
6263697A
00007A6F
6263697A
00006D6F
62707673
0000746D
72746473
00006769
73636D73
646E6972
00000000
00000000
64636D73
67656C65
00000000
00000000
73637373
646E6972
00000000
00000000
63637373
00006766
64617673
00000065
64617673
00000075
706E6D73
0000006D
6663697A
00706C69
6663697A
00737369
62647373
7072746C
00000000
00000000
74636D73
00000072
74637373
00000072
74737373
65657461
0000006E
00000000
5F696273
74726168
7465675F
7478655F
69736E65
5F736E6F
00727473
00000000
5F696273
74726168
7465675F
656D735F
5F706D70
67616C66
00000073
00000000
203A7325
3A525245
65685420
72616820
73692074
206E6920
61766E69
2064696C
74617473
255B2065
0A5D756C
00000000
3A525245
69614620
2064656C
706F7473
72616820
255B2074
000A5D75
00000000
5F696273
5F6D7368
74726168
7365725F
5F656D75
696E6966
00006873
00000000
5F696273
5F6D7368
74726168
7365725F
5F656D75
72617473
00000074
00000000
5F696273
5F6D7368
74726168
6F74735F
00000070
00000000
5F696273
5F6D7368
74726168
6174735F
00007472
00000000
5F696273
5F6D7368
74697865
00000000
5F696273
5F6D7368
74726168
6174735F
665F7472
73696E69
00000068
00000000
203A7325
6C696146
74206465
6361206F
73736563
52534320
78232520
6F726620
2D4D206D
65646F6D
00000000
00000000
203A7325
61766E49
2064696C
6F63706F
66206564
4320726F
72205253
2F646165
74697277
6E692065
75727473
6F697463
0000006E
FFFFA184
FFFFA1BE
FFFFA234
FFFFA214
FFFFA184
FFFFA1BC
FFFFA204
FFFFA1E4
00000000
74737973
6F5F6D65
646F6370
6E695F65
00006E73
00000000
696C612F
73657361
00000000
00000000
706D6F63
62697461
0000656C
00000000
61736964
64656C62
00000000
00000000
74617473
00007375
63736972
70612C76
0063696C
00000000
63736972
6D692C76
73636973
00000000
69666973
702C6576
2D63696C
2E302E31
00000030
00000000
63736972
6C702C76
00306369
00000000
65746E69
70757272
652D7374
6E657478
00646564
00000000
7365722F
65767265
656D2D64
79726F6D
00000000
00000000
65736572
64657672
6D656D2D
0079726F
676E6172
00007365
7A697323
65632D65
00736C6C
00000000
64646123
73736572
6C65632D
0000736C
203A7325
206F6F54
796E616D
6D656D20
2079726F
69676572
20736E6F
66206F74
70757869
00000A2E
646F6D6D
65725F65
64257673
2C782540
00007825
00000000
646F6D6D
65725F65
64257673
00782540
6D2D6F6E
00007061
00676572
00000000
6F68632F
006E6573
6E65706F
2C696273
666E6F63
00006769
5F746466
65736572
64657672
6D656D5F
5F79726F
75786966
00000070
FFFFCEC2
FFFFCEA8
FFFFCE90
FFFFCE70
FFFFCE50
FFFFCE2E
FFFFCE08
FFFFCDE2
FFFFCDBC
FFFFCD96
FFFFCD70
FFFFCD48
FFFFCD20
FFFFCCF8
FFFFCCD0
FFFFCCA8
FFFFCC80
FFFFCC58
FFFFCC30
FFFFCC08
FFFFCBE0
FFFFCBB8
FFFFCB90
FFFFCB68
FFFFCB40
FFFFCB18
FFFFCAF0
FFFFCAC8
FFFFCAA0
FFFFCA78
FFFFCA44
FFFFCEDA
FFFFD16E
FFFFD160
FFFFD186
FFFFD19E
FFFFD186
FFFFD16E
FFFFD16E
FFFFD16E
FFFFD16E
FFFFD186
00000000
61766E69
2064696C
72646461
20737365
6E617274
74616C73
0A6E6F69
00000000
00000000
00000000
00000001
00000002
00000000
00000000
00000000
00000000
00000001
00000001
00000001
00000000
00000000
00000000
00000000
00000000
00000000
00000000
00000000
00000000
00000000
00000000
00000000
00010003
80000000
00000000
00000000
00000000
00000000
00000000
00000000
00000000
00000000
00000000
00000000
00000000
00000000
00000000
00000000
00000000
00000000
00000000
00000000
00000000
00000000
00000000
00000000
00000000
00000000
00000000
00000000
00000000
00000000
00000000
00000000
00000000
00000000
00000000
00000000
00000000
00000000
00000000
00000000
00000000
00000000
00000000
00000000
00000000
00000000
00000000
00000000
00000000
00000000
00000000
00000000
00000000
00000000
00000000
00000000
00000000
00000000
00000000
00000000
00000000
00000000
00000000
00000000
00000000
00000000
00000000
00000000
00000000
00000000
00000000
00000000
00000000
00000000
00000000
00000000
00000000
00000000
00000000
00000000
00000000
00000000
00000000
00000000
00000000
00000000
00000000
00000000
00000000
00000000
00000000
00000000
00000000
00000000
00000000
00000000
00000000
00000000
00000000
00000000
00000000
00000000
00000000
00000000
00000000
00000000
00000000
00000000
00000000
00000000
00000000
00000000
00000000
00000000
00000000
00000000
00000000
00000000
00000000
00000000
00000000
00000000
00000000
00000000
00000000
00000000
00000000
00000000
00000000
00000000
00000000
00000000
00000000
00000000
00000000
00000000
00000000
00000000
00000000
00000000
00000000
00000000
00000000
00000000
00000000
00000000
00000000
00000000
00000000
00000000
00000000
00000000
00000000
00000000
00000000
00000000
00000000
00000000
00000000
00000000
00000000
00000000
00000000
00000000
00000000
00000000
00000000
00000000
00000000
00000000
00000000
00000000
00000000
00000000
00000000
00000000
00000000
00000000
00000000
00000000
00000000
00000000
00000000
00000000
00000000
00000000
00000000
00000000
00000000
00000000
00000000
00000000
00000000
00000000
00000000
00000000
00000000
00000000
00000000
00000000
00000000
00000000
00000000
00000000
00000000
00000000
00000000
00000000
00000000
00000000
00000000
00000000
00000000
00000000
00000000
00000000
00000000
00000000
00000000
00000000
00000000
00000000
00000000
00000000
00000000
00000000
00000000
00000000
00000000
00000000
00000000
00000000
00000000
00000000
00000000
00000000
00000000
00000000
00000000
00000000
00000000
00000000
00000000
00000000
00000000
00000000
00000000
00000000
00000000
00000000
00000000
00000000
00000000
00000000
00000000
00000000
00000000
00000000
00000000
00000000
00000000
00000000
00000000
00000000
00000000
00000000
00000000
00000000
00000000
00000000
00000000
00000000
00000000
00000000
00000000
00000000
00000000
00000000
00000000
00000000
00000000
00000000
00000000
00000000
00000000
00000000
00000000
00000000
00000000
00000000
00000000
00000000
00000000
00000000
00000000
00000000
00000000
00000000
00000000
00000000
00000000
00000000
00000000
00000000
00000000
00000000
00000000
00000000
00000000
00000000
00000000
00000000
00000000
00000000
00000000
00000000
00000000
00000000
00000000
00000000
00000000
00000000
00000000
00000000
00000000
00000000
00000000
00000000
00000000
00000000
00000000
00000000
00000000
00000000
00000000
00000000
00000000
00000000
00000000
00000000
00000000
00000000
00000000
00000000
00000000
00000000
00000000
00000000
00000000
00000000
00000000
00000000
00000000
00000000
00000000
00000000
00000000
00000000
00000000
00000000
00000000
00000000
00000000
00000000
00000000
00000000
00000000
00000000
00000000
00000000
00000000
00000000
00000000
00000000
00000000
00000000
00000000
00000000
00000000
00000000
00000000
00000000
00000000
00000000
00000000
00000000
00000000
00000000
00000000
00000000
00000000
00000000
00000000
00000000
00000000
00000000
00000000
00000000
00000000
00000000
00000000
00000000
00000000
00000000
00000000
00000000
00000000
00000000
00000000
00000000
00000000
00000000
00000000
00000000
00000000
00000000
00000000
00000000
00000000
00000000
00000000
00000000
00000000
00000000
00000000
00000000
00000000
00000000
00000000
00000000
00000000
00000000
00000000
00000000
00000000
00000000
00000000
00000000
00000000
00000000
00000000
00000000
00000000
00000000
00000000
00000000
00000000
00000000
00000000
00000000
00000000
00000000
00000000
00000000
00000000
00000000
00000000
00000000
00000000
00000000
00000000
00000000
00000000
00000000
00000000
00000000
00000000
00000000
00000000
00000000
00000000
00000000
00000000
00000000
00000000
00000000
00000000
00000000
00000000
00000000
00000000
00000000
00000000
00000000
00000000
00000000
00000000
00000000
00000000
00000000
00000000
00000000
00000000
00000000
00000000
00000000
00000000
00000000
00000000
00000000
00000000
00000000
00000000
00000000
00000000
00000000
00000000
00000000
00000000
00000000
00000000
00000000
00000000
00000000
00000000
00000000
00000000
00000000
00000000
00000000
00000000
00000000
00000000
00000000
00000000
00000000
00000000
00000000
00000000
00000000
00000000
00000000
00000000
00000000
00000000
00000000
00000000
00000000
00000000
00000000
00000000
00000000
00000000
00000000
00000000
00000000
00000000
00000000
00000000
00000000
00000000
00000000
00000000
00000000
00000000
00000000
00000000
00000000
00000000
00000000
00000000
00000000
00000000
00000000
00000000
00000000
00000000
00000000
00000000
00000000
00000000
00000000
00000000
00000000
00000000
00000000
00000000
00000000
00000000
00000000
00000000
00000000
00000000
00000000
00000000
00000000
00000000
00000000
00000000
00000000
00000000
00000000
00000000
00000000
00000000
00000000
00000000
00000000
00000000
00000000
00000000
00000000
00000000
00000000
00000000
00000000
00000000
00000000
00000000
00000000
00000000
00000000
00000000
00000000
00000000
00000000
00000000
00000000
00000000
00000000
00000000
00000000
00000000
00000000
00000000
00000000
00000000
00000000
00000000
00000000
00000000
00000000
00000000
00000000
00000000
00000000
00000000
00000000
00000000
00000000
00000000
00000000
00000000
00000000
00000000
00000000
00000000
00000000
00000000
00000000
00000000
00000000
00000000
00000000
00000000
00000000
00000000
00000000
00000000
00000000
00000000
00000000
00000000
00000000
00000000
00000000
00000000
00000000
00000000
00000000
00000000
00000000
00000000
00000000
00000000
00000000
00000000
00000000
00000000
00000000
00000000
00000000
00000000
00000000
00000000
00000000
00000000
00000000
00000000
00000000
00000000
00000000
00000000
00000000
00000000
00000000
00000000
00000000
00000000
00000000
00000000
00000000
00000000
00000000
00000000
00000000
00000000
00000000
00000000
00000000
00000000
00000000
00000000
00000000
00000000
00000000
00000000
00000000
00000000
00000000
00000000
00000000
00000000
00000000
00000000
00000000
00000000
00000000
00000000
00000000
00000000
00000000
00000000
00000000
00000000
00000000
00000000
00000000
00000000
00000000
00000000
00000000
00000000
00000000
00000000
00000000
00000000
00000000
00000000
00000000
00000000
00000000
00000000
00000000
00000000
00000000
00000000
00000000
00000000
00000000
00000000
00000000
00000000
00000000
00000000
00000000
00000000
00000000
00000000
00000000
00000000
00000000
00000000
00000000
00000000
00000000
00000000
00000000
00000000
00000000
00000000
00000000
00000000
00000000
00000000
00000000
00000000
00000000
00000000
00000000
00000000
00000000
00000000
00000000
00000000
00000000
00000000
00000000
00000000
00000000
00000000
00000000
00000000
00000000
00000000
00000000
00000000
00000000
00000000
00000000
00000000
00000000
00000000
00000000
00000000
00000000
00000000
00000000
00000000
00000000
00000000
00000000
00000000
00000000
00000000
00000000
00000000
00000000
00000000
00000000
00000000
00000000
00000000
00000000
00000000
80020060
00000000
00000003
00000000
80001634
00000000
80020070
00000000
00000003
00000000
80001646
00000000
800200A8
00000000
00000003
00000000
80001624
00000000
800200B0
00000000
00000003
00000000
80001C6C
00000000
800200B8
00000000
00000003
00000000
800200B8
00000000
800200C0
00000000
00000003
00000000
800200B8
00000000
800200D0
00000000
00000003
00000000
80001F42
00000000
800200D8
00000000
00000003
00000000
80001EFE
00000000
800200E0
00000000
00000003
00000000
80001EBE
00000000
800200E8
00000000
00000003
00000000
80001E9A
00000000
800200F0
00000000
00000003
00000000
80001E72
00000000
80020118
00000000
00000003
00000000
80002514
00000000
80020120
00000000
00000003
00000000
8000249A
00000000
80020358
00000000
00000003
00000000
80020330
00000000
80020390
00000000
00000003
00000000
800028CA
00000000
80020398
00000000
00000003
00000000
80020348
00000000
800203A8
00000000
00000003
00000000
800203A8
00000000
800203B0
00000000
00000003
00000000
800203A8
00000000
800203D8
00000000
00000003
00000000
80003742
00000000
800203E0
00000000
00000003
00000000
8000370A
00000000
800203E8
00000000
00000003
00000000
800036EC
00000000
80020510
00000000
00000003
00000000
80020530
00000000
80020540
00000000
00000003
00000000
80004A68
00000000
80020548
00000000
00000003
00000000
80004A9C
00000000
80020590
00000000
00000003
00000000
80004A4C
00000000
80020598
00000000
00000003
00000000
80004A30
00000000
800205B0
00000000
00000003
00000000
80004A12
00000000
800205F0
00000000
00000003
00000000
800205F0
00000000
800205F8
00000000
00000003
00000000
800205F0
00000000
80020600
00000000
00000003
00000000
80020638
00000000
80020608
00000000
00000003
00000000
80020680
00000000
80020610
00000000
00000003
00000000
800206C8
00000000
80020618
00000000
00000003
00000000
80020710
00000000
80020620
00000000
00000003
00000000
80020758
00000000
80020628
00000000
00000003
00000000
800207A0
00000000
80020668
00000000
00000003
00000000
80005AE2
00000000
80020678
00000000
00000003
00000000
80005AC4
00000000
800206B0
00000000
00000003
00000000
80005B1C
00000000
800206C0
00000000
00000003
00000000
80005AFE
00000000
800206F8
00000000
00000003
00000000
80005C04
00000000
80020708
00000000
00000003
00000000
80005B38
00000000
80020740
00000000
00000003
00000000
80005CC2
00000000
80020750
00000000
00000003
00000000
80005C20
00000000
80020788
00000000
00000003
00000000
80005CE8
00000000
80020798
00000000
00000003
00000000
80005D04
00000000
800207D0
00000000
00000003
00000000
80005F30
00000000
800207E0
00000000
00000003
00000000
80005F06
00000000
800207E8
00000000
00000003
00000000
800216E8
00000000
80020800
00000000
00000003
00000000
80020800
00000000
80020808
00000000
00000003
00000000
80020800
00000000
80020810
00000000
00000003
00000000
80020810
00000000
80020818
00000000
00000003
00000000
80020810
00000000
800209D0
00000000
00000003
00000000
80008796
00000000
800209D8
00000000
00000003
00000000
800084E6
00000000
800209E0
00000000
00000003
00000000
80008518
00000000
800209F0
00000000
00000003
00000000
80008774
00000000
800209F8
00000000
00000003
00000000
800085C0
00000000
80020A00
00000000
00000003
00000000
800085EA
00000000
80020A10
00000000
00000003
00000000
80008752
00000000
80020A18
00000000
00000003
00000000
80008602
00000000
80020A20
00000000
00000003
00000000
8000862C
00000000
80020A30
00000000
00000003
00000000
80008730
00000000
80020A38
00000000
00000003
00000000
80008534
00000000
80020A40
00000000
00000003
00000000
80008562
00000000
80020A50
00000000
00000003
00000000
8000870E
00000000
80020A58
00000000
00000003
00000000
8000857A
00000000
80020A60
00000000
00000003
00000000
800085A8
00000000
80020A70
00000000
00000003
00000000
800086EC
00000000
80020A78
00000000
00000003
00000000
80008644
00000000
80020A80
00000000
00000003
00000000
800086A2
00000000
80020A88
00000000
00000003
00000000
80000B88
00000000
80020A98
00000000
00000003
00000000
80011D60
00000000
80020AA8
00000000
00000003
00000000
80011D68
00000000
80020AB8
00000000
00000003
00000000
80011D70
00000000
80020AC8
00000000
00000003
00000000
80011D80
00000000
80020AD8
00000000
00000003
00000000
80011D90
00000000
80020AE8
00000000
00000003
00000000
80011D98
00000000
80020AF8
00000000
00000003
00000000
80011DA0
00000000
80020B08
00000000
00000003
00000000
80011DA8
00000000
80020B18
00000000
00000003
00000000
80011DB0
00000000
80020B28
00000000
00000003
00000000
80011DC0
00000000
80020B38
00000000
00000003
00000000
80011DD0
00000000
80020B48
00000000
00000003
00000000
80011DD8
00000000
80020B58
00000000
00000003
00000000
80011DE0
00000000
80020B68
00000000
00000003
00000000
80011DE8
00000000
80020B78
00000000
00000003
00000000
80011DF0
00000000
80020B88
00000000
00000003
00000000
80011E00
00000000
80020B98
00000000
00000003
00000000
80011E10
00000000
80020BA8
00000000
00000003
00000000
80011E20
00000000
80020BB8
00000000
00000003
00000000
80011E28
00000000
80020BC8
00000000
00000003
00000000
80011E30
00000000
80020BD8
00000000
00000003
00000000
80011E38
00000000
80020BE8
00000000
00000003
00000000
80011E40
00000000
80020BF8
00000000
00000003
00000000
80011E48
00000000
80020C08
00000000
00000003
00000000
80011E50
00000000
80020C18
00000000
00000003
00000000
80011E60
00000000
80020C28
00000000
00000003
00000000
80011E68
00000000
80020C38
00000000
00000003
00000000
80011E70
00000000
80020C40
00000000
00000003
00000000
8000C08A
00000000
80020C48
00000000
00000003
00000000
8000C08A
00000000
80020C50
00000000
00000003
00000000
8000C08A
00000000
80020C58
00000000
00000003
00000000
8000C0BE
00000000
80020C60
00000000
00000003
00000000
8000C08A
00000000
80020C68
00000000
00000003
00000000
8000C08A
00000000
80020C70
00000000
00000003
00000000
8000C08A
00000000
80020C78
00000000
00000003
00000000
8000C08A
00000000
80020C80
00000000
00000003
00000000
8000C08A
00000000
80020C88
00000000
00000003
00000000
8000C08A
00000000
80020C90
00000000
00000003
00000000
8000C08A
00000000
80020C98
00000000
00000003
00000000
8000F120
00000000
80020CA0
00000000
00000003
00000000
8000C08A
00000000
80020CA8
00000000
00000003
00000000
8000C08A
00000000
80020CB0
00000000
00000003
00000000
8000C08A
00000000
80020CB8
00000000
00000003
00000000
8000C08A
00000000
80020CC0
00000000
00000003
00000000
8000C08A
00000000
80020CC8
00000000
00000003
00000000
8000C08A
00000000
80020CD0
00000000
00000003
00000000
8000C08A
00000000
80020CD8
00000000
00000003
00000000
8000C08A
00000000
80020CE0
00000000
00000003
00000000
8000C08A
00000000
80020CE8
00000000
00000003
00000000
8000C08A
00000000
80020CF0
00000000
00000003
00000000
8000C08A
00000000
80020CF8
00000000
00000003
00000000
8000C08A
00000000
80020D00
00000000
00000003
00000000
8000C08A
00000000
80020D08
00000000
00000003
00000000
8000C08A
00000000
80020D10
00000000
00000003
00000000
8000C08A
00000000
80020D18
00000000
00000003
00000000
8000C08A
00000000
80020D20
00000000
00000003
00000000
8000C116
00000000
80020D28
00000000
00000003
00000000
8000C08A
00000000
80020D30
00000000
00000003
00000000
8000C08A
00000000
80020D38
00000000
00000003
00000000
8000C08A
00000000
80020D68
00000000
00000003
00000000
8000C372
00000000
80020D70
00000000
00000003
00000000
8000C3E0
00000000
80020D78
00000000
00000003
00000000
8000C39E
00000000
80020DA8
00000000
00000003
00000000
8000C7BC
00000000
80020DB8
00000000
00000003
00000000
8000C844
00000000
80020DE0
00000000
00000003
00000000
8000E336
00000000
80020DE8
00000000
00000003
00000000
8000E390
00000000
80020DF0
00000000
00000003
00000000
80020DF0
00000000
80020DF8
00000000
00000003
00000000
80020DF0
00000000
00000000
00000000
00000000
00000000
00000000
00000000
00000000
00000000
00000000
00000000
00000000
00000000
00000000
00000000
00000000
00000000
00000000
00000000
00000000
00000000
00000000
00000000
00000000
00000000
00000000
00000000
00000000
00000000
00000000
00000000
00000000
00000000
00000000
00000000
00000000
00000000
00000000
00000000
00000000
00000000
00000000
00000000
00000000
00000000
00000000
00000000
00000000
00000000
00000000
00000000
00000000
00000000
00000000
00000000
00000000
00000000
00000000
00000000
00000000
00000000
00000000
00000000
00000000
00000000
00000000
00000000
00000000
00000000
00000000
00000000
00000000
00000000
00000000
00000000
00000000
00000000
00000000
00000000
00000000
00000000
00000000
00000000
00000000
00000000
00000000
00000000
00000000
00000000
00000000
00000000
00000000
00000000
00000000
00000000
00000000
00000000
00000000
00000000
00000000
00000000
00000000
00000000
00000000
00000000
00000000
00000000
00000000
00000000
00000000
00000000
00000000
00000000
00000000
00000000
00000000
00000000
00000000
00000000
00000000
00000000
00000000
00000000
00000000
00000000
00000000
00000000
00000000
00000000
00000000
00000000
00000000
00000000
00000000
00000000
00000000
00000000
00000000
00000000
00000000
00000000
00000000
00000000
00000000
00000000
00000000
00000000
00000000
00000000
00000000
00000000
00000000
00000000
00000000
00000000
00000000
00000000
00000000
00000000
00000000
00000000
00000000
00000000
00000000
00000000
00000000
00000000
00000000
00000000
00000000
00000000
00000000
00000000
00000000
00000000
00000000
00000000
00000000
00000000
00000000
00000000
00000000
00000000
00000000
00000000
00000000
00000000
00000000
00000000
00000000
00000000
00000000
00000000
00000000
00000000
00000000
00000000
00000000
00000000
00000000
00000000
00000000
00000000
00000000
00000000
00000000
00000000
00000000
00000000
00000000
00000000
00000000
00000000
00000000
00000000
00000000
00000000
00000000
00000000
00000000
00000000
00000000
00000000
00000000
00000000
00000000
00000000
00000000
00000000
00000000
00000000
00000000
00000000
00000000
00000000
00000000
00000000
00000000
00000000
00000000
00000000
00000000
00000000
00000000
00000000
00000000
00000000
00000000
00000000
00000000
00000000
00000000
00000000
00000000
00000000
00000000
00000000
00000000
00000000
00000000
00000000
00000000
00000000
00000000
00000000
00000000
00000000
00000000
00000000
00000000
00000000
00000000
00000000
00000000
00000000
00000000
00000000
00000000
00000000
00000000
00000000
00000000
00000000
00000000
00000000
00000000
00000000
00000000
00000000
00000000
00000000
00000000
00000000
00000000
00000000
00000000
00000000
00000000
00000000
00000000
00000000
00000000
00000000
00000000
00000000
00000000
00000000
00000000
00000000
00000000
00000000
00000000
00000000
00000000
00000000
00000000
00000000
00000000
00000000
00000000
00000000
00000000
00000000
00000000
00000000
00000000
00000000
00000000
00000000
00000000
00000000
00000000
00000000
00000000
00000000
00000000
00000000
00000000
00000000
00000000
00000000
00000000
00000000
00000000
00000000
00000000
00000000
00000000
00000000
00000000
00000000
00000000
00000000
00000000
00000000
00000000
00000000
00000000
00000000
00000000
00000000
00000000
00000000
00000000
00000000
00000000
00000000
00000000
00000000
00000000
00000000
00000000
00000000
00000000
00000000
00000000
00000000
00000000
00000000
00000000
00000000
00000000
00000000
00000000
00000000
00000000
00000000
00000000
00000000
00000000
00000000
00000000
00000000
00000000
00000000
00000000
00000000
00000000
00000000
00000000
00000000
00000000
00000000
00000000
00000000
00000000
00000000
00000000
00000000
00000000
00000000
00000000
00000000
00000000
00000000
00000000
00000000
00000000
00000000
00000000
00000000
00000000
00000000
00000000
00000000
00000000
00000000
00000000
00000000
00000000
00000000
00000000
00000000
00000000
00000000
00000000
00000000
00000000
00000000
00000000
00000000
00000000
00000000
00000000
00000000
00000000
00000000
00000000
00000000
00000000
00000000
00000000
00000000
00000000
00000000
00000000
00000000
00000000
00000000
00000000
00000000
00000000
00000000
00000000
00000000
00000000
00000000
00000000
00000000
00000000
00000000
00000000
00000000
00000000
00000000
00000000
00000000
00000000
00000000
00000000
00000000
00000000
00000000
00000000
00000000
00000000
00000000
00000000
00000000
00000000
00000000
00000000
00000000
00000000
00000000
00000000
00000000
00000000
00000000
00000000
00000000
00000000
00000000
00000000
00000000
00000000
00000000
00000000
00000000
00000000
00000000
00000000
00000000
00000000
00000000
00000000
00000000
00000000
00000000
00000000
00000000
00000000
00000000
00000000
00000000
00000000
00000000
00000000
00000000
00000000
00000000
00000000
00000000
00000000
00000000
00000000
00000000
00000000
00000000
00000000
00000000
00000000
00000000
00000000
00000000
00000000
00000000
00000000
00000000
00000000
00000000
00000000
00000000
00000000
00000000
00000000
00000000
00000000
00000000
00000000
00000000
00000000
00000000
00000000
00000000
00000000
00000000
00000000
00000000
00000000
00000000
00000000
00000000
00000000
00000000
00000000
00000000
00000000
00000000
00000000
00000000
00000000
00000000
00000000
00000000
00000000
00000000
00000000
00000000
00000000
00000000
00000000
00000000
00000000
00000000
00000000
00000000
00000000
00000000
00000000
00000000
00000000
00000000
00000000
00000000
00000000
00000000
00000000
00000000
00000000
00000000
00000000
00000000
00000000
00000000
00000000
00000000
00000000
00000000
00000000
00000000
00000000
00000000
00000000
00000000
00000000
00000000
00000000
00000000
00000000
00000000
00000000
00000000
00000000
00000000
00000000
00000000
00000000
00000000
00000000
00000000
00000000
00000000
00000000
00000000
00000000
00000000
00000000
00000000
00000000
00000000
00000000
00000000
00000000
00000000
00000000
00000000
00000000
00000000
00000000
00000000
00000000
00000000
00000000
00000000
00000000
00000000
00000000
00000000
00000000
00000000
00000000
00000000
00000000
00000000
00000000
00000000
00000000
00000000
00000000
00000000
00000000
00000000
00000000
00000000
00000000
00000000
00000000
00000000
00000000
00000000
00000000
00000000
00000000
00000000
00000000
00000000
00000000
00000000
00000000
00000000
00000000
00000000
00000000
00000000
00000000
00000000
00000000
00000000
00000000
00000000
00000000
00000000
00000000
00000000
00000000
00000000
00000000
00000000
00000000
00000000
00000000
00000000
00000000
00000000
00000000
00000000
00000000
00000000
00000000
00000000
00000000
00000000
00000000
00000000
00000000
00000000
00000000
00000000
00000000
00000000
00000000
00000000
00000000
00000000
00000000
00000000
00000000
00000000
00000000
00000000
00000000
00000000
00000000
00000000
00000000
00000000
00000000
00000000
00000000
00000000
00000000
00000000
00000000
00000000
00000000
00000000
00000000
00000000
00000000
00000000
00000000
00000000
00000000
00000000
00000000
00000000
00000000
00000000
00000000
00000000
00000000
00000000
00000000
00000000
00000000
00000000
00000000
00000000
00000000
00000000
00000000
00000000
00000000
00000000
00000000
00000000
00000000
00000000
00000000
00000000
00000000
00000000
00000000
00000000
00000000
00000000
00000000
00000000
00000000
00000000
00000000
00000000
00000000
00000000
00000000
00000000
00000000
00000000
00000000
00000000
00000000
00000000
00000000
00000000
00000000
00000000
00000000
00000000
00000000
00000000
00000000
00000000
00000000
00000000
00000000
00000000
00000000
00000000
00000000
00000000
00000000
00000000
00000000
00000000
00000000
00000000
00000000
00000000
00000000
00000000
00000000
00000000
00000000
00000000
00000000
00000000
00000000
00000000
00000000
00000000
00000000
00000000
00000000
00000000
00000000
00000000
00000000
00000000
00000000
00000000
00000000
00000000
00000000
00000000
00000000
00000000
00000000
00000000
00000000
00000000
00000000
00000000
00000000
00000000
00000000
00000000
00000000
00000000
00000000
00000000
00000000
00000000
00000000
00000000
00000000
00000000
00000000
00000000
00000000
00000000
00000000
00000000
00000000
00000000
00000000
00000000
00000000
00000000
00000000
00000000
00000000
00000000
00000000
00000000
00000000
00000000
00000000
00000000
00000000
00000000
00000000
00000000
00000000
00000000
00000000
00000000
00000000
00000000
00000000
00000000
00000000
00000000
00000000
00000000
00000000
00000000
00000000
00000000
00000000
00000000
00000000
00000000
00000000
00000000
00000000
00000000
00000000
00000000
00000000
00000000
00000000
00000000
00000000
00000000
00000000
00000000
00000000
00000000
00000000
00000000
00000000
00000000
00000000
00000000
00000000
00000000
00000000
00000000
00000000
00000000
00000000
00000000
00000000
00000000
00000000
00000000
00000000
00000000
00000000
00000000
00000000
00000000
00000000
00000000
00000000
00000000
00000000
00000000
00000000
00000000
00000000
00000000
00000000
00000000
00000000
00000000
00000000
00000000
00000000
00000000
00000000
00000000
00000000
00000000
00000000
00000000
00000000
00000000
00000000
00000000
00000000
00000000
00000000
00000000
00000000
00000000
00000000
00000000
00000000
00000000
00000000
00000000
00000000
00000000
00000000
00000000
00000000
00000000
00000000
00000000
00000000
00000000
00000000
00000000
00000000
00000000
00000000
00000000
00000000
00000000
00000000
00000000
00000000
00000000
00000000
00000000
00000000
00000000
00000000
00000000
00000000
00000000
00000000
00000000
00000000
00000000
00000000
00000000
00000000
00000000
00000000
00000000
00000000
00000000
00000000
00000000
00000000
00000000
00000000
00000000
00000000
00000000
00000000
00000000
00000000
00000000
00000000
00000000
00000000
00000000
00000000
00000000
00000000
00000000
00000000
00000000
00000000
00000000
00000000
00000000
00000000
00000000
00000000
00000000
00000000
00000000
00000000
00000000
00000000
00000000
00000000
00000000
00000000
00000000
00000000
00000000
00000000
00000000
00000000
00000000
00000000
00000000
00000000
00000000
00000000
00000000
00000000
00000000
00000000
00000000
00000000
00000000
00000000
00000000
00000000
00000000
00000000
00000000
00000000
00000000
00000000
00000000
00000000
00000000
00000000
00000000
00000000
00000000
00000000
00000000
00000000
00000000
00000000
00000000
00000000
00000000
00000000
00000000
00000000
00000000
00000000
00000000
00000000
00000000
00000000
00000000
00000000
00000000
00000000
00000000
00000000
00000000
00000000
00000000
00000000
00000000
00000000
00000000
00000000
00000000
00000000
00000000
00000000
00000000
00000000
00000000
00000000
00000000
00000000
00000000
00000000
00000000
00000000
00000000
00000000
00000000
00000000
00000000
00000000
00000000
00000000
00000000
00000000
00000000
00000000
00000000
00000000
00000000
00000000
00000000
00000000
00000000
00000000
00000000
00000000
00000000
00000000
00000000
00000000
00000000
00000000
00000000
00000000
00000000
00000000
00000000
00000000
00000000
00000000
00000000
00000000
00000000
00000000
00000000
00000000
00000000
00000000
00000000
00000000
00000000
00000000
00000000
00000000
00000000
00000000
00000000
00000000
00000000
00000000
00000000
00000000
00000000
00000000
00000000
00000000
00000000
00000000
00000000
00000000
00000000
00000000
00000000
00000000
00000000
00000000
00000000
00000000
00000000
00000000
00000000
00000000
00000000
00000000
00000000
00000000
00000000
00000000
00000000
00000000
00000000
00000000
00000000
00000000
00000000
00000000
00000000
00000000
00000000
00000000
00000000
00000000
00000000
00000000
00000000
00000000
00000000
00000000
00000000
00000000
00000000
00000000
00000000
00000000
00000000
00000000
00000000
00000000
00000000
00000000
00000000
00000000
00000000
00000000
00000000
00000000
00000000
00000000
00000000
00000000
00000000
00000000
00000000
00000000
00000000
00000000
00000000
00000000
00000000
00000000
00000000
00000000
00000000
00000000
00000000
00000000
00000000
00000000
00000000
00000000
00000000
00000000
00000000
00000000
00000000
00000000
00000000
00000000
00000000
00000000
00000000
00000000
00000000
00000000
00000000
00000000
00000000
00000000
00000000
00000000
00000000
00000000
00000000
00000000
00000000
00000000
00000000
00000000
00000000
00000000
00000000
00000000
00000000
00000000
00000000
00000000
00000000
00000000
00000000
00000000
00000000
00000000
00000000
00000000
00000000
00000000
00000000
00000000
00000000
00000000
00000000
00000000
00000000
00000000
00000000
00000000
00000000
00000000
00000000
00000000
00000000
00000000
00000000
00000000
00000000
00000000
00000000
00000000
00000000
00000000
00000000
00000000
00000000
00000000
00000000
00000000
00000000
00000000
00000000
00000000
00000000
00000000
00000000
00000000
00000000
00000000
00000000
00000000
00000000
00000000
00000000
00000000
00000000
00000000
00000000
00000000
00000000
00000000
00000000
00000000
00000000
00000000
00000000
00000000
00000000
00000000
00000000
00000000
00000000
00000000
00000000
00000000
00000000
00000000
00000000
00000000
00000000
00000000
00000000
00000000
00000000
00000000
00000000
00000000
00000000
00000000
00000000
00000000
00000000
00000000
00000000
00000000
00000000
00000000
00000000
00000000
00000000
00000000
00000000
00000000
00000000
00000000
00000000
00000000
00000000
00000000
00000000
00000000
00000000
00000000
00000000
00000000
00000000
00000000
00000000
00000000
00000000
00000000
00000000
00000000
00000000
00000000
00000000
00000000
00000000
00000000
00000000
00000000
00000000
00000000
00000000
00000000
00000000
00000000
00000000
00000000
00000000
00000000
00000000
00000000
00000000
00000000
00000000
00000000
00000000
00000000
00000000
00000000
00000000
00000000
00000000
00000000
00000000
00000000
00000000
00000000
00000000
00000000
00000000
00000000
00000000
00000000
00000000
00000000
00000000
00000000
00000000
00000000
00000000
00000000
00000000
00000000
00000000
00000000
00000000
00000000
00000000
00000000
00000000
00000000
00000000
00000000
00000000
00000000
00000000
00000000
00000000
00000000
00000000
00000000
00000000
00000000
00000000
00000000
00000000
00000000
00000000
00000000
00000000
00000000
00000000
00000000
00000000
00000000
00000000
00000000
00000000
00000000
00000000
00000000
00000000
00000000
00000000
00000000
00000000
00000000
00000000
00000000
00000000
00000000
00000000
00000000
00000000
00000000
00000000
00000000
00000000
00000000
00000000
00000000
00000000
00000000
00000000
00000000
00000000
00000000
00000000
00000000
00000000
00000000
00000000
00000000
00000000
00000000
00000000
00000000
00000000
00000000
00000000
00000000
00000000
00000000
00000000
00000000
00000000
00000000
00000000
00000000
00000000
00000000
00000000
00000000
00000000
00000000
00000000
00000000
00000000
00000000
00000000
00000000
00000000
00000000
00000000
00000000
00000000
00000000
00000000
00000000
00000000
00000000
00000000
00000000
00000000
00000000
00000000
00000000
00000000
00000000
00000000
00000000
00000000
00000000
00000000
00000000
00000000
00000000
00000000
00000000
00000000
00000000
00000000
00000000
00000000
00000000
00000000
00000000
00000000
00000000
00000000
00000000
00000000
00000000
00000000
00000000
00000000
00000000
00000000
00000000
00000000
00000000
00000000
00000000
00000000
00000000
00000000
00000000
00000000
00000000
00000000
00000000
00000000
00000000
00000000
00000000
00000000
00000000
00000000
00000000
00000000
00000000
00000000
00000000
00000000
00000000
00000000
00000000
00000000
00000000
00000000
00000000
00000000
00000000
00000000
00000000
00000000
00000000
00000000
00000000
00000000
00000000
00000000
00000000
00000000
00000000
00000000
00000000
00000000
00000000
00000000
00000000
00000000
00000000
00000000
00000000
00000000
00000000
00000000
00000000
00000000
00000000
00000000
00000000
00000000
00000000
00000000
00000000
00000000
00000000
00000000
00000000
00000000
00000000
00000000
00000000
00000000
00000000
00000000
00000000
00000000
00000000
00000000
00000000
00000000
00000000
00000000
00000000
00000000
00000000
00000000
00000000
00000000
00000000
00000000
00000000
00000000
00000000
00000000
00000000
00000000
00000000
00000000
00000000
00000000
00000000
00000000
00000000
00000000
00000000
00000000
00000000
00000000
00000000
00000000
00000000
00000000
00000000
00000000
00000000
00000000
00000000
00000000
00000000
00000000
00000000
00000000
00000000
00000000
00000000
00000000
00000000
00000000
00000000
00000000
00000000
00000000
00000000
00000000
00000000
00000000
00000000
00000000
00000000
00000000
00000000
00000000
00000000
00000000
00000000
00000000
00000000
00000000
00000000
00000000
00000000
00000000
00000000
00000000
00000000
00000000
00000000
00000000
00000000
00000000
00000000
00000000
00000000
00000000
00000000
00000000
00000000
00000000
00000000
00000000
00000000
00000000
00000000
00000000
00000000
00000000
00000000
00000000
00000000
00000000
00000000
00000000
00000000
00000000
00000000
00000000
00000000
00000000
00000000
00000000
00000000
00000000
00000000
00000000
00000000
00000000
00000000
00000000
00000000
00000000
00000000
00000000
00000000
00000000
00000000
00000000
00000000
00000000
00000000
00000000
00000000
00000000
00000000
00000000
00000000
00000000
00000000
00000000
00000000
00000000
00000000
00000000
00000000
00000000
00000000
00000000
00000000
00000000
00000000
00000000
00000000
00000000
00000000
00000000
00000000
00000000
00000000
00000000
00000000
00000000
00000000
00000000
00000000
00000000
00000000
00000000
00000000
00000000
00000000
00000000
00000000
00000000
00000000
00000000
00000000
00000000
00000000
00000000
00000000
00000000
00000000
00000000
00000000
00000000
00000000
00000000
00000000
00000000
00000000
00000000
00000000
00000000
00000000
00000000
00000000
00000000
00000000
00000000
00000000
00000000
00000000
00000000
00000000
00000000
00000000
00000000
00000000
00000000
00000000
00000000
00000000
00000000
00000000
00000000
00000000
00000000
00000000
00000000
00000000
00000000
00000000
00000000
00000000
00000000
00000000
00000000
00000000
00000000
00000000
00000000
00000000
00000000
00000000
00000000
00000000
00000000
00000000
00000000
00000000
00000000
00000000
00000000
00000000
00000000
00000000
00000000
00000000
00000000
00000000
00000000
00000000
00000000
00000000
00000000
00000000
00000000
00000000
00000000
00000000
00000000
00000000
00000000
00000000
00000000
00000000
00000000
00000000
00000000
00000000
00000000
00000000
00000000
00000000
00000000
00000000
00000000
00000000
00000000
00000000
00000000
00000000
00000000
00000000
00000000
00000000
00000000
00000000
00000000
00000000
00000000
00000000
00000000
00000000
00000000
00000000
00000000
00000000
00000000
00000000
00000000
00000000
00000000
00000000
00000000
00000000
00000000
00000000
00000000
00000000
00000000
00000000
00000000
00000000
00000000
00000000
00000000
00000000
00000000
00000000
00000000
00000000
00000000
00000000
00000000
00000000
00000000
00000000
00000000
00000000
00000000
00000000
00000000
00000000
00000000
00000000
00000000
00000000
00000000
00000000
00000000
00000000
00000000
00000000
00000000
00000000
00000000
00000000
00000000
00000000
00000000
00000000
00000000
00000000
00000000
00000000
00000000
00000000
00000000
00000000
00000000
00000000
00000000
00000000
00000000
00000000
00000000
00000000
00000000
00000000
00000000
00000000
00000000
00000000
00000000
00000000
00000000
00000000
00000000
00000000
00000000
00000000
00000000
00000000
00000000
00000000
00000000
00000000
00000000
00000000
00000000
00000000
00000000
00000000
00000000
00000000
00000000
00000000
00000000
00000000
00000000
00000000
00000000
00000000
00000000
00000000
00000000
00000000
00000000
00000000
00000000
00000000
00000000
00000000
00000000
00000000
00000000
00000000
00000000
00000000
00000000
00000000
00000000
00000000
00000000
00000000
00000000
00000000
00000000
00000000
00000000
00000000
00000000
00000000
00000000
00000000
00000000
00000000
00000000
00000000
00000000
00000000
00000000
00000000
00000000
00000000
00000000
00000000
00000000
00000000
00000000
00000000
00000000
00000000
00000000
00000000
00000000
00000000
00000000
00000000
00000000
00000000
00000000
00000000
00000000
00000000
00000000
00000000
00000000
00000000
00000000
00000000
00000000
00000000
00000000
00000000
00000000
00000000
00000000
00000000
00000000
00000000
00000000
00000000
00000000
00000000
00000000
00000000
00000000
00000000
00000000
00000000
00000000
00000000
00000000
00000000
00000000
00000000
00000000
00000000
00000000
00000000
00000000
00000000
00000000
00000000
00000000
00000000
00000000
00000000
00000000
00000000
00000000
00000000
00000000
00000000
00000000
00000000
00000000
00000000
00000000
00000000
00000000
00000000
00000000
00000000
00000000
00000000
00000000
00000000
00000000
00000000
00000000
00000000
00000000
00000000
00000000
00000000
00000000
00000000
00000000
00000000
00000000
00000000
00000000
00000000
00000000
00000000
00000000
00000000
00000000
00000000
00000000
00000000
00000000
00000000
00000000
00000000
00000000
00000000
00000000
00000000
00000000
00000000
00000000
00000000
00000000
00000000
00000000
00000000
00000000
00000000
00000000
00000000
00000000
00000000
00000000
00000000
00000000
00000000
00000000
00000000
00000000
00000000
00000000
00000000
00000000
00000000
00000000
00000000
00000000
00000000
00000000
00000000
00000000
00000000
00000000
00000000
00000000
00000000
00000000
00000000
00000000
00000000
00000000
00000000
00000000
00000000
00000000
00000000
00000000
00000000
00000000
00000000
00000000
00000000
00000000
00000000
00000000
00000000
00000000
00000000
00000000
00000000
00000000
00000000
00000000
00000000
00000000
00000000
00000000
00000000
00000000
00000000
00000000
00000000
00000000
00000000
00000000
00000000
00000000
00000000
00000000
00000000
00000000
00000000
00000000
00000000
00000000
00000000
00000000
00000000
00000000
00000000
00000000
00000000
00000000
00000000
00000000
00000000
00000000
00000000
00000000
00000000
00000000
00000000
00000000
00000000
00000000
00000000
00000000
00000000
00000000
00000000
00000000
00000000
00000000
00000000
00000000
00000000
00000000
00000000
00000000
00000000
00000000
00000000
00000000
00000000
00000000
00000000
00000000
00000000
00000000
00000000
00000000
00000000
00000000
00000000
00000000
00000000
00000000
00000000
00000000
00000000
00000000
00000000
00000000
00000000
00000000
00000000
00000000
00000000
00000000
00000000
00000000
00000000
00000000
00000000
00000000
00000000
00000000
00000000
00000000
00000000
00000000
00000000
00000000
00000000
00000000
00000000
00000000
00000000
00000000
00000000
00000000
00000000
00000000
00000000
00000000
00000000
00000000
00000000
00000000
00000000
00000000
00000000
00000000
00000000
00000000
00000000
00000000
00000000
00000000
00000000
00000000
00000000
00000000
00000000
00000000
00000000
00000000
00000000
00000000
00000000
00000000
00000000
00000000
00000000
00000000
00000000
00000000
00000000
00000000
00000000
00000000
00000000
00000000
00000000
00000000
00000000
00000000
00000000
00000000
00000000
00000000
00000000
00000000
00000000
00000000
00000000
00000000
00000000
00000000
00000000
00000000
00000000
00000000
00000000
00000000
00000000
00000000
00000000
00000000
00000000
00000000
00000000
00000000
00000000
00000000
00000000
00000000
00000000
00000000
00000000
00000000
00000000
00000000
00000000
00000000
00000000
00000000
00000000
00000000
00000000
00000000
00000000
00000000
00000000
00000000
00000000
00000000
00000000
00000000
00000000
00000000
00000000
00000000
00000000
00000000
00000000
00000000
00000000
00000000
00000000
00000000
00000000
00000000
00000000
00000000
00000000
00000000
00000000
00000000
00000000
00000000
00000000
00000000
00000000
00000000
00000000
00000000
00000000
00000000
00000000
00000000
00000000
00000000
00000000
00000000
00000000
00000000
00000000
00000000
00000000
00000000
00000000
00000000
00000000
00000000
00000000
00000000
00000000
00000000
00000000
00000000
00000000
00000000
00000000
00000000
00000000
00000000
00000000
00000000
00000000
00000000
00000000
00000000
00000000
00000000
00000000
00000000
00000000
00000000
00000000
00000000
00000000
00000000
00000000
00000000
00000000
00000000
00000000
00000000
00000000
00000000
00000000
00000000
00000000
00000000
00000000
00000000
00000000
00000000
00000000
00000000
00000000
00000000
00000000
00000000
00000000
00000000
00000000
00000000
00000000
00000000
00000000
00000000
00000000
00000000
00000000
00000000
00000000
00000000
00000000
00000000
00000000
00000000
00000000
00000000
00000000
00000000
00000000
00000000
00000000
00000000
00000000
00000000
00000000
00000000
00000000
00000000
00000000
00000000
00000000
00000000
00000000
00000000
00000000
00000000
00000000
00000000
00000000
00000000
00000000
00000000
00000000
00000000
00000000
00000000
00000000
00000000
00000000
00000000
00000000
00000000
00000000
00000000
00000000
00000000
00000000
00000000
00000000
00000000
00000000
00000000
00000000
00000000
00000000
00000000
00000000
00000000
00000000
00000000
00000000
00000000
00000000
00000000
00000000
00000000
00000000
00000000
00000000
00000000
00000000
00000000
00000000
00000000
00000000
00000000
00000000
00000000
00000000
00000000
00000000
00000000
00000000
00000000
00000000
00000000
00000000
00000000
00000000
00000000
00000000
00000000
00000000
00000000
00000000
00000000
00000000
00000000
00000000
00000000
00000000
00000000
00000000
00000000
00000000
00000000
00000000
00000000
00000000
00000000
00000000
00000000
00000000
00000000
00000000
00000000
00000000
00000000
00000000
00000000
00000000
00000000
00000000
00000000
00000000
00000000
00000000
00000000
00000000
00000000
00000000
00000000
00000000
00000000
00000000
00000000
00000000
00000000
00000000
00000000
00000000
00000000
00000000
00000000
00000000
00000000
00000000
00000000
00000000
00000000
00000000
00000000
00000000
00000000
00000000
00000000
00000000
00000000
00000000
00000000
00000000
00000000
00000000
00000000
00000000
00000000
00000000
00000000
00000000
00000000
00000000
00000000
00000000
00000000
00000000
00000000
00000000
00000000
00000000
00000000
00000000
00000000
00000000
00000000
00000000
00000000
00000000
00000000
00000000
00000000
00000000
00000000
00000000
00000000
00000000
00000000
00000000
00000000
00000000
00000000
00000000
00000000
00000000
00000000
00000000
00000000
00000000
00000000
00000000
00000000
00000000
00000000
00000000
00000000
00000000
00000000
00000000
00000000
00000000
00000000
00000000
00000000
00000000
00000000
00000000
00000000
00000000
00000000
00000000
00000000
00000000
00000000
00000000
00000000
00000000
00000000
00000000
00000000
00000000
00000000
00000000
00000000
00000000
00000000
00000000
00000000
00000000
00000000
00000000
00000000
00000000
00000000
00000000
00000000
00000000
00000000
00000000
00000000
00000000
00000000
00000000
00000000
00000000
00000000
00000000
00000000
00000000
00000000
00000000
00000000
00000000
00000000
00000000
00000000
00000000
00000000
00000000
00000000
00000000
00000000
00000000
00000000
00000000
00000000
00000000
00000000
00000000
00000000
00000000
00000000
00000000
00000000
00000000
00000000
00000000
00000000
00000000
00000000
00000000
00000000
00000000
00000000
00000000
00000000
00000000
00000000
00000000
00000000
00000000
00000000
00000000
00000000
00000000
00000000
00000000
00000000
00000000
00000000
00000000
00000000
00000000
00000000
00000000
00000000
00000000
00000000
00000000
00000000
00000000
00000000
00000000
00000000
00000000
00000000
00000000
00000000
00000000
00000000
00000000
00000000
00000000
00000000
00000000
00000000
00000000
00000000
00000000
00000000
00000000
00000000
00000000
00000000
00000000
00000000
00000000
00000000
00000000
00000000
00000000
00000000
00000000
00000000
00000000
00000000
00000000
00000000
00000000
00000000
00000000
00000000
00000000
00000000
00000000
00000000
00000000
00000000
00000000
00000000
00000000
00000000
00000000
00000000
00000000
00000000
00000000
00000000
00000000
00000000
00000000
00000000
00000000
00000000
00000000
00000000
00000000
00000000
00000000
00000000
00000000
00000000
00000000
00000000
00000000
00000000
00000000
00000000
00000000
00000000
00000000
00000000
00000000
00000000
00000000
00000000
00000000
00000000
00000000
00000000
00000000
00000000
00000000
00000000
00000000
00000000
00000000
00000000
00000000
00000000
00000000
00000000
00000000
00000000
00000000
00000000
00000000
00000000
00000000
00000000
00000000
00000000
00000000
00000000
00000000
00000000
00000000
00000000
00000000
00000000
00000000
00000000
00000000
00000000
00000000
00000000
00000000
00000000
00000000
00000000
00000000
00000000
00000000
00000000
00000000
00000000
00000000
00000000
00000000
00000000
00000000
00000000
00000000
00000000
00000000
00000000
00000000
00000000
00000000
00000000
00000000
00000000
00000000
00000000
00000000
00000000
00000000
00000000
00000000
00000000
00000000
00000000
00000000
00000000
00000000
00000000
00000000
00000000
00000000
00000000
00000000
00000000
00000000
00000000
00000000
00000000
00000000
00000000
00000000
00000000
00000000
00000000
00000000
00000000
00000000
00000000
00000000
00000000
00000000
00000000
00000000
00000000
00000000
00000000
00000000
00000000
00000000
00000000
00000000
00000000
00000000
00000000
00000000
00000000
00000000
00000000
00000000
00000000
00000000
00000000
00000000
00000000
00000000
00000000
00000000
00000000
00000000
00000000
00000000
00000000
00000000
00000000
00000000
00000000
00000000
00000000
00000000
00000000
00000000
00000000
00000000
00000000
00000000
00000000
00000000
00000000
00000000
00000000
00000000
00000000
00000000
00000000
00000000
00000000
00000000
00000000
00000000
00000000
00000000
00000000
00000000
00000000
00000000
00000000
00000000
00000000
00000000
00000000
00000000
00000000
00000000
00000000
00000000
00000000
00000000
00000000
00000000
00000000
00000000
00000000
00000000
00000000
00000000
00000000
00000000
00000000
00000000
00000000
00000000
00000000
00000000
00000000
00000000
00000000
00000000
00000000
00000000
00000000
00000000
00000000
00000000
00000000
00000000
00000000
00000000
00000000
00000000
00000000
00000000
00000000
00000000
00000000
00000000
00000000
00000000
00000000
00000000
00000000
00000000
00000000
00000000
00000000
00000000
00000000
00000000
00000000
00000000
00000000
00000000
00000000
00000000
00000000
00000000
00000000
00000000
00000000
00000000
00000000
00000000
00000000
00000000
00000000
00000000
00000000
00000000
00000000
00000000
00000000
00000000
00000000
00000000
00000000
00000000
00000000
00000000
00000000
00000000
00000000
00000000
00000000
00000000
00000000
00000000
00000000
00000000
00000000
00000000
00000000
00000000
00000000
00000000
00000000
00000000
00000000
00000000
00000000
00000000
00000000
00000000
00000000
00000000
00000000
00000000
00000000
00000000
00000000
00000000
00000000
00000000
00000000
00000000
00000000
00000000
00000000
00000000
00000000
00000000
00000000
00000000
00000000
00000000
00000000
00000000
00000000
00000000
00000000
00000000
00000000
00000000
00000000
00000000
00000000
00000000
00000000
00000000
00000000
00000000
00000000
00000000
00000000
00000000
00000000
00000000
00000000
00000000
00000000
00000000
00000000
00000000
00000000
00000000
00000000
00000000
00000000
00000000
00000000
00000000
00000000
00000000
00000000
00000000
00000000
00000000
00000000
00000000
00000000
00000000
00000000
00000000
00000000
00000000
00000000
00000000
00000000
00000000
00000000
00000000
00000000
00000000
00000000
00000000
00000000
00000000
00000000
00000000
00000000
00000000
00000000
00000000
00000000
00000000
00000000
00000000
00000000
00000000
00000000
00000000
00000000
00000000
00000000
00000000
00000000
00000000
00000000
00000000
00000000
00000000
00000000
00000000
00000000
00000000
00000000
00000000
00000000
00000000
00000000
00000000
00000000
00000000
00000000
00000000
00000000
00000000
00000000
00000000
00000000
00000000
00000000
00000000
00000000
00000000
00000000
00000000
00000000
00000000
00000000
00000000
00000000
00000000
00000000
00000000
00000000
00000000
00000000
00000000
00000000
00000000
00000000
00000000
00000000
00000000
00000000
00000000
00000000
00000000
00000000
00000000
00000000
00000000
00000000
00000000
00000000
00000000
00000000
00000000
00000000
00000000
00000000
00000000
00000000
00000000
00000000
00000000
00000000
00000000
00000000
00000000
00000000
00000000
00000000
00000000
00000000
00000000
00000000
00000000
00000000
00000000
00000000
00000000
00000000
00000000
00000000
00000000
00000000
00000000
00000000
00000000
00000000
00000000
00000000
00000000
00000000
00000000
00000000
00000000
00000000
00000000
00000000
00000000
00000000
00000000
00000000
00000000
00000000
00000000
00000000
00000000
00000000
00000000
00000000
00000000
00000000
00000000
00000000
00000000
00000000
00000000
00000000
00000000
00000000
00000000
00000000
00000000
00000000
00000000
00000000
00000000
00000000
00000000
00000000
00000000
00000000
00000000
00000000
00000000
00000000
00000000
00000000
00000000
00000000
00000000
00000000
00000000
00000000
00000000
00000000
00000000
00000000
00000000
00000000
00000000
00000000
00000000
00000000
00000000
00000000
00000000
00000000
00000000
00000000
00000000
00000000
00000000
00000000
00000000
00000000
00000000
00000000
00000000
00000000
00000000
00000000
00000000
00000000
00000000
00000000
00000000
00000000
00000000
00000000
00000000
00000000
00000000
00000000
00000000
00000000
00000000
00000000
00000000
00000000
00000000
00000000
00000000
00000000
00000000
00000000
00000000
00000000
00000000
00000000
00000000
00000000
00000000
00000000
00000000
00000000
00000000
00000000
00000000
00000000
00000000
00000000
00000000
00000000
00000000
00000000
00000000
00000000
00000000
00000000
00000000
00000000
00000000
00000000
00000000
00000000
00000000
00000000
00000000
00000000
00000000
00000000
00000000
00000000
00000000
00000000
00000000
00000000
00000000
00000000
00000000
00000000
00000000
00000000
00000000
00000000
00000000
00000000
00000000
00000000
00000000
00000000
00000000
00000000
00000000
00000000
00000000
00000000
00000000
00000000
00000000
00000000
00000000
00000000
00000000
00000000
00000000
00000000
00000000
00000000
00000000
00000000
00000000
00000000
00000000
00000000
00000000
00000000
00000000
00000000
00000000
00000000
00000000
00000000
00000000
00000000
00000000
00000000
00000000
00000000
00000000
00000000
00000000
00000000
00000000
00000000
00000000
00000000
00000000
00000000
00000000
00000000
00000000
00000000
00000000
00000000
00000000
00000000
00000000
00000000
00000000
00000000
00000000
00000000
00000000
00000000
00000000
00000000
00000000
00000000
00000000
00000000
00000000
00000000
00000000
00000000
00000000
00000000
00000000
00000000
00000000
00000000
00000000
00000000
00000000
00000000
00000000
00000000
00000000
00000000
00000000
00000000
00000000
00000000
00000000
00000000
00000000
00000000
00000000
00000000
00000000
00000000
00000000
00000000
00000000
00000000
00000000
00000000
00000000
00000000
00000000
00000000
00000000
00000000
00000000
00000000
00000000
00000000
00000000
00000000
00000000
00000000
00000000
00000000
00000000
00000000
00000000
00000000
00000000
00000000
00000000
00000000
00000000
00000000
00000000
00000000
00000000
00000000
00000000
00000000
00000000
00000000
00000000
00000000
00000000
00000000
00000000
00000000
00000000
00000000
00000000
00000000
00000000
00000000
00000000
00000000
00000000
00000000
00000000
00000000
00000000
00000000
00000000
00000000
00000000
00000000
00000000
00000000
00000000
00000000
00000000
00000000
00000000
00000000
00000000
00000000
00000000
00000000
00000000
00000000
00000000
00000000
00000000
00000000
00000000
00000000
00000000
00000000
00000000
00000000
00000000
00000000
00000000
00000000
00000000
00000000
00000000
00000000
00000000
00000000
00000000
00000000
00000000
00000000
00000000
00000000
00000000
00000000
00000000
00000000
00000000
00000000
00000000
00000000
00000000
00000000
00000000
00000000
00000000
00000000
00000000
00000000
00000000
00000000
00000000
00000000
00000000
00000000
00000000
00000000
00000000
00000000
00000000
00000000
00000000
00000000
00000000
00000000
00000000
00000000
00000000
00000000
00000000
00000000
00000000
00000000
00000000
00000000
00000000
00000000
00000000
00000000
00000000
00000000
00000000
00000000
00000000
00000000
00000000
00000000
00000000
00000000
00000000
00000000
00000000
00000000
00000000
00000000
00000000
00000000
00000000
00000000
00000000
00000000
00000000
00000000
00000000
00000000
00000000
00000000
00000000
00000000
00000000
00000000
00000000
00000000
00000000
00000000
00000000
00000000
00000000
00000000
00000000
00000000
00000000
00000000
00000000
00000000
00000000
00000000
00000000
00000000
00000000
00000000
00000000
00000000
00000000
00000000
00000000
00000000
00000000
00000000
00000000
00000000
00000000
00000000
00000000
00000000
00000000
00000000
00000000
00000000
00000000
00000000
00000000
00000000
00000000
00000000
00000000
00000000
00000000
00000000
00000000
00000000
00000000
00000000
00000000
00000000
00000000
00000000
00000000
00000000
00000000
00000000
00000000
00000000
00000000
00000000
00000000
00000000
00000000
00000000
00000000
00000000
00000000
00000000
00000000
00000000
00000000
00000000
00000000
00000000
00000000
00000000
00000000
00000000
00000000
00000000
00000000
00000000
00000000
00000000
00000000
00000000
00000000
00000000
00000000
00000000
00000000
00000000
00000000
00000000
00000000
00000000
00000000
00000000
00000000
00000000
00000000
00000000
00000000
00000000
00000000
00000000
00000000
00000000
00000000
00000000
00000000
00000000
00000000
00000000
00000000
00000000
00000000
00000000
00000000
00000000
00000000
00000000
00000000
00000000
00000000
00000000
00000000
00000000
00000000
00000000
00000000
00000000
00000000
00000000
00000000
00000000
00000000
00000000
00000000
00000000
00000000
00000000
00000000
00000000
00000000
00000000
00000000
00000000
00000000
00000000
00000000
00000000
00000000
00000000
00000000
00000000
00000000
00000000
00000000
00000000
00000000
00000000
00000000
00000000
00000000
00000000
00000000
00000000
00000000
00000000
00000000
00000000
00000000
00000000
00000000
00000000
00000000
00000000
00000000
00000000
00000000
00000000
00000000
00000000
00000000
00000000
00000000
00000000
00000000
00000000
00000000
00000000
00000000
00000000
00000000
00000000
00000000
00000000
00000000
00000000
00000000
00000000
00000000
00000000
00000000
00000000
00000000
00000000
00000000
00000000
00000000
00000000
00000000
00000000
00000000
00000000
00000000
00000000
00000000
00000000
00000000
00000000
00000000
00000000
00000000
00000000
00000000
00000000
00000000
00000000
00000000
00000000
00000000
00000000
00000000
00000000
00000000
00000000
00000000
00000000
00000000
00000000
00000000
00000000
00000000
00000000
00000000
00000000
00000000
00000000
00000000
00000000
00000000
00000000
00000000
00000000
00000000
00000000
00000000
00000000
00000000
00000000
00000000
00000000
00000000
00000000
00000000
00000000
00000000
00000000
00000000
00000000
00000000
00000000
00000000
00000000
00000000
00000000
00000000
00000000
00000000
00000000
00000000
00000000
00000000
00000000
00000000
00000000
00000000
00000000
00000000
00000000
00000000
00000000
00000000
00000000
00000000
00000000
00000000
00000000
00000000
00000000
00000000
00000000
00000000
00000000
00000000
00000000
00000000
00000000
00000000
00000000
00000000
00000000
00000000
00000000
00000000
00000000
00000000
00000000
00000000
00000000
00000000
00000000
00000000
00000000
00000000
00000000
00000000
00000000
00000000
00000000
00000000
00000000
00000000
00000000
00000000
00000000
00000000
00000000
00000000
00000000
00000000
00000000
00000000
00000000
00000000
00000000
00000000
00000000
00000000
00000000
00000000
00000000
00000000
00000000
00000000
00000000
00000000
00000000
00000000
00000000
00000000
00000000
00000000
00000000
00000000
00000000
00000000
00000000
00000000
00000000
00000000
00000000
00000000
00000000
00000000
00000000
00000000
00000000
00000000
00000000
00000000
00000000
00000000
00000000
00000000
00000000
00000000
00000000
00000000
00000000
00000000
00000000
00000000
00000000
00000000
00000000
00000000
00000000
00000000
00000000
00000000
00000000
00000000
00000000
00000000
00000000
00000000
00000000
00000000
00000000
00000000
00000000
00000000
00000000
00000000
00000000
00000000
00000000
00000000
00000000
00000000
00000000
00000000
00000000
00000000
00000000
00000000
00000000
00000000
00000000
00000000
00000000
00000000
00000000
00000000
00000000
00000000
00000000
00000000
00000000
00000000
00000000
00000000
00000000
00000000
00000000
00000000
00000000
00000000
00000000
00000000
00000000
00000000
00000000
00000000
00000000
00000000
00000000
00000000
00000000
00000000
00000000
00000000
00000000
00000000
00000000
00000000
00000000
00000000
00000000
00000000
00000000
00000000
00000000
00000000
00000000
00000000
00000000
00000000
00000000
00000000
00000000
00000000
00000000
00000000
00000000
00000000
00000000
00000000
00000000
00000000
00000000
00000000
00000000
00000000
00000000
00000000
00000000
00000000
00000000
00000000
00000000
00000000
00000000
00000000
00000000
00000000
00000000
00000000
00000000
00000000
00000000
00000000
00000000
00000000
00000000
00000000
00000000
00000000
00000000
00000000
00000000
00000000
00000000
00000000
00000000
00000000
00000000
00000000
00000000
00000000
00000000
00000000
00000000
00000000
00000000
00000000
00000000
00000000
00000000
00000000
00000000
00000000
00000000
00000000
00000000
00000000
00000000
00000000
00000000
00000000
00000000
00000000
00000000
00000000
00000000
00000000
00000000
00000000
00000000
00000000
00000000
00000000
00000000
00000000
00000000
00000000
00000000
00000000
00000000
00000000
00000000
00000000
00000000
00000000
00000000
00000000
00000000
00000000
00000000
00000000
00000000
00000000
00000000
00000000
00000000
00000000
00000000
00000000
00000000
00000000
00000000
00000000
00000000
00000000
00000000
00000000
00000000
00000000
00000000
00000000
00000000
00000000
00000000
00000000
00000000
00000000
00000000
00000000
00000000
00000000
00000000
00000000
00000000
00000000
00000000
00000000
00000000
00000000
00000000
00000000
00000000
00000000
00000000
00000000
00000000
00000000
00000000
00000000
00000000
00000000
00000000
00000000
00000000
00000000
00000000
00000000
00000000
00000000
00000000
00000000
00000000
00000000
00000000
00000000
00000000
00000000
00000000
00000000
00000000
00000000
00000000
00000000
00000000
00000000
00000000
00000000
00000000
00000000
00000000
00000000
00000000
00000000
00000000
00000000
00000000
00000000
00000000
00000000
00000000
00000000
00000000
00000000
00000000
00000000
00000000
00000000
00000000
00000000
00000000
00000000
00000000
00000000
00000000
00000000
00000000
00000000
00000000
00000000
00000000
00000000
00000000
00000000
00000000
00000000
00000000
00000000
00000000
00000000
00000000
00000000
00000000
00000000
00000000
00000000
00000000
00000000
00000000
00000000
00000000
00000000
00000000
00000000
00000000
00000000
00000000
00000000
00000000
00000000
00000000
00000000
00000000
00000000
00000000
00000000
00000000
00000000
00000000
00000000
00000000
00000000
00000000
00000000
00000000
00000000
00000000
00000000
00000000
00000000
00000000
00000000
00000000
00000000
00000000
00000000
00000000
00000000
00000000
00000000
00000000
00000000
00000000
00000000
00000000
00000000
00000000
00000000
00000000
00000000
00000000
00000000
00000000
00000000
00000000
00000000
00000000
00000000
00000000
00000000
00000000
00000000
00000000
00000000
00000000
00000000
00000000
00000000
00000000
00000000
00000000
00000000
00000000
00000000
00000000
00000000
00000000
00000000
00000000
00000000
00000000
00000000
00000000
00000000
00000000
00000000
00000000
00000000
00000000
00000000
00000000
00000000
00000000
00000000
00000000
00000000
00000000
00000000
00000000
00000000
00000000
00000000
00000000
00000000
00000000
00000000
00000000
00000000
00000000
00000000
00000000
00000000
00000000
00000000
00000000
00000000
00000000
00000000
00000000
00000000
00000000
00000000
00000000
00000000
00000000
00000000
00000000
00000000
00000000
00000000
00000000
00000000
00000000
00000000
00000000
00000000
00000000
00000000
00000000
00000000
00000000
00000000
00000000
00000000
00000000
00000000
00000000
00000000
00000000
00000000
00000000
00000000
00000000
00000000
00000000
00000000
00000000
00000000
00000000
00000000
00000000
00000000
00000000
00000000
00000000
00000000
00000000
00000000
00000000
00000000
00000000
00000000
00000000
00000000
00000000
00000000
00000000
00000000
00000000
00000000
00000000
00000000
00000000
00000000
00000000
00000000
00000000
00000000
00000000
00000000
00000000
00000000
00000000
00000000
00000000
00000000
00000000
00000000
00000000
00000000
00000000
00000000
00000000
00000000
00000000
00000000
00000000
00000000
00000000
00000000
00000000
00000000
00000000
00000000
00000000
00000000
00000000
00000000
00000000
00000000
00000000
00000000
00000000
00000000
00000000
00000000
00000000
00000000
00000000
00000000
00000000
00000000
00000000
00000000
00000000
00000000
00000000
00000000
00000000
00000000
00000000
00000000
00000000
00000000
00000000
00000000
00000000
00000000
00000000
00000000
00000000
00000000
00000000
00000000
00000000
00000000
00000000
00000000
00000000
00000000
00000000
00000000
00000000
00000000
00000000
00000000
00000000
00000000
00000000
00000000
00000000
00000000
00000000
00000000
00000000
00000000
00000000
00000000
00000000
00000000
00000000
00000000
00000000
00000000
00000000
00000000
00000000
00000000
00000000
00000000
00000000
00000000
00000000
00000000
00000000
00000000
00000000
00000000
00000000
00000000
00000000
00000000
00000000
00000000
00000000
00000000
00000000
00000000
00000000
00000000
00000000
00000000
00000000
00000000
00000000
00000000
00000000
00000000
00000000
00000000
00000000
00000000
00000000
00000000
00000000
00000000
00000000
00000000
00000000
00000000
00000000
00000000
00000000
00000000
00000000
00000000
00000000
00000000
00000000
00000000
00000000
00000000
00000000
00000000
00000000
00000000
00000000
00000000
00000000
00000000
00000000
00000000
00000000
00000000
00000000
00000000
00000000
00000000
00000000
00000000
00000000
00000000
00000000
00000000
00000000
00000000
00000000
00000000
00000000
00000000
00000000
00000000
00000000
00000000
00000000
00000000
00000000
00000000
00000000
00000000
00000000
00000000
00000000
00000000
00000000
00000000
00000000
00000000
00000000
00000000
00000000
00000000
00000000
00000000
00000000
00000000
00000000
00000000
00000000
00000000
00000000
00000000
00000000
00000000
00000000
00000000
00000000
00000000
00000000
00000000
00000000
00000000
00000000
00000000
00000000
00000000
00000000
00000000
00000000
00000000
00000000
00000000
00000000
00000000
00000000
00000000
00000000
00000000
00000000
00000000
00000000
00000000
00000000
00000000
00000000
00000000
00000000
00000000
00000000
00000000
00000000
00000000
00000000
00000000
00000000
00000000
00000000
00000000
00000000
00000000
00000000
00000000
00000000
00000000
00000000
00000000
00000000
00000000
00000000
00000000
00000000
00000000
00000000
00000000
00000000
00000000
00000000
00000000
00000000
00000000
00000000
00000000
00000000
00000000
00000000
00000000
00000000
00000000
00000000
00000000
00000000
00000000
00000000
00000000
00000000
00000000
00000000
00000000
00000000
00000000
00000000
00000000
00000000
00000000
00000000
00000000
00000000
00000000
00000000
00000000
00000000
00000000
00000000
00000000
00000000
00000000
00000000
00000000
00000000
00000000
00000000
00000000
00000000
00000000
00000000
00000000
00000000
00000000
00000000
00000000
00000000
00000000
00000000
00000000
00000000
00000000
00000000
00000000
00000000
00000000
00000000
00000000
00000000
00000000
00000000
00000000
00000000
00000000
00000000
00000000
00000000
00000000
00000000
00000000
00000000
00000000
00000000
00000000
00000000
00000000
00000000
00000000
00000000
00000000
00000000
00000000
00000000
00000000
00000000
00000000
00000000
00000000
00000000
00000000
00000000
00000000
00000000
00000000
00000000
00000000
00000000
00000000
00000000
00000000
00000000
00000000
00000000
00000000
00000000
00000000
00000000
00000000
00000000
00000000
00000000
00000000
00000000
00000000
00000000
00000000
00000000
00000000
00000000
00000000
00000000
00000000
00000000
00000000
00000000
00000000
00000000
00000000
00000000
00000000
00000000
00000000
00000000
00000000
00000000
00000000
00000000
00000000
00000000
00000000
00000000
00000000
00000000
00000000
00000000
00000000
00000000
00000000
00000000
00000000
00000000
00000000
00000000
00000000
00000000
00000000
00000000
00000000
00000000
00000000
00000000
00000000
00000000
00000000
00000000
00000000
00000000
00000000
00000000
00000000
00000000
00000000
00000000
00000000
00000000
00000000
00000000
00000000
00000000
00000000
00000000
00000000
00000000
00000000
00000000
00000000
00000000
00000000
00000000
00000000
00000000
00000000
00000000
00000000
00000000
00000000
00000000
00000000
00000000
00000000
00000000
00000000
00000000
00000000
00000000
00000000
00000000
00000000
00000000
00000000
00000000
00000000
00000000
00000000
00000000
00000000
00000000
00000000
00000000
00000000
00000000
00000000
00000000
00000000
00000000
00000000
00000000
00000000
00000000
00000000
00000000
00000000
00000000
00000000
00000000
00000000
00000000
00000000
00000000
00000000
00000000
00000000
00000000
00000000
00000000
00000000
00000000
00000000
00000000
00000000
00000000
00000000
00000000
00000000
00000000
00000000
00000000
00000000
00000000
00000000
00000000
00000000
00000000
00000000
00000000
00000000
00000000
00000000
00000000
00000000
00000000
00000000
00000000
00000000
00000000
00000000
00000000
00000000
00000000
00000000
00000000
00000000
00000000
00000000
00000000
00000000
00000000
00000000
00000000
00000000
00000000
00000000
00000000
00000000
00000000
00000000
00000000
00000000
00000000
00000000
00000000
00000000
00000000
00000000
00000000
00000000
00000000
00000000
00000000
00000000
00000000
00000000
00000000
00000000
00000000
00000000
00000000
00000000
00000000
00000000
00000000
00000000
00000000
00000000
00000000
00000000
00000000
00000000
00000000
00000000
00000000
00000000
00000000
00000000
00000000
00000000
00000000
00000000
00000000
00000000
00000000
00000000
00000000
00000000
00000000
00000000
00000000
00000000
00000000
00000000
00000000
00000000
00000000
00000000
00000000
00000000
00000000
00000000
00000000
00000000
00000000
00000000
00000000
00000000
00000000
00000000
00000000
00000000
00000000
00000000
00000000
00000000
00000000
00000000
00000000
00000000
00000000
00000000
00000000
00000000
00000000
00000000
00000000
00000000
00000000
00000000
00000000
00000000
00000000
00000000
00000000
00000000
00000000
00000000
00000000
00000000
00000000
00000000
00000000
00000000
00000000
00000000
00000000
00000000
00000000
00000000
00000000
00000000
00000000
00000000
00000000
00000000
00000000
00000000
00000000
00000000
00000000
00000000
00000000
00000000
00000000
00000000
00000000
00000000
00000000
00000000
00000000
00000000
00000000
00000000
00000000
00000000
00000000
00000000
00000000
00000000
00000000
00000000
00000000
00000000
00000000
00000000
00000000
00000000
00000000
00000000
00000000
00000000
00000000
00000000
00000000
00000000
00000000
00000000
00000000
00000000
00000000
00000000
00000000
00000000
00000000
00000000
00000000
00000000
00000000
00000000
00000000
00000000
00000000
00000000
00000000
00000000
00000000
00000000
00000000
00000000
00000000
00000000
00000000
00000000
00000000
00000000
00000000
00000000
00000000
00000000
00000000
00000000
00000000
00000000
00000000
00000000
00000000
00000000
00000000
00000000
00000000
00000000
00000000
00000000
00000000
00000000
00000000
00000000
00000000
00000000
00000000
00000000
00000000
00000000
00000000
00000000
00000000
00000000
00000000
00000000
00000000
00000000
00000000
00000000
00000000
00000000
00000000
00000000
00000000
00000000
00000000
00000000
00000000
00000000
00000000
00000000
00000000
00000000
00000000
00000000
00000000
00000000
00000000
00000000
00000000
00000000
00000000
00000000
00000000
00000000
00000000
00000000
00000000
00000000
00000000
00000000
00000000
00000000
00000000
00000000
00000000
00000000
00000000
00000000
00000000
00000000
00000000
00000000
00000000
00000000
00000000
00000000
00000000
00000000
00000000
00000000
00000000
00000000
00000000
00000000
00000000
00000000
00000000
00000000
00000000
00000000
00000000
00000000
00000000
00000000
00000000
00000000
00000000
00000000
00000000
00000000
00000000
00000000
00000000
00000000
00000000
00000000
00000000
00000000
00000000
00000000
00000000
00000000
00000000
00000000
00000000
00000000
00000000
00000000
00000000
00000000
00000000
00000000
00000000
00000000
00000000
00000000
00000000
00000000
00000000
00000000
00000000
00000000
00000000
00000000
00000000
00000000
00000000
00000000
00000000
00000000
00000000
00000000
00000000
00000000
00000000
00000000
00000000
00000000
00000000
00000000
00000000
00000000
00000000
00000000
00000000
00000000
00000000
00000000
00000000
00000000
00000000
00000000
00000000
00000000
00000000
00000000
00000000
00000000
00000000
00000000
00000000
00000000
00000000
00000000
00000000
00000000
00000000
00000000
00000000
00000000
00000000
00000000
00000000
00000000
00000000
00000000
00000000
00000000
00000000
00000000
00000000
00000000
00000000
00000000
00000000
00000000
00000000
00000000
00000000
00000000
00000000
00000000
00000000
00000000
00000000
00000000
00000000
00000000
00000000
00000000
00000000
00000000
00000000
00000000
00000000
00000000
00000000
00000000
00000000
00000000
00000000
00000000
00000000
00000000
00000000
00000000
00000000
00000000
00000000
00000000
00000000
00000000
00000000
00000000
00000000
00000000
00000000
00000000
00000000
00000000
00000000
00000000
00000000
00000000
00000000
00000000
00000000
00000000
00000000
00000000
00000000
00000000
00000000
00000000
00000000
00000000
00000000
00000000
00000000
00000000
00000000
00000000
00000000
00000000
00000000
00000000
00000000
00000000
00000000
00000000
00000000
00000000
00000000
00000000
00000000
00000000
00000000
00000000
00000000
00000000
00000000
00000000
00000000
00000000
00000000
00000000
00000000
00000000
00000000
00000000
00000000
00000000
00000000
00000000
00000000
00000000
00000000
00000000
00000000
00000000
00000000
00000000
00000000
00000000
00000000
00000000
00000000
00000000
00000000
00000000
00000000
00000000
00000000
00000000
00000000
00000000
00000000
00000000
00000000
00000000
00000000
00000000
00000000
00000000
00000000
00000000
00000000
00000000
00000000
00000000
00000000
00000000
00000000
00000000
00000000
00000000
00000000
00000000
00000000
00000000
00000000
00000000
00000000
00000000
00000000
00000000
00000000
00000000
00000000
00000000
00000000
00000000
00000000
00000000
00000000
00000000
00000000
00000000
00000000
00000000
00000000
00000000
00000000
00000000
00000000
00000000
00000000
00000000
00000000
00000000
00000000
00000000
00000000
00000000
00000000
00000000
00000000
00000000
00000000
00000000
00000000
00000000
00000000
00000000
00000000
00000000
00000000
00000000
00000000
00000000
00000000
00000000
00000000
00000000
00000000
00000000
00000000
00000000
00000000
00000000
00000000
00000000
00000000
00000000
00000000
00000000
00000000
00000000
00000000
00000000
00000000
00000000
00000000
00000000
00000000
00000000
00000000
00000000
00000000
00000000
00000000
00000000
00000000
00000000
00000000
00000000
00000000
00000000
00000000
00000000
00000000
00000000
00000000
00000000
00000000
00000000
00000000
00000000
00000000
00000000
00000000
00000000
00000000
00000000
00000000
00000000
00000000
00000000
00000000
00000000
00000000
00000000
00000000
00000000
00000000
00000000
00000000
00000000
00000000
00000000
00000000
00000000
00000000
00000000
00000000
00000000
00000000
00000000
00000000
00000000
00000000
00000000
00000000
00000000
00000000
00000000
00000000
00000000
00000000
00000000
00000000
00000000
00000000
00000000
00000000
00000000
00000000
00000000
00000000
00000000
00000000
00000000
00000000
00000000
00000000
00000000
00000000
00000000
00000000
00000000
00000000
00000000
00000000
00000000
00000000
00000000
00000000
00000000
00000000
00000000
00000000
00000000
00000000
00000000
00000000
00000000
00000000
00000000
00000000
00000000
00000000
00000000
00000000
00000000
00000000
00000000
00000000
00000000
00000000
00000000
00000000
00000000
00000000
00000000
00000000
00000000
00000000
00000000
00000000
00000000
00000000
00000000
00000000
00000000
00000000
00000000
00000000
00000000
00000000
00000000
00000000
00000000
00000000
00000000
00000000
00000000
00000000
00000000
00000000
00000000
00000000
00000000
00000000
00000000
00000000
00000000
00000000
00000000
00000000
00000000
00000000
00000000
00000000
00000000
00000000
00000000
00000000
00000000
00000000
00000000
00000000
00000000
00000000
00000000
00000000
00000000
00000000
00000000
00000000
00000000
00000000
00000000
00000000
00000000
00000000
00000000
00000000
00000000
00000000
00000000
00000000
00000000
00000000
00000000
00000000
00000000
00000000
00000000
00000000
00000000
00000000
00000000
00000000
00000000
00000000
00000000
00000000
00000000
00000000
00000000
00000000
00000000
00000000
00000000
00000000
00000000
00000000
00000000
00000000
00000000
00000000
00000000
00000000
00000000
00000000
00000000
00000000
00000000
00000000
00000000
00000000
00000000
00000000
00000000
00000000
00000000
00000000
00000000
00000000
00000000
00000000
00000000
00000000
00000000
00000000
00000000
00000000
00000000
00000000
00000000
00000000
00000000
00000000
00000000
00000000
00000000
00000000
00000000
00000000
00000000
00000000
00000000
00000000
00000000
00000000
00000000
00000000
00000000
00000000
00000000
00000000
00000000
00000000
00000000
00000000
00000000
00000000
00000000
00000000
00000000
00000000
00000000
00000000
00000000
00000000
00000000
00000000
00000000
00000000
00000000
00000000
00000000
00000000
00000000
00000000
00000000
00000000
00000000
00000000
00000000
00000000
00000000
00000000
00000000
00000000
00000000
00000000
00000000
00000000
00000000
00000000
00000000
00000000
00000000
00000000
00000000
00000000
00000000
00000000
00000000
00000000
00000000
00000000
00000000
00000000
00000000
00000000
00000000
00000000
00000000
00000000
00000000
00000000
00000000
00000000
00000000
00000000
00000000
00000000
00000000
00000000
00000000
00000000
00000000
00000000
00000000
00000000
00000000
00000000
00000000
00000000
00000000
00000000
00000000
00000000
00000000
00000000
00000000
00000000
00000000
00000000
00000000
00000000
00000000
00000000
00000000
00000000
00000000
00000000
00000000
00000000
00000000
00000000
00000000
00000000
00000000
00000000
00000000
00000000
00000000
00000000
00000000
00000000
00000000
00000000
00000000
00000000
00000000
00000000
00000000
00000000
00000000
00000000
00000000
00000000
00000000
00000000
00000000
00000000
00000000
00000000
00000000
00000000
00000000
00000000
00000000
00000000
00000000
00000000
00000000
00000000
00000000
00000000
00000000
00000000
00000000
00000000
00000000
00000000
00000000
00000000
00000000
00000000
00000000
00000000
00000000
00000000
00000000
00000000
00000000
00000000
00000000
00000000
00000000
00000000
00000000
00000000
00000000
00000000
00000000
00000000
00000000
00000000
00000000
00000000
00000000
00000000
00000000
00000000
00000000
00000000
00000000
00000000
00000000
00000000
00000000
00000000
00000000
00000000
00000000
00000000
00000000
00000000
00000000
00000000
00000000
00000000
00000000
00000000
00000000
00000000
00000000
00000000
00000000
00000000
00000000
00000000
00000000
00000000
00000000
00000000
00000000
00000000
00000000
00000000
00000000
00000000
00000000
00000000
00000000
00000000
00000000
00000000
00000000
00000000
00000000
00000000
00000000
00000000
00000000
00000000
00000000
00000000
00000000
00000000
00000000
00000000
00000000
00000000
00000000
00000000
00000000
00000000
00000000
00000000
00000000
00000000
00000000
00000000
00000000
00000000
00000000
00000000
00000000
00000000
00000000
00000000
00000000
00000000
00000000
00000000
00000000
00000000
00000000
00000000
00000000
00000000
00000000
00000000
00000000
00000000
00000000
00000000
00000000
00000000
00000000
00000000
00000000
00000000
00000000
00000000
00000000
00000000
00000000
00000000
00000000
00000000
00000000
00000000
00000000
00000000
00000000
00000000
00000000
00000000
00000000
00000000
00000000
00000000
00000000
00000000
00000000
00000000
00000000
00000000
00000000
00000000
00000000
00000000
00000000
00000000
00000000
00000000
00000000
00000000
00000000
00000000
00000000
00000000
00000000
00000000
00000000
00000000
00000000
00000000
00000000
00000000
00000000
00000000
00000000
00000000
00000000
00000000
00000000
00000000
00000000
00000000
00000000
00000000
00000000
00000000
00000000
00000000
00000000
00000000
00000000
00000000
00000000
00000000
00000000
00000000
00000000
00000000
00000000
00000000
00000000
00000000
00000000
00000000
00000000
00000000
00000000
00000000
00000000
00000000
00000000
00000000
00000000
00000000
00000000
00000000
00000000
00000000
00000000
00000000
00000000
00000000
00000000
00000000
00000000
00000000
00000000
00000000
00000000
00000000
00000000
00000000
00000000
00000000
00000000
00000000
00000000
00000000
00000000
00000000
00000000
00000000
00000000
00000000
00000000
00000000
00000000
00000000
00000000
00000000
00000000
00000000
00000000
00000000
00000000
00000000
00000000
00000000
00000000
00000000
00000000
00000000
00000000
00000000
00000000
00000000
00000000
00000000
00000000
00000000
00000000
00000000
00000000
00000000
00000000
00000000
00000000
00000000
00000000
00000000
00000000
00000000
00000000
00000000
00000000
00000000
00000000
00000000
00000000
00000000
00000000
00000000
00000000
00000000
00000000
00000000
00000000
00000000
00000000
00000000
00000000
00000000
00000000
00000000
00000000
00000000
00000000
00000000
00000000
00000000
00000000
00000000
00000000
00000000
00000000
00000000
00000000
00000000
00000000
00000000
00000000
00000000
00000000
00000000
00000000
00000000
00000000
00000000
00000000
00000000
00000000
00000000
00000000
00000000
00000000
00000000
00000000
00000000
00000000
00000000
00000000
00000000
00000000
00000000
00000000
00000000
00000000
00000000
00000000
00000000
00000000
00000000
00000000
00000000
00000000
00000000
00000000
00000000
00000000
00000000
00000000
00000000
00000000
00000000
00000000
00000000
00000000
00000000
00000000
00000000
00000000
00000000
00000000
00000000
00000000
00000000
00000000
00000000
00000000
00000000
00000000
00000000
00000000
00000000
00000000
00000000
00000000
00000000
00000000
00000000
00000000
00000000
00000000
00000000
00000000
00000000
00000000
00000000
00000000
00000000
00000000
00000000
00000000
00000000
00000000
00000000
00000000
00000000
00000000
00000000
00000000
00000000
00000000
00000000
00000000
00000000
00000000
00000000
00000000
00000000
00000000
00000000
00000000
00000000
00000000
00000000
00000000
00000000
00000000
00000000
00000000
00000000
00000000
00000000
00000000
00000000
00000000
00000000
00000000
00000000
00000000
00000000
00000000
00000000
00000000
00000000
00000000
00000000
00000000
00000000
00000000
00000000
00000000
00000000
00000000
00000000
00000000
00000000
00000000
00000000
00000000
00000000
00000000
00000000
00000000
00000000
00000000
00000000
00000000
00000000
00000000
00000000
00000000
00000000
00000000
00000000
00000000
00000000
00000000
00000000
00000000
00000000
00000000
00000000
00000000
00000000
00000000
00000000
00000000
00000000
00000000
00000000
00000000
00000000
00000000
00000000
00000000
00000000
00000000
00000000
00000000
00000000
00000000
00000000
00000000
00000000
00000000
00000000
00000000
00000000
00000000
00000000
00000000
00000000
00000000
00000000
00000000
00000000
00000000
00000000
00000000
00000000
00000000
00000000
00000000
00000000
00000000
00000000
00000000
00000000
00000000
00000000
00000000
00000000
00000000
00000000
00000000
00000000
00000000
00000000
00000000
00000000
00000000
00000000
00000000
00000000
00000000
00000000
00000000
00000000
00000000
00000000
00000000
00000000
00000000
00000000
00000000
00000000
00000000
00000000
00000000
00000000
00000000
00000000
00000000
00000000
00000000
00000000
00000000
00000000
00000000
00000000
00000000
00000000
00000000
00000000
00000000
00000000
00000000
00000000
00000000
00000000
00000000
00000000
00000000
00000000
00000000
00000000
00000000
00000000
00000000
00000000
00000000
00000000
00000000
00000000
00000000
00000000
00000000
00000000
00000000
00000000
00000000
00000000
00000000
00000000
00000000
00000000
00000000
00000000
00000000
00000000
00000000
00000000
00000000
00000000
00000000
00000000
00000000
00000000
00000000
00000000
00000000
00000000
00000000
00000000
00000000
00000000
00000000
00000000
00000000
00000000
00000000
00000000
00000000
00000000
00000000
00000000
00000000
00000000
00000000
00000000
00000000
00000000
00000000
00000000
00000000
00000000
00000000
00000000
00000000
00000000
00000000
00000000
00000000
00000000
00000000
00000000
00000000
00000000
00000000
00000000
00000000
00000000
00000000
00000000
00000000
00000000
00000000
00000000
00000000
00000000
00000000
00000000
00000000
00000000
00000000
00000000
00000000
00000000
00000000
00000000
00000000
00000000
00000000
00000000
00000000
00000000
00000000
00000000
00000000
00000000
00000000
00000000
00000000
00000000
00000000
00000000
00000000
00000000
00000000
00000000
00000000
00000000
00000000
00000000
00000000
00000000
00000000
00000000
00000000
00000000
00000000
00000000
00000000
00000000
00000000
00000000
00000000
00000000
00000000
00000000
00000000
00000000
00000000
00000000
00000000
00000000
00000000
00000000
00000000
00000000
00000000
00000000
00000000
00000000
00000000
00000000
00000000
00000000
00000000
00000000
00000000
00000000
00000000
00000000
00000000
00000000
00000000
00000000
00000000
00000000
00000000
00000000
00000000
00000000
00000000
00000000
00000000
00000000
00000000
00000000
00000000
00000000
00000000
00000000
00000000
00000000
00000000
00000000
00000000
00000000
00000000
00000000
00000000
00000000
00000000
00000000
00000000
00000000
00000000
00000000
00000000
00000000
00000000
00000000
00000000
00000000
00000000
00000000
00000000
00000000
00000000
00000000
00000000
00000000
00000000
00000000
00000000
00000000
00000000
00000000
00000000
00000000
00000000
00000000
00000000
00000000
00000000
00000000
00000000
00000000
00000000
00000000
00000000
00000000
00000000
00000000
00000000
00000000
00000000
00000000
00000000
00000000
00000000
00000000
00000000
00000000
00000000
00000000
00000000
00000000
00000000
00000000
00000000
00000000
00000000
00000000
00000000
00000000
00000000
00000000
00000000
00000000
00000000
00000000
00000000
00000000
00000000
00000000
00000000
00000000
00000000
00000000
00000000
00000000
00000000
00000000
00000000
00000000
00000000
00000000
00000000
00000000
00000000
00000000
00000000
00000000
00000000
00000000
00000000
00000000
00000000
00000000
00000000
00000000
00000000
00000000
00000000
00000000
00000000
00000000
00000000
00000000
00000000
00000000
00000000
00000000
00000000
00000000
00000000
00000000
00000000
00000000
00000000
00000000
00000000
00000000
00000000
00000000
00000000
00000000
00000000
00000000
00000000
00000000
00000000
00000000
00000000
00000000
00000000
00000000
00000000
00000000
00000000
00000000
00000000
00000000
00000000
00000000
00000000
00000000
00000000
00000000
00000000
00000000
00000000
00000000
00000000
00000000
00000000
00000000
00000000
00000000
00000000
00000000
00000000
00000000
00000000
00000000
00000000
00000000
00000000
00000000
00000000
00000000
00000000
00000000
00000000
00000000
00000000
00000000
00000000
00000000
00000000
00000000
00000000
00000000
00000000
00000000
00000000
00000000
00000000
00000000
00000000
00000000
00000000
00000000
00000000
00000000
00000000
00000000
00000000
00000000
00000000
00000000
00000000
00000000
00000000
00000000
00000000
00000000
00000000
00000000
00000000
00000000
00000000
00000000
00000000
00000000
00000000
00000000
00000000
00000000
00000000
00000000
00000000
00000000
00000000
00000000
00000000
00000000
00000000
00000000
00000000
00000000
00000000
00000000
00000000
00000000
00000000
00000000
00000000
00000000
00000000
00000000
00000000
00000000
00000000
00000000
00000000
00000000
00000000
00000000
00000000
00000000
00000000
00000000
00000000
00000000
00000000
00000000
00000000
00000000
00000000
00000000
00000000
00000000
00000000
00000000
00000000
00000000
00000000
00000000
00000000
00000000
00000000
00000000
00000000
00000000
00000000
00000000
00000000
00000000
00000000
00000000
00000000
00000000
00000000
00000000
00000000
00000000
00000000
00000000
00000000
00000000
00000000
00000000
00000000
00000000
00000000
00000000
00000000
00000000
00000000
00000000
00000000
00000000
00000000
00000000
00000000
00000000
00000000
00000000
00000000
00000000
00000000
00000000
00000000
00000000
00000000
00000000
00000000
00000000
00000000
00000000
00000000
00000000
00000000
00000000
00000000
00000000
00000000
00000000
00000000
00000000
00000000
00000000
00000000
00000000
00000000
00000000
00000000
00000000
00000000
00000000
00000000
00000000
00000000
00000000
00000000
00000000
00000000
00000000
00000000
00000000
00000000
00000000
00000000
00000000
00000000
00000000
00000000
00000000
00000000
00000000
00000000
00000000
00000000
00000000
00000000
00000000
00000000
00000000
00000000
00000000
00000000
00000000
00000000
00000000
00000000
00000000
00000000
00000000
00000000
00000000
00000000
00000000
00000000
00000000
00000000
00000000
00000000
00000000
00000000
00000000
00000000
00000000
00000000
00000000
00000000
00000000
00000000
00000000
00000000
00000000
00000000
00000000
00000000
00000000
00000000
00000000
00000000
00000000
00000000
00000000
00000000
00000000
00000000
00000000
00000000
00000000
00000000
00000000
00000000
00000000
00000000
00000000
00000000
00000000
00000000
00000000
00000000
00000000
00000000
00000000
00000000
00000000
00000000
00000000
00000000
00000000
00000000
00000000
00000000
00000000
00000000
00000000
00000000
00000000
00000000
00000000
00000000
00000000
00000000
00000000
00000000
00000000
00000000
00000000
00000000
00000000
00000000
00000000
00000000
00000000
00000000
00000000
00000000
00000000
00000000
00000000
00000000
00000000
00000000
00000000
00000000
00000000
00000000
00000000
00000000
00000000
00000000
00000000
00000000
00000000
00000000
00000000
00000000
00000000
00000000
00000000
00000000
00000000
00000000
00000000
00000000
00000000
00000000
00000000
00000000
00000000
00000000
00000000
00000000
00000000
00000000
00000000
00000000
00000000
00000000
00000000
00000000
00000000
00000000
00000000
00000000
00000000
00000000
00000000
00000000
00000000
00000000
00000000
00000000
00000000
00000000
00000000
00000000
00000000
00000000
00000000
00000000
00000000
00000000
00000000
00000000
00000000
00000000
00000000
00000000
00000000
00000000
00000000
00000000
00000000
00000000
00000000
00000000
00000000
00000000
00000000
00000000
00000000
00000000
00000000
00000000
00000000
00000000
00000000
00000000
00000000
00000000
00000000
00000000
00000000
00000000
00000000
00000000
00000000
00000000
00000000
00000000
00000000
00000000
00000000
00000000
00000000
00000000
00000000
00000000
00000000
00000000
00000000
00000000
00000000
00000000
00000000
00000000
00000000
00000000
00000000
00000000
00000000
00000000
00000000
00000000
00000000
00000000
00000000
00000000
00000000
00000000
00000000
00000000
00000000
00000000
00000000
00000000
00000000
00000000
00000000
00000000
00000000
00000000
00000000
00000000
00000000
00000000
00000000
00000000
00000000
00000000
00000000
00000000
00000000
00000000
00000000
00000000
00000000
00000000
00000000
00000000
00000000
00000000
00000000
00000000
00000000
00000000
00000000
00000000
00000000
00000000
00000000
00000000
00000000
00000000
00000000
00000000
00000000
00000000
00000000
00000000
00000000
00000000
00000000
00000000
00000000
00000000
00000000
00000000
00000000
00000000
00000000
00000000
00000000
00000000
00000000
00000000
00000000
00000000
00000000
00000000
00000000
00000000
00000000
00000000
00000000
00000000
00000000
00000000
00000000
00000000
00000000
00000000
00000000
00000000
00000000
00000000
00000000
00000000
00000000
00000000
00000000
00000000
00000000
00000000
00000000
00000000
00000000
00000000
00000000
00000000
00000000
00000000
00000000
00000000
00000000
00000000
00000000
00000000
00000000
00000000
00000000
00000000
00000000
00000000
00000000
00000000
00000000
00000000
00000000
00000000
00000000
00000000
00000000
00000000
00000000
00000000
00000000
00000000
00000000
00000000
00000000
00000000
00000000
00000000
00000000
00000000
00000000
00000000
00000000
00000000
00000000
00000000
00000000
00000000
00000000
00000000
00000000
00000000
00000000
00000000
00000000
00000000
00000000
00000000
00000000
00000000
00000000
00000000
00000000
00000000
00000000
00000000
00000000
00000000
00000000
00000000
00000000
00000000
00000000
00000000
00000000
00000000
00000000
00000000
00000000
00000000
00000000
00000000
00000000
00000000
00000000
00000000
00000000
00000000
00000000
00000000
00000000
00000000
00000000
00000000
00000000
00000000
00000000
00000000
00000000
00000000
00000000
00000000
00000000
00000000
00000000
00000000
00000000
00000000
00000000
00000000
00000000
00000000
00000000
00000000
00000000
00000000
00000000
00000000
00000000
00000000
00000000
00000000
00000000
00000000
00000000
00000000
00000000
00000000
00000000
00000000
00000000
00000000
00000000
00000000
00000000
00000000
00000000
00000000
00000000
00000000
00000000
00000000
00000000
00000000
00000000
00000000
00000000
00000000
00000000
00000000
00000000
00000000
00000000
00000000
00000000
00000000
00000000
00000000
00000000
00000000
00000000
00000000
00000000
00000000
00000000
00000000
00000000
00000000
00000000
00000000
00000000
00000000
00000000
00000000
00000000
00000000
00000000
00000000
00000000
00000000
00000000
00000000
00000000
00000000
00000000
00000000
00000000
00000000
00000000
00000000
00000000
00000000
00000000
00000000
00000000
00000000
00000000
00000000
00000000
00000000
00000000
00000000
00000000
00000000
00000000
00000000
00000000
00000000
00000000
00000000
00000000
00000000
00000000
00000000
00000000
00000000
00000000
00000000
00000000
00000000
00000000
00000000
00000000
00000000
00000000
00000000
00000000
00000000
00000000
00000000
00000000
00000000
00000000
00000000
00000000
00000000
00000000
00000000
00000000
00000000
00000000
00000000
00000000
00000000
00000000
00000000
00000000
00000000
00000000
00000000
00000000
00000000
00000000
00000000
00000000
00000000
00000000
00000000
00000000
00000000
00000000
00000000
00000000
00000000
00000000
00000000
00000000
00000000
00000000
00000000
00000000
00000000
00000000
00000000
00000000
00000000
00000000
00000000
00000000
00000000
00000000
00000000
00000000
00000000
00000000
00000000
00000000
00000000
00000000
00000000
00000000
00000000
00000000
00000000
00000000
00000000
00000000
00000000
00000000
00000000
00000000
00000000
00000000
00000000
00000000
00000000
00000000
00000000
00000000
00000000
00000000
00000000
00000000
00000000
00000000
00000000
00000000
00000000
00000000
00000000
00000000
00000000
00000000
00000000
00000000
00000000
00000000
00000000
00000000
00000000
00000000
00000000
00000000
00000000
00000000
00000000
00000000
00000000
00000000
00000000
00000000
00000000
00000000
00000000
00000000
00000000
00000000
00000000
00000000
00000000
00000000
00000000
00000000
00000000
00000000
00000000
00000000
00000000
00000000
00000000
00000000
00000000
00000000
00000000
00000000
00000000
00000000
00000000
00000000
00000000
00000000
00000000
00000000
00000000
00000000
00000000
00000000
00000000
00000000
00000000
00000000
00000000
00000000
00000000
00000000
00000000
00000000
00000000
00000000
00000000
00000000
00000000
00000000
00000000
00000000
00000000
00000000
00000000
00000000
00000000
00000000
00000000
00000000
00000000
00000000
00000000
00000000
00000000
00000000
00000000
00000000
00000000
00000000
00000000
00000000
00000000
00000000
00000000
00000000
00000000
00000000
00000000
00000000
00000000
00000000
00000000
00000000
00000000
00000000
00000000
00000000
00000000
00000000
00000000
00000000
00000000
00000000
00000000
00000000
00000000
00000000
00000000
00000000
00000000
00000000
00000000
00000000
00000000
00000000
00000000
00000000
00000000
00000000
00000000
00000000
00000000
00000000
00000000
00000000
00000000
00000000
00000000
00000000
00000000
00000000
00000000
00000000
00000000
00000000
00000000
00000000
00000000
00000000
00000000
00000000
00000000
00000000
00000000
00000000
00000000
00000000
00000000
00000000
00000000
00000000
00000000
00000000
00000000
00000000
00000000
00000000
00000000
00000000
00000000
00000000
00000000
00000000
00000000
00000000
00000000
00000000
00000000
00000000
00000000
00000000
00000000
00000000
00000000
00000000
00000000
00000000
00000000
00000000
00000000
00000000
00000000
00000000
00000000
00000000
00000000
00000000
00000000
00000000
00000000
00000000
00000000
00000000
00000000
00000000
00000000
00000000
00000000
00000000
00000000
00000000
00000000
00000000
00000000
00000000
00000000
00000000
00000000
00000000
00000000
00000000
00000000
00000000
00000000
00000000
00000000
00000000
00000000
00000000
00000000
00000000
00000000
00000000
00000000
00000000
00000000
00000000
00000000
00000000
00000000
00000000
00000000
00000000
00000000
00000000
00000000
00000000
00000000
00000000
00000000
00000000
00000000
00000000
00000000
00000000
00000000
00000000
00000000
00000000
00000000
00000000
00000000
00000000
00000000
00000000
00000000
00000000
00000000
00000000
00000000
00000000
00000000
00000000
00000000
00000000
00000000
00000000
00000000
00000000
00000000
00000000
00000000
00000000
00000000
00000000
00000000
00000000
00000000
00000000
00000000
00000000
00000000
00000000
00000000
00000000
00000000
00000000
00000000
00000000
00000000
00000000
00000000
00000000
00000000
00000000
00000000
00000000
00000000
00000000
00000000
00000000
00000000
00000000
00000000
00000000
00000000
00000000
00000000
00000000
00000000
00000000
00000000
00000000
00000000
00000000
00000000
00000000
00000000
00000000
00000000
00000000
00000000
00000000
00000000
00000000
00000000
00000000
00000000
00000000
00000000
00000000
00000000
00000000
00000000
00000000
00000000
00000000
00000000
00000000
00000000
00000000
00000000
00000000
00000000
00000000
00000000
00000000
00000000
00000000
00000000
00000000
00000000
00000000
00000000
00000000
00000000
00000000
00000000
00000000
00000000
00000000
00000000
00000000
00000000
00000000
00000000
00000000
00000000
00000000
00000000
00000000
00000000
00000000
00000000
00000000
00000000
00000000
00000000
00000000
00000000
00000000
00000000
00000000
00000000
00000000
00000000
00000000
00000000
00000000
00000000
00000000
00000000
00000000
00000000
00000000
00000000
00000000
00000000
00000000
00000000
00000000
00000000
00000000
00000000
00000000
00000000
00000000
00000000
00000000
00000000
00000000
00000000
00000000
00000000
00000000
00000000
00000000
00000000
00000000
00000000
00000000
00000000
00000000
00000000
00000000
00000000
00000000
00000000
00000000
00000000
00000000
00000000
00000000
00000000
00000000
00000000
00000000
00000000
00000000
00000000
00000000
00000000
00000000
00000000
00000000
00000000
00000000
00000000
00000000
00000000
00000000
00000000
00000000
00000000
00000000
00000000
00000000
00000000
00000000
00000000
00000000
00000000
00000000
00000000
00000000
00000000
00000000
00000000
00000000
00000000
00000000
00000000
00000000
00000000
00000000
00000000
00000000
00000000
00000000
00000000
00000000
00000000
00000000
00000000
00000000
00000000
00000000
00000000
00000000
00000000
00000000
00000000
00000000
00000000
00000000
00000000
00000000
00000000
00000000
00000000
00000000
00000000
00000000
00000000
00000000
00000000
00000000
00000000
00000000
00000000
00000000
00000000
00000000
00000000
00000000
00000000
00000000
00000000
00000000
00000000
00000000
00000000
00000000
00000000
00000000
00000000
00000000
00000000
00000000
00000000
00000000
00000000
00000000
00000000
00000000
00000000
00000000
00000000
00000000
00000000
00000000
00000000
00000000
00000000
00000000
00000000
00000000
00000000
00000000
00000000
00000000
00000000
00000000
00000000
00000000
00000000
00000000
00000000
00000000
00000000
00000000
00000000
00000000
00000000
00000000
00000000
00000000
00000000
00000000
00000000
00000000
00000000
00000000
00000000
00000000
00000000
00000000
00000000
00000000
00000000
00000000
00000000
00000000
00000000
00000000
00000000
00000000
00000000
00000000
00000000
00000000
00000000
00000000
00000000
00000000
00000000
00000000
00000000
00000000
00000000
00000000
00000000
00000000
00000000
00000000
00000000
00000000
00000000
00000000
00000000
00000000
00000000
00000000
00000000
00000000
00000000
00000000
00000000
00000000
00000000
00000000
00000000
00000000
00000000
00000000
00000000
00000000
00000000
00000000
00000000
00000000
00000000
00000000
00000000
00000000
00000000
00000000
00000000
00000000
00000000
00000000
00000000
00000000
00000000
00000000
00000000
00000000
00000000
00000000
00000000
00000000
00000000
00000000
00000000
00000000
00000000
00000000
00000000
00000000
00000000
00000000
00000000
00000000
00000000
00000000
00000000
00000000
00000000
00000000
00000000
00000000
00000000
00000000
00000000
00000000
00000000
00000000
00000000
00000000
00000000
00000000
00000000
00000000
00000000
00000000
00000000
00000000
00000000
00000000
00000000
00000000
00000000
00000000
00000000
00000000
00000000
00000000
00000000
00000000
00000000
00000000
00000000
00000000
00000000
00000000
00000000
00000000
00000000
00000000
00000000
00000000
00000000
00000000
00000000
00000000
00000000
00000000
00000000
00000000
00000000
00000000
00000000
00000000
00000000
00000000
00000000
00000000
00000000
00000000
00000000
00000000
00000000
00000000
00000000
00000000
00000000
00000000
00000000
00000000
00000000
00000000
00000000
00000000
00000000
00000000
00000000
00000000
00000000
00000000
00000000
00000000
00000000
00000000
00000000
00000000
00000000
00000000
00000000
00000000
00000000
00000000
00000000
00000000
00000000
00000000
00000000
00000000
00000000
00000000
00000000
00000000
00000000
00000000
00000000
00000000
00000000
00000000
00000000
00000000
00000000
00000000
00000000
00000000
00000000
00000000
00000000
00000000
00000000
00000000
00000000
00000000
00000000
00000000
00000000
00000000
00000000
00000000
00000000
00000000
00000000
00000000
00000000
00000000
00000000
00000000
00000000
00000000
00000000
00000000
00000000
00000000
00000000
00000000
00000000
00000000
00000000
00000000
00000000
00000000
00000000
00000000
00000000
00000000
00000000
00000000
00000000
00000000
00000000
00000000
00000000
00000000
00000000
00000000
00000000
00000000
00000000
00000000
00000000
00000000
00000000
00000000
00000000
00000000
00000000
00000000
00000000
00000000
00000000
00000000
00000000
00000000
00000000
00000000
00000000
00000000
00000000
00000000
00000000
00000000
00000000
00000000
00000000
00000000
00000000
00000000
00000000
00000000
00000000
00000000
00000000
00000000
00000000
00000000
00000000
00000000
00000000
00000000
00000000
00000000
00000000
00000000
00000000
00000000
00000000
00000000
00000000
00000000
00000000
00000000
00000000
00000000
00000000
00000000
00000000
00000000
00000000
00000000
00000000
00000000
00000000
00000000
00000000
00000000
00000000
00000000
00000000
00000000
00000000
00000000
00000000
00000000
00000000
00000000
00000000
00000000
00000000
00000000
00000000
00000000
00000000
00000000
00000000
00000000
00000000
00000000
00000000
00000000
00000000
00000000
00000000
00000000
00000000
00000000
00000000
00000000
00000000
00000000
00000000
00000000
00000000
00000000
00000000
00000000
00000000
00000000
00000000
00000000
00000000
00000000
00000000
00000000
00000000
00000000
00000000
00000000
00000000
00000000
00000000
00000000
00000000
00000000
00000000
00000000
00000000
00000000
00000000
00000000
00000000
00000000
00000000
00000000
00000000
00000000
00000000
00000000
00000000
00000000
00000000
00000000
00000000
00000000
00000000
00000000
00000000
00000000
00000000
00000000
00000000
00000000
00000000
00000000
00000000
00000000
00000000
00000000
00000000
00000000
00000000
00000000
00000000
00000000
00000000
00000000
00000000
00000000
00000000
00000000
00000000
00000000
00000000
00000000
00000000
00000000
00000000
00000000
00000000
00000000
00000000
00000000
00000000
00000000
00000000
00000000
00000000
00000000
00000000
00000000
00000000
00000000
00000000
00000000
00000000
00000000
00000000
00000000
00000000
00000000
00000000
00000000
00000000
00000000
00000000
00000000
00000000
00000000
00000000
00000000
00000000
00000000
00000000
00000000
00000000
00000000
00000000
00000000
00000000
00000000
00000000
00000000
00000000
00000000
00000000
00000000
00000000
00000000
00000000
00000000
00000000
00000000
00000000
00000000
00000000
00000000
00000000
00000000
00000000
00000000
00000000
00000000
00000000
00000000
00000000
00000000
00000000
00000000
00000000
00000000
00000000
00000000
00000000
00000000
00000000
00000000
00000000
00000000
00000000
00000000
00000000
00000000
00000000
00000000
00000000
00000000
00000000
00000000
00000000
00000000
00000000
00000000
00000000
00000000
00000000
00000000
00000000
00000000
00000000
00000000
00000000
00000000
00000000
00000000
00000000
00000000
00000000
00000000
00000000
00000000
00000000
00000000
00000000
00000000
00000000
00000000
00000000
00000000
00000000
00000000
00000000
00000000
00000000
00000000
00000000
00000000
00000000
00000000
00000000
00000000
00000000
00000000
00000000
00000000
00000000
00000000
00000000
00000000
00000000
00000000
00000000
00000000
00000000
00000000
00000000
00000000
00000000
00000000
00000000
00000000
00000000
00000000
00000000
00000000
00000000
00000000
00000000
00000000
00000000
00000000
00000000
00000000
00000000
00000000
00000000
00000000
00000000
00000000
00000000
00000000
00000000
00000000
00000000
00000000
00000000
00000000
00000000
00000000
00000000
00000000
00000000
00000000
00000000
00000000
00000000
00000000
00000000
00000000
00000000
00000000
00000000
00000000
00000000
00000000
00000000
00000000
00000000
00000000
00000000
00000000
00000000
00000000
00000000
00000000
00000000
00000000
00000000
00000000
00000000
00000000
00000000
00000000
00000000
00000000
00000000
00000000
00000000
00000000
00000000
00000000
00000000
00000000
00000000
00000000
00000000
00000000
00000000
00000000
00000000
00000000
00000000
00000000
00000000
00000000
00000000
00000000
00000000
00000000
00000000
00000000
00000000
00000000
00000000
00000000
00000000
00000000
00000000
00000000
00000000
00000000
00000000
00000000
00000000
00000000
00000000
00000000
00000000
00000000
00000000
00000000
00000000
00000000
00000000
00000000
00000000
00000000
00000000
00000000
00000000
00000000
00000000
00000000
00000000
00000000
00000000
00000000
00000000
00000000
00000000
00000000
00000000
00000000
00000000
00000000
00000000
00000000
00000000
00000000
00000000
00000000
00000000
00000000
00000000
00000000
00000000
00000000
00000000
00000000
00000000
00000000
00000000
00000000
00000000
00000000
00000000
00000000
00000000
00000000
00000000
00000000
00000000
00000000
00000000
00000000
00000000
00000000
00000000
00000000
00000000
00000000
00000000
00000000
00000000
00000000
00000000
00000000
00000000
00000000
00000000
00000000
00000000
00000000
00000000
00000000
00000000
00000000
00000000
00000000
00000000
00000000
00000000
00000000
00000000
00000000
00000000
00000000
00000000
00000000
00000000
00000000
00000000
00000000
00000000
00000000
00000000
00000000
00000000
00000000
00000000
00000000
00000000
00000000
00000000
00000000
00000000
00000000
00000000
00000000
00000000
00000000
00000000
00000000
00000000
00000000
00000000
00000000
00000000
00000000
00000000
00000000
00000000
00000000
00000000
00000000
00000000
00000000
00000000
00000000
00000000
00000000
00000000
00000000
00000000
00000000
00000000
00000000
00000000
00000000
00000000
00000000
00000000
00000000
00000000
00000000
00000000
00000000
00000000
00000000
00000000
00000000
00000000
00000000
00000000
00000000
00000000
00000000
00000000
00000000
00000000
00000000
00000000
00000000
00000000
00000000
00000000
00000000
00000000
00000000
00000000
00000000
00000000
00000000
00000000
00000000
00000000
00000000
00000000
00000000
00000000
00000000
00000000
00000000
00000000
00000000
00000000
00000000
00000000
00000000
00000000
00000000
00000000
00000000
00000000
00000000
00000000
00000000
00000000
00000000
00000000
00000000
00000000
00000000
00000000
00000000
00000000
00000000
00000000
00000000
00000000
00000000
00000000
00000000
00000000
00000000
00000000
00000000
00000000
00000000
00000000
00000000
00000000
00000000
00000000
00000000
00000000
00000000
00000000
00000000
00000000
00000000
00000000
00000000
00000000
00000000
00000000
00000000
00000000
00000000
00000000
00000000
00000000
00000000
00000000
00000000
00000000
00000000
00000000
00000000
00000000
00000000
00000000
00000000
00000000
00000000
00000000
00000000
00000000
00000000
00000000
00000000
00000000
00000000
00000000
00000000
00000000
00000000
00000000
00000000
00000000
00000000
00000000
00000000
00000000
00000000
00000000
00000000
00000000
00000000
00000000
00000000
00000000
00000000
00000000
00000000
00000000
00000000
00000000
00000000
00000000
00000000
00000000
00000000
00000000
00000000
00000000
00000000
00000000
00000000
00000000
00000000
00000000
00000000
00000000
00000000
00000000
00000000
00000000
00000000
00000000
00000000
00000000
00000000
00000000
00000000
00000000
00000000
00000000
00000000
00000000
00000000
00000000
00000000
00000000
00000000
00000000
00000000
00000000
00000000
00000000
00000000
00000000
00000000
00000000
00000000
00000000
00000000
00000000
00000000
00000000
00000000
00000000
00000000
00000000
00000000
00000000
00000000
00000000
00000000
00000000
00000000
00000000
00000000
00000000
00000000
00000000
00000000
00000000
00000000
00000000
00000000
00000000
00000000
00000000
00000000
00000000
00000000
00000000
00000000
00000000
00000000
00000000
00000000
00000000
00000000
00000000
00000000
00000000
00000000
00000000
00000000
00000000
00000000
00000000
00000000
00000000
00000000
00000000
00000000
00000000
00000000
00000000
00000000
00000000
00000000
00000000
00000000
00000000
00000000
00000000
00000000
00000000
00000000
00000000
00000000
00000000
00000000
00000000
00000000
00000000
00000000
00000000
00000000
00000000
00000000
00000000
00000000
00000000
00000000
00000000
00000000
00000000
00000000
00000000
00000000
00000000
00000000
00000000
00000000
00000000
00000000
00000000
00000000
00000000
00000000
00000000
00000000
00000000
00000000
00000000
00000000
00000000
00000000
00000000
00000000
00000000
00000000
00000000
00000000
00000000
00000000
00000000
00000000
00000000
00000000
00000000
00000000
00000000
00000000
00000000
00000000
00000000
00000000
00000000
00000000
00000000
00000000
00000000
00000000
00000000
00000000
00000000
00000000
00000000
00000000
00000000
00000000
00000000
00000000
00000000
00000000
00000000
00000000
00000000
00000000
00000000
00000000
00000000
00000000
00000000
00000000
00000000
00000000
00000000
00000000
00000000
00000000
00000000
00000000
00000000
00000000
00000000
00000000
00000000
00000000
00000000
00000000
00000000
00000000
00000000
00000000
00000000
00000000
00000000
00000000
00000000
00000000
00000000
00000000
00000000
00000000
00000000
00000000
00000000
00000000
00000000
00000000
00000000
00000000
00000000
00000000
00000000
00000000
00000000
00000000
00000000
00000000
00000000
00000000
00000000
00000000
00000000
00000000
00000000
00000000
00000000
00000000
00000000
00000000
00000000
00000000
00000000
00000000
00000000
00000000
00000000
00000000
00000000
00000000
00000000
00000000
00000000
00000000
00000000
00000000
00000000
00000000
00000000
00000000
00000000
00000000
00000000
00000000
00000000
00000000
00000000
00000000
00000000
00000000
00000000
00000000
00000000
00000000
00000000
00000000
00000000
00000000
00000000
00000000
00000000
00000000
00000000
00000000
00000000
00000000
00000000
00000000
00000000
00000000
00000000
00000000
00000000
00000000
00000000
00000000
00000000
00000000
00000000
00000000
00000000
00000000
00000000
00000000
00000000
00000000
00000000
00000000
00000000
00000000
00000000
00000000
00000000
00000000
00000000
00000000
00000000
00000000
00000000
00000000
00000000
00000000
00000000
00000000
00000000
00000000
00000000
00000000
00000000
00000000
00000000
00000000
00000000
00000000
00000000
00000000
00000000
00000000
00000000
00000000
00000000
00000000
00000000
00000000
00000000
00000000
00000000
00000000
00000000
00000000
00000000
00000000
00000000
00000000
00000000
00000000
00000000
00000000
00000000
00000000
00000000
00000000
00000000
00000000
00000000
00000000
00000000
00000000
00000000
00000000
00000000
00000000
00000000
00000000
00000000
00000000
00000000
00000000
00000000
00000000
00000000
00000000
00000000
00000000
00000000
00000000
00000000
00000000
00000000
00000000
00000000
00000000
00000000
00000000
00000000
00000000
00000000
00000000
00000000
00000000
00000000
00000000
00000000
00000000
00000000
00000000
00000000
00000000
00000000
00000000
00000000
00000000
00000000
00000000
00000000
00000000
00000000
00000000
00000000
00000000
00000000
00000000
00000000
00000000
00000000
00000000
00000000
00000000
00000000
00000000
00000000
00000000
00000000
00000000
00000000
00000000
00000000
00000000
00000000
00000000
00000000
00000000
00000000
00000000
00000000
00000000
00000000
00000000
00000000
00000000
00000000
00000000
00000000
00000000
00000000
00000000
00000000
00000000
00000000
00000000
00000000
00000000
00000000
00000000
00000000
00000000
00000000
00000000
00000000
00000000
00000000
00000000
00000000
00000000
00000000
00000000
00000000
00000000
00000000
00000000
00000000
00000000
00000000
00000000
00000000
00000000
00000000
00000000
00000000
00000000
00000000
00000000
00000000
00000000
00000000
00000000
00000000
00000000
00000000
00000000
00000000
00000000
00000000
00000000
00000000
00000000
00000000
00000000
00000000
00000000
00000000
00000000
00000000
00000000
00000000
00000000
00000000
00000000
00000000
00000000
00000000
00000000
00000000
00000000
00000000
00000000
00000000
00000000
00000000
00000000
00000000
00000000
00000000
00000000
00000000
00000000
00000000
00000000
00000000
00000000
00000000
00000000
00000000
00000000
00000000
00000000
00000000
00000000
00000000
00000000
00000000
00000000
00000000
00000000
00000000
00000000
00000000
00000000
00000000
00000000
00000000
00000000
00000000
00000000
00000000
00000000
00000000
00000000
00000000
00000000
00000000
00000000
00000000
00000000
00000000
00000000
00000000
00000000
00000000
00000000
00000000
00000000
00000000
00000000
00000000
00000000
00000000
00000000
00000000
00000000
00000000
00000000
00000000
00000000
00000000
00000000
00000000
00000000
00000000
00000000
00000000
00000000
00000000
00000000
00000000
00000000
00000000
00000000
00000000
00000000
00000000
00000000
00000000
00000000
00000000
00000000
00000000
00000000
00000000
00000000
00000000
00000000
00000000
00000000
00000000
00000000
00000000
00000000
00000000
00000000
00000000
00000000
00000000
00000000
00000000
00000000
00000000
00000000
00000000
00000000
00000000
00000000
00000000
00000000
00000000
00000000
00000000
00000000
00000000
00000000
00000000
00000000
00000000
00000000
00000000
00000000
00000000
00000000
00000000
00000000
00000000
00000000
00000000
00000000
00000000
00000000
00000000
00000000
00000000
00000000
00000000
00000000
00000000
00000000
00000000
00000000
00000000
00000000
00000000
00000000
00000000
00000000
00000000
00000000
00000000
00000000
00000000
00000000
00000000
00000000
00000000
00000000
00000000
00000000
00000000
00000000
00000000
00000000
00000000
00000000
00000000
00000000
00000000
00000000
00000000
00000000
00000000
00000000
00000000
00000000
00000000
00000000
00000000
00000000
00000000
00000000
00000000
00000000
00000000
00000000
00000000
00000000
00000000
00000000
00000000
00000000
00000000
00000000
00000000
00000000
00000000
00000000
00000000
00000000
00000000
00000000
00000000
00000000
00000000
00000000
00000000
00000000
00000000
00000000
00000000
00000000
00000000
00000000
00000000
00000000
00000000
00000000
00000000
00000000
00000000
00000000
00000000
00000000
00000000
00000000
00000000
00000000
00000000
00000000
00000000
00000000
00000000
00000000
00000000
00000000
00000000
00000000
00000000
00000000
00000000
00000000
00000000
00000000
00000000
00000000
00000000
00000000
00000000
00000000
00000000
00000000
00000000
00000000
00000000
00000000
00000000
00000000
00000000
00000000
00000000
00000000
00000000
00000000
00000000
00000000
00000000
00000000
00000000
00000000
00000000
00000000
00000000
00000000
00000000
00000000
00000000
00000000
00000000
00000000
00000000
00000000
00000000
00000000
00000000
00000000
00000000
00000000
00000000
00000000
00000000
00000000
00000000
00000000
00000000
00000000
00000000
00000000
00000000
00000000
00000000
00000000
00000000
00000000
00000000
00000000
00000000
00000000
00000000
00000000
00000000
00000000
00000000
00000000
00000000
00000000
00000000
00000000
00000000
00000000
00000000
00000000
00000000
00000000
00000000
00000000
00000000
00000000
00000000
00000000
00000000
00000000
00000000
00000000
00000000
00000000
00000000
00000000
00000000
00000000
00000000
00000000
00000000
00000000
00000000
00000000
00000000
00000000
00000000
00000000
00000000
00000000
00000000
00000000
00000000
00000000
00000000
00000000
00000000
00000000
00000000
00000000
00000000
00000000
00000000
00000000
00000000
00000000
00000000
00000000
00000000
00000000
00000000
00000000
00000000
00000000
00000000
00000000
00000000
00000000
00000000
00000000
00000000
00000000
00000000
00000000
00000000
00000000
00000000
00000000
00000000
00000000
00000000
00000000
00000000
00000000
00000000
00000000
00000000
00000000
00000000
00000000
00000000
00000000
00000000
00000000
00000000
00000000
00000000
00000000
00000000
00000000
00000000
00000000
00000000
00000000
00000000
00000000
00000000
00000000
00000000
00000000
00000000
00000000
00000000
00000000
00000000
00000000
00000000
00000000
00000000
00000000
00000000
00000000
00000000
00000000
00000000
00000000
00000000
00000000
00000000
00000000
00000000
00000000
00000000
00000000
00000000
00000000
00000000
00000000
00000000
00000000
00000000
00000000
00000000
00000000
00000000
00000000
00000000
00000000
00000000
00000000
00000000
00000000
00000000
00000000
00000000
00000000
00000000
00000000
00000000
00000000
00000000
00000000
00000000
00000000
00000000
00000000
00000000
00000000
00000000
00000000
00000000
00000000
00000000
00000000
00000000
00000000
00000000
00000000
00000000
00000000
00000000
00000000
00000000
00000000
00000000
00000000
00000000
00000000
00000000
00000000
00000000
00000000
00000000
00000000
00000000
00000000
00000000
00000000
00000000
00000000
00000000
00000000
00000000
00000000
00000000
00000000
00000000
00000000
00000000
00000000
00000000
00000000
00000000
00000000
00000000
00000000
00000000
00000000
00000000
00000000
00000000
00000000
00000000
00000000
00000000
00000000
00000000
00000000
00000000
00000000
00000000
00000000
00000000
00000000
00000000
00000000
00000000
00000000
00000000
00000000
00000000
00000000
00000000
00000000
00000000
00000000
00000000
00000000
00000000
00000000
00000000
00000000
00000000
00000000
00000000
00000000
00000000
00000000
00000000
00000000
00000000
00000000
00000000
00000000
00000000
00000000
00000000
00000000
00000000
00000000
00000000
00000000
00000000
00000000
00000000
00000000
00000000
00000000
00000000
00000000
00000000
00000000
00000000
00000000
00000000
00000000
00000000
00000000
00000000
00000000
00000000
00000000
00000000
00000000
00000000
00000000
00000000
00000000
00000000
00000000
00000000
00000000
00000000
00000000
00000000
00000000
00000000
00000000
00000000
00000000
00000000
00000000
00000000
00000000
00000000
00000000
00000000
00000000
00000000
00000000
00000000
00000000
00000000
00000000
00000000
00000000
00000000
00000000
00000000
00000000
00000000
00000000
00000000
00000000
00000000
00000000
00000000
00000000
00000000
00000000
00000000
00000000
00000000
00000000
00000000
00000000
00000000
00000000
00000000
00000000
00000000
00000000
00000000
00000000
00000000
00000000
00000000
00000000
00000000
00000000
00000000
00000000
00000000
00000000
00000000
00000000
00000000
00000000
00000000
00000000
00000000
00000000
00000000
00000000
00000000
00000000
00000000
00000000
00000000
00000000
00000000
00000000
00000000
00000000
00000000
00000000
00000000
00000000
00000000
00000000
00000000
00000000
00000000
00000000
00000000
00000000
00000000
00000000
00000000
00000000
00000000
00000000
00000000
00000000
00000000
00000000
00000000
00000000
00000000
00000000
00000000
00000000
00000000
00000000
00000000
00000000
00000000
00000000
00000000
00000000
00000000
00000000
00000000
00000000
00000000
00000000
00000000
00000000
00000000
00000000
00000000
00000000
00000000
00000000
00000000
00000000
00000000
00000000
00000000
00000000
00000000
00000000
00000000
00000000
00000000
00000000
00000000
00000000
00000000
00000000
00000000
00000000
00000000
00000000
00000000
00000000
00000000
00000000
00000000
00000000
00000000
00000000
00000000
00000000
00000000
00000000
00000000
00000000
00000000
00000000
00000000
00000000
00000000
00000000
00000000
00000000
00000000
00000000
00000000
00000000
00000000
00000000
00000000
00000000
00000000
00000000
00000000
00000000
00000000
00000000
00000000
00000000
00000000
00000000
00000000
00000000
00000000
00000000
00000000
00000000
00000000
00000000
00000000
00000000
00000000
00000000
00000000
00000000
00000000
00000000
00000000
00000000
00000000
00000000
00000000
00000000
00000000
00000000
00000000
00000000
00000000
00000000
00000000
00000000
00000000
00000000
00000000
00000000
00000000
00000000
00000000
00000000
00000000
00000000
00000000
00000000
00000000
00000000
00000000
00000000
00000000
00000000
00000000
00000000
00000000
00000000
00000000
00000000
00000000
00000000
00000000
00000000
00000000
00000000
00000000
00000000
00000000
00000000
00000000
00000000
00000000
00000000
00000000
00000000
00000000
00000000
00000000
00000000
00000000
00000000
00000000
00000000
00000000
00000000
00000000
00000000
00000000
00000000
00000000
00000000
00000000
00000000
00000000
00000000
00000000
00000000
00000000
00000000
00000000
00000000
00000000
00000000
00000000
00000000
00000000
00000000
00000000
00000000
00000000
00000000
00000000
00000000
00000000
00000000
00000000
00000000
00000000
00000000
00000000
00000000
00000000
00000000
00000000
00000000
00000000
00000000
00000000
00000000
00000000
00000000
00000000
00000000
00000000
00000000
00000000
00000000
00000000
00000000
00000000
00000000
00000000
00000000
00000000
00000000
00000000
00000000
00000000
00000000
00000000
00000000
00000000
00000000
00000000
00000000
00000000
00000000
00000000
00000000
00000000
00000000
00000000
00000000
00000000
00000000
00000000
00000000
00000000
00000000
00000000
00000000
00000000
00000000
00000000
00000000
00000000
00000000
00000000
00000000
00000000
00000000
00000000
00000000
00000000
00000000
00000000
00000000
00000000
00000000
00000000
00000000
00000000
00000000
00000000
00000000
00000000
00000000
00000000
00000000
00000000
00000000
00000000
00000000
00000000
00000000
00000000
00000000
00000000
00000000
00000000
00000000
00000000
00000000
00000000
00000000
00000000
00000000
00000000
00000000
00000000
00000000
00000000
00000000
00000000
00000000
00000000
00000000
00000000
00000000
00000000
00000000
00000000
00000000
00000000
00000000
00000000
00000000
00000000
00000000
00000000
00000000
00000000
00000000
00000000
00000000
00000000
00000000
00000000
00000000
00000000
00000000
00000000
00000000
00000000
00000000
00000000
00000000
00000000
00000000
00000000
00000000
00000000
00000000
00000000
00000000
00000000
00000000
00000000
00000000
00000000
00000000
00000000
00000000
00000000
00000000
00000000
00000000
00000000
00000000
00000000
00000000
00000000
00000000
00000000
00000000
00000000
00000000
00000000
00000000
00000000
00000000
00000000
00000000
00000000
00000000
00000000
00000000
00000000
00000000
00000000
00000000
00000000
00000000
00000000
00000000
00000000
00000000
00000000
00000000
00000000
00000000
00000000
00000000
00000000
00000000
00000000
00000000
00000000
00000000
00000000
00000000
00000000
00000000
00000000
00000000
00000000
00000000
00000000
00000000
00000000
00000000
00000000
00000000
00000000
00000000
00000000
00000000
00000000
00000000
00000000
00000000
00000000
00000000
00000000
00000000
00000000
00000000
00000000
00000000
00000000
00000000
00000000
00000000
00000000
00000000
00000000
00000000
00000000
00000000
00000000
00000000
00000000
00000000
00000000
00000000
00000000
00000000
00000000
00000000
00000000
00000000
00000000
00000000
00000000
00000000
00000000
00000000
00000000
00000000
00000000
00000000
00000000
00000000
00000000
00000000
00000000
00000000
00000000
00000000
00000000
00000000
00000000
00000000
00000000
00000000
00000000
00000000
00000000
00000000
00000000
00000000
00000000
00000000
00000000
00000000
00000000
00000000
00000000
00000000
00000000
00000000
00000000
00000000
00000000
00000000
00000000
00000000
00000000
00000000
00000000
00000000
00000000
00000000
00000000
00000000
00000000
00000000
00000000
00000000
00000000
00000000
00000000
00000000
00000000
00000000
00000000
00000000
00000000
00000000
00000000
00000000
00000000
00000000
00000000
00000000
00000000
00000000
00000000
00000000
00000000
00000000
00000000
00000000
00000000
00000000
00000000
00000000
00000000
00000000
00000000
00000000
00000000
00000000
00000000
00000000
00000000
00000000
00000000
00000000
00000000
00000000
00000000
00000000
00000000
00000000
00000000
00000000
00000000
00000000
00000000
00000000
00000000
00000000
00000000
00000000
00000000
00000000
00000000
00000000
00000000
00000000
00000000
00000000
00000000
00000000
00000000
00000000
00000000
00000000
00000000
00000000
00000000
00000000
00000000
00000000
00000000
00000000
00000000
00000000
00000000
00000000
00000000
00000000
00000000
00000000
00000000
00000000
00000000
00000000
00000000
00000000
00000000
00000000
00000000
00000000
00000000
00000000
00000000
00000000
00000000
00000000
00000000
00000000
00000000
00000000
00000000
00000000
00000000
00000000
00000000
00000000
00000000
00000000
00000000
00000000
00000000
00000000
00000000
00000000
00000000
00000000
00000000
00000000
00000000
00000000
00000000
00000000
00000000
00000000
00000000
00000000
00000000
00000000
00000000
00000000
00000000
00000000
00000000
00000000
00000000
00000000
00000000
00000000
00000000
00000000
00000000
00000000
00000000
00000000
00000000
00000000
00000000
00000000
00000000
00000000
00000000
00000000
00000000
00000000
00000000
00000000
00000000
00000000
00000000
00000000
00000000
00000000
00000000
00000000
00000000
00000000
00000000
00000000
00000000
00000000
00000000
00000000
00000000
00000000
00000000
00000000
00000000
00000000
00000000
00000000
00000000
00000000
00000000
00000000
00000000
00000000
00000000
00000000
00000000
00000000
00000000
00000000
00000000
00000000
00000000
00000000
00000000
00000000
00000000
00000000
00000000
00000000
00000000
00000000
00000000
00000000
00000000
00000000
00000000
00000000
00000000
00000000
00000000
00000000
00000000
00000000
00000000
00000000
00000000
00000000
00000000
00000000
00000000
00000000
00000000
00000000
00000000
00000000
00000000
00000000
00000000
00000000
00000000
00000000
00000000
00000000
00000000
00000000
00000000
00000000
00000000
00000000
00000000
00000000
00000000
00000000
00000000
00000000
00000000
00000000
00000000
00000000
00000000
00000000
00000000
00000000
00000000
00000000
00000000
00000000
00000000
00000000
00000000
00000000
00000000
00000000
00000000
00000000
00000000
00000000
00000000
00000000
00000000
00000000
00000000
00000000
00000000
00000000
00000000
00000000
00000000
00000000
00000000
00000000
00000000
00000000
00000000
00000000
00000000
00000000
00000000
00000000
00000000
00000000
00000000
00000000
00000000
00000000
00000000
00000000
00000000
00000000
00000000
00000000
00000000
00000000
00000000
00000000
00000000
00000000
00000000
00000000
00000000
00000000
00000000
00000000
00000000
00000000
00000000
00000000
00000000
00000000
00000000
00000000
00000000
00000000
00000000
00000000
00000000
00000000
00000000
00000000
00000000
00000000
00000000
00000000
00000000
00000000
00000000
00000000
00000000
00000000
00000000
00000000
00000000
00000000
00000000
00000000
00000000
00000000
00000000
00000000
00000000
00000000
00000000
00000000
00000000
00000000
00000000
00000000
00000000
00000000
00000000
00000000
00000000
00000000
00000000
00000000
00000000
00000000
00000000
00000000
00000000
00000000
00000000
00000000
00000000
00000000
00000000
00000000
00000000
00000000
00000000
00000000
00000000
00000000
00000000
00000000
00000000
00000000
00000000
00000000
00000000
00000000
00000000
00000000
00000000
00000000
00000000
00000000
00000000
00000000
00000000
00000000
00000000
00000000
00000000
00000000
00000000
00000000
00000000
00000000
00000000
00000000
00000000
00000000
00000000
00000000
00000000
00000000
00000000
00000000
00000000
00000000
00000000
00000000
00000000
00000000
00000000
00000000
00000000
00000000
00000000
00000000
00000000
00000000
00000000
00000000
00000000
00000000
00000000
00000000
00000000
00000000
00000000
00000000
00000000
00000000
00000000
00000000
00000000
00000000
00000000
00000000
00000000
00000000
00000000
00000000
00000000
00000000
00000000
00000000
00000000
00000000
00000000
00000000
00000000
00000000
00000000
00000000
00000000
00000000
00000000
00000000
00000000
00000000
00000000
00000000
00000000
00000000
00000000
00000000
00000000
00000000
00000000
00000000
00000000
00000000
00000000
00000000
00000000
00000000
00000000
00000000
00000000
00000000
00000000
00000000
00000000
00000000
00000000
00000000
00000000
00000000
00000000
00000000
00000000
00000000
00000000
00000000
00000000
00000000
00000000
00000000
00000000
00000000
00000000
00000000
00000000
00000000
00000000
00000000
00000000
00000000
00000000
00000000
00000000
00000000
00000000
00000000
00000000
00000000
00000000
00000000
00000000
00000000
00000000
00000000
00000000
00000000
00000000
00000000
00000000
00000000
00000000
00000000
00000000
00000000
00000000
00000000
00000000
00000000
00000000
00000000
00000000
00000000
00000000
00000000
00000000
00000000
00000000
00000000
00000000
00000000
00000000
00000000
00000000
00000000
00000000
00000000
00000000
00000000
00000000
00000000
00000000
00000000
00000000
00000000
00000000
00000000
00000000
00000000
00000000
00000000
00000000
00000000
00000000
00000000
00000000
00000000
00000000
00000000
00000000
00000000
00000000
00000000
00000000
00000000
00000000
00000000
00000000
00000000
00000000
00000000
00000000
00000000
00000000
00000000
00000000
00000000
00000000
00000000
00000000
00000000
00000000
00000000
00000000
00000000
00000000
00000000
00000000
00000000
00000000
00000000
00000000
00000000
00000000
00000000
00000000
00000000
00000000
00000000
00000000
00000000
00000000
00000000
00000000
00000000
00000000
00000000
00000000
00000000
00000000
00000000
00000000
00000000
00000000
00000000
00000000
00000000
00000000
00000000
00000000
00000000
00000000
00000000
00000000
00000000
00000000
00000000
00000000
00000000
00000000
00000000
00000000
00000000
00000000
00000000
00000000
00000000
00000000
00000000
00000000
00000000
00000000
00000000
00000000
00000000
00000000
00000000
00000000
00000000
00000000
00000000
00000000
00000000
00000000
00000000
00000000
00000000
00000000
00000000
00000000
00000000
00000000
00000000
00000000
00000000
00000000
00000000
00000000
00000000
00000000
00000000
00000000
00000000
00000000
00000000
00000000
00000000
00000000
00000000
00000000
00000000
00000000
00000000
00000000
00000000
00000000
00000000
00000000
00000000
00000000
00000000
00000000
00000000
00000000
00000000
00000000
00000000
00000000
00000000
00000000
00000000
00000000
00000000
00000000
00000000
00000000
00000000
00000000
00000000
00000000
00000000
00000000
00000000
00000000
00000000
00000000
00000000
00000000
00000000
00000000
00000000
00000000
00000000
00000001
00000000
00000000
00000000
FFFFFFFF
FFFFFFFF
00000040
00000040
5F495049
544C4148
00000000
00000000
00000000
00000000
00000000
00000000
00000000
00000000
00000000
00000000
00000000
00000000
5F495049
444F4D53
00000045
00000000
00000000
00000000
00000000
00000000
00000000
00000000
00000000
00000000
00000000
00000000
00000000
00000000
00000000
00000000
00000000
00000000
00000000
00000000
00000000
00000000
00000000
00000000
00000000
00000000
00000000
00000000
00000000
00000000
00000000
00000000
00000000
00000000
00000000
00000000
00000000
00000000
00000000
00000000
00000000
00000000
00000078
00000000
FFFFFFFF
FFFFFFFF
FFFFFFFF
FFFFFFFF
FFFFFFFF
FFFFFFFF
FFFFFFFF
FFFFFFFF
FFFFFFFF
FFFFFFFF
FFFFFFFF
FFFFFFFF
FFFFFFFF
FFFFFFFF
FFFFFFFF
FFFFFFFF
FFFFFFFF
FFFFFFFF
FFFFFFFF
FFFFFFFF
FFFFFFFF
FFFFFFFF
FFFFFFFF
FFFFFFFF
FFFFFFFF
FFFFFFFF
FFFFFFFF
FFFFFFFF
FFFFFFFF
FFFFFFFF
FFFFFFFF
FFFFFFFF
FFFFFFFF
FFFFFFFF
FFFFFFFF
FFFFFFFF
FFFFFFFF
FFFFFFFF
FFFFFFFF
FFFFFFFF
FFFFFFFF
FFFFFFFF
FFFFFFFF
FFFFFFFF
FFFFFFFF
FFFFFFFF
FFFFFFFF
FFFFFFFF
FFFFFFFF
FFFFFFFF
FFFFFFFF
FFFFFFFF
FFFFFFFF
FFFFFFFF
FFFFFFFF
FFFFFFFF
FFFFFFFF
FFFFFFFF
FFFFFFFF
FFFFFFFF
FFFFFFFF
FFFFFFFF
FFFFFFFF
FFFFFFFF
FFFFFFFF
FFFFFFFF
FFFFFFFF
FFFFFFFF
FFFFFFFF
FFFFFFFF
FFFFFFFF
FFFFFFFF
FFFFFFFF
FFFFFFFF
FFFFFFFF
FFFFFFFF
FFFFFFFF
FFFFFFFF
FFFFFFFF
FFFFFFFF
FFFFFFFF
FFFFFFFF
FFFFFFFF
FFFFFFFF
FFFFFFFF
FFFFFFFF
FFFFFFFF
FFFFFFFF
FFFFFFFF
FFFFFFFF
FFFFFFFF
FFFFFFFF
FFFFFFFF
FFFFFFFF
FFFFFFFF
FFFFFFFF
FFFFFFFF
FFFFFFFF
FFFFFFFF
FFFFFFFF
FFFFFFFF
FFFFFFFF
FFFFFFFF
FFFFFFFF
FFFFFFFF
FFFFFFFF
FFFFFFFF
FFFFFFFF
FFFFFFFF
FFFFFFFF
FFFFFFFF
FFFFFFFF
FFFFFFFF
FFFFFFFF
FFFFFFFF
FFFFFFFF
FFFFFFFF
FFFFFFFF
FFFFFFFF
FFFFFFFF
FFFFFFFF
FFFFFFFF
FFFFFFFF
FFFFFFFF
FFFFFFFF
FFFFFFFF
FFFFFFFF
FFFFFFFF
FFFF8000
00000000
00000000
00000000
00000000
00000000
FFFF0000
00000000
00000000
00000000
00000000
00000000
5F495049
5F455353
454A4E49
00005443
00000000
00000000
00000000
00000000
00000000
00000000
00000000
00000000
00000000
00000000
00000000
00000000
00000040
00000000
00000000
00000000
00000000
00000000
5F495049
00424C54
00000000
00000000
00000000
00000000
00000000
00000000
00000000
00000000
00000000
00000000
00000000
00000000
00000040
00000000
02040000
00000000
00004000
00000000
00000000
00000001
000F4240
00000000
0204BFF8
00000000
00000008
00000000
02044000
00000000
00007FF8
00000000
00000000
00000001
00000001
00000000
00000000
00000000
00000000
00000000
00000000
00000000
00000000
00000000
00000000
00000000
00000000
00000000
00000000
00000000
00000000
00000000
04000000
00000000
00000000
00000000
00000040
00000000
00000001
00000000
00000000
00000000
00010007
00000000
73656843
65726968
434F5320
00000000
00000000
00000000
00000000
00000000
00000000
00000000
00000000
00000000
00000000
00000000
00000000
00000000
00000002
00000000
00000001
00002000
00009000
00000000
00000000
00000000
00000000
00000000
00000000
00000000
00000000
00000000
00000000
00000000
00000000
00000000
00000000
00000000
00000000
00000000
00000000
00000000
00000000
00000000
00000000
00000000
00000000
00000000
00000000
00000000
00000000
00000000
00000000
00000000
00000000
00000000
00000000
00000000
00000000
00000000
00000000
00000000
00000000
00000000
00000000
00000000
00000000
00000000
00000000
00000000
00000000
00000000
00000000
00000000
00000000
00000000
00000000
00000000
00000001
00000000
00000000
00000000
00000000
00000000
00000000
00000000
00000000
00000000
00000000
00000000
00000000
00000000
00000000
00000000
00000000
00000000
00000000
00000000
00000000
00000000
00000000
00000000
656D6974
00000000
54494D45
00000000
54494D45
00000000
00000000
00000000
00000000
00000000
00000000
00000000
00000000
00000000
00000000
00000000
00000000
00000000
00697069
00000000
00735049
00000000
00735049
00000000
00000000
00000000
00000000
00000000
00000000
00000000
00000000
00000000
00000000
00000000
00000000
00000000
65736162
00000000
00000010
00000000
00000010
00000000
00000000
00000000
00000000
00000000
00000000
00000000
00000000
00000000
00000000
00000000
00000000
00000000
6E636264
00000000
4442434E
00000000
4442434E
00000000
00000000
00000000
00000000
00000000
00000000
00000000
00000000
00000000
00000000
00000000
00000000
00000000
6167656C
00007963
00000000
00000000
00000008
00000000
00000000
00000000
00000000
00000000
00000000
00000000
00000000
00000000
00000000
00000000
00000000
00000000
646E6576
0000726F
09000000
00000000
09FFFFFF
00000000
00000000
00000000
00000000
00000000
00000000
00000000
00000000
00000000
00000000
00000000
00000000
01000001
00000000
00000000
00000000
00000000
00000000
00000000
00000000
00000000
00000000
00000000
00000000
00000000
00000000
00000000
00000000
00000000
00000000
00000000
00000000
00000000
00000000
00000000
00000000
00000000
00000000
00000000
00000000
00000000
00000000
00000000
00000000
00000000
00000000
00000000
00000000
00000000
00000000
00000000
00000000
00000000
00000000
00000000
00000000
00000000
00000000
00000000
00000000
00000000
00000000
00000000
00000000
00000000
00000000
00000000
00000000
00000000
00000000
00000000
00000000
00000000
00000000
00000000
00000000
00000000
00000000
00000000
00000000
00000000
00000000
00000000
00000000
00000000
00000000
00000000
00000000
00000000
00000000
00000000
00000000
00000000
00000000
00000000
00000000
00000000
00000000
746F6F72
00000000
00000000
00000000
00000000
00000000
00000000
00000000
00000000
00000000
00000000
00000000
00000000
00000000
00000000
00000000
00000000
00000000
00000000
00000000
00000000
00000000
00000000
00000000
00000000
00000000
00000000
00000000
00000000
00000101
00000000
00000000
00000000
00000000
00000000
00000000
00000000
00000000
00000000
00000001
00000000
00000000
00000000
00000000
00000000
00000000
00000000
00000002
00000000
00000000
00000000
00000000
00000000
00000000
00000000
00000003
00000000
00000000
00000000
00000000
00000000
00000000
00000000
00000004
00000000
00000000
00000000
00000000
00000000
00000000
00000000
00000005
00000000
00000000
00000000
00000000
00000000
00000000
00000000
00000000
00000000
00000000
00000000
00000000
00000000
00000001
00000000
00000000
00000000
00000002
00000000
00000000
00000000
00000003
00000000
00000000
00000000
00000004
00000000
00000000
00000000
00000005
00000000
00000000
00000000
00000006
00000000
00000000
00000000
00000007
00000000
00000000
00000000
00000008
00000000
00000000
00000000
00000009
00000000
00000000
00000000
0000000A
00000000
00000000
00000000
0000000B
00000000
00000000
00000000
0000000C
00000000
00000000
00000000
0000000D
00000000
00000000
00000000
0000000E
00000000
00000000
00000000
0000000F
00000000
00000000
00000000
00000010
00000000
00000000
00000000
00000011
00000000
00000000
00000000
00000012
00000000
00000000
00000000
00000013
00000000
00000000
00000000
00000014
00000000
00000000
00000000
00000015
00000000
00000000
00000000
00000016
00000000
00000000
00000000
00000017
00000000
00000000
00000000
00000018
00000000
00000000
00000000
00000019
00000000
00000000
00000000
0000001A
00000000
00000000
00000000
00000000
00000000
00000000
00000000
00000000
00000000
00000000
00000000
00000000
00000000
00000000
00000000
00000000
00000000
00000000
00000000
00000000
00000000
00000000
00000000
00000000
00000000
00000000
00000000
00000000
00000000
00000000
00000000
00000000
00000000
00000000
00000000
00000000
00000000
00000000
00000000
00000000
00000000
00000000
00000000
00000000
00000000
00000000
00000000
00000000
00000000
00000000
00000000
00000000
00000000
00000000
00000000
00000000
00000000
00000000
00000000
00000000
00000000
00000000
00000000
00000000
00000000
00000000
00000000
696C6361
6D2D746E
656D6974
00000072
00000000
00000000
00000000
00000000
00000000
00000000
00000000
00000000
00000000
00000000
00000000
00000000
00000000
00000000
74726175
30353238
00000000
00000000
00000000
00000000
00000000
00000000
00000000
00000000
00000000
00000000
00000000
00000000
696C6361
6D2D746E
00697773
00000000
00000000
00000000
00000000
00000000
00000000
00000000
00000000
00000000
00000000
00000000
00000000
00000000
00000004
00000000
800122A0
00000000
6FFFFEF5
00000000
800122B8
00000000
00000005
00000000
80012298
00000000
00000006
00000000
800122D8
00000000
0000000A
00000000
00000001
00000000
0000000B
00000000
00000018
00000000
00000015
00000000
00000000
00000000
00000007
00000000
80013000
00000000
00000008
00000000
00000D08
00000000
00000009
00000000
00000018
00000000
6FFFFFFB
00000000
08000000
00000000
6FFFFFF9
00000000
0000008B
00000000
00000000
00000000
00000000
00000000
00000000
00000000
00000000
00000000
00000000
00000000
00000000
00000000
00000000
00000000
00000000
00000000
00000000
00000000
00000000
00000000
80020E00
00000000
00000000
