Copyright 1986-2022 Xilinx, Inc. All Rights Reserved.
----------------------------------------------------------------------------------------------------------------------------------------------------------------------------------------------------------------
| Tool Version : Vivado v.2022.2 (lin64) Build 3671981 Fri Oct 14 04:59:54 MDT 2022
| Date         : Mon Mar  2 06:48:32 2026
| Host         : karpuz running 64-bit Ubuntu 22.04.5 LTS
| Command      : report_timing -file /home/shc/projects/cheshire-env-nvdla-g2/target/xilinx/build/genesys2.cheshire/reports.impl/timing_worst_100.rpt -max_paths 100 -nworst 100 -delay_type max -sort_by slack
| Design       : cheshire_top_xilinx
| Device       : 7k325t-ffg900
| Speed File   : -2  PRODUCTION 1.12 2017-02-17
----------------------------------------------------------------------------------------------------------------------------------------------------------------------------------------------------------------

Timing Report

Slack (MET) :             0.177ns  (required time - arrival time)
  Source:                 i_dram_wrapper/i_dram/u_mig7s_mig/u_memc_ui_top_axi/mem_intfc0/ddr_phy_top0/u_ddr_mc_phy_wrapper/u_ddr_mc_phy/ddr_phy_4lanes_1.u_ddr_phy_4lanes/phy_control_i/MEMREFCLK
                            (rising edge-triggered cell PHY_CONTROL clocked by mem_refclk  {rise@0.000ns fall@0.625ns period=1.250ns})
  Destination:            i_dram_wrapper/i_dram/u_mig7s_mig/u_memc_ui_top_axi/mem_intfc0/ddr_phy_top0/u_ddr_mc_phy_wrapper/u_ddr_mc_phy/ddr_phy_4lanes_0.u_ddr_phy_4lanes/phy_control_i/PHYCTLMSTREMPTY
                            (rising edge-triggered cell PHY_CONTROL clocked by mem_refclk  {rise@0.000ns fall@0.625ns period=1.250ns})
  Path Group:             mem_refclk
  Path Type:              Setup (Max at Slow Process Corner)
  Requirement:            1.250ns  (mem_refclk rise@1.250ns - mem_refclk rise@0.000ns)
  Data Path Delay:        1.183ns  (logic 0.576ns (48.690%)  route 0.607ns (51.310%))
  Logic Levels:           0  
  Clock Path Skew:        0.165ns (DCD - SCD + CPR)
    Destination Clock Delay (DCD):    5.833ns = ( 7.083 - 1.250 ) 
    Source Clock Delay      (SCD):    6.130ns
    Clock Pessimism Removal (CPR):    0.461ns
  Clock Uncertainty:      0.047ns  ((TSJ^2 + DJ^2)^1/2) / 2 + PE
    Total System Jitter     (TSJ):    0.071ns
    Discrete Jitter          (DJ):    0.061ns
    Phase Error              (PE):    0.000ns

    Location             Delay type                Incr(ns)  Path(ns)    Netlist Resource(s)
  -------------------------------------------------------------------    -------------------
                         (clock mem_refclk rise edge)
                                                      0.000     0.000 r  
    AD12                                              0.000     0.000 r  sys_clk_p (IN)
                         net (fo=0)                   0.000     0.000    sys_clk_p
    AD12                 IBUFDS (Prop_ibufds_I_O)     0.906     0.906 r  i_bufds_sys_clk/O
                         net (fo=1, routed)           2.299     3.205    sys_clk
    BUFGCTRL_X0Y1        BUFG (Prop_bufg_I_O)         0.093     3.298 r  sys_clk_BUFG_inst/O
                         net (fo=63, routed)          1.787     5.085    i_dram_wrapper/i_dram/u_mig7s_mig/u_ddr3_infrastructure/plle2_i_0
    PLLE2_ADV_X1Y1       PLLE2_ADV (Prop_plle2_adv_CLKIN1_CLKOUT1)
                                                      0.077     5.162 r  i_dram_wrapper/i_dram/u_mig7s_mig/u_ddr3_infrastructure/plle2_i/CLKOUT1
                         net (fo=14, routed)          0.968     6.130    i_dram_wrapper/i_dram/u_mig7s_mig/u_memc_ui_top_axi/mem_intfc0/ddr_phy_top0/u_ddr_mc_phy_wrapper/u_ddr_mc_phy/ddr_phy_4lanes_1.u_ddr_phy_4lanes/mem_refclk
    PHY_CONTROL_X1Y1     PHY_CONTROL                                  r  i_dram_wrapper/i_dram/u_mig7s_mig/u_memc_ui_top_axi/mem_intfc0/ddr_phy_top0/u_ddr_mc_phy_wrapper/u_ddr_mc_phy/ddr_phy_4lanes_1.u_ddr_phy_4lanes/phy_control_i/MEMREFCLK
  -------------------------------------------------------------------    -------------------
    PHY_CONTROL_X1Y1     PHY_CONTROL (Prop_phy_control_MEMREFCLK_PHYCTLEMPTY)
                                                      0.576     6.706 r  i_dram_wrapper/i_dram/u_mig7s_mig/u_memc_ui_top_axi/mem_intfc0/ddr_phy_top0/u_ddr_mc_phy_wrapper/u_ddr_mc_phy/ddr_phy_4lanes_1.u_ddr_phy_4lanes/phy_control_i/PHYCTLEMPTY
                         net (fo=2, routed)           0.607     7.313    i_dram_wrapper/i_dram/u_mig7s_mig/u_memc_ui_top_axi/mem_intfc0/ddr_phy_top0/u_ddr_mc_phy_wrapper/u_ddr_mc_phy/ddr_phy_4lanes_0.u_ddr_phy_4lanes/phy_ctl_mstr_empty
    PHY_CONTROL_X1Y2     PHY_CONTROL                                  r  i_dram_wrapper/i_dram/u_mig7s_mig/u_memc_ui_top_axi/mem_intfc0/ddr_phy_top0/u_ddr_mc_phy_wrapper/u_ddr_mc_phy/ddr_phy_4lanes_0.u_ddr_phy_4lanes/phy_control_i/PHYCTLMSTREMPTY
  -------------------------------------------------------------------    -------------------

                         (clock mem_refclk rise edge)
                                                      1.250     1.250 r  
    AD12                                              0.000     1.250 r  sys_clk_p (IN)
                         net (fo=0)                   0.000     1.250    sys_clk_p
    AD12                 IBUFDS (Prop_ibufds_I_O)     0.803     2.053 r  i_bufds_sys_clk/O
                         net (fo=1, routed)           2.173     4.226    sys_clk
    BUFGCTRL_X0Y1        BUFG (Prop_bufg_I_O)         0.083     4.309 r  sys_clk_BUFG_inst/O
                         net (fo=63, routed)          1.626     5.935    i_dram_wrapper/i_dram/u_mig7s_mig/u_ddr3_infrastructure/plle2_i_0
    PLLE2_ADV_X1Y1       PLLE2_ADV (Prop_plle2_adv_CLKIN1_CLKOUT1)
                                                      0.073     6.008 r  i_dram_wrapper/i_dram/u_mig7s_mig/u_ddr3_infrastructure/plle2_i/CLKOUT1
                         net (fo=14, routed)          1.075     7.083    i_dram_wrapper/i_dram/u_mig7s_mig/u_memc_ui_top_axi/mem_intfc0/ddr_phy_top0/u_ddr_mc_phy_wrapper/u_ddr_mc_phy/ddr_phy_4lanes_0.u_ddr_phy_4lanes/mem_refclk
    PHY_CONTROL_X1Y2     PHY_CONTROL                                  r  i_dram_wrapper/i_dram/u_mig7s_mig/u_memc_ui_top_axi/mem_intfc0/ddr_phy_top0/u_ddr_mc_phy_wrapper/u_ddr_mc_phy/ddr_phy_4lanes_0.u_ddr_phy_4lanes/phy_control_i/MEMREFCLK
                         clock pessimism              0.461     7.545    
                         clock uncertainty           -0.047     7.498    
    PHY_CONTROL_X1Y2     PHY_CONTROL (Setup_phy_control_MEMREFCLK_PHYCTLMSTREMPTY)
                                                     -0.008     7.490    i_dram_wrapper/i_dram/u_mig7s_mig/u_memc_ui_top_axi/mem_intfc0/ddr_phy_top0/u_ddr_mc_phy_wrapper/u_ddr_mc_phy/ddr_phy_4lanes_0.u_ddr_phy_4lanes/phy_control_i
  -------------------------------------------------------------------
                         required time                          7.490    
                         arrival time                          -7.313    
  -------------------------------------------------------------------
                         slack                                  0.177    

Slack (MET) :             0.177ns  (required time - arrival time)
  Source:                 i_dram_wrapper/i_dram/u_mig7s_mig/u_memc_ui_top_axi/mem_intfc0/ddr_phy_top0/u_ddr_mc_phy_wrapper/u_ddr_mc_phy/ddr_phy_4lanes_1.u_ddr_phy_4lanes/phy_control_i/MEMREFCLK
                            (rising edge-triggered cell PHY_CONTROL clocked by mem_refclk  {rise@0.000ns fall@0.625ns period=1.250ns})
  Destination:            i_dram_wrapper/i_dram/u_mig7s_mig/u_memc_ui_top_axi/mem_intfc0/ddr_phy_top0/u_ddr_mc_phy_wrapper/u_ddr_mc_phy/ddr_phy_4lanes_0.u_ddr_phy_4lanes/phy_control_i/PHYCTLMSTREMPTY
                            (rising edge-triggered cell PHY_CONTROL clocked by mem_refclk  {rise@0.000ns fall@0.625ns period=1.250ns})
  Path Group:             mem_refclk
  Path Type:              Setup (Max at Slow Process Corner)
  Requirement:            1.250ns  (mem_refclk rise@1.250ns - mem_refclk rise@0.000ns)
  Data Path Delay:        1.183ns  (logic 0.576ns (48.690%)  route 0.607ns (51.310%))
  Logic Levels:           0  
  Clock Path Skew:        0.165ns (DCD - SCD + CPR)
    Destination Clock Delay (DCD):    5.833ns = ( 7.083 - 1.250 ) 
    Source Clock Delay      (SCD):    6.130ns
    Clock Pessimism Removal (CPR):    0.461ns
  Clock Uncertainty:      0.047ns  ((TSJ^2 + DJ^2)^1/2) / 2 + PE
    Total System Jitter     (TSJ):    0.071ns
    Discrete Jitter          (DJ):    0.061ns
    Phase Error              (PE):    0.000ns

    Location             Delay type                Incr(ns)  Path(ns)    Netlist Resource(s)
  -------------------------------------------------------------------    -------------------
                         (clock mem_refclk rise edge)
                                                      0.000     0.000 r  
    AD12                                              0.000     0.000 r  sys_clk_p (IN)
                         net (fo=0)                   0.000     0.000    sys_clk_p
    AD12                 IBUFDS (Prop_ibufds_I_O)     0.906     0.906 r  i_bufds_sys_clk/O
                         net (fo=1, routed)           2.299     3.205    sys_clk
    BUFGCTRL_X0Y1        BUFG (Prop_bufg_I_O)         0.093     3.298 r  sys_clk_BUFG_inst/O
                         net (fo=63, routed)          1.787     5.085    i_dram_wrapper/i_dram/u_mig7s_mig/u_ddr3_infrastructure/plle2_i_0
    PLLE2_ADV_X1Y1       PLLE2_ADV (Prop_plle2_adv_CLKIN1_CLKOUT1)
                                                      0.077     5.162 r  i_dram_wrapper/i_dram/u_mig7s_mig/u_ddr3_infrastructure/plle2_i/CLKOUT1
                         net (fo=14, routed)          0.968     6.130    i_dram_wrapper/i_dram/u_mig7s_mig/u_memc_ui_top_axi/mem_intfc0/ddr_phy_top0/u_ddr_mc_phy_wrapper/u_ddr_mc_phy/ddr_phy_4lanes_1.u_ddr_phy_4lanes/mem_refclk
    PHY_CONTROL_X1Y1     PHY_CONTROL                                  r  i_dram_wrapper/i_dram/u_mig7s_mig/u_memc_ui_top_axi/mem_intfc0/ddr_phy_top0/u_ddr_mc_phy_wrapper/u_ddr_mc_phy/ddr_phy_4lanes_1.u_ddr_phy_4lanes/phy_control_i/MEMREFCLK
  -------------------------------------------------------------------    -------------------
    PHY_CONTROL_X1Y1     PHY_CONTROL (Prop_phy_control_MEMREFCLK_PHYCTLEMPTY)
                                                      0.576     6.706 f  i_dram_wrapper/i_dram/u_mig7s_mig/u_memc_ui_top_axi/mem_intfc0/ddr_phy_top0/u_ddr_mc_phy_wrapper/u_ddr_mc_phy/ddr_phy_4lanes_1.u_ddr_phy_4lanes/phy_control_i/PHYCTLEMPTY
                         net (fo=2, routed)           0.607     7.313    i_dram_wrapper/i_dram/u_mig7s_mig/u_memc_ui_top_axi/mem_intfc0/ddr_phy_top0/u_ddr_mc_phy_wrapper/u_ddr_mc_phy/ddr_phy_4lanes_0.u_ddr_phy_4lanes/phy_ctl_mstr_empty
    PHY_CONTROL_X1Y2     PHY_CONTROL                                  f  i_dram_wrapper/i_dram/u_mig7s_mig/u_memc_ui_top_axi/mem_intfc0/ddr_phy_top0/u_ddr_mc_phy_wrapper/u_ddr_mc_phy/ddr_phy_4lanes_0.u_ddr_phy_4lanes/phy_control_i/PHYCTLMSTREMPTY
  -------------------------------------------------------------------    -------------------

                         (clock mem_refclk rise edge)
                                                      1.250     1.250 r  
    AD12                                              0.000     1.250 r  sys_clk_p (IN)
                         net (fo=0)                   0.000     1.250    sys_clk_p
    AD12                 IBUFDS (Prop_ibufds_I_O)     0.803     2.053 r  i_bufds_sys_clk/O
                         net (fo=1, routed)           2.173     4.226    sys_clk
    BUFGCTRL_X0Y1        BUFG (Prop_bufg_I_O)         0.083     4.309 r  sys_clk_BUFG_inst/O
                         net (fo=63, routed)          1.626     5.935    i_dram_wrapper/i_dram/u_mig7s_mig/u_ddr3_infrastructure/plle2_i_0
    PLLE2_ADV_X1Y1       PLLE2_ADV (Prop_plle2_adv_CLKIN1_CLKOUT1)
                                                      0.073     6.008 r  i_dram_wrapper/i_dram/u_mig7s_mig/u_ddr3_infrastructure/plle2_i/CLKOUT1
                         net (fo=14, routed)          1.075     7.083    i_dram_wrapper/i_dram/u_mig7s_mig/u_memc_ui_top_axi/mem_intfc0/ddr_phy_top0/u_ddr_mc_phy_wrapper/u_ddr_mc_phy/ddr_phy_4lanes_0.u_ddr_phy_4lanes/mem_refclk
    PHY_CONTROL_X1Y2     PHY_CONTROL                                  r  i_dram_wrapper/i_dram/u_mig7s_mig/u_memc_ui_top_axi/mem_intfc0/ddr_phy_top0/u_ddr_mc_phy_wrapper/u_ddr_mc_phy/ddr_phy_4lanes_0.u_ddr_phy_4lanes/phy_control_i/MEMREFCLK
                         clock pessimism              0.461     7.545    
                         clock uncertainty           -0.047     7.498    
    PHY_CONTROL_X1Y2     PHY_CONTROL (Setup_phy_control_MEMREFCLK_PHYCTLMSTREMPTY)
                                                     -0.008     7.490    i_dram_wrapper/i_dram/u_mig7s_mig/u_memc_ui_top_axi/mem_intfc0/ddr_phy_top0/u_ddr_mc_phy_wrapper/u_ddr_mc_phy/ddr_phy_4lanes_0.u_ddr_phy_4lanes/phy_control_i
  -------------------------------------------------------------------
                         required time                          7.490    
                         arrival time                          -7.313    
  -------------------------------------------------------------------
                         slack                                  0.177    

Slack (MET) :             0.183ns  (required time - arrival time)
  Source:                 i_dram_wrapper/i_dram/u_mig7s_mig/u_memc_ui_top_axi/mem_intfc0/ddr_phy_top0/u_ddr_mc_phy_wrapper/u_ddr_mc_phy/ddr_phy_4lanes_0.u_ddr_phy_4lanes/ddr_byte_lane_B.ddr_byte_lane_B/phaser_out/OCLKDELAYED
                            (rising edge-triggered cell PHASER_OUT_PHY clocked by oserdes_clk_1'  {rise@0.000ns fall@0.625ns period=1.250ns})
  Destination:            i_dram_wrapper/i_dram/u_mig7s_mig/u_memc_ui_top_axi/mem_intfc0/ddr_phy_top0/u_ddr_mc_phy_wrapper/u_ddr_mc_phy/ddr_phy_4lanes_0.u_ddr_phy_4lanes/ddr_byte_lane_B.ddr_byte_lane_B/ddr_byte_group_io/dqs_gen.oddr_dqsts/D1
                            (rising edge-triggered cell ODDR clocked by oserdes_clk_1'  {rise@0.000ns fall@0.625ns period=1.250ns})
  Path Group:             oserdes_clk_1
  Path Type:              Setup (Max at Slow Process Corner)
  Requirement:            1.250ns  (oserdes_clk_1 fall@1.875ns - oserdes_clk_1 fall@0.625ns)
  Data Path Delay:        0.750ns  (logic 0.459ns (61.176%)  route 0.291ns (38.824%))
  Logic Levels:           0  
  Clock Path Skew:        0.288ns (DCD - SCD + CPR)
    Destination Clock Delay (DCD):    9.325ns = ( 11.200 - 1.875 ) 
    Source Clock Delay      (SCD):    9.661ns = ( 10.286 - 0.625 ) 
    Clock Pessimism Removal (CPR):    0.624ns
  Clock Uncertainty:      0.047ns  ((TSJ^2 + DJ^2)^1/2) / 2 + PE
    Total System Jitter     (TSJ):    0.071ns
    Discrete Jitter          (DJ):    0.061ns
    Phase Error              (PE):    0.000ns

    Location             Delay type                Incr(ns)  Path(ns)    Netlist Resource(s)
  -------------------------------------------------------------------    -------------------
                         (clock oserdes_clk_1 fall edge)
                                                      0.625     0.625 f  
    AD12                                              0.000     0.625 f  sys_clk_p (IN)
                         net (fo=0)                   0.000     0.625    sys_clk_p
    AD12                 IBUFDS (Prop_ibufds_I_O)     0.906     1.531 f  i_bufds_sys_clk/O
                         net (fo=1, routed)           2.299     3.830    sys_clk
    BUFGCTRL_X0Y1        BUFG (Prop_bufg_I_O)         0.093     3.923 f  sys_clk_BUFG_inst/O
                         net (fo=63, routed)          1.787     5.710    i_dram_wrapper/i_dram/u_mig7s_mig/u_ddr3_infrastructure/plle2_i_0
    PLLE2_ADV_X1Y1       PLLE2_ADV (Prop_plle2_adv_CLKIN1_CLKOUT1)
                                                      0.077     5.787 f  i_dram_wrapper/i_dram/u_mig7s_mig/u_ddr3_infrastructure/plle2_i/CLKOUT1
                         net (fo=14, routed)          1.188     6.975    i_dram_wrapper/i_dram/u_mig7s_mig/u_memc_ui_top_axi/mem_intfc0/ddr_phy_top0/u_ddr_mc_phy_wrapper/u_ddr_mc_phy/ddr_phy_4lanes_0.u_ddr_phy_4lanes/ddr_byte_lane_B.ddr_byte_lane_B/mem_refclk
    PHASER_OUT_PHY_X1Y9  PHASER_OUT_PHY (Prop_phaser_out_phy_MEMREFCLK_OCLK)
                                                      2.083     9.058 f  i_dram_wrapper/i_dram/u_mig7s_mig/u_memc_ui_top_axi/mem_intfc0/ddr_phy_top0/u_ddr_mc_phy_wrapper/u_ddr_mc_phy/ddr_phy_4lanes_0.u_ddr_phy_4lanes/ddr_byte_lane_B.ddr_byte_lane_B/phaser_out/OCLK
    PHASER_OUT_PHY_X1Y9  PHASER_OUT_PHY (Prop_phaser_out_phy_OCLK_OCLKDELAYED)
                                                      1.229    10.286 r  i_dram_wrapper/i_dram/u_mig7s_mig/u_memc_ui_top_axi/mem_intfc0/ddr_phy_top0/u_ddr_mc_phy_wrapper/u_ddr_mc_phy/ddr_phy_4lanes_0.u_ddr_phy_4lanes/ddr_byte_lane_B.ddr_byte_lane_B/phaser_out/OCLKDELAYED
  -------------------------------------------------------------------    -------------------
    PHASER_OUT_PHY_X1Y9  PHASER_OUT_PHY (Prop_phaser_out_phy_OCLKDELAYED_CTSBUS[0])
                                                      0.459    10.745 r  i_dram_wrapper/i_dram/u_mig7s_mig/u_memc_ui_top_axi/mem_intfc0/ddr_phy_top0/u_ddr_mc_phy_wrapper/u_ddr_mc_phy/ddr_phy_4lanes_0.u_ddr_phy_4lanes/ddr_byte_lane_B.ddr_byte_lane_B/phaser_out/CTSBUS[0]
                         net (fo=2, routed)           0.291    11.037    i_dram_wrapper/i_dram/u_mig7s_mig/u_memc_ui_top_axi/mem_intfc0/ddr_phy_top0/u_ddr_mc_phy_wrapper/u_ddr_mc_phy/ddr_phy_4lanes_0.u_ddr_phy_4lanes/ddr_byte_lane_B.ddr_byte_lane_B/ddr_byte_group_io/CTSBUS[0]
    OLOGIC_X1Y120        ODDR                                         r  i_dram_wrapper/i_dram/u_mig7s_mig/u_memc_ui_top_axi/mem_intfc0/ddr_phy_top0/u_ddr_mc_phy_wrapper/u_ddr_mc_phy/ddr_phy_4lanes_0.u_ddr_phy_4lanes/ddr_byte_lane_B.ddr_byte_lane_B/ddr_byte_group_io/dqs_gen.oddr_dqsts/D1
  -------------------------------------------------------------------    -------------------

                         (clock oserdes_clk_1 fall edge)
                                                      1.875     1.875 f  
    AD12                                              0.000     1.875 f  sys_clk_p (IN)
                         net (fo=0)                   0.000     1.875    sys_clk_p
    AD12                 IBUFDS (Prop_ibufds_I_O)     0.803     2.678 f  i_bufds_sys_clk/O
                         net (fo=1, routed)           2.173     4.851    sys_clk
    BUFGCTRL_X0Y1        BUFG (Prop_bufg_I_O)         0.083     4.934 f  sys_clk_BUFG_inst/O
                         net (fo=63, routed)          1.626     6.560    i_dram_wrapper/i_dram/u_mig7s_mig/u_ddr3_infrastructure/plle2_i_0
    PLLE2_ADV_X1Y1       PLLE2_ADV (Prop_plle2_adv_CLKIN1_CLKOUT1)
                                                      0.073     6.633 f  i_dram_wrapper/i_dram/u_mig7s_mig/u_ddr3_infrastructure/plle2_i/CLKOUT1
                         net (fo=14, routed)          1.061     7.694    i_dram_wrapper/i_dram/u_mig7s_mig/u_memc_ui_top_axi/mem_intfc0/ddr_phy_top0/u_ddr_mc_phy_wrapper/u_ddr_mc_phy/ddr_phy_4lanes_0.u_ddr_phy_4lanes/ddr_byte_lane_B.ddr_byte_lane_B/mem_refclk
    PHASER_OUT_PHY_X1Y9  PHASER_OUT_PHY (Prop_phaser_out_phy_MEMREFCLK_OCLK)
                                                      2.027     9.721 f  i_dram_wrapper/i_dram/u_mig7s_mig/u_memc_ui_top_axi/mem_intfc0/ddr_phy_top0/u_ddr_mc_phy_wrapper/u_ddr_mc_phy/ddr_phy_4lanes_0.u_ddr_phy_4lanes/ddr_byte_lane_B.ddr_byte_lane_B/phaser_out/OCLK
    PHASER_OUT_PHY_X1Y9  PHASER_OUT_PHY (Prop_phaser_out_phy_OCLK_OCLKDELAYED)
                                                      1.191    10.912 r  i_dram_wrapper/i_dram/u_mig7s_mig/u_memc_ui_top_axi/mem_intfc0/ddr_phy_top0/u_ddr_mc_phy_wrapper/u_ddr_mc_phy/ddr_phy_4lanes_0.u_ddr_phy_4lanes/ddr_byte_lane_B.ddr_byte_lane_B/phaser_out/OCLKDELAYED
                         net (fo=2, routed)           0.288    11.200    i_dram_wrapper/i_dram/u_mig7s_mig/u_memc_ui_top_axi/mem_intfc0/ddr_phy_top0/u_ddr_mc_phy_wrapper/u_ddr_mc_phy/ddr_phy_4lanes_0.u_ddr_phy_4lanes/ddr_byte_lane_B.ddr_byte_lane_B/ddr_byte_group_io/oserdes_clk_delayed
    OLOGIC_X1Y120        ODDR                                         r  i_dram_wrapper/i_dram/u_mig7s_mig/u_memc_ui_top_axi/mem_intfc0/ddr_phy_top0/u_ddr_mc_phy_wrapper/u_ddr_mc_phy/ddr_phy_4lanes_0.u_ddr_phy_4lanes/ddr_byte_lane_B.ddr_byte_lane_B/ddr_byte_group_io/dqs_gen.oddr_dqsts/C
                         clock pessimism              0.624    11.824    
                         clock uncertainty           -0.047    11.778    
    OLOGIC_X1Y120        ODDR (Setup_oddr_C_D1)      -0.558    11.220    i_dram_wrapper/i_dram/u_mig7s_mig/u_memc_ui_top_axi/mem_intfc0/ddr_phy_top0/u_ddr_mc_phy_wrapper/u_ddr_mc_phy/ddr_phy_4lanes_0.u_ddr_phy_4lanes/ddr_byte_lane_B.ddr_byte_lane_B/ddr_byte_group_io/dqs_gen.oddr_dqsts
  -------------------------------------------------------------------
                         required time                         11.220    
                         arrival time                         -11.037    
  -------------------------------------------------------------------
                         slack                                  0.183    

Slack (MET) :             0.183ns  (required time - arrival time)
  Source:                 i_dram_wrapper/i_dram/u_mig7s_mig/u_memc_ui_top_axi/mem_intfc0/ddr_phy_top0/u_ddr_mc_phy_wrapper/u_ddr_mc_phy/ddr_phy_4lanes_0.u_ddr_phy_4lanes/ddr_byte_lane_B.ddr_byte_lane_B/phaser_out/OCLKDELAYED
                            (rising edge-triggered cell PHASER_OUT_PHY clocked by oserdes_clk_1'  {rise@0.000ns fall@0.625ns period=1.250ns})
  Destination:            i_dram_wrapper/i_dram/u_mig7s_mig/u_memc_ui_top_axi/mem_intfc0/ddr_phy_top0/u_ddr_mc_phy_wrapper/u_ddr_mc_phy/ddr_phy_4lanes_0.u_ddr_phy_4lanes/ddr_byte_lane_B.ddr_byte_lane_B/ddr_byte_group_io/dqs_gen.oddr_dqsts/D1
                            (rising edge-triggered cell ODDR clocked by oserdes_clk_1'  {rise@0.000ns fall@0.625ns period=1.250ns})
  Path Group:             oserdes_clk_1
  Path Type:              Setup (Max at Slow Process Corner)
  Requirement:            1.250ns  (oserdes_clk_1 fall@1.875ns - oserdes_clk_1 fall@0.625ns)
  Data Path Delay:        0.750ns  (logic 0.459ns (61.176%)  route 0.291ns (38.824%))
  Logic Levels:           0  
  Clock Path Skew:        0.288ns (DCD - SCD + CPR)
    Destination Clock Delay (DCD):    9.325ns = ( 11.200 - 1.875 ) 
    Source Clock Delay      (SCD):    9.661ns = ( 10.286 - 0.625 ) 
    Clock Pessimism Removal (CPR):    0.624ns
  Clock Uncertainty:      0.047ns  ((TSJ^2 + DJ^2)^1/2) / 2 + PE
    Total System Jitter     (TSJ):    0.071ns
    Discrete Jitter          (DJ):    0.061ns
    Phase Error              (PE):    0.000ns

    Location             Delay type                Incr(ns)  Path(ns)    Netlist Resource(s)
  -------------------------------------------------------------------    -------------------
                         (clock oserdes_clk_1 fall edge)
                                                      0.625     0.625 f  
    AD12                                              0.000     0.625 f  sys_clk_p (IN)
                         net (fo=0)                   0.000     0.625    sys_clk_p
    AD12                 IBUFDS (Prop_ibufds_I_O)     0.906     1.531 f  i_bufds_sys_clk/O
                         net (fo=1, routed)           2.299     3.830    sys_clk
    BUFGCTRL_X0Y1        BUFG (Prop_bufg_I_O)         0.093     3.923 f  sys_clk_BUFG_inst/O
                         net (fo=63, routed)          1.787     5.710    i_dram_wrapper/i_dram/u_mig7s_mig/u_ddr3_infrastructure/plle2_i_0
    PLLE2_ADV_X1Y1       PLLE2_ADV (Prop_plle2_adv_CLKIN1_CLKOUT1)
                                                      0.077     5.787 f  i_dram_wrapper/i_dram/u_mig7s_mig/u_ddr3_infrastructure/plle2_i/CLKOUT1
                         net (fo=14, routed)          1.188     6.975    i_dram_wrapper/i_dram/u_mig7s_mig/u_memc_ui_top_axi/mem_intfc0/ddr_phy_top0/u_ddr_mc_phy_wrapper/u_ddr_mc_phy/ddr_phy_4lanes_0.u_ddr_phy_4lanes/ddr_byte_lane_B.ddr_byte_lane_B/mem_refclk
    PHASER_OUT_PHY_X1Y9  PHASER_OUT_PHY (Prop_phaser_out_phy_MEMREFCLK_OCLK)
                                                      2.083     9.058 f  i_dram_wrapper/i_dram/u_mig7s_mig/u_memc_ui_top_axi/mem_intfc0/ddr_phy_top0/u_ddr_mc_phy_wrapper/u_ddr_mc_phy/ddr_phy_4lanes_0.u_ddr_phy_4lanes/ddr_byte_lane_B.ddr_byte_lane_B/phaser_out/OCLK
    PHASER_OUT_PHY_X1Y9  PHASER_OUT_PHY (Prop_phaser_out_phy_OCLK_OCLKDELAYED)
                                                      1.229    10.286 r  i_dram_wrapper/i_dram/u_mig7s_mig/u_memc_ui_top_axi/mem_intfc0/ddr_phy_top0/u_ddr_mc_phy_wrapper/u_ddr_mc_phy/ddr_phy_4lanes_0.u_ddr_phy_4lanes/ddr_byte_lane_B.ddr_byte_lane_B/phaser_out/OCLKDELAYED
  -------------------------------------------------------------------    -------------------
    PHASER_OUT_PHY_X1Y9  PHASER_OUT_PHY (Prop_phaser_out_phy_OCLKDELAYED_CTSBUS[0])
                                                      0.459    10.745 f  i_dram_wrapper/i_dram/u_mig7s_mig/u_memc_ui_top_axi/mem_intfc0/ddr_phy_top0/u_ddr_mc_phy_wrapper/u_ddr_mc_phy/ddr_phy_4lanes_0.u_ddr_phy_4lanes/ddr_byte_lane_B.ddr_byte_lane_B/phaser_out/CTSBUS[0]
                         net (fo=2, routed)           0.291    11.037    i_dram_wrapper/i_dram/u_mig7s_mig/u_memc_ui_top_axi/mem_intfc0/ddr_phy_top0/u_ddr_mc_phy_wrapper/u_ddr_mc_phy/ddr_phy_4lanes_0.u_ddr_phy_4lanes/ddr_byte_lane_B.ddr_byte_lane_B/ddr_byte_group_io/CTSBUS[0]
    OLOGIC_X1Y120        ODDR                                         f  i_dram_wrapper/i_dram/u_mig7s_mig/u_memc_ui_top_axi/mem_intfc0/ddr_phy_top0/u_ddr_mc_phy_wrapper/u_ddr_mc_phy/ddr_phy_4lanes_0.u_ddr_phy_4lanes/ddr_byte_lane_B.ddr_byte_lane_B/ddr_byte_group_io/dqs_gen.oddr_dqsts/D1
  -------------------------------------------------------------------    -------------------

                         (clock oserdes_clk_1 fall edge)
                                                      1.875     1.875 f  
    AD12                                              0.000     1.875 f  sys_clk_p (IN)
                         net (fo=0)                   0.000     1.875    sys_clk_p
    AD12                 IBUFDS (Prop_ibufds_I_O)     0.803     2.678 f  i_bufds_sys_clk/O
                         net (fo=1, routed)           2.173     4.851    sys_clk
    BUFGCTRL_X0Y1        BUFG (Prop_bufg_I_O)         0.083     4.934 f  sys_clk_BUFG_inst/O
                         net (fo=63, routed)          1.626     6.560    i_dram_wrapper/i_dram/u_mig7s_mig/u_ddr3_infrastructure/plle2_i_0
    PLLE2_ADV_X1Y1       PLLE2_ADV (Prop_plle2_adv_CLKIN1_CLKOUT1)
                                                      0.073     6.633 f  i_dram_wrapper/i_dram/u_mig7s_mig/u_ddr3_infrastructure/plle2_i/CLKOUT1
                         net (fo=14, routed)          1.061     7.694    i_dram_wrapper/i_dram/u_mig7s_mig/u_memc_ui_top_axi/mem_intfc0/ddr_phy_top0/u_ddr_mc_phy_wrapper/u_ddr_mc_phy/ddr_phy_4lanes_0.u_ddr_phy_4lanes/ddr_byte_lane_B.ddr_byte_lane_B/mem_refclk
    PHASER_OUT_PHY_X1Y9  PHASER_OUT_PHY (Prop_phaser_out_phy_MEMREFCLK_OCLK)
                                                      2.027     9.721 f  i_dram_wrapper/i_dram/u_mig7s_mig/u_memc_ui_top_axi/mem_intfc0/ddr_phy_top0/u_ddr_mc_phy_wrapper/u_ddr_mc_phy/ddr_phy_4lanes_0.u_ddr_phy_4lanes/ddr_byte_lane_B.ddr_byte_lane_B/phaser_out/OCLK
    PHASER_OUT_PHY_X1Y9  PHASER_OUT_PHY (Prop_phaser_out_phy_OCLK_OCLKDELAYED)
                                                      1.191    10.912 r  i_dram_wrapper/i_dram/u_mig7s_mig/u_memc_ui_top_axi/mem_intfc0/ddr_phy_top0/u_ddr_mc_phy_wrapper/u_ddr_mc_phy/ddr_phy_4lanes_0.u_ddr_phy_4lanes/ddr_byte_lane_B.ddr_byte_lane_B/phaser_out/OCLKDELAYED
                         net (fo=2, routed)           0.288    11.200    i_dram_wrapper/i_dram/u_mig7s_mig/u_memc_ui_top_axi/mem_intfc0/ddr_phy_top0/u_ddr_mc_phy_wrapper/u_ddr_mc_phy/ddr_phy_4lanes_0.u_ddr_phy_4lanes/ddr_byte_lane_B.ddr_byte_lane_B/ddr_byte_group_io/oserdes_clk_delayed
    OLOGIC_X1Y120        ODDR                                         r  i_dram_wrapper/i_dram/u_mig7s_mig/u_memc_ui_top_axi/mem_intfc0/ddr_phy_top0/u_ddr_mc_phy_wrapper/u_ddr_mc_phy/ddr_phy_4lanes_0.u_ddr_phy_4lanes/ddr_byte_lane_B.ddr_byte_lane_B/ddr_byte_group_io/dqs_gen.oddr_dqsts/C
                         clock pessimism              0.624    11.824    
                         clock uncertainty           -0.047    11.778    
    OLOGIC_X1Y120        ODDR (Setup_oddr_C_D1)      -0.558    11.220    i_dram_wrapper/i_dram/u_mig7s_mig/u_memc_ui_top_axi/mem_intfc0/ddr_phy_top0/u_ddr_mc_phy_wrapper/u_ddr_mc_phy/ddr_phy_4lanes_0.u_ddr_phy_4lanes/ddr_byte_lane_B.ddr_byte_lane_B/ddr_byte_group_io/dqs_gen.oddr_dqsts
  -------------------------------------------------------------------
                         required time                         11.220    
                         arrival time                         -11.037    
  -------------------------------------------------------------------
                         slack                                  0.183    

Slack (MET) :             0.191ns  (required time - arrival time)
  Source:                 i_dram_wrapper/i_dram/u_mig7s_mig/u_memc_ui_top_axi/mem_intfc0/ddr_phy_top0/u_ddr_mc_phy_wrapper/u_ddr_mc_phy/ddr_phy_4lanes_0.u_ddr_phy_4lanes/ddr_byte_lane_C.ddr_byte_lane_C/phaser_out/OCLKDELAYED
                            (rising edge-triggered cell PHASER_OUT_PHY clocked by oserdes_clk_2'  {rise@0.000ns fall@0.625ns period=1.250ns})
  Destination:            i_dram_wrapper/i_dram/u_mig7s_mig/u_memc_ui_top_axi/mem_intfc0/ddr_phy_top0/u_ddr_mc_phy_wrapper/u_ddr_mc_phy/ddr_phy_4lanes_0.u_ddr_phy_4lanes/ddr_byte_lane_C.ddr_byte_lane_C/ddr_byte_group_io/dqs_gen.oddr_dqsts/D1
                            (rising edge-triggered cell ODDR clocked by oserdes_clk_2'  {rise@0.000ns fall@0.625ns period=1.250ns})
  Path Group:             oserdes_clk_2
  Path Type:              Setup (Max at Slow Process Corner)
  Requirement:            1.250ns  (oserdes_clk_2 fall@1.875ns - oserdes_clk_2 fall@0.625ns)
  Data Path Delay:        0.750ns  (logic 0.459ns (61.176%)  route 0.291ns (38.824%))
  Logic Levels:           0  
  Clock Path Skew:        0.296ns (DCD - SCD + CPR)
    Destination Clock Delay (DCD):    9.342ns = ( 11.217 - 1.875 ) 
    Source Clock Delay      (SCD):    9.671ns = ( 10.296 - 0.625 ) 
    Clock Pessimism Removal (CPR):    0.625ns
  Clock Uncertainty:      0.047ns  ((TSJ^2 + DJ^2)^1/2) / 2 + PE
    Total System Jitter     (TSJ):    0.071ns
    Discrete Jitter          (DJ):    0.061ns
    Phase Error              (PE):    0.000ns

    Location             Delay type                Incr(ns)  Path(ns)    Netlist Resource(s)
  -------------------------------------------------------------------    -------------------
                         (clock oserdes_clk_2 fall edge)
                                                      0.625     0.625 f  
    AD12                                              0.000     0.625 f  sys_clk_p (IN)
                         net (fo=0)                   0.000     0.625    sys_clk_p
    AD12                 IBUFDS (Prop_ibufds_I_O)     0.906     1.531 f  i_bufds_sys_clk/O
                         net (fo=1, routed)           2.299     3.830    sys_clk
    BUFGCTRL_X0Y1        BUFG (Prop_bufg_I_O)         0.093     3.923 f  sys_clk_BUFG_inst/O
                         net (fo=63, routed)          1.787     5.710    i_dram_wrapper/i_dram/u_mig7s_mig/u_ddr3_infrastructure/plle2_i_0
    PLLE2_ADV_X1Y1       PLLE2_ADV (Prop_plle2_adv_CLKIN1_CLKOUT1)
                                                      0.077     5.787 f  i_dram_wrapper/i_dram/u_mig7s_mig/u_ddr3_infrastructure/plle2_i/CLKOUT1
                         net (fo=14, routed)          1.198     6.985    i_dram_wrapper/i_dram/u_mig7s_mig/u_memc_ui_top_axi/mem_intfc0/ddr_phy_top0/u_ddr_mc_phy_wrapper/u_ddr_mc_phy/ddr_phy_4lanes_0.u_ddr_phy_4lanes/ddr_byte_lane_C.ddr_byte_lane_C/mem_refclk
    PHASER_OUT_PHY_X1Y10 PHASER_OUT_PHY (Prop_phaser_out_phy_MEMREFCLK_OCLK)
                                                      2.083     9.068 f  i_dram_wrapper/i_dram/u_mig7s_mig/u_memc_ui_top_axi/mem_intfc0/ddr_phy_top0/u_ddr_mc_phy_wrapper/u_ddr_mc_phy/ddr_phy_4lanes_0.u_ddr_phy_4lanes/ddr_byte_lane_C.ddr_byte_lane_C/phaser_out/OCLK
    PHASER_OUT_PHY_X1Y10 PHASER_OUT_PHY (Prop_phaser_out_phy_OCLK_OCLKDELAYED)
                                                      1.229    10.296 r  i_dram_wrapper/i_dram/u_mig7s_mig/u_memc_ui_top_axi/mem_intfc0/ddr_phy_top0/u_ddr_mc_phy_wrapper/u_ddr_mc_phy/ddr_phy_4lanes_0.u_ddr_phy_4lanes/ddr_byte_lane_C.ddr_byte_lane_C/phaser_out/OCLKDELAYED
  -------------------------------------------------------------------    -------------------
    PHASER_OUT_PHY_X1Y10 PHASER_OUT_PHY (Prop_phaser_out_phy_OCLKDELAYED_CTSBUS[0])
                                                      0.459    10.755 r  i_dram_wrapper/i_dram/u_mig7s_mig/u_memc_ui_top_axi/mem_intfc0/ddr_phy_top0/u_ddr_mc_phy_wrapper/u_ddr_mc_phy/ddr_phy_4lanes_0.u_ddr_phy_4lanes/ddr_byte_lane_C.ddr_byte_lane_C/phaser_out/CTSBUS[0]
                         net (fo=2, routed)           0.291    11.047    i_dram_wrapper/i_dram/u_mig7s_mig/u_memc_ui_top_axi/mem_intfc0/ddr_phy_top0/u_ddr_mc_phy_wrapper/u_ddr_mc_phy/ddr_phy_4lanes_0.u_ddr_phy_4lanes/ddr_byte_lane_C.ddr_byte_lane_C/ddr_byte_group_io/CTSBUS[0]
    OLOGIC_X1Y132        ODDR                                         r  i_dram_wrapper/i_dram/u_mig7s_mig/u_memc_ui_top_axi/mem_intfc0/ddr_phy_top0/u_ddr_mc_phy_wrapper/u_ddr_mc_phy/ddr_phy_4lanes_0.u_ddr_phy_4lanes/ddr_byte_lane_C.ddr_byte_lane_C/ddr_byte_group_io/dqs_gen.oddr_dqsts/D1
  -------------------------------------------------------------------    -------------------

                         (clock oserdes_clk_2 fall edge)
                                                      1.875     1.875 f  
    AD12                                              0.000     1.875 f  sys_clk_p (IN)
                         net (fo=0)                   0.000     1.875    sys_clk_p
    AD12                 IBUFDS (Prop_ibufds_I_O)     0.803     2.678 f  i_bufds_sys_clk/O
                         net (fo=1, routed)           2.173     4.851    sys_clk
    BUFGCTRL_X0Y1        BUFG (Prop_bufg_I_O)         0.083     4.934 f  sys_clk_BUFG_inst/O
                         net (fo=63, routed)          1.626     6.560    i_dram_wrapper/i_dram/u_mig7s_mig/u_ddr3_infrastructure/plle2_i_0
    PLLE2_ADV_X1Y1       PLLE2_ADV (Prop_plle2_adv_CLKIN1_CLKOUT1)
                                                      0.073     6.633 f  i_dram_wrapper/i_dram/u_mig7s_mig/u_ddr3_infrastructure/plle2_i/CLKOUT1
                         net (fo=14, routed)          1.070     7.703    i_dram_wrapper/i_dram/u_mig7s_mig/u_memc_ui_top_axi/mem_intfc0/ddr_phy_top0/u_ddr_mc_phy_wrapper/u_ddr_mc_phy/ddr_phy_4lanes_0.u_ddr_phy_4lanes/ddr_byte_lane_C.ddr_byte_lane_C/mem_refclk
    PHASER_OUT_PHY_X1Y10 PHASER_OUT_PHY (Prop_phaser_out_phy_MEMREFCLK_OCLK)
                                                      2.027     9.730 f  i_dram_wrapper/i_dram/u_mig7s_mig/u_memc_ui_top_axi/mem_intfc0/ddr_phy_top0/u_ddr_mc_phy_wrapper/u_ddr_mc_phy/ddr_phy_4lanes_0.u_ddr_phy_4lanes/ddr_byte_lane_C.ddr_byte_lane_C/phaser_out/OCLK
    PHASER_OUT_PHY_X1Y10 PHASER_OUT_PHY (Prop_phaser_out_phy_OCLK_OCLKDELAYED)
                                                      1.191    10.921 r  i_dram_wrapper/i_dram/u_mig7s_mig/u_memc_ui_top_axi/mem_intfc0/ddr_phy_top0/u_ddr_mc_phy_wrapper/u_ddr_mc_phy/ddr_phy_4lanes_0.u_ddr_phy_4lanes/ddr_byte_lane_C.ddr_byte_lane_C/phaser_out/OCLKDELAYED
                         net (fo=2, routed)           0.296    11.217    i_dram_wrapper/i_dram/u_mig7s_mig/u_memc_ui_top_axi/mem_intfc0/ddr_phy_top0/u_ddr_mc_phy_wrapper/u_ddr_mc_phy/ddr_phy_4lanes_0.u_ddr_phy_4lanes/ddr_byte_lane_C.ddr_byte_lane_C/ddr_byte_group_io/oserdes_clk_delayed
    OLOGIC_X1Y132        ODDR                                         r  i_dram_wrapper/i_dram/u_mig7s_mig/u_memc_ui_top_axi/mem_intfc0/ddr_phy_top0/u_ddr_mc_phy_wrapper/u_ddr_mc_phy/ddr_phy_4lanes_0.u_ddr_phy_4lanes/ddr_byte_lane_C.ddr_byte_lane_C/ddr_byte_group_io/dqs_gen.oddr_dqsts/C
                         clock pessimism              0.625    11.842    
                         clock uncertainty           -0.047    11.796    
    OLOGIC_X1Y132        ODDR (Setup_oddr_C_D1)      -0.558    11.238    i_dram_wrapper/i_dram/u_mig7s_mig/u_memc_ui_top_axi/mem_intfc0/ddr_phy_top0/u_ddr_mc_phy_wrapper/u_ddr_mc_phy/ddr_phy_4lanes_0.u_ddr_phy_4lanes/ddr_byte_lane_C.ddr_byte_lane_C/ddr_byte_group_io/dqs_gen.oddr_dqsts
  -------------------------------------------------------------------
                         required time                         11.238    
                         arrival time                         -11.047    
  -------------------------------------------------------------------
                         slack                                  0.191    

Slack (MET) :             0.191ns  (required time - arrival time)
  Source:                 i_dram_wrapper/i_dram/u_mig7s_mig/u_memc_ui_top_axi/mem_intfc0/ddr_phy_top0/u_ddr_mc_phy_wrapper/u_ddr_mc_phy/ddr_phy_4lanes_0.u_ddr_phy_4lanes/ddr_byte_lane_C.ddr_byte_lane_C/phaser_out/OCLKDELAYED
                            (rising edge-triggered cell PHASER_OUT_PHY clocked by oserdes_clk_2'  {rise@0.000ns fall@0.625ns period=1.250ns})
  Destination:            i_dram_wrapper/i_dram/u_mig7s_mig/u_memc_ui_top_axi/mem_intfc0/ddr_phy_top0/u_ddr_mc_phy_wrapper/u_ddr_mc_phy/ddr_phy_4lanes_0.u_ddr_phy_4lanes/ddr_byte_lane_C.ddr_byte_lane_C/ddr_byte_group_io/dqs_gen.oddr_dqsts/D1
                            (rising edge-triggered cell ODDR clocked by oserdes_clk_2'  {rise@0.000ns fall@0.625ns period=1.250ns})
  Path Group:             oserdes_clk_2
  Path Type:              Setup (Max at Slow Process Corner)
  Requirement:            1.250ns  (oserdes_clk_2 fall@1.875ns - oserdes_clk_2 fall@0.625ns)
  Data Path Delay:        0.750ns  (logic 0.459ns (61.176%)  route 0.291ns (38.824%))
  Logic Levels:           0  
  Clock Path Skew:        0.296ns (DCD - SCD + CPR)
    Destination Clock Delay (DCD):    9.342ns = ( 11.217 - 1.875 ) 
    Source Clock Delay      (SCD):    9.671ns = ( 10.296 - 0.625 ) 
    Clock Pessimism Removal (CPR):    0.625ns
  Clock Uncertainty:      0.047ns  ((TSJ^2 + DJ^2)^1/2) / 2 + PE
    Total System Jitter     (TSJ):    0.071ns
    Discrete Jitter          (DJ):    0.061ns
    Phase Error              (PE):    0.000ns

    Location             Delay type                Incr(ns)  Path(ns)    Netlist Resource(s)
  -------------------------------------------------------------------    -------------------
                         (clock oserdes_clk_2 fall edge)
                                                      0.625     0.625 f  
    AD12                                              0.000     0.625 f  sys_clk_p (IN)
                         net (fo=0)                   0.000     0.625    sys_clk_p
    AD12                 IBUFDS (Prop_ibufds_I_O)     0.906     1.531 f  i_bufds_sys_clk/O
                         net (fo=1, routed)           2.299     3.830    sys_clk
    BUFGCTRL_X0Y1        BUFG (Prop_bufg_I_O)         0.093     3.923 f  sys_clk_BUFG_inst/O
                         net (fo=63, routed)          1.787     5.710    i_dram_wrapper/i_dram/u_mig7s_mig/u_ddr3_infrastructure/plle2_i_0
    PLLE2_ADV_X1Y1       PLLE2_ADV (Prop_plle2_adv_CLKIN1_CLKOUT1)
                                                      0.077     5.787 f  i_dram_wrapper/i_dram/u_mig7s_mig/u_ddr3_infrastructure/plle2_i/CLKOUT1
                         net (fo=14, routed)          1.198     6.985    i_dram_wrapper/i_dram/u_mig7s_mig/u_memc_ui_top_axi/mem_intfc0/ddr_phy_top0/u_ddr_mc_phy_wrapper/u_ddr_mc_phy/ddr_phy_4lanes_0.u_ddr_phy_4lanes/ddr_byte_lane_C.ddr_byte_lane_C/mem_refclk
    PHASER_OUT_PHY_X1Y10 PHASER_OUT_PHY (Prop_phaser_out_phy_MEMREFCLK_OCLK)
                                                      2.083     9.068 f  i_dram_wrapper/i_dram/u_mig7s_mig/u_memc_ui_top_axi/mem_intfc0/ddr_phy_top0/u_ddr_mc_phy_wrapper/u_ddr_mc_phy/ddr_phy_4lanes_0.u_ddr_phy_4lanes/ddr_byte_lane_C.ddr_byte_lane_C/phaser_out/OCLK
    PHASER_OUT_PHY_X1Y10 PHASER_OUT_PHY (Prop_phaser_out_phy_OCLK_OCLKDELAYED)
                                                      1.229    10.296 r  i_dram_wrapper/i_dram/u_mig7s_mig/u_memc_ui_top_axi/mem_intfc0/ddr_phy_top0/u_ddr_mc_phy_wrapper/u_ddr_mc_phy/ddr_phy_4lanes_0.u_ddr_phy_4lanes/ddr_byte_lane_C.ddr_byte_lane_C/phaser_out/OCLKDELAYED
  -------------------------------------------------------------------    -------------------
    PHASER_OUT_PHY_X1Y10 PHASER_OUT_PHY (Prop_phaser_out_phy_OCLKDELAYED_CTSBUS[0])
                                                      0.459    10.755 f  i_dram_wrapper/i_dram/u_mig7s_mig/u_memc_ui_top_axi/mem_intfc0/ddr_phy_top0/u_ddr_mc_phy_wrapper/u_ddr_mc_phy/ddr_phy_4lanes_0.u_ddr_phy_4lanes/ddr_byte_lane_C.ddr_byte_lane_C/phaser_out/CTSBUS[0]
                         net (fo=2, routed)           0.291    11.047    i_dram_wrapper/i_dram/u_mig7s_mig/u_memc_ui_top_axi/mem_intfc0/ddr_phy_top0/u_ddr_mc_phy_wrapper/u_ddr_mc_phy/ddr_phy_4lanes_0.u_ddr_phy_4lanes/ddr_byte_lane_C.ddr_byte_lane_C/ddr_byte_group_io/CTSBUS[0]
    OLOGIC_X1Y132        ODDR                                         f  i_dram_wrapper/i_dram/u_mig7s_mig/u_memc_ui_top_axi/mem_intfc0/ddr_phy_top0/u_ddr_mc_phy_wrapper/u_ddr_mc_phy/ddr_phy_4lanes_0.u_ddr_phy_4lanes/ddr_byte_lane_C.ddr_byte_lane_C/ddr_byte_group_io/dqs_gen.oddr_dqsts/D1
  -------------------------------------------------------------------    -------------------

                         (clock oserdes_clk_2 fall edge)
                                                      1.875     1.875 f  
    AD12                                              0.000     1.875 f  sys_clk_p (IN)
                         net (fo=0)                   0.000     1.875    sys_clk_p
    AD12                 IBUFDS (Prop_ibufds_I_O)     0.803     2.678 f  i_bufds_sys_clk/O
                         net (fo=1, routed)           2.173     4.851    sys_clk
    BUFGCTRL_X0Y1        BUFG (Prop_bufg_I_O)         0.083     4.934 f  sys_clk_BUFG_inst/O
                         net (fo=63, routed)          1.626     6.560    i_dram_wrapper/i_dram/u_mig7s_mig/u_ddr3_infrastructure/plle2_i_0
    PLLE2_ADV_X1Y1       PLLE2_ADV (Prop_plle2_adv_CLKIN1_CLKOUT1)
                                                      0.073     6.633 f  i_dram_wrapper/i_dram/u_mig7s_mig/u_ddr3_infrastructure/plle2_i/CLKOUT1
                         net (fo=14, routed)          1.070     7.703    i_dram_wrapper/i_dram/u_mig7s_mig/u_memc_ui_top_axi/mem_intfc0/ddr_phy_top0/u_ddr_mc_phy_wrapper/u_ddr_mc_phy/ddr_phy_4lanes_0.u_ddr_phy_4lanes/ddr_byte_lane_C.ddr_byte_lane_C/mem_refclk
    PHASER_OUT_PHY_X1Y10 PHASER_OUT_PHY (Prop_phaser_out_phy_MEMREFCLK_OCLK)
                                                      2.027     9.730 f  i_dram_wrapper/i_dram/u_mig7s_mig/u_memc_ui_top_axi/mem_intfc0/ddr_phy_top0/u_ddr_mc_phy_wrapper/u_ddr_mc_phy/ddr_phy_4lanes_0.u_ddr_phy_4lanes/ddr_byte_lane_C.ddr_byte_lane_C/phaser_out/OCLK
    PHASER_OUT_PHY_X1Y10 PHASER_OUT_PHY (Prop_phaser_out_phy_OCLK_OCLKDELAYED)
                                                      1.191    10.921 r  i_dram_wrapper/i_dram/u_mig7s_mig/u_memc_ui_top_axi/mem_intfc0/ddr_phy_top0/u_ddr_mc_phy_wrapper/u_ddr_mc_phy/ddr_phy_4lanes_0.u_ddr_phy_4lanes/ddr_byte_lane_C.ddr_byte_lane_C/phaser_out/OCLKDELAYED
                         net (fo=2, routed)           0.296    11.217    i_dram_wrapper/i_dram/u_mig7s_mig/u_memc_ui_top_axi/mem_intfc0/ddr_phy_top0/u_ddr_mc_phy_wrapper/u_ddr_mc_phy/ddr_phy_4lanes_0.u_ddr_phy_4lanes/ddr_byte_lane_C.ddr_byte_lane_C/ddr_byte_group_io/oserdes_clk_delayed
    OLOGIC_X1Y132        ODDR                                         r  i_dram_wrapper/i_dram/u_mig7s_mig/u_memc_ui_top_axi/mem_intfc0/ddr_phy_top0/u_ddr_mc_phy_wrapper/u_ddr_mc_phy/ddr_phy_4lanes_0.u_ddr_phy_4lanes/ddr_byte_lane_C.ddr_byte_lane_C/ddr_byte_group_io/dqs_gen.oddr_dqsts/C
                         clock pessimism              0.625    11.842    
                         clock uncertainty           -0.047    11.796    
    OLOGIC_X1Y132        ODDR (Setup_oddr_C_D1)      -0.558    11.238    i_dram_wrapper/i_dram/u_mig7s_mig/u_memc_ui_top_axi/mem_intfc0/ddr_phy_top0/u_ddr_mc_phy_wrapper/u_ddr_mc_phy/ddr_phy_4lanes_0.u_ddr_phy_4lanes/ddr_byte_lane_C.ddr_byte_lane_C/ddr_byte_group_io/dqs_gen.oddr_dqsts
  -------------------------------------------------------------------
                         required time                         11.238    
                         arrival time                         -11.047    
  -------------------------------------------------------------------
                         slack                                  0.191    

Slack (MET) :             0.196ns  (required time - arrival time)
  Source:                 i_dram_wrapper/i_dram/u_mig7s_mig/u_memc_ui_top_axi/mem_intfc0/ddr_phy_top0/u_ddr_mc_phy_wrapper/u_ddr_mc_phy/ddr_phy_4lanes_0.u_ddr_phy_4lanes/ddr_byte_lane_A.ddr_byte_lane_A/phaser_out/OCLKDELAYED
                            (rising edge-triggered cell PHASER_OUT_PHY clocked by oserdes_clk'  {rise@0.000ns fall@0.625ns period=1.250ns})
  Destination:            i_dram_wrapper/i_dram/u_mig7s_mig/u_memc_ui_top_axi/mem_intfc0/ddr_phy_top0/u_ddr_mc_phy_wrapper/u_ddr_mc_phy/ddr_phy_4lanes_0.u_ddr_phy_4lanes/ddr_byte_lane_A.ddr_byte_lane_A/ddr_byte_group_io/dqs_gen.oddr_dqsts/D1
                            (rising edge-triggered cell ODDR clocked by oserdes_clk'  {rise@0.000ns fall@0.625ns period=1.250ns})
  Path Group:             oserdes_clk
  Path Type:              Setup (Max at Slow Process Corner)
  Requirement:            1.250ns  (oserdes_clk fall@1.875ns - oserdes_clk fall@0.625ns)
  Data Path Delay:        0.750ns  (logic 0.459ns (61.176%)  route 0.291ns (38.824%))
  Logic Levels:           0  
  Clock Path Skew:        0.301ns (DCD - SCD + CPR)
    Destination Clock Delay (DCD):    9.347ns = ( 11.222 - 1.875 ) 
    Source Clock Delay      (SCD):    9.671ns = ( 10.296 - 0.625 ) 
    Clock Pessimism Removal (CPR):    0.625ns
  Clock Uncertainty:      0.047ns  ((TSJ^2 + DJ^2)^1/2) / 2 + PE
    Total System Jitter     (TSJ):    0.071ns
    Discrete Jitter          (DJ):    0.061ns
    Phase Error              (PE):    0.000ns

    Location             Delay type                Incr(ns)  Path(ns)    Netlist Resource(s)
  -------------------------------------------------------------------    -------------------
                         (clock oserdes_clk fall edge)
                                                      0.625     0.625 f  
    AD12                                              0.000     0.625 f  sys_clk_p (IN)
                         net (fo=0)                   0.000     0.625    sys_clk_p
    AD12                 IBUFDS (Prop_ibufds_I_O)     0.906     1.531 f  i_bufds_sys_clk/O
                         net (fo=1, routed)           2.299     3.830    sys_clk
    BUFGCTRL_X0Y1        BUFG (Prop_bufg_I_O)         0.093     3.923 f  sys_clk_BUFG_inst/O
                         net (fo=63, routed)          1.787     5.710    i_dram_wrapper/i_dram/u_mig7s_mig/u_ddr3_infrastructure/plle2_i_0
    PLLE2_ADV_X1Y1       PLLE2_ADV (Prop_plle2_adv_CLKIN1_CLKOUT1)
                                                      0.077     5.787 f  i_dram_wrapper/i_dram/u_mig7s_mig/u_ddr3_infrastructure/plle2_i/CLKOUT1
                         net (fo=14, routed)          1.198     6.985    i_dram_wrapper/i_dram/u_mig7s_mig/u_memc_ui_top_axi/mem_intfc0/ddr_phy_top0/u_ddr_mc_phy_wrapper/u_ddr_mc_phy/ddr_phy_4lanes_0.u_ddr_phy_4lanes/ddr_byte_lane_A.ddr_byte_lane_A/mem_refclk
    PHASER_OUT_PHY_X1Y8  PHASER_OUT_PHY (Prop_phaser_out_phy_MEMREFCLK_OCLK)
                                                      2.083     9.068 f  i_dram_wrapper/i_dram/u_mig7s_mig/u_memc_ui_top_axi/mem_intfc0/ddr_phy_top0/u_ddr_mc_phy_wrapper/u_ddr_mc_phy/ddr_phy_4lanes_0.u_ddr_phy_4lanes/ddr_byte_lane_A.ddr_byte_lane_A/phaser_out/OCLK
    PHASER_OUT_PHY_X1Y8  PHASER_OUT_PHY (Prop_phaser_out_phy_OCLK_OCLKDELAYED)
                                                      1.229    10.296 r  i_dram_wrapper/i_dram/u_mig7s_mig/u_memc_ui_top_axi/mem_intfc0/ddr_phy_top0/u_ddr_mc_phy_wrapper/u_ddr_mc_phy/ddr_phy_4lanes_0.u_ddr_phy_4lanes/ddr_byte_lane_A.ddr_byte_lane_A/phaser_out/OCLKDELAYED
  -------------------------------------------------------------------    -------------------
    PHASER_OUT_PHY_X1Y8  PHASER_OUT_PHY (Prop_phaser_out_phy_OCLKDELAYED_CTSBUS[0])
                                                      0.459    10.755 r  i_dram_wrapper/i_dram/u_mig7s_mig/u_memc_ui_top_axi/mem_intfc0/ddr_phy_top0/u_ddr_mc_phy_wrapper/u_ddr_mc_phy/ddr_phy_4lanes_0.u_ddr_phy_4lanes/ddr_byte_lane_A.ddr_byte_lane_A/phaser_out/CTSBUS[0]
                         net (fo=2, routed)           0.291    11.047    i_dram_wrapper/i_dram/u_mig7s_mig/u_memc_ui_top_axi/mem_intfc0/ddr_phy_top0/u_ddr_mc_phy_wrapper/u_ddr_mc_phy/ddr_phy_4lanes_0.u_ddr_phy_4lanes/ddr_byte_lane_A.ddr_byte_lane_A/ddr_byte_group_io/CTSBUS[0]
    OLOGIC_X1Y108        ODDR                                         r  i_dram_wrapper/i_dram/u_mig7s_mig/u_memc_ui_top_axi/mem_intfc0/ddr_phy_top0/u_ddr_mc_phy_wrapper/u_ddr_mc_phy/ddr_phy_4lanes_0.u_ddr_phy_4lanes/ddr_byte_lane_A.ddr_byte_lane_A/ddr_byte_group_io/dqs_gen.oddr_dqsts/D1
  -------------------------------------------------------------------    -------------------

                         (clock oserdes_clk fall edge)
                                                      1.875     1.875 f  
    AD12                                              0.000     1.875 f  sys_clk_p (IN)
                         net (fo=0)                   0.000     1.875    sys_clk_p
    AD12                 IBUFDS (Prop_ibufds_I_O)     0.803     2.678 f  i_bufds_sys_clk/O
                         net (fo=1, routed)           2.173     4.851    sys_clk
    BUFGCTRL_X0Y1        BUFG (Prop_bufg_I_O)         0.083     4.934 f  sys_clk_BUFG_inst/O
                         net (fo=63, routed)          1.626     6.560    i_dram_wrapper/i_dram/u_mig7s_mig/u_ddr3_infrastructure/plle2_i_0
    PLLE2_ADV_X1Y1       PLLE2_ADV (Prop_plle2_adv_CLKIN1_CLKOUT1)
                                                      0.073     6.633 f  i_dram_wrapper/i_dram/u_mig7s_mig/u_ddr3_infrastructure/plle2_i/CLKOUT1
                         net (fo=14, routed)          1.070     7.703    i_dram_wrapper/i_dram/u_mig7s_mig/u_memc_ui_top_axi/mem_intfc0/ddr_phy_top0/u_ddr_mc_phy_wrapper/u_ddr_mc_phy/ddr_phy_4lanes_0.u_ddr_phy_4lanes/ddr_byte_lane_A.ddr_byte_lane_A/mem_refclk
    PHASER_OUT_PHY_X1Y8  PHASER_OUT_PHY (Prop_phaser_out_phy_MEMREFCLK_OCLK)
                                                      2.027     9.730 f  i_dram_wrapper/i_dram/u_mig7s_mig/u_memc_ui_top_axi/mem_intfc0/ddr_phy_top0/u_ddr_mc_phy_wrapper/u_ddr_mc_phy/ddr_phy_4lanes_0.u_ddr_phy_4lanes/ddr_byte_lane_A.ddr_byte_lane_A/phaser_out/OCLK
    PHASER_OUT_PHY_X1Y8  PHASER_OUT_PHY (Prop_phaser_out_phy_OCLK_OCLKDELAYED)
                                                      1.191    10.921 r  i_dram_wrapper/i_dram/u_mig7s_mig/u_memc_ui_top_axi/mem_intfc0/ddr_phy_top0/u_ddr_mc_phy_wrapper/u_ddr_mc_phy/ddr_phy_4lanes_0.u_ddr_phy_4lanes/ddr_byte_lane_A.ddr_byte_lane_A/phaser_out/OCLKDELAYED
                         net (fo=2, routed)           0.301    11.222    i_dram_wrapper/i_dram/u_mig7s_mig/u_memc_ui_top_axi/mem_intfc0/ddr_phy_top0/u_ddr_mc_phy_wrapper/u_ddr_mc_phy/ddr_phy_4lanes_0.u_ddr_phy_4lanes/ddr_byte_lane_A.ddr_byte_lane_A/ddr_byte_group_io/oserdes_clk_delayed
    OLOGIC_X1Y108        ODDR                                         r  i_dram_wrapper/i_dram/u_mig7s_mig/u_memc_ui_top_axi/mem_intfc0/ddr_phy_top0/u_ddr_mc_phy_wrapper/u_ddr_mc_phy/ddr_phy_4lanes_0.u_ddr_phy_4lanes/ddr_byte_lane_A.ddr_byte_lane_A/ddr_byte_group_io/dqs_gen.oddr_dqsts/C
                         clock pessimism              0.625    11.847    
                         clock uncertainty           -0.047    11.801    
    OLOGIC_X1Y108        ODDR (Setup_oddr_C_D1)      -0.558    11.243    i_dram_wrapper/i_dram/u_mig7s_mig/u_memc_ui_top_axi/mem_intfc0/ddr_phy_top0/u_ddr_mc_phy_wrapper/u_ddr_mc_phy/ddr_phy_4lanes_0.u_ddr_phy_4lanes/ddr_byte_lane_A.ddr_byte_lane_A/ddr_byte_group_io/dqs_gen.oddr_dqsts
  -------------------------------------------------------------------
                         required time                         11.243    
                         arrival time                         -11.047    
  -------------------------------------------------------------------
                         slack                                  0.196    

Slack (MET) :             0.196ns  (required time - arrival time)
  Source:                 i_dram_wrapper/i_dram/u_mig7s_mig/u_memc_ui_top_axi/mem_intfc0/ddr_phy_top0/u_ddr_mc_phy_wrapper/u_ddr_mc_phy/ddr_phy_4lanes_0.u_ddr_phy_4lanes/ddr_byte_lane_A.ddr_byte_lane_A/phaser_out/OCLKDELAYED
                            (rising edge-triggered cell PHASER_OUT_PHY clocked by oserdes_clk'  {rise@0.000ns fall@0.625ns period=1.250ns})
  Destination:            i_dram_wrapper/i_dram/u_mig7s_mig/u_memc_ui_top_axi/mem_intfc0/ddr_phy_top0/u_ddr_mc_phy_wrapper/u_ddr_mc_phy/ddr_phy_4lanes_0.u_ddr_phy_4lanes/ddr_byte_lane_A.ddr_byte_lane_A/ddr_byte_group_io/dqs_gen.oddr_dqsts/D1
                            (rising edge-triggered cell ODDR clocked by oserdes_clk'  {rise@0.000ns fall@0.625ns period=1.250ns})
  Path Group:             oserdes_clk
  Path Type:              Setup (Max at Slow Process Corner)
  Requirement:            1.250ns  (oserdes_clk fall@1.875ns - oserdes_clk fall@0.625ns)
  Data Path Delay:        0.750ns  (logic 0.459ns (61.176%)  route 0.291ns (38.824%))
  Logic Levels:           0  
  Clock Path Skew:        0.301ns (DCD - SCD + CPR)
    Destination Clock Delay (DCD):    9.347ns = ( 11.222 - 1.875 ) 
    Source Clock Delay      (SCD):    9.671ns = ( 10.296 - 0.625 ) 
    Clock Pessimism Removal (CPR):    0.625ns
  Clock Uncertainty:      0.047ns  ((TSJ^2 + DJ^2)^1/2) / 2 + PE
    Total System Jitter     (TSJ):    0.071ns
    Discrete Jitter          (DJ):    0.061ns
    Phase Error              (PE):    0.000ns

    Location             Delay type                Incr(ns)  Path(ns)    Netlist Resource(s)
  -------------------------------------------------------------------    -------------------
                         (clock oserdes_clk fall edge)
                                                      0.625     0.625 f  
    AD12                                              0.000     0.625 f  sys_clk_p (IN)
                         net (fo=0)                   0.000     0.625    sys_clk_p
    AD12                 IBUFDS (Prop_ibufds_I_O)     0.906     1.531 f  i_bufds_sys_clk/O
                         net (fo=1, routed)           2.299     3.830    sys_clk
    BUFGCTRL_X0Y1        BUFG (Prop_bufg_I_O)         0.093     3.923 f  sys_clk_BUFG_inst/O
                         net (fo=63, routed)          1.787     5.710    i_dram_wrapper/i_dram/u_mig7s_mig/u_ddr3_infrastructure/plle2_i_0
    PLLE2_ADV_X1Y1       PLLE2_ADV (Prop_plle2_adv_CLKIN1_CLKOUT1)
                                                      0.077     5.787 f  i_dram_wrapper/i_dram/u_mig7s_mig/u_ddr3_infrastructure/plle2_i/CLKOUT1
                         net (fo=14, routed)          1.198     6.985    i_dram_wrapper/i_dram/u_mig7s_mig/u_memc_ui_top_axi/mem_intfc0/ddr_phy_top0/u_ddr_mc_phy_wrapper/u_ddr_mc_phy/ddr_phy_4lanes_0.u_ddr_phy_4lanes/ddr_byte_lane_A.ddr_byte_lane_A/mem_refclk
    PHASER_OUT_PHY_X1Y8  PHASER_OUT_PHY (Prop_phaser_out_phy_MEMREFCLK_OCLK)
                                                      2.083     9.068 f  i_dram_wrapper/i_dram/u_mig7s_mig/u_memc_ui_top_axi/mem_intfc0/ddr_phy_top0/u_ddr_mc_phy_wrapper/u_ddr_mc_phy/ddr_phy_4lanes_0.u_ddr_phy_4lanes/ddr_byte_lane_A.ddr_byte_lane_A/phaser_out/OCLK
    PHASER_OUT_PHY_X1Y8  PHASER_OUT_PHY (Prop_phaser_out_phy_OCLK_OCLKDELAYED)
                                                      1.229    10.296 r  i_dram_wrapper/i_dram/u_mig7s_mig/u_memc_ui_top_axi/mem_intfc0/ddr_phy_top0/u_ddr_mc_phy_wrapper/u_ddr_mc_phy/ddr_phy_4lanes_0.u_ddr_phy_4lanes/ddr_byte_lane_A.ddr_byte_lane_A/phaser_out/OCLKDELAYED
  -------------------------------------------------------------------    -------------------
    PHASER_OUT_PHY_X1Y8  PHASER_OUT_PHY (Prop_phaser_out_phy_OCLKDELAYED_CTSBUS[0])
                                                      0.459    10.755 f  i_dram_wrapper/i_dram/u_mig7s_mig/u_memc_ui_top_axi/mem_intfc0/ddr_phy_top0/u_ddr_mc_phy_wrapper/u_ddr_mc_phy/ddr_phy_4lanes_0.u_ddr_phy_4lanes/ddr_byte_lane_A.ddr_byte_lane_A/phaser_out/CTSBUS[0]
                         net (fo=2, routed)           0.291    11.047    i_dram_wrapper/i_dram/u_mig7s_mig/u_memc_ui_top_axi/mem_intfc0/ddr_phy_top0/u_ddr_mc_phy_wrapper/u_ddr_mc_phy/ddr_phy_4lanes_0.u_ddr_phy_4lanes/ddr_byte_lane_A.ddr_byte_lane_A/ddr_byte_group_io/CTSBUS[0]
    OLOGIC_X1Y108        ODDR                                         f  i_dram_wrapper/i_dram/u_mig7s_mig/u_memc_ui_top_axi/mem_intfc0/ddr_phy_top0/u_ddr_mc_phy_wrapper/u_ddr_mc_phy/ddr_phy_4lanes_0.u_ddr_phy_4lanes/ddr_byte_lane_A.ddr_byte_lane_A/ddr_byte_group_io/dqs_gen.oddr_dqsts/D1
  -------------------------------------------------------------------    -------------------

                         (clock oserdes_clk fall edge)
                                                      1.875     1.875 f  
    AD12                                              0.000     1.875 f  sys_clk_p (IN)
                         net (fo=0)                   0.000     1.875    sys_clk_p
    AD12                 IBUFDS (Prop_ibufds_I_O)     0.803     2.678 f  i_bufds_sys_clk/O
                         net (fo=1, routed)           2.173     4.851    sys_clk
    BUFGCTRL_X0Y1        BUFG (Prop_bufg_I_O)         0.083     4.934 f  sys_clk_BUFG_inst/O
                         net (fo=63, routed)          1.626     6.560    i_dram_wrapper/i_dram/u_mig7s_mig/u_ddr3_infrastructure/plle2_i_0
    PLLE2_ADV_X1Y1       PLLE2_ADV (Prop_plle2_adv_CLKIN1_CLKOUT1)
                                                      0.073     6.633 f  i_dram_wrapper/i_dram/u_mig7s_mig/u_ddr3_infrastructure/plle2_i/CLKOUT1
                         net (fo=14, routed)          1.070     7.703    i_dram_wrapper/i_dram/u_mig7s_mig/u_memc_ui_top_axi/mem_intfc0/ddr_phy_top0/u_ddr_mc_phy_wrapper/u_ddr_mc_phy/ddr_phy_4lanes_0.u_ddr_phy_4lanes/ddr_byte_lane_A.ddr_byte_lane_A/mem_refclk
    PHASER_OUT_PHY_X1Y8  PHASER_OUT_PHY (Prop_phaser_out_phy_MEMREFCLK_OCLK)
                                                      2.027     9.730 f  i_dram_wrapper/i_dram/u_mig7s_mig/u_memc_ui_top_axi/mem_intfc0/ddr_phy_top0/u_ddr_mc_phy_wrapper/u_ddr_mc_phy/ddr_phy_4lanes_0.u_ddr_phy_4lanes/ddr_byte_lane_A.ddr_byte_lane_A/phaser_out/OCLK
    PHASER_OUT_PHY_X1Y8  PHASER_OUT_PHY (Prop_phaser_out_phy_OCLK_OCLKDELAYED)
                                                      1.191    10.921 r  i_dram_wrapper/i_dram/u_mig7s_mig/u_memc_ui_top_axi/mem_intfc0/ddr_phy_top0/u_ddr_mc_phy_wrapper/u_ddr_mc_phy/ddr_phy_4lanes_0.u_ddr_phy_4lanes/ddr_byte_lane_A.ddr_byte_lane_A/phaser_out/OCLKDELAYED
                         net (fo=2, routed)           0.301    11.222    i_dram_wrapper/i_dram/u_mig7s_mig/u_memc_ui_top_axi/mem_intfc0/ddr_phy_top0/u_ddr_mc_phy_wrapper/u_ddr_mc_phy/ddr_phy_4lanes_0.u_ddr_phy_4lanes/ddr_byte_lane_A.ddr_byte_lane_A/ddr_byte_group_io/oserdes_clk_delayed
    OLOGIC_X1Y108        ODDR                                         r  i_dram_wrapper/i_dram/u_mig7s_mig/u_memc_ui_top_axi/mem_intfc0/ddr_phy_top0/u_ddr_mc_phy_wrapper/u_ddr_mc_phy/ddr_phy_4lanes_0.u_ddr_phy_4lanes/ddr_byte_lane_A.ddr_byte_lane_A/ddr_byte_group_io/dqs_gen.oddr_dqsts/C
                         clock pessimism              0.625    11.847    
                         clock uncertainty           -0.047    11.801    
    OLOGIC_X1Y108        ODDR (Setup_oddr_C_D1)      -0.558    11.243    i_dram_wrapper/i_dram/u_mig7s_mig/u_memc_ui_top_axi/mem_intfc0/ddr_phy_top0/u_ddr_mc_phy_wrapper/u_ddr_mc_phy/ddr_phy_4lanes_0.u_ddr_phy_4lanes/ddr_byte_lane_A.ddr_byte_lane_A/ddr_byte_group_io/dqs_gen.oddr_dqsts
  -------------------------------------------------------------------
                         required time                         11.243    
                         arrival time                         -11.047    
  -------------------------------------------------------------------
                         slack                                  0.196    

Slack (MET) :             0.203ns  (required time - arrival time)
  Source:                 i_dram_wrapper/i_dram/u_mig7s_mig/u_memc_ui_top_axi/mem_intfc0/ddr_phy_top0/u_ddr_mc_phy_wrapper/u_ddr_mc_phy/ddr_phy_4lanes_0.u_ddr_phy_4lanes/ddr_byte_lane_D.ddr_byte_lane_D/phaser_out/OCLKDELAYED
                            (rising edge-triggered cell PHASER_OUT_PHY clocked by oserdes_clk_3'  {rise@0.000ns fall@0.625ns period=1.250ns})
  Destination:            i_dram_wrapper/i_dram/u_mig7s_mig/u_memc_ui_top_axi/mem_intfc0/ddr_phy_top0/u_ddr_mc_phy_wrapper/u_ddr_mc_phy/ddr_phy_4lanes_0.u_ddr_phy_4lanes/ddr_byte_lane_D.ddr_byte_lane_D/ddr_byte_group_io/dqs_gen.oddr_dqsts/D1
                            (rising edge-triggered cell ODDR clocked by oserdes_clk_3'  {rise@0.000ns fall@0.625ns period=1.250ns})
  Path Group:             oserdes_clk_3
  Path Type:              Setup (Max at Slow Process Corner)
  Requirement:            1.250ns  (oserdes_clk_3 fall@1.875ns - oserdes_clk_3 fall@0.625ns)
  Data Path Delay:        0.750ns  (logic 0.459ns (61.176%)  route 0.291ns (38.824%))
  Logic Levels:           0  
  Clock Path Skew:        0.308ns (DCD - SCD + CPR)
    Destination Clock Delay (DCD):    9.345ns = ( 11.220 - 1.875 ) 
    Source Clock Delay      (SCD):    9.661ns = ( 10.286 - 0.625 ) 
    Clock Pessimism Removal (CPR):    0.624ns
  Clock Uncertainty:      0.047ns  ((TSJ^2 + DJ^2)^1/2) / 2 + PE
    Total System Jitter     (TSJ):    0.071ns
    Discrete Jitter          (DJ):    0.061ns
    Phase Error              (PE):    0.000ns

    Location             Delay type                Incr(ns)  Path(ns)    Netlist Resource(s)
  -------------------------------------------------------------------    -------------------
                         (clock oserdes_clk_3 fall edge)
                                                      0.625     0.625 f  
    AD12                                              0.000     0.625 f  sys_clk_p (IN)
                         net (fo=0)                   0.000     0.625    sys_clk_p
    AD12                 IBUFDS (Prop_ibufds_I_O)     0.906     1.531 f  i_bufds_sys_clk/O
                         net (fo=1, routed)           2.299     3.830    sys_clk
    BUFGCTRL_X0Y1        BUFG (Prop_bufg_I_O)         0.093     3.923 f  sys_clk_BUFG_inst/O
                         net (fo=63, routed)          1.787     5.710    i_dram_wrapper/i_dram/u_mig7s_mig/u_ddr3_infrastructure/plle2_i_0
    PLLE2_ADV_X1Y1       PLLE2_ADV (Prop_plle2_adv_CLKIN1_CLKOUT1)
                                                      0.077     5.787 f  i_dram_wrapper/i_dram/u_mig7s_mig/u_ddr3_infrastructure/plle2_i/CLKOUT1
                         net (fo=14, routed)          1.188     6.975    i_dram_wrapper/i_dram/u_mig7s_mig/u_memc_ui_top_axi/mem_intfc0/ddr_phy_top0/u_ddr_mc_phy_wrapper/u_ddr_mc_phy/ddr_phy_4lanes_0.u_ddr_phy_4lanes/ddr_byte_lane_D.ddr_byte_lane_D/mem_refclk
    PHASER_OUT_PHY_X1Y11 PHASER_OUT_PHY (Prop_phaser_out_phy_MEMREFCLK_OCLK)
                                                      2.083     9.058 f  i_dram_wrapper/i_dram/u_mig7s_mig/u_memc_ui_top_axi/mem_intfc0/ddr_phy_top0/u_ddr_mc_phy_wrapper/u_ddr_mc_phy/ddr_phy_4lanes_0.u_ddr_phy_4lanes/ddr_byte_lane_D.ddr_byte_lane_D/phaser_out/OCLK
    PHASER_OUT_PHY_X1Y11 PHASER_OUT_PHY (Prop_phaser_out_phy_OCLK_OCLKDELAYED)
                                                      1.229    10.286 r  i_dram_wrapper/i_dram/u_mig7s_mig/u_memc_ui_top_axi/mem_intfc0/ddr_phy_top0/u_ddr_mc_phy_wrapper/u_ddr_mc_phy/ddr_phy_4lanes_0.u_ddr_phy_4lanes/ddr_byte_lane_D.ddr_byte_lane_D/phaser_out/OCLKDELAYED
  -------------------------------------------------------------------    -------------------
    PHASER_OUT_PHY_X1Y11 PHASER_OUT_PHY (Prop_phaser_out_phy_OCLKDELAYED_CTSBUS[0])
                                                      0.459    10.745 r  i_dram_wrapper/i_dram/u_mig7s_mig/u_memc_ui_top_axi/mem_intfc0/ddr_phy_top0/u_ddr_mc_phy_wrapper/u_ddr_mc_phy/ddr_phy_4lanes_0.u_ddr_phy_4lanes/ddr_byte_lane_D.ddr_byte_lane_D/phaser_out/CTSBUS[0]
                         net (fo=2, routed)           0.291    11.037    i_dram_wrapper/i_dram/u_mig7s_mig/u_memc_ui_top_axi/mem_intfc0/ddr_phy_top0/u_ddr_mc_phy_wrapper/u_ddr_mc_phy/ddr_phy_4lanes_0.u_ddr_phy_4lanes/ddr_byte_lane_D.ddr_byte_lane_D/ddr_byte_group_io/CTSBUS[0]
    OLOGIC_X1Y144        ODDR                                         r  i_dram_wrapper/i_dram/u_mig7s_mig/u_memc_ui_top_axi/mem_intfc0/ddr_phy_top0/u_ddr_mc_phy_wrapper/u_ddr_mc_phy/ddr_phy_4lanes_0.u_ddr_phy_4lanes/ddr_byte_lane_D.ddr_byte_lane_D/ddr_byte_group_io/dqs_gen.oddr_dqsts/D1
  -------------------------------------------------------------------    -------------------

                         (clock oserdes_clk_3 fall edge)
                                                      1.875     1.875 f  
    AD12                                              0.000     1.875 f  sys_clk_p (IN)
                         net (fo=0)                   0.000     1.875    sys_clk_p
    AD12                 IBUFDS (Prop_ibufds_I_O)     0.803     2.678 f  i_bufds_sys_clk/O
                         net (fo=1, routed)           2.173     4.851    sys_clk
    BUFGCTRL_X0Y1        BUFG (Prop_bufg_I_O)         0.083     4.934 f  sys_clk_BUFG_inst/O
                         net (fo=63, routed)          1.626     6.560    i_dram_wrapper/i_dram/u_mig7s_mig/u_ddr3_infrastructure/plle2_i_0
    PLLE2_ADV_X1Y1       PLLE2_ADV (Prop_plle2_adv_CLKIN1_CLKOUT1)
                                                      0.073     6.633 f  i_dram_wrapper/i_dram/u_mig7s_mig/u_ddr3_infrastructure/plle2_i/CLKOUT1
                         net (fo=14, routed)          1.061     7.694    i_dram_wrapper/i_dram/u_mig7s_mig/u_memc_ui_top_axi/mem_intfc0/ddr_phy_top0/u_ddr_mc_phy_wrapper/u_ddr_mc_phy/ddr_phy_4lanes_0.u_ddr_phy_4lanes/ddr_byte_lane_D.ddr_byte_lane_D/mem_refclk
    PHASER_OUT_PHY_X1Y11 PHASER_OUT_PHY (Prop_phaser_out_phy_MEMREFCLK_OCLK)
                                                      2.027     9.721 f  i_dram_wrapper/i_dram/u_mig7s_mig/u_memc_ui_top_axi/mem_intfc0/ddr_phy_top0/u_ddr_mc_phy_wrapper/u_ddr_mc_phy/ddr_phy_4lanes_0.u_ddr_phy_4lanes/ddr_byte_lane_D.ddr_byte_lane_D/phaser_out/OCLK
    PHASER_OUT_PHY_X1Y11 PHASER_OUT_PHY (Prop_phaser_out_phy_OCLK_OCLKDELAYED)
                                                      1.191    10.912 r  i_dram_wrapper/i_dram/u_mig7s_mig/u_memc_ui_top_axi/mem_intfc0/ddr_phy_top0/u_ddr_mc_phy_wrapper/u_ddr_mc_phy/ddr_phy_4lanes_0.u_ddr_phy_4lanes/ddr_byte_lane_D.ddr_byte_lane_D/phaser_out/OCLKDELAYED
                         net (fo=2, routed)           0.308    11.220    i_dram_wrapper/i_dram/u_mig7s_mig/u_memc_ui_top_axi/mem_intfc0/ddr_phy_top0/u_ddr_mc_phy_wrapper/u_ddr_mc_phy/ddr_phy_4lanes_0.u_ddr_phy_4lanes/ddr_byte_lane_D.ddr_byte_lane_D/ddr_byte_group_io/oserdes_clk_delayed
    OLOGIC_X1Y144        ODDR                                         r  i_dram_wrapper/i_dram/u_mig7s_mig/u_memc_ui_top_axi/mem_intfc0/ddr_phy_top0/u_ddr_mc_phy_wrapper/u_ddr_mc_phy/ddr_phy_4lanes_0.u_ddr_phy_4lanes/ddr_byte_lane_D.ddr_byte_lane_D/ddr_byte_group_io/dqs_gen.oddr_dqsts/C
                         clock pessimism              0.624    11.844    
                         clock uncertainty           -0.047    11.798    
    OLOGIC_X1Y144        ODDR (Setup_oddr_C_D1)      -0.558    11.240    i_dram_wrapper/i_dram/u_mig7s_mig/u_memc_ui_top_axi/mem_intfc0/ddr_phy_top0/u_ddr_mc_phy_wrapper/u_ddr_mc_phy/ddr_phy_4lanes_0.u_ddr_phy_4lanes/ddr_byte_lane_D.ddr_byte_lane_D/ddr_byte_group_io/dqs_gen.oddr_dqsts
  -------------------------------------------------------------------
                         required time                         11.240    
                         arrival time                         -11.037    
  -------------------------------------------------------------------
                         slack                                  0.203    

Slack (MET) :             0.203ns  (required time - arrival time)
  Source:                 i_dram_wrapper/i_dram/u_mig7s_mig/u_memc_ui_top_axi/mem_intfc0/ddr_phy_top0/u_ddr_mc_phy_wrapper/u_ddr_mc_phy/ddr_phy_4lanes_0.u_ddr_phy_4lanes/ddr_byte_lane_D.ddr_byte_lane_D/phaser_out/OCLKDELAYED
                            (rising edge-triggered cell PHASER_OUT_PHY clocked by oserdes_clk_3'  {rise@0.000ns fall@0.625ns period=1.250ns})
  Destination:            i_dram_wrapper/i_dram/u_mig7s_mig/u_memc_ui_top_axi/mem_intfc0/ddr_phy_top0/u_ddr_mc_phy_wrapper/u_ddr_mc_phy/ddr_phy_4lanes_0.u_ddr_phy_4lanes/ddr_byte_lane_D.ddr_byte_lane_D/ddr_byte_group_io/dqs_gen.oddr_dqsts/D1
                            (rising edge-triggered cell ODDR clocked by oserdes_clk_3'  {rise@0.000ns fall@0.625ns period=1.250ns})
  Path Group:             oserdes_clk_3
  Path Type:              Setup (Max at Slow Process Corner)
  Requirement:            1.250ns  (oserdes_clk_3 fall@1.875ns - oserdes_clk_3 fall@0.625ns)
  Data Path Delay:        0.750ns  (logic 0.459ns (61.176%)  route 0.291ns (38.824%))
  Logic Levels:           0  
  Clock Path Skew:        0.308ns (DCD - SCD + CPR)
    Destination Clock Delay (DCD):    9.345ns = ( 11.220 - 1.875 ) 
    Source Clock Delay      (SCD):    9.661ns = ( 10.286 - 0.625 ) 
    Clock Pessimism Removal (CPR):    0.624ns
  Clock Uncertainty:      0.047ns  ((TSJ^2 + DJ^2)^1/2) / 2 + PE
    Total System Jitter     (TSJ):    0.071ns
    Discrete Jitter          (DJ):    0.061ns
    Phase Error              (PE):    0.000ns

    Location             Delay type                Incr(ns)  Path(ns)    Netlist Resource(s)
  -------------------------------------------------------------------    -------------------
                         (clock oserdes_clk_3 fall edge)
                                                      0.625     0.625 f  
    AD12                                              0.000     0.625 f  sys_clk_p (IN)
                         net (fo=0)                   0.000     0.625    sys_clk_p
    AD12                 IBUFDS (Prop_ibufds_I_O)     0.906     1.531 f  i_bufds_sys_clk/O
                         net (fo=1, routed)           2.299     3.830    sys_clk
    BUFGCTRL_X0Y1        BUFG (Prop_bufg_I_O)         0.093     3.923 f  sys_clk_BUFG_inst/O
                         net (fo=63, routed)          1.787     5.710    i_dram_wrapper/i_dram/u_mig7s_mig/u_ddr3_infrastructure/plle2_i_0
    PLLE2_ADV_X1Y1       PLLE2_ADV (Prop_plle2_adv_CLKIN1_CLKOUT1)
                                                      0.077     5.787 f  i_dram_wrapper/i_dram/u_mig7s_mig/u_ddr3_infrastructure/plle2_i/CLKOUT1
                         net (fo=14, routed)          1.188     6.975    i_dram_wrapper/i_dram/u_mig7s_mig/u_memc_ui_top_axi/mem_intfc0/ddr_phy_top0/u_ddr_mc_phy_wrapper/u_ddr_mc_phy/ddr_phy_4lanes_0.u_ddr_phy_4lanes/ddr_byte_lane_D.ddr_byte_lane_D/mem_refclk
    PHASER_OUT_PHY_X1Y11 PHASER_OUT_PHY (Prop_phaser_out_phy_MEMREFCLK_OCLK)
                                                      2.083     9.058 f  i_dram_wrapper/i_dram/u_mig7s_mig/u_memc_ui_top_axi/mem_intfc0/ddr_phy_top0/u_ddr_mc_phy_wrapper/u_ddr_mc_phy/ddr_phy_4lanes_0.u_ddr_phy_4lanes/ddr_byte_lane_D.ddr_byte_lane_D/phaser_out/OCLK
    PHASER_OUT_PHY_X1Y11 PHASER_OUT_PHY (Prop_phaser_out_phy_OCLK_OCLKDELAYED)
                                                      1.229    10.286 r  i_dram_wrapper/i_dram/u_mig7s_mig/u_memc_ui_top_axi/mem_intfc0/ddr_phy_top0/u_ddr_mc_phy_wrapper/u_ddr_mc_phy/ddr_phy_4lanes_0.u_ddr_phy_4lanes/ddr_byte_lane_D.ddr_byte_lane_D/phaser_out/OCLKDELAYED
  -------------------------------------------------------------------    -------------------
    PHASER_OUT_PHY_X1Y11 PHASER_OUT_PHY (Prop_phaser_out_phy_OCLKDELAYED_CTSBUS[0])
                                                      0.459    10.745 f  i_dram_wrapper/i_dram/u_mig7s_mig/u_memc_ui_top_axi/mem_intfc0/ddr_phy_top0/u_ddr_mc_phy_wrapper/u_ddr_mc_phy/ddr_phy_4lanes_0.u_ddr_phy_4lanes/ddr_byte_lane_D.ddr_byte_lane_D/phaser_out/CTSBUS[0]
                         net (fo=2, routed)           0.291    11.037    i_dram_wrapper/i_dram/u_mig7s_mig/u_memc_ui_top_axi/mem_intfc0/ddr_phy_top0/u_ddr_mc_phy_wrapper/u_ddr_mc_phy/ddr_phy_4lanes_0.u_ddr_phy_4lanes/ddr_byte_lane_D.ddr_byte_lane_D/ddr_byte_group_io/CTSBUS[0]
    OLOGIC_X1Y144        ODDR                                         f  i_dram_wrapper/i_dram/u_mig7s_mig/u_memc_ui_top_axi/mem_intfc0/ddr_phy_top0/u_ddr_mc_phy_wrapper/u_ddr_mc_phy/ddr_phy_4lanes_0.u_ddr_phy_4lanes/ddr_byte_lane_D.ddr_byte_lane_D/ddr_byte_group_io/dqs_gen.oddr_dqsts/D1
  -------------------------------------------------------------------    -------------------

                         (clock oserdes_clk_3 fall edge)
                                                      1.875     1.875 f  
    AD12                                              0.000     1.875 f  sys_clk_p (IN)
                         net (fo=0)                   0.000     1.875    sys_clk_p
    AD12                 IBUFDS (Prop_ibufds_I_O)     0.803     2.678 f  i_bufds_sys_clk/O
                         net (fo=1, routed)           2.173     4.851    sys_clk
    BUFGCTRL_X0Y1        BUFG (Prop_bufg_I_O)         0.083     4.934 f  sys_clk_BUFG_inst/O
                         net (fo=63, routed)          1.626     6.560    i_dram_wrapper/i_dram/u_mig7s_mig/u_ddr3_infrastructure/plle2_i_0
    PLLE2_ADV_X1Y1       PLLE2_ADV (Prop_plle2_adv_CLKIN1_CLKOUT1)
                                                      0.073     6.633 f  i_dram_wrapper/i_dram/u_mig7s_mig/u_ddr3_infrastructure/plle2_i/CLKOUT1
                         net (fo=14, routed)          1.061     7.694    i_dram_wrapper/i_dram/u_mig7s_mig/u_memc_ui_top_axi/mem_intfc0/ddr_phy_top0/u_ddr_mc_phy_wrapper/u_ddr_mc_phy/ddr_phy_4lanes_0.u_ddr_phy_4lanes/ddr_byte_lane_D.ddr_byte_lane_D/mem_refclk
    PHASER_OUT_PHY_X1Y11 PHASER_OUT_PHY (Prop_phaser_out_phy_MEMREFCLK_OCLK)
                                                      2.027     9.721 f  i_dram_wrapper/i_dram/u_mig7s_mig/u_memc_ui_top_axi/mem_intfc0/ddr_phy_top0/u_ddr_mc_phy_wrapper/u_ddr_mc_phy/ddr_phy_4lanes_0.u_ddr_phy_4lanes/ddr_byte_lane_D.ddr_byte_lane_D/phaser_out/OCLK
    PHASER_OUT_PHY_X1Y11 PHASER_OUT_PHY (Prop_phaser_out_phy_OCLK_OCLKDELAYED)
                                                      1.191    10.912 r  i_dram_wrapper/i_dram/u_mig7s_mig/u_memc_ui_top_axi/mem_intfc0/ddr_phy_top0/u_ddr_mc_phy_wrapper/u_ddr_mc_phy/ddr_phy_4lanes_0.u_ddr_phy_4lanes/ddr_byte_lane_D.ddr_byte_lane_D/phaser_out/OCLKDELAYED
                         net (fo=2, routed)           0.308    11.220    i_dram_wrapper/i_dram/u_mig7s_mig/u_memc_ui_top_axi/mem_intfc0/ddr_phy_top0/u_ddr_mc_phy_wrapper/u_ddr_mc_phy/ddr_phy_4lanes_0.u_ddr_phy_4lanes/ddr_byte_lane_D.ddr_byte_lane_D/ddr_byte_group_io/oserdes_clk_delayed
    OLOGIC_X1Y144        ODDR                                         r  i_dram_wrapper/i_dram/u_mig7s_mig/u_memc_ui_top_axi/mem_intfc0/ddr_phy_top0/u_ddr_mc_phy_wrapper/u_ddr_mc_phy/ddr_phy_4lanes_0.u_ddr_phy_4lanes/ddr_byte_lane_D.ddr_byte_lane_D/ddr_byte_group_io/dqs_gen.oddr_dqsts/C
                         clock pessimism              0.624    11.844    
                         clock uncertainty           -0.047    11.798    
    OLOGIC_X1Y144        ODDR (Setup_oddr_C_D1)      -0.558    11.240    i_dram_wrapper/i_dram/u_mig7s_mig/u_memc_ui_top_axi/mem_intfc0/ddr_phy_top0/u_ddr_mc_phy_wrapper/u_ddr_mc_phy/ddr_phy_4lanes_0.u_ddr_phy_4lanes/ddr_byte_lane_D.ddr_byte_lane_D/ddr_byte_group_io/dqs_gen.oddr_dqsts
  -------------------------------------------------------------------
                         required time                         11.240    
                         arrival time                         -11.037    
  -------------------------------------------------------------------
                         slack                                  0.203    

Slack (MET) :             0.223ns  (required time - arrival time)
  Source:                 i_dram_wrapper/i_dram/u_mig7s_mig/u_ddr3_infrastructure/plle2_i/CLKOUT2
                            (clock source 'sync_pulse'  {rise@0.547ns fall@1.797ns period=20.000ns})
  Destination:            i_dram_wrapper/i_dram/u_mig7s_mig/u_memc_ui_top_axi/mem_intfc0/ddr_phy_top0/u_ddr_mc_phy_wrapper/u_ddr_mc_phy/ddr_phy_4lanes_0.u_ddr_phy_4lanes/phy_control_i/SYNCIN
                            (rising edge-triggered cell PHY_CONTROL clocked by mem_refclk  {rise@0.000ns fall@0.625ns period=1.250ns})
  Path Group:             mem_refclk
  Path Type:              Setup (Max at Slow Process Corner)
  Requirement:            0.703ns  (mem_refclk rise@1.250ns - sync_pulse rise@0.547ns)
  Data Path Delay:        1.204ns  (logic 0.000ns (0.000%)  route 1.204ns (100.000%))
  Logic Levels:           0  
  Clock Path Skew:        1.075ns (DCD - SCD + CPR)
    Destination Clock Delay (DCD):    5.833ns = ( 7.083 - 1.250 ) 
    Source Clock Delay      (SCD):    5.162ns = ( 5.709 - 0.547 ) 
    Clock Pessimism Removal (CPR):    0.403ns
  Clock Uncertainty:      0.183ns  ((TSJ^2 + DJ^2)^1/2) / 2 + PE
    Total System Jitter     (TSJ):    0.071ns
    Discrete Jitter          (DJ):    0.104ns
    Phase Error              (PE):    0.120ns

    Location             Delay type                Incr(ns)  Path(ns)    Netlist Resource(s)
  -------------------------------------------------------------------    -------------------
                         (clock sync_pulse rise edge)
                                                      0.547     0.547 r  
    AD12                                              0.000     0.547 r  sys_clk_p (IN)
                         net (fo=0)                   0.000     0.547    sys_clk_p
    AD12                 IBUFDS (Prop_ibufds_I_O)     0.906     1.453 r  i_bufds_sys_clk/O
                         net (fo=1, routed)           2.299     3.752    sys_clk
    BUFGCTRL_X0Y1        BUFG (Prop_bufg_I_O)         0.093     3.845 r  sys_clk_BUFG_inst/O
                         net (fo=63, routed)          1.787     5.632    i_dram_wrapper/i_dram/u_mig7s_mig/u_ddr3_infrastructure/plle2_i_0
  -------------------------------------------------------------------    -------------------
    PLLE2_ADV_X1Y1       PLLE2_ADV (Prop_plle2_adv_CLKIN1_CLKOUT2)
                                                      0.077     5.709 r  i_dram_wrapper/i_dram/u_mig7s_mig/u_ddr3_infrastructure/plle2_i/CLKOUT2
                         net (fo=14, routed)          1.204     6.913    i_dram_wrapper/i_dram/u_mig7s_mig/u_memc_ui_top_axi/mem_intfc0/ddr_phy_top0/u_ddr_mc_phy_wrapper/u_ddr_mc_phy/ddr_phy_4lanes_0.u_ddr_phy_4lanes/sync_pulse
    PHY_CONTROL_X1Y2     PHY_CONTROL                                  r  i_dram_wrapper/i_dram/u_mig7s_mig/u_memc_ui_top_axi/mem_intfc0/ddr_phy_top0/u_ddr_mc_phy_wrapper/u_ddr_mc_phy/ddr_phy_4lanes_0.u_ddr_phy_4lanes/phy_control_i/SYNCIN
  -------------------------------------------------------------------    -------------------

                         (clock mem_refclk rise edge)
                                                      1.250     1.250 r  
    AD12                                              0.000     1.250 r  sys_clk_p (IN)
                         net (fo=0)                   0.000     1.250    sys_clk_p
    AD12                 IBUFDS (Prop_ibufds_I_O)     0.803     2.053 r  i_bufds_sys_clk/O
                         net (fo=1, routed)           2.173     4.226    sys_clk
    BUFGCTRL_X0Y1        BUFG (Prop_bufg_I_O)         0.083     4.309 r  sys_clk_BUFG_inst/O
                         net (fo=63, routed)          1.626     5.935    i_dram_wrapper/i_dram/u_mig7s_mig/u_ddr3_infrastructure/plle2_i_0
    PLLE2_ADV_X1Y1       PLLE2_ADV (Prop_plle2_adv_CLKIN1_CLKOUT1)
                                                      0.073     6.008 r  i_dram_wrapper/i_dram/u_mig7s_mig/u_ddr3_infrastructure/plle2_i/CLKOUT1
                         net (fo=14, routed)          1.075     7.083    i_dram_wrapper/i_dram/u_mig7s_mig/u_memc_ui_top_axi/mem_intfc0/ddr_phy_top0/u_ddr_mc_phy_wrapper/u_ddr_mc_phy/ddr_phy_4lanes_0.u_ddr_phy_4lanes/mem_refclk
    PHY_CONTROL_X1Y2     PHY_CONTROL                                  r  i_dram_wrapper/i_dram/u_mig7s_mig/u_memc_ui_top_axi/mem_intfc0/ddr_phy_top0/u_ddr_mc_phy_wrapper/u_ddr_mc_phy/ddr_phy_4lanes_0.u_ddr_phy_4lanes/phy_control_i/MEMREFCLK
                         clock pessimism              0.403     7.487    
                         clock uncertainty           -0.183     7.304    
    PHY_CONTROL_X1Y2     PHY_CONTROL (Setup_phy_control_MEMREFCLK_SYNCIN)
                                                     -0.168     7.136    i_dram_wrapper/i_dram/u_mig7s_mig/u_memc_ui_top_axi/mem_intfc0/ddr_phy_top0/u_ddr_mc_phy_wrapper/u_ddr_mc_phy/ddr_phy_4lanes_0.u_ddr_phy_4lanes/phy_control_i
  -------------------------------------------------------------------
                         required time                          7.136    
                         arrival time                          -6.913    
  -------------------------------------------------------------------
                         slack                                  0.223    

Slack (MET) :             0.223ns  (required time - arrival time)
  Source:                 i_dram_wrapper/i_dram/u_mig7s_mig/u_ddr3_infrastructure/plle2_i/CLKOUT2
                            (clock source 'sync_pulse'  {rise@0.547ns fall@1.797ns period=20.000ns})
  Destination:            i_dram_wrapper/i_dram/u_mig7s_mig/u_memc_ui_top_axi/mem_intfc0/ddr_phy_top0/u_ddr_mc_phy_wrapper/u_ddr_mc_phy/ddr_phy_4lanes_0.u_ddr_phy_4lanes/phy_control_i/SYNCIN
                            (rising edge-triggered cell PHY_CONTROL clocked by mem_refclk  {rise@0.000ns fall@0.625ns period=1.250ns})
  Path Group:             mem_refclk
  Path Type:              Setup (Max at Slow Process Corner)
  Requirement:            0.703ns  (mem_refclk rise@2.500ns - sync_pulse fall@1.797ns)
  Data Path Delay:        1.204ns  (logic 0.000ns (0.000%)  route 1.204ns (100.000%))
  Logic Levels:           0  
  Clock Path Skew:        1.075ns (DCD - SCD + CPR)
    Destination Clock Delay (DCD):    5.833ns = ( 8.333 - 2.500 ) 
    Source Clock Delay      (SCD):    5.162ns = ( 6.959 - 1.797 ) 
    Clock Pessimism Removal (CPR):    0.403ns
  Clock Uncertainty:      0.183ns  ((TSJ^2 + DJ^2)^1/2) / 2 + PE
    Total System Jitter     (TSJ):    0.071ns
    Discrete Jitter          (DJ):    0.104ns
    Phase Error              (PE):    0.120ns

    Location             Delay type                Incr(ns)  Path(ns)    Netlist Resource(s)
  -------------------------------------------------------------------    -------------------
                         (clock sync_pulse fall edge)
                                                      1.797     1.797 f  
    AD12                                              0.000     1.797 f  sys_clk_p (IN)
                         net (fo=0)                   0.000     1.797    sys_clk_p
    AD12                 IBUFDS (Prop_ibufds_I_O)     0.906     2.703 f  i_bufds_sys_clk/O
                         net (fo=1, routed)           2.299     5.002    sys_clk
    BUFGCTRL_X0Y1        BUFG (Prop_bufg_I_O)         0.093     5.095 f  sys_clk_BUFG_inst/O
                         net (fo=63, routed)          1.787     6.882    i_dram_wrapper/i_dram/u_mig7s_mig/u_ddr3_infrastructure/plle2_i_0
  -------------------------------------------------------------------    -------------------
    PLLE2_ADV_X1Y1       PLLE2_ADV (Prop_plle2_adv_CLKIN1_CLKOUT2)
                                                      0.077     6.959 f  i_dram_wrapper/i_dram/u_mig7s_mig/u_ddr3_infrastructure/plle2_i/CLKOUT2
                         net (fo=14, routed)          1.204     8.163    i_dram_wrapper/i_dram/u_mig7s_mig/u_memc_ui_top_axi/mem_intfc0/ddr_phy_top0/u_ddr_mc_phy_wrapper/u_ddr_mc_phy/ddr_phy_4lanes_0.u_ddr_phy_4lanes/sync_pulse
    PHY_CONTROL_X1Y2     PHY_CONTROL                                  f  i_dram_wrapper/i_dram/u_mig7s_mig/u_memc_ui_top_axi/mem_intfc0/ddr_phy_top0/u_ddr_mc_phy_wrapper/u_ddr_mc_phy/ddr_phy_4lanes_0.u_ddr_phy_4lanes/phy_control_i/SYNCIN
  -------------------------------------------------------------------    -------------------

                         (clock mem_refclk rise edge)
                                                      2.500     2.500 r  
    AD12                                              0.000     2.500 r  sys_clk_p (IN)
                         net (fo=0)                   0.000     2.500    sys_clk_p
    AD12                 IBUFDS (Prop_ibufds_I_O)     0.803     3.303 r  i_bufds_sys_clk/O
                         net (fo=1, routed)           2.173     5.476    sys_clk
    BUFGCTRL_X0Y1        BUFG (Prop_bufg_I_O)         0.083     5.559 r  sys_clk_BUFG_inst/O
                         net (fo=63, routed)          1.626     7.185    i_dram_wrapper/i_dram/u_mig7s_mig/u_ddr3_infrastructure/plle2_i_0
    PLLE2_ADV_X1Y1       PLLE2_ADV (Prop_plle2_adv_CLKIN1_CLKOUT1)
                                                      0.073     7.258 r  i_dram_wrapper/i_dram/u_mig7s_mig/u_ddr3_infrastructure/plle2_i/CLKOUT1
                         net (fo=14, routed)          1.075     8.333    i_dram_wrapper/i_dram/u_mig7s_mig/u_memc_ui_top_axi/mem_intfc0/ddr_phy_top0/u_ddr_mc_phy_wrapper/u_ddr_mc_phy/ddr_phy_4lanes_0.u_ddr_phy_4lanes/mem_refclk
    PHY_CONTROL_X1Y2     PHY_CONTROL                                  r  i_dram_wrapper/i_dram/u_mig7s_mig/u_memc_ui_top_axi/mem_intfc0/ddr_phy_top0/u_ddr_mc_phy_wrapper/u_ddr_mc_phy/ddr_phy_4lanes_0.u_ddr_phy_4lanes/phy_control_i/MEMREFCLK
                         clock pessimism              0.403     8.737    
                         clock uncertainty           -0.183     8.554    
    PHY_CONTROL_X1Y2     PHY_CONTROL (Setup_phy_control_MEMREFCLK_SYNCIN)
                                                     -0.168     8.386    i_dram_wrapper/i_dram/u_mig7s_mig/u_memc_ui_top_axi/mem_intfc0/ddr_phy_top0/u_ddr_mc_phy_wrapper/u_ddr_mc_phy/ddr_phy_4lanes_0.u_ddr_phy_4lanes/phy_control_i
  -------------------------------------------------------------------
                         required time                          8.386    
                         arrival time                          -8.163    
  -------------------------------------------------------------------
                         slack                                  0.223    

Slack (MET) :             0.226ns  (required time - arrival time)
  Source:                 i_dram_wrapper/i_dram/u_mig7s_mig/u_memc_ui_top_axi/mem_intfc0/ddr_phy_top0/u_ddr_mc_phy_wrapper/u_ddr_mc_phy/ddr_phy_4lanes_0.u_ddr_phy_4lanes/ddr_byte_lane_B.ddr_byte_lane_B/phaser_out/OCLKDELAYED
                            (rising edge-triggered cell PHASER_OUT_PHY clocked by oserdes_clk_1'  {rise@0.000ns fall@0.625ns period=1.250ns})
  Destination:            i_dram_wrapper/i_dram/u_mig7s_mig/u_memc_ui_top_axi/mem_intfc0/ddr_phy_top0/u_ddr_mc_phy_wrapper/u_ddr_mc_phy/ddr_phy_4lanes_0.u_ddr_phy_4lanes/ddr_byte_lane_B.ddr_byte_lane_B/ddr_byte_group_io/dqs_gen.oddr_dqs/D1
                            (rising edge-triggered cell ODDR clocked by oserdes_clk_1'  {rise@0.000ns fall@0.625ns period=1.250ns})
  Path Group:             oserdes_clk_1
  Path Type:              Setup (Max at Slow Process Corner)
  Requirement:            1.250ns  (oserdes_clk_1 fall@1.875ns - oserdes_clk_1 fall@0.625ns)
  Data Path Delay:        0.765ns  (logic 0.479ns (62.597%)  route 0.286ns (37.403%))
  Logic Levels:           0  
  Clock Path Skew:        0.288ns (DCD - SCD + CPR)
    Destination Clock Delay (DCD):    9.325ns = ( 11.200 - 1.875 ) 
    Source Clock Delay      (SCD):    9.661ns = ( 10.286 - 0.625 ) 
    Clock Pessimism Removal (CPR):    0.624ns
  Clock Uncertainty:      0.047ns  ((TSJ^2 + DJ^2)^1/2) / 2 + PE
    Total System Jitter     (TSJ):    0.071ns
    Discrete Jitter          (DJ):    0.061ns
    Phase Error              (PE):    0.000ns

    Location             Delay type                Incr(ns)  Path(ns)    Netlist Resource(s)
  -------------------------------------------------------------------    -------------------
                         (clock oserdes_clk_1 fall edge)
                                                      0.625     0.625 f  
    AD12                                              0.000     0.625 f  sys_clk_p (IN)
                         net (fo=0)                   0.000     0.625    sys_clk_p
    AD12                 IBUFDS (Prop_ibufds_I_O)     0.906     1.531 f  i_bufds_sys_clk/O
                         net (fo=1, routed)           2.299     3.830    sys_clk
    BUFGCTRL_X0Y1        BUFG (Prop_bufg_I_O)         0.093     3.923 f  sys_clk_BUFG_inst/O
                         net (fo=63, routed)          1.787     5.710    i_dram_wrapper/i_dram/u_mig7s_mig/u_ddr3_infrastructure/plle2_i_0
    PLLE2_ADV_X1Y1       PLLE2_ADV (Prop_plle2_adv_CLKIN1_CLKOUT1)
                                                      0.077     5.787 f  i_dram_wrapper/i_dram/u_mig7s_mig/u_ddr3_infrastructure/plle2_i/CLKOUT1
                         net (fo=14, routed)          1.188     6.975    i_dram_wrapper/i_dram/u_mig7s_mig/u_memc_ui_top_axi/mem_intfc0/ddr_phy_top0/u_ddr_mc_phy_wrapper/u_ddr_mc_phy/ddr_phy_4lanes_0.u_ddr_phy_4lanes/ddr_byte_lane_B.ddr_byte_lane_B/mem_refclk
    PHASER_OUT_PHY_X1Y9  PHASER_OUT_PHY (Prop_phaser_out_phy_MEMREFCLK_OCLK)
                                                      2.083     9.058 f  i_dram_wrapper/i_dram/u_mig7s_mig/u_memc_ui_top_axi/mem_intfc0/ddr_phy_top0/u_ddr_mc_phy_wrapper/u_ddr_mc_phy/ddr_phy_4lanes_0.u_ddr_phy_4lanes/ddr_byte_lane_B.ddr_byte_lane_B/phaser_out/OCLK
    PHASER_OUT_PHY_X1Y9  PHASER_OUT_PHY (Prop_phaser_out_phy_OCLK_OCLKDELAYED)
                                                      1.229    10.286 r  i_dram_wrapper/i_dram/u_mig7s_mig/u_memc_ui_top_axi/mem_intfc0/ddr_phy_top0/u_ddr_mc_phy_wrapper/u_ddr_mc_phy/ddr_phy_4lanes_0.u_ddr_phy_4lanes/ddr_byte_lane_B.ddr_byte_lane_B/phaser_out/OCLKDELAYED
  -------------------------------------------------------------------    -------------------
    PHASER_OUT_PHY_X1Y9  PHASER_OUT_PHY (Prop_phaser_out_phy_OCLKDELAYED_DQSBUS[0])
                                                      0.479    10.765 r  i_dram_wrapper/i_dram/u_mig7s_mig/u_memc_ui_top_axi/mem_intfc0/ddr_phy_top0/u_ddr_mc_phy_wrapper/u_ddr_mc_phy/ddr_phy_4lanes_0.u_ddr_phy_4lanes/ddr_byte_lane_B.ddr_byte_lane_B/phaser_out/DQSBUS[0]
                         net (fo=1, routed)           0.286    11.052    i_dram_wrapper/i_dram/u_mig7s_mig/u_memc_ui_top_axi/mem_intfc0/ddr_phy_top0/u_ddr_mc_phy_wrapper/u_ddr_mc_phy/ddr_phy_4lanes_0.u_ddr_phy_4lanes/ddr_byte_lane_B.ddr_byte_lane_B/ddr_byte_group_io/DQSBUS[0]
    OLOGIC_X1Y120        ODDR                                         r  i_dram_wrapper/i_dram/u_mig7s_mig/u_memc_ui_top_axi/mem_intfc0/ddr_phy_top0/u_ddr_mc_phy_wrapper/u_ddr_mc_phy/ddr_phy_4lanes_0.u_ddr_phy_4lanes/ddr_byte_lane_B.ddr_byte_lane_B/ddr_byte_group_io/dqs_gen.oddr_dqs/D1
  -------------------------------------------------------------------    -------------------

                         (clock oserdes_clk_1 fall edge)
                                                      1.875     1.875 f  
    AD12                                              0.000     1.875 f  sys_clk_p (IN)
                         net (fo=0)                   0.000     1.875    sys_clk_p
    AD12                 IBUFDS (Prop_ibufds_I_O)     0.803     2.678 f  i_bufds_sys_clk/O
                         net (fo=1, routed)           2.173     4.851    sys_clk
    BUFGCTRL_X0Y1        BUFG (Prop_bufg_I_O)         0.083     4.934 f  sys_clk_BUFG_inst/O
                         net (fo=63, routed)          1.626     6.560    i_dram_wrapper/i_dram/u_mig7s_mig/u_ddr3_infrastructure/plle2_i_0
    PLLE2_ADV_X1Y1       PLLE2_ADV (Prop_plle2_adv_CLKIN1_CLKOUT1)
                                                      0.073     6.633 f  i_dram_wrapper/i_dram/u_mig7s_mig/u_ddr3_infrastructure/plle2_i/CLKOUT1
                         net (fo=14, routed)          1.061     7.694    i_dram_wrapper/i_dram/u_mig7s_mig/u_memc_ui_top_axi/mem_intfc0/ddr_phy_top0/u_ddr_mc_phy_wrapper/u_ddr_mc_phy/ddr_phy_4lanes_0.u_ddr_phy_4lanes/ddr_byte_lane_B.ddr_byte_lane_B/mem_refclk
    PHASER_OUT_PHY_X1Y9  PHASER_OUT_PHY (Prop_phaser_out_phy_MEMREFCLK_OCLK)
                                                      2.027     9.721 f  i_dram_wrapper/i_dram/u_mig7s_mig/u_memc_ui_top_axi/mem_intfc0/ddr_phy_top0/u_ddr_mc_phy_wrapper/u_ddr_mc_phy/ddr_phy_4lanes_0.u_ddr_phy_4lanes/ddr_byte_lane_B.ddr_byte_lane_B/phaser_out/OCLK
    PHASER_OUT_PHY_X1Y9  PHASER_OUT_PHY (Prop_phaser_out_phy_OCLK_OCLKDELAYED)
                                                      1.191    10.912 r  i_dram_wrapper/i_dram/u_mig7s_mig/u_memc_ui_top_axi/mem_intfc0/ddr_phy_top0/u_ddr_mc_phy_wrapper/u_ddr_mc_phy/ddr_phy_4lanes_0.u_ddr_phy_4lanes/ddr_byte_lane_B.ddr_byte_lane_B/phaser_out/OCLKDELAYED
                         net (fo=2, routed)           0.288    11.200    i_dram_wrapper/i_dram/u_mig7s_mig/u_memc_ui_top_axi/mem_intfc0/ddr_phy_top0/u_ddr_mc_phy_wrapper/u_ddr_mc_phy/ddr_phy_4lanes_0.u_ddr_phy_4lanes/ddr_byte_lane_B.ddr_byte_lane_B/ddr_byte_group_io/oserdes_clk_delayed
    OLOGIC_X1Y120        ODDR                                         r  i_dram_wrapper/i_dram/u_mig7s_mig/u_memc_ui_top_axi/mem_intfc0/ddr_phy_top0/u_ddr_mc_phy_wrapper/u_ddr_mc_phy/ddr_phy_4lanes_0.u_ddr_phy_4lanes/ddr_byte_lane_B.ddr_byte_lane_B/ddr_byte_group_io/dqs_gen.oddr_dqs/C
                         clock pessimism              0.624    11.824    
                         clock uncertainty           -0.047    11.778    
    OLOGIC_X1Y120        ODDR (Setup_oddr_C_D1)      -0.500    11.278    i_dram_wrapper/i_dram/u_mig7s_mig/u_memc_ui_top_axi/mem_intfc0/ddr_phy_top0/u_ddr_mc_phy_wrapper/u_ddr_mc_phy/ddr_phy_4lanes_0.u_ddr_phy_4lanes/ddr_byte_lane_B.ddr_byte_lane_B/ddr_byte_group_io/dqs_gen.oddr_dqs
  -------------------------------------------------------------------
                         required time                         11.278    
                         arrival time                         -11.052    
  -------------------------------------------------------------------
                         slack                                  0.226    

Slack (MET) :             0.226ns  (required time - arrival time)
  Source:                 i_dram_wrapper/i_dram/u_mig7s_mig/u_memc_ui_top_axi/mem_intfc0/ddr_phy_top0/u_ddr_mc_phy_wrapper/u_ddr_mc_phy/ddr_phy_4lanes_0.u_ddr_phy_4lanes/ddr_byte_lane_B.ddr_byte_lane_B/phaser_out/OCLKDELAYED
                            (rising edge-triggered cell PHASER_OUT_PHY clocked by oserdes_clk_1'  {rise@0.000ns fall@0.625ns period=1.250ns})
  Destination:            i_dram_wrapper/i_dram/u_mig7s_mig/u_memc_ui_top_axi/mem_intfc0/ddr_phy_top0/u_ddr_mc_phy_wrapper/u_ddr_mc_phy/ddr_phy_4lanes_0.u_ddr_phy_4lanes/ddr_byte_lane_B.ddr_byte_lane_B/ddr_byte_group_io/dqs_gen.oddr_dqs/D1
                            (rising edge-triggered cell ODDR clocked by oserdes_clk_1'  {rise@0.000ns fall@0.625ns period=1.250ns})
  Path Group:             oserdes_clk_1
  Path Type:              Setup (Max at Slow Process Corner)
  Requirement:            1.250ns  (oserdes_clk_1 fall@1.875ns - oserdes_clk_1 fall@0.625ns)
  Data Path Delay:        0.765ns  (logic 0.479ns (62.597%)  route 0.286ns (37.403%))
  Logic Levels:           0  
  Clock Path Skew:        0.288ns (DCD - SCD + CPR)
    Destination Clock Delay (DCD):    9.325ns = ( 11.200 - 1.875 ) 
    Source Clock Delay      (SCD):    9.661ns = ( 10.286 - 0.625 ) 
    Clock Pessimism Removal (CPR):    0.624ns
  Clock Uncertainty:      0.047ns  ((TSJ^2 + DJ^2)^1/2) / 2 + PE
    Total System Jitter     (TSJ):    0.071ns
    Discrete Jitter          (DJ):    0.061ns
    Phase Error              (PE):    0.000ns

    Location             Delay type                Incr(ns)  Path(ns)    Netlist Resource(s)
  -------------------------------------------------------------------    -------------------
                         (clock oserdes_clk_1 fall edge)
                                                      0.625     0.625 f  
    AD12                                              0.000     0.625 f  sys_clk_p (IN)
                         net (fo=0)                   0.000     0.625    sys_clk_p
    AD12                 IBUFDS (Prop_ibufds_I_O)     0.906     1.531 f  i_bufds_sys_clk/O
                         net (fo=1, routed)           2.299     3.830    sys_clk
    BUFGCTRL_X0Y1        BUFG (Prop_bufg_I_O)         0.093     3.923 f  sys_clk_BUFG_inst/O
                         net (fo=63, routed)          1.787     5.710    i_dram_wrapper/i_dram/u_mig7s_mig/u_ddr3_infrastructure/plle2_i_0
    PLLE2_ADV_X1Y1       PLLE2_ADV (Prop_plle2_adv_CLKIN1_CLKOUT1)
                                                      0.077     5.787 f  i_dram_wrapper/i_dram/u_mig7s_mig/u_ddr3_infrastructure/plle2_i/CLKOUT1
                         net (fo=14, routed)          1.188     6.975    i_dram_wrapper/i_dram/u_mig7s_mig/u_memc_ui_top_axi/mem_intfc0/ddr_phy_top0/u_ddr_mc_phy_wrapper/u_ddr_mc_phy/ddr_phy_4lanes_0.u_ddr_phy_4lanes/ddr_byte_lane_B.ddr_byte_lane_B/mem_refclk
    PHASER_OUT_PHY_X1Y9  PHASER_OUT_PHY (Prop_phaser_out_phy_MEMREFCLK_OCLK)
                                                      2.083     9.058 f  i_dram_wrapper/i_dram/u_mig7s_mig/u_memc_ui_top_axi/mem_intfc0/ddr_phy_top0/u_ddr_mc_phy_wrapper/u_ddr_mc_phy/ddr_phy_4lanes_0.u_ddr_phy_4lanes/ddr_byte_lane_B.ddr_byte_lane_B/phaser_out/OCLK
    PHASER_OUT_PHY_X1Y9  PHASER_OUT_PHY (Prop_phaser_out_phy_OCLK_OCLKDELAYED)
                                                      1.229    10.286 r  i_dram_wrapper/i_dram/u_mig7s_mig/u_memc_ui_top_axi/mem_intfc0/ddr_phy_top0/u_ddr_mc_phy_wrapper/u_ddr_mc_phy/ddr_phy_4lanes_0.u_ddr_phy_4lanes/ddr_byte_lane_B.ddr_byte_lane_B/phaser_out/OCLKDELAYED
  -------------------------------------------------------------------    -------------------
    PHASER_OUT_PHY_X1Y9  PHASER_OUT_PHY (Prop_phaser_out_phy_OCLKDELAYED_DQSBUS[0])
                                                      0.479    10.765 f  i_dram_wrapper/i_dram/u_mig7s_mig/u_memc_ui_top_axi/mem_intfc0/ddr_phy_top0/u_ddr_mc_phy_wrapper/u_ddr_mc_phy/ddr_phy_4lanes_0.u_ddr_phy_4lanes/ddr_byte_lane_B.ddr_byte_lane_B/phaser_out/DQSBUS[0]
                         net (fo=1, routed)           0.286    11.052    i_dram_wrapper/i_dram/u_mig7s_mig/u_memc_ui_top_axi/mem_intfc0/ddr_phy_top0/u_ddr_mc_phy_wrapper/u_ddr_mc_phy/ddr_phy_4lanes_0.u_ddr_phy_4lanes/ddr_byte_lane_B.ddr_byte_lane_B/ddr_byte_group_io/DQSBUS[0]
    OLOGIC_X1Y120        ODDR                                         f  i_dram_wrapper/i_dram/u_mig7s_mig/u_memc_ui_top_axi/mem_intfc0/ddr_phy_top0/u_ddr_mc_phy_wrapper/u_ddr_mc_phy/ddr_phy_4lanes_0.u_ddr_phy_4lanes/ddr_byte_lane_B.ddr_byte_lane_B/ddr_byte_group_io/dqs_gen.oddr_dqs/D1
  -------------------------------------------------------------------    -------------------

                         (clock oserdes_clk_1 fall edge)
                                                      1.875     1.875 f  
    AD12                                              0.000     1.875 f  sys_clk_p (IN)
                         net (fo=0)                   0.000     1.875    sys_clk_p
    AD12                 IBUFDS (Prop_ibufds_I_O)     0.803     2.678 f  i_bufds_sys_clk/O
                         net (fo=1, routed)           2.173     4.851    sys_clk
    BUFGCTRL_X0Y1        BUFG (Prop_bufg_I_O)         0.083     4.934 f  sys_clk_BUFG_inst/O
                         net (fo=63, routed)          1.626     6.560    i_dram_wrapper/i_dram/u_mig7s_mig/u_ddr3_infrastructure/plle2_i_0
    PLLE2_ADV_X1Y1       PLLE2_ADV (Prop_plle2_adv_CLKIN1_CLKOUT1)
                                                      0.073     6.633 f  i_dram_wrapper/i_dram/u_mig7s_mig/u_ddr3_infrastructure/plle2_i/CLKOUT1
                         net (fo=14, routed)          1.061     7.694    i_dram_wrapper/i_dram/u_mig7s_mig/u_memc_ui_top_axi/mem_intfc0/ddr_phy_top0/u_ddr_mc_phy_wrapper/u_ddr_mc_phy/ddr_phy_4lanes_0.u_ddr_phy_4lanes/ddr_byte_lane_B.ddr_byte_lane_B/mem_refclk
    PHASER_OUT_PHY_X1Y9  PHASER_OUT_PHY (Prop_phaser_out_phy_MEMREFCLK_OCLK)
                                                      2.027     9.721 f  i_dram_wrapper/i_dram/u_mig7s_mig/u_memc_ui_top_axi/mem_intfc0/ddr_phy_top0/u_ddr_mc_phy_wrapper/u_ddr_mc_phy/ddr_phy_4lanes_0.u_ddr_phy_4lanes/ddr_byte_lane_B.ddr_byte_lane_B/phaser_out/OCLK
    PHASER_OUT_PHY_X1Y9  PHASER_OUT_PHY (Prop_phaser_out_phy_OCLK_OCLKDELAYED)
                                                      1.191    10.912 r  i_dram_wrapper/i_dram/u_mig7s_mig/u_memc_ui_top_axi/mem_intfc0/ddr_phy_top0/u_ddr_mc_phy_wrapper/u_ddr_mc_phy/ddr_phy_4lanes_0.u_ddr_phy_4lanes/ddr_byte_lane_B.ddr_byte_lane_B/phaser_out/OCLKDELAYED
                         net (fo=2, routed)           0.288    11.200    i_dram_wrapper/i_dram/u_mig7s_mig/u_memc_ui_top_axi/mem_intfc0/ddr_phy_top0/u_ddr_mc_phy_wrapper/u_ddr_mc_phy/ddr_phy_4lanes_0.u_ddr_phy_4lanes/ddr_byte_lane_B.ddr_byte_lane_B/ddr_byte_group_io/oserdes_clk_delayed
    OLOGIC_X1Y120        ODDR                                         r  i_dram_wrapper/i_dram/u_mig7s_mig/u_memc_ui_top_axi/mem_intfc0/ddr_phy_top0/u_ddr_mc_phy_wrapper/u_ddr_mc_phy/ddr_phy_4lanes_0.u_ddr_phy_4lanes/ddr_byte_lane_B.ddr_byte_lane_B/ddr_byte_group_io/dqs_gen.oddr_dqs/C
                         clock pessimism              0.624    11.824    
                         clock uncertainty           -0.047    11.778    
    OLOGIC_X1Y120        ODDR (Setup_oddr_C_D1)      -0.500    11.278    i_dram_wrapper/i_dram/u_mig7s_mig/u_memc_ui_top_axi/mem_intfc0/ddr_phy_top0/u_ddr_mc_phy_wrapper/u_ddr_mc_phy/ddr_phy_4lanes_0.u_ddr_phy_4lanes/ddr_byte_lane_B.ddr_byte_lane_B/ddr_byte_group_io/dqs_gen.oddr_dqs
  -------------------------------------------------------------------
                         required time                         11.278    
                         arrival time                         -11.052    
  -------------------------------------------------------------------
                         slack                                  0.226    

Slack (MET) :             0.234ns  (required time - arrival time)
  Source:                 i_dram_wrapper/i_dram/u_mig7s_mig/u_memc_ui_top_axi/mem_intfc0/ddr_phy_top0/u_ddr_mc_phy_wrapper/u_ddr_mc_phy/ddr_phy_4lanes_0.u_ddr_phy_4lanes/ddr_byte_lane_C.ddr_byte_lane_C/phaser_out/OCLKDELAYED
                            (rising edge-triggered cell PHASER_OUT_PHY clocked by oserdes_clk_2'  {rise@0.000ns fall@0.625ns period=1.250ns})
  Destination:            i_dram_wrapper/i_dram/u_mig7s_mig/u_memc_ui_top_axi/mem_intfc0/ddr_phy_top0/u_ddr_mc_phy_wrapper/u_ddr_mc_phy/ddr_phy_4lanes_0.u_ddr_phy_4lanes/ddr_byte_lane_C.ddr_byte_lane_C/ddr_byte_group_io/dqs_gen.oddr_dqs/D1
                            (rising edge-triggered cell ODDR clocked by oserdes_clk_2'  {rise@0.000ns fall@0.625ns period=1.250ns})
  Path Group:             oserdes_clk_2
  Path Type:              Setup (Max at Slow Process Corner)
  Requirement:            1.250ns  (oserdes_clk_2 fall@1.875ns - oserdes_clk_2 fall@0.625ns)
  Data Path Delay:        0.765ns  (logic 0.479ns (62.597%)  route 0.286ns (37.403%))
  Logic Levels:           0  
  Clock Path Skew:        0.296ns (DCD - SCD + CPR)
    Destination Clock Delay (DCD):    9.342ns = ( 11.217 - 1.875 ) 
    Source Clock Delay      (SCD):    9.671ns = ( 10.296 - 0.625 ) 
    Clock Pessimism Removal (CPR):    0.625ns
  Clock Uncertainty:      0.047ns  ((TSJ^2 + DJ^2)^1/2) / 2 + PE
    Total System Jitter     (TSJ):    0.071ns
    Discrete Jitter          (DJ):    0.061ns
    Phase Error              (PE):    0.000ns

    Location             Delay type                Incr(ns)  Path(ns)    Netlist Resource(s)
  -------------------------------------------------------------------    -------------------
                         (clock oserdes_clk_2 fall edge)
                                                      0.625     0.625 f  
    AD12                                              0.000     0.625 f  sys_clk_p (IN)
                         net (fo=0)                   0.000     0.625    sys_clk_p
    AD12                 IBUFDS (Prop_ibufds_I_O)     0.906     1.531 f  i_bufds_sys_clk/O
                         net (fo=1, routed)           2.299     3.830    sys_clk
    BUFGCTRL_X0Y1        BUFG (Prop_bufg_I_O)         0.093     3.923 f  sys_clk_BUFG_inst/O
                         net (fo=63, routed)          1.787     5.710    i_dram_wrapper/i_dram/u_mig7s_mig/u_ddr3_infrastructure/plle2_i_0
    PLLE2_ADV_X1Y1       PLLE2_ADV (Prop_plle2_adv_CLKIN1_CLKOUT1)
                                                      0.077     5.787 f  i_dram_wrapper/i_dram/u_mig7s_mig/u_ddr3_infrastructure/plle2_i/CLKOUT1
                         net (fo=14, routed)          1.198     6.985    i_dram_wrapper/i_dram/u_mig7s_mig/u_memc_ui_top_axi/mem_intfc0/ddr_phy_top0/u_ddr_mc_phy_wrapper/u_ddr_mc_phy/ddr_phy_4lanes_0.u_ddr_phy_4lanes/ddr_byte_lane_C.ddr_byte_lane_C/mem_refclk
    PHASER_OUT_PHY_X1Y10 PHASER_OUT_PHY (Prop_phaser_out_phy_MEMREFCLK_OCLK)
                                                      2.083     9.068 f  i_dram_wrapper/i_dram/u_mig7s_mig/u_memc_ui_top_axi/mem_intfc0/ddr_phy_top0/u_ddr_mc_phy_wrapper/u_ddr_mc_phy/ddr_phy_4lanes_0.u_ddr_phy_4lanes/ddr_byte_lane_C.ddr_byte_lane_C/phaser_out/OCLK
    PHASER_OUT_PHY_X1Y10 PHASER_OUT_PHY (Prop_phaser_out_phy_OCLK_OCLKDELAYED)
                                                      1.229    10.296 r  i_dram_wrapper/i_dram/u_mig7s_mig/u_memc_ui_top_axi/mem_intfc0/ddr_phy_top0/u_ddr_mc_phy_wrapper/u_ddr_mc_phy/ddr_phy_4lanes_0.u_ddr_phy_4lanes/ddr_byte_lane_C.ddr_byte_lane_C/phaser_out/OCLKDELAYED
  -------------------------------------------------------------------    -------------------
    PHASER_OUT_PHY_X1Y10 PHASER_OUT_PHY (Prop_phaser_out_phy_OCLKDELAYED_DQSBUS[0])
                                                      0.479    10.775 r  i_dram_wrapper/i_dram/u_mig7s_mig/u_memc_ui_top_axi/mem_intfc0/ddr_phy_top0/u_ddr_mc_phy_wrapper/u_ddr_mc_phy/ddr_phy_4lanes_0.u_ddr_phy_4lanes/ddr_byte_lane_C.ddr_byte_lane_C/phaser_out/DQSBUS[0]
                         net (fo=1, routed)           0.286    11.062    i_dram_wrapper/i_dram/u_mig7s_mig/u_memc_ui_top_axi/mem_intfc0/ddr_phy_top0/u_ddr_mc_phy_wrapper/u_ddr_mc_phy/ddr_phy_4lanes_0.u_ddr_phy_4lanes/ddr_byte_lane_C.ddr_byte_lane_C/ddr_byte_group_io/DQSBUS[0]
    OLOGIC_X1Y132        ODDR                                         r  i_dram_wrapper/i_dram/u_mig7s_mig/u_memc_ui_top_axi/mem_intfc0/ddr_phy_top0/u_ddr_mc_phy_wrapper/u_ddr_mc_phy/ddr_phy_4lanes_0.u_ddr_phy_4lanes/ddr_byte_lane_C.ddr_byte_lane_C/ddr_byte_group_io/dqs_gen.oddr_dqs/D1
  -------------------------------------------------------------------    -------------------

                         (clock oserdes_clk_2 fall edge)
                                                      1.875     1.875 f  
    AD12                                              0.000     1.875 f  sys_clk_p (IN)
                         net (fo=0)                   0.000     1.875    sys_clk_p
    AD12                 IBUFDS (Prop_ibufds_I_O)     0.803     2.678 f  i_bufds_sys_clk/O
                         net (fo=1, routed)           2.173     4.851    sys_clk
    BUFGCTRL_X0Y1        BUFG (Prop_bufg_I_O)         0.083     4.934 f  sys_clk_BUFG_inst/O
                         net (fo=63, routed)          1.626     6.560    i_dram_wrapper/i_dram/u_mig7s_mig/u_ddr3_infrastructure/plle2_i_0
    PLLE2_ADV_X1Y1       PLLE2_ADV (Prop_plle2_adv_CLKIN1_CLKOUT1)
                                                      0.073     6.633 f  i_dram_wrapper/i_dram/u_mig7s_mig/u_ddr3_infrastructure/plle2_i/CLKOUT1
                         net (fo=14, routed)          1.070     7.703    i_dram_wrapper/i_dram/u_mig7s_mig/u_memc_ui_top_axi/mem_intfc0/ddr_phy_top0/u_ddr_mc_phy_wrapper/u_ddr_mc_phy/ddr_phy_4lanes_0.u_ddr_phy_4lanes/ddr_byte_lane_C.ddr_byte_lane_C/mem_refclk
    PHASER_OUT_PHY_X1Y10 PHASER_OUT_PHY (Prop_phaser_out_phy_MEMREFCLK_OCLK)
                                                      2.027     9.730 f  i_dram_wrapper/i_dram/u_mig7s_mig/u_memc_ui_top_axi/mem_intfc0/ddr_phy_top0/u_ddr_mc_phy_wrapper/u_ddr_mc_phy/ddr_phy_4lanes_0.u_ddr_phy_4lanes/ddr_byte_lane_C.ddr_byte_lane_C/phaser_out/OCLK
    PHASER_OUT_PHY_X1Y10 PHASER_OUT_PHY (Prop_phaser_out_phy_OCLK_OCLKDELAYED)
                                                      1.191    10.921 r  i_dram_wrapper/i_dram/u_mig7s_mig/u_memc_ui_top_axi/mem_intfc0/ddr_phy_top0/u_ddr_mc_phy_wrapper/u_ddr_mc_phy/ddr_phy_4lanes_0.u_ddr_phy_4lanes/ddr_byte_lane_C.ddr_byte_lane_C/phaser_out/OCLKDELAYED
                         net (fo=2, routed)           0.296    11.217    i_dram_wrapper/i_dram/u_mig7s_mig/u_memc_ui_top_axi/mem_intfc0/ddr_phy_top0/u_ddr_mc_phy_wrapper/u_ddr_mc_phy/ddr_phy_4lanes_0.u_ddr_phy_4lanes/ddr_byte_lane_C.ddr_byte_lane_C/ddr_byte_group_io/oserdes_clk_delayed
    OLOGIC_X1Y132        ODDR                                         r  i_dram_wrapper/i_dram/u_mig7s_mig/u_memc_ui_top_axi/mem_intfc0/ddr_phy_top0/u_ddr_mc_phy_wrapper/u_ddr_mc_phy/ddr_phy_4lanes_0.u_ddr_phy_4lanes/ddr_byte_lane_C.ddr_byte_lane_C/ddr_byte_group_io/dqs_gen.oddr_dqs/C
                         clock pessimism              0.625    11.842    
                         clock uncertainty           -0.047    11.796    
    OLOGIC_X1Y132        ODDR (Setup_oddr_C_D1)      -0.500    11.296    i_dram_wrapper/i_dram/u_mig7s_mig/u_memc_ui_top_axi/mem_intfc0/ddr_phy_top0/u_ddr_mc_phy_wrapper/u_ddr_mc_phy/ddr_phy_4lanes_0.u_ddr_phy_4lanes/ddr_byte_lane_C.ddr_byte_lane_C/ddr_byte_group_io/dqs_gen.oddr_dqs
  -------------------------------------------------------------------
                         required time                         11.296    
                         arrival time                         -11.062    
  -------------------------------------------------------------------
                         slack                                  0.234    

Slack (MET) :             0.234ns  (required time - arrival time)
  Source:                 i_dram_wrapper/i_dram/u_mig7s_mig/u_memc_ui_top_axi/mem_intfc0/ddr_phy_top0/u_ddr_mc_phy_wrapper/u_ddr_mc_phy/ddr_phy_4lanes_0.u_ddr_phy_4lanes/ddr_byte_lane_C.ddr_byte_lane_C/phaser_out/OCLKDELAYED
                            (rising edge-triggered cell PHASER_OUT_PHY clocked by oserdes_clk_2'  {rise@0.000ns fall@0.625ns period=1.250ns})
  Destination:            i_dram_wrapper/i_dram/u_mig7s_mig/u_memc_ui_top_axi/mem_intfc0/ddr_phy_top0/u_ddr_mc_phy_wrapper/u_ddr_mc_phy/ddr_phy_4lanes_0.u_ddr_phy_4lanes/ddr_byte_lane_C.ddr_byte_lane_C/ddr_byte_group_io/dqs_gen.oddr_dqs/D1
                            (rising edge-triggered cell ODDR clocked by oserdes_clk_2'  {rise@0.000ns fall@0.625ns period=1.250ns})
  Path Group:             oserdes_clk_2
  Path Type:              Setup (Max at Slow Process Corner)
  Requirement:            1.250ns  (oserdes_clk_2 fall@1.875ns - oserdes_clk_2 fall@0.625ns)
  Data Path Delay:        0.765ns  (logic 0.479ns (62.597%)  route 0.286ns (37.403%))
  Logic Levels:           0  
  Clock Path Skew:        0.296ns (DCD - SCD + CPR)
    Destination Clock Delay (DCD):    9.342ns = ( 11.217 - 1.875 ) 
    Source Clock Delay      (SCD):    9.671ns = ( 10.296 - 0.625 ) 
    Clock Pessimism Removal (CPR):    0.625ns
  Clock Uncertainty:      0.047ns  ((TSJ^2 + DJ^2)^1/2) / 2 + PE
    Total System Jitter     (TSJ):    0.071ns
    Discrete Jitter          (DJ):    0.061ns
    Phase Error              (PE):    0.000ns

    Location             Delay type                Incr(ns)  Path(ns)    Netlist Resource(s)
  -------------------------------------------------------------------    -------------------
                         (clock oserdes_clk_2 fall edge)
                                                      0.625     0.625 f  
    AD12                                              0.000     0.625 f  sys_clk_p (IN)
                         net (fo=0)                   0.000     0.625    sys_clk_p
    AD12                 IBUFDS (Prop_ibufds_I_O)     0.906     1.531 f  i_bufds_sys_clk/O
                         net (fo=1, routed)           2.299     3.830    sys_clk
    BUFGCTRL_X0Y1        BUFG (Prop_bufg_I_O)         0.093     3.923 f  sys_clk_BUFG_inst/O
                         net (fo=63, routed)          1.787     5.710    i_dram_wrapper/i_dram/u_mig7s_mig/u_ddr3_infrastructure/plle2_i_0
    PLLE2_ADV_X1Y1       PLLE2_ADV (Prop_plle2_adv_CLKIN1_CLKOUT1)
                                                      0.077     5.787 f  i_dram_wrapper/i_dram/u_mig7s_mig/u_ddr3_infrastructure/plle2_i/CLKOUT1
                         net (fo=14, routed)          1.198     6.985    i_dram_wrapper/i_dram/u_mig7s_mig/u_memc_ui_top_axi/mem_intfc0/ddr_phy_top0/u_ddr_mc_phy_wrapper/u_ddr_mc_phy/ddr_phy_4lanes_0.u_ddr_phy_4lanes/ddr_byte_lane_C.ddr_byte_lane_C/mem_refclk
    PHASER_OUT_PHY_X1Y10 PHASER_OUT_PHY (Prop_phaser_out_phy_MEMREFCLK_OCLK)
                                                      2.083     9.068 f  i_dram_wrapper/i_dram/u_mig7s_mig/u_memc_ui_top_axi/mem_intfc0/ddr_phy_top0/u_ddr_mc_phy_wrapper/u_ddr_mc_phy/ddr_phy_4lanes_0.u_ddr_phy_4lanes/ddr_byte_lane_C.ddr_byte_lane_C/phaser_out/OCLK
    PHASER_OUT_PHY_X1Y10 PHASER_OUT_PHY (Prop_phaser_out_phy_OCLK_OCLKDELAYED)
                                                      1.229    10.296 r  i_dram_wrapper/i_dram/u_mig7s_mig/u_memc_ui_top_axi/mem_intfc0/ddr_phy_top0/u_ddr_mc_phy_wrapper/u_ddr_mc_phy/ddr_phy_4lanes_0.u_ddr_phy_4lanes/ddr_byte_lane_C.ddr_byte_lane_C/phaser_out/OCLKDELAYED
  -------------------------------------------------------------------    -------------------
    PHASER_OUT_PHY_X1Y10 PHASER_OUT_PHY (Prop_phaser_out_phy_OCLKDELAYED_DQSBUS[0])
                                                      0.479    10.775 f  i_dram_wrapper/i_dram/u_mig7s_mig/u_memc_ui_top_axi/mem_intfc0/ddr_phy_top0/u_ddr_mc_phy_wrapper/u_ddr_mc_phy/ddr_phy_4lanes_0.u_ddr_phy_4lanes/ddr_byte_lane_C.ddr_byte_lane_C/phaser_out/DQSBUS[0]
                         net (fo=1, routed)           0.286    11.062    i_dram_wrapper/i_dram/u_mig7s_mig/u_memc_ui_top_axi/mem_intfc0/ddr_phy_top0/u_ddr_mc_phy_wrapper/u_ddr_mc_phy/ddr_phy_4lanes_0.u_ddr_phy_4lanes/ddr_byte_lane_C.ddr_byte_lane_C/ddr_byte_group_io/DQSBUS[0]
    OLOGIC_X1Y132        ODDR                                         f  i_dram_wrapper/i_dram/u_mig7s_mig/u_memc_ui_top_axi/mem_intfc0/ddr_phy_top0/u_ddr_mc_phy_wrapper/u_ddr_mc_phy/ddr_phy_4lanes_0.u_ddr_phy_4lanes/ddr_byte_lane_C.ddr_byte_lane_C/ddr_byte_group_io/dqs_gen.oddr_dqs/D1
  -------------------------------------------------------------------    -------------------

                         (clock oserdes_clk_2 fall edge)
                                                      1.875     1.875 f  
    AD12                                              0.000     1.875 f  sys_clk_p (IN)
                         net (fo=0)                   0.000     1.875    sys_clk_p
    AD12                 IBUFDS (Prop_ibufds_I_O)     0.803     2.678 f  i_bufds_sys_clk/O
                         net (fo=1, routed)           2.173     4.851    sys_clk
    BUFGCTRL_X0Y1        BUFG (Prop_bufg_I_O)         0.083     4.934 f  sys_clk_BUFG_inst/O
                         net (fo=63, routed)          1.626     6.560    i_dram_wrapper/i_dram/u_mig7s_mig/u_ddr3_infrastructure/plle2_i_0
    PLLE2_ADV_X1Y1       PLLE2_ADV (Prop_plle2_adv_CLKIN1_CLKOUT1)
                                                      0.073     6.633 f  i_dram_wrapper/i_dram/u_mig7s_mig/u_ddr3_infrastructure/plle2_i/CLKOUT1
                         net (fo=14, routed)          1.070     7.703    i_dram_wrapper/i_dram/u_mig7s_mig/u_memc_ui_top_axi/mem_intfc0/ddr_phy_top0/u_ddr_mc_phy_wrapper/u_ddr_mc_phy/ddr_phy_4lanes_0.u_ddr_phy_4lanes/ddr_byte_lane_C.ddr_byte_lane_C/mem_refclk
    PHASER_OUT_PHY_X1Y10 PHASER_OUT_PHY (Prop_phaser_out_phy_MEMREFCLK_OCLK)
                                                      2.027     9.730 f  i_dram_wrapper/i_dram/u_mig7s_mig/u_memc_ui_top_axi/mem_intfc0/ddr_phy_top0/u_ddr_mc_phy_wrapper/u_ddr_mc_phy/ddr_phy_4lanes_0.u_ddr_phy_4lanes/ddr_byte_lane_C.ddr_byte_lane_C/phaser_out/OCLK
    PHASER_OUT_PHY_X1Y10 PHASER_OUT_PHY (Prop_phaser_out_phy_OCLK_OCLKDELAYED)
                                                      1.191    10.921 r  i_dram_wrapper/i_dram/u_mig7s_mig/u_memc_ui_top_axi/mem_intfc0/ddr_phy_top0/u_ddr_mc_phy_wrapper/u_ddr_mc_phy/ddr_phy_4lanes_0.u_ddr_phy_4lanes/ddr_byte_lane_C.ddr_byte_lane_C/phaser_out/OCLKDELAYED
                         net (fo=2, routed)           0.296    11.217    i_dram_wrapper/i_dram/u_mig7s_mig/u_memc_ui_top_axi/mem_intfc0/ddr_phy_top0/u_ddr_mc_phy_wrapper/u_ddr_mc_phy/ddr_phy_4lanes_0.u_ddr_phy_4lanes/ddr_byte_lane_C.ddr_byte_lane_C/ddr_byte_group_io/oserdes_clk_delayed
    OLOGIC_X1Y132        ODDR                                         r  i_dram_wrapper/i_dram/u_mig7s_mig/u_memc_ui_top_axi/mem_intfc0/ddr_phy_top0/u_ddr_mc_phy_wrapper/u_ddr_mc_phy/ddr_phy_4lanes_0.u_ddr_phy_4lanes/ddr_byte_lane_C.ddr_byte_lane_C/ddr_byte_group_io/dqs_gen.oddr_dqs/C
                         clock pessimism              0.625    11.842    
                         clock uncertainty           -0.047    11.796    
    OLOGIC_X1Y132        ODDR (Setup_oddr_C_D1)      -0.500    11.296    i_dram_wrapper/i_dram/u_mig7s_mig/u_memc_ui_top_axi/mem_intfc0/ddr_phy_top0/u_ddr_mc_phy_wrapper/u_ddr_mc_phy/ddr_phy_4lanes_0.u_ddr_phy_4lanes/ddr_byte_lane_C.ddr_byte_lane_C/ddr_byte_group_io/dqs_gen.oddr_dqs
  -------------------------------------------------------------------
                         required time                         11.296    
                         arrival time                         -11.062    
  -------------------------------------------------------------------
                         slack                                  0.234    

Slack (MET) :             0.239ns  (required time - arrival time)
  Source:                 i_dram_wrapper/i_dram/u_mig7s_mig/u_memc_ui_top_axi/mem_intfc0/ddr_phy_top0/u_ddr_mc_phy_wrapper/u_ddr_mc_phy/ddr_phy_4lanes_0.u_ddr_phy_4lanes/ddr_byte_lane_A.ddr_byte_lane_A/phaser_out/OCLKDELAYED
                            (rising edge-triggered cell PHASER_OUT_PHY clocked by oserdes_clk'  {rise@0.000ns fall@0.625ns period=1.250ns})
  Destination:            i_dram_wrapper/i_dram/u_mig7s_mig/u_memc_ui_top_axi/mem_intfc0/ddr_phy_top0/u_ddr_mc_phy_wrapper/u_ddr_mc_phy/ddr_phy_4lanes_0.u_ddr_phy_4lanes/ddr_byte_lane_A.ddr_byte_lane_A/ddr_byte_group_io/dqs_gen.oddr_dqs/D1
                            (rising edge-triggered cell ODDR clocked by oserdes_clk'  {rise@0.000ns fall@0.625ns period=1.250ns})
  Path Group:             oserdes_clk
  Path Type:              Setup (Max at Slow Process Corner)
  Requirement:            1.250ns  (oserdes_clk fall@1.875ns - oserdes_clk fall@0.625ns)
  Data Path Delay:        0.765ns  (logic 0.479ns (62.597%)  route 0.286ns (37.403%))
  Logic Levels:           0  
  Clock Path Skew:        0.301ns (DCD - SCD + CPR)
    Destination Clock Delay (DCD):    9.347ns = ( 11.222 - 1.875 ) 
    Source Clock Delay      (SCD):    9.671ns = ( 10.296 - 0.625 ) 
    Clock Pessimism Removal (CPR):    0.625ns
  Clock Uncertainty:      0.047ns  ((TSJ^2 + DJ^2)^1/2) / 2 + PE
    Total System Jitter     (TSJ):    0.071ns
    Discrete Jitter          (DJ):    0.061ns
    Phase Error              (PE):    0.000ns

    Location             Delay type                Incr(ns)  Path(ns)    Netlist Resource(s)
  -------------------------------------------------------------------    -------------------
                         (clock oserdes_clk fall edge)
                                                      0.625     0.625 f  
    AD12                                              0.000     0.625 f  sys_clk_p (IN)
                         net (fo=0)                   0.000     0.625    sys_clk_p
    AD12                 IBUFDS (Prop_ibufds_I_O)     0.906     1.531 f  i_bufds_sys_clk/O
                         net (fo=1, routed)           2.299     3.830    sys_clk
    BUFGCTRL_X0Y1        BUFG (Prop_bufg_I_O)         0.093     3.923 f  sys_clk_BUFG_inst/O
                         net (fo=63, routed)          1.787     5.710    i_dram_wrapper/i_dram/u_mig7s_mig/u_ddr3_infrastructure/plle2_i_0
    PLLE2_ADV_X1Y1       PLLE2_ADV (Prop_plle2_adv_CLKIN1_CLKOUT1)
                                                      0.077     5.787 f  i_dram_wrapper/i_dram/u_mig7s_mig/u_ddr3_infrastructure/plle2_i/CLKOUT1
                         net (fo=14, routed)          1.198     6.985    i_dram_wrapper/i_dram/u_mig7s_mig/u_memc_ui_top_axi/mem_intfc0/ddr_phy_top0/u_ddr_mc_phy_wrapper/u_ddr_mc_phy/ddr_phy_4lanes_0.u_ddr_phy_4lanes/ddr_byte_lane_A.ddr_byte_lane_A/mem_refclk
    PHASER_OUT_PHY_X1Y8  PHASER_OUT_PHY (Prop_phaser_out_phy_MEMREFCLK_OCLK)
                                                      2.083     9.068 f  i_dram_wrapper/i_dram/u_mig7s_mig/u_memc_ui_top_axi/mem_intfc0/ddr_phy_top0/u_ddr_mc_phy_wrapper/u_ddr_mc_phy/ddr_phy_4lanes_0.u_ddr_phy_4lanes/ddr_byte_lane_A.ddr_byte_lane_A/phaser_out/OCLK
    PHASER_OUT_PHY_X1Y8  PHASER_OUT_PHY (Prop_phaser_out_phy_OCLK_OCLKDELAYED)
                                                      1.229    10.296 r  i_dram_wrapper/i_dram/u_mig7s_mig/u_memc_ui_top_axi/mem_intfc0/ddr_phy_top0/u_ddr_mc_phy_wrapper/u_ddr_mc_phy/ddr_phy_4lanes_0.u_ddr_phy_4lanes/ddr_byte_lane_A.ddr_byte_lane_A/phaser_out/OCLKDELAYED
  -------------------------------------------------------------------    -------------------
    PHASER_OUT_PHY_X1Y8  PHASER_OUT_PHY (Prop_phaser_out_phy_OCLKDELAYED_DQSBUS[0])
                                                      0.479    10.775 r  i_dram_wrapper/i_dram/u_mig7s_mig/u_memc_ui_top_axi/mem_intfc0/ddr_phy_top0/u_ddr_mc_phy_wrapper/u_ddr_mc_phy/ddr_phy_4lanes_0.u_ddr_phy_4lanes/ddr_byte_lane_A.ddr_byte_lane_A/phaser_out/DQSBUS[0]
                         net (fo=1, routed)           0.286    11.062    i_dram_wrapper/i_dram/u_mig7s_mig/u_memc_ui_top_axi/mem_intfc0/ddr_phy_top0/u_ddr_mc_phy_wrapper/u_ddr_mc_phy/ddr_phy_4lanes_0.u_ddr_phy_4lanes/ddr_byte_lane_A.ddr_byte_lane_A/ddr_byte_group_io/DQSBUS[0]
    OLOGIC_X1Y108        ODDR                                         r  i_dram_wrapper/i_dram/u_mig7s_mig/u_memc_ui_top_axi/mem_intfc0/ddr_phy_top0/u_ddr_mc_phy_wrapper/u_ddr_mc_phy/ddr_phy_4lanes_0.u_ddr_phy_4lanes/ddr_byte_lane_A.ddr_byte_lane_A/ddr_byte_group_io/dqs_gen.oddr_dqs/D1
  -------------------------------------------------------------------    -------------------

                         (clock oserdes_clk fall edge)
                                                      1.875     1.875 f  
    AD12                                              0.000     1.875 f  sys_clk_p (IN)
                         net (fo=0)                   0.000     1.875    sys_clk_p
    AD12                 IBUFDS (Prop_ibufds_I_O)     0.803     2.678 f  i_bufds_sys_clk/O
                         net (fo=1, routed)           2.173     4.851    sys_clk
    BUFGCTRL_X0Y1        BUFG (Prop_bufg_I_O)         0.083     4.934 f  sys_clk_BUFG_inst/O
                         net (fo=63, routed)          1.626     6.560    i_dram_wrapper/i_dram/u_mig7s_mig/u_ddr3_infrastructure/plle2_i_0
    PLLE2_ADV_X1Y1       PLLE2_ADV (Prop_plle2_adv_CLKIN1_CLKOUT1)
                                                      0.073     6.633 f  i_dram_wrapper/i_dram/u_mig7s_mig/u_ddr3_infrastructure/plle2_i/CLKOUT1
                         net (fo=14, routed)          1.070     7.703    i_dram_wrapper/i_dram/u_mig7s_mig/u_memc_ui_top_axi/mem_intfc0/ddr_phy_top0/u_ddr_mc_phy_wrapper/u_ddr_mc_phy/ddr_phy_4lanes_0.u_ddr_phy_4lanes/ddr_byte_lane_A.ddr_byte_lane_A/mem_refclk
    PHASER_OUT_PHY_X1Y8  PHASER_OUT_PHY (Prop_phaser_out_phy_MEMREFCLK_OCLK)
                                                      2.027     9.730 f  i_dram_wrapper/i_dram/u_mig7s_mig/u_memc_ui_top_axi/mem_intfc0/ddr_phy_top0/u_ddr_mc_phy_wrapper/u_ddr_mc_phy/ddr_phy_4lanes_0.u_ddr_phy_4lanes/ddr_byte_lane_A.ddr_byte_lane_A/phaser_out/OCLK
    PHASER_OUT_PHY_X1Y8  PHASER_OUT_PHY (Prop_phaser_out_phy_OCLK_OCLKDELAYED)
                                                      1.191    10.921 r  i_dram_wrapper/i_dram/u_mig7s_mig/u_memc_ui_top_axi/mem_intfc0/ddr_phy_top0/u_ddr_mc_phy_wrapper/u_ddr_mc_phy/ddr_phy_4lanes_0.u_ddr_phy_4lanes/ddr_byte_lane_A.ddr_byte_lane_A/phaser_out/OCLKDELAYED
                         net (fo=2, routed)           0.301    11.222    i_dram_wrapper/i_dram/u_mig7s_mig/u_memc_ui_top_axi/mem_intfc0/ddr_phy_top0/u_ddr_mc_phy_wrapper/u_ddr_mc_phy/ddr_phy_4lanes_0.u_ddr_phy_4lanes/ddr_byte_lane_A.ddr_byte_lane_A/ddr_byte_group_io/oserdes_clk_delayed
    OLOGIC_X1Y108        ODDR                                         r  i_dram_wrapper/i_dram/u_mig7s_mig/u_memc_ui_top_axi/mem_intfc0/ddr_phy_top0/u_ddr_mc_phy_wrapper/u_ddr_mc_phy/ddr_phy_4lanes_0.u_ddr_phy_4lanes/ddr_byte_lane_A.ddr_byte_lane_A/ddr_byte_group_io/dqs_gen.oddr_dqs/C
                         clock pessimism              0.625    11.847    
                         clock uncertainty           -0.047    11.801    
    OLOGIC_X1Y108        ODDR (Setup_oddr_C_D1)      -0.500    11.301    i_dram_wrapper/i_dram/u_mig7s_mig/u_memc_ui_top_axi/mem_intfc0/ddr_phy_top0/u_ddr_mc_phy_wrapper/u_ddr_mc_phy/ddr_phy_4lanes_0.u_ddr_phy_4lanes/ddr_byte_lane_A.ddr_byte_lane_A/ddr_byte_group_io/dqs_gen.oddr_dqs
  -------------------------------------------------------------------
                         required time                         11.301    
                         arrival time                         -11.062    
  -------------------------------------------------------------------
                         slack                                  0.239    

Slack (MET) :             0.239ns  (required time - arrival time)
  Source:                 i_dram_wrapper/i_dram/u_mig7s_mig/u_memc_ui_top_axi/mem_intfc0/ddr_phy_top0/u_ddr_mc_phy_wrapper/u_ddr_mc_phy/ddr_phy_4lanes_0.u_ddr_phy_4lanes/ddr_byte_lane_A.ddr_byte_lane_A/phaser_out/OCLKDELAYED
                            (rising edge-triggered cell PHASER_OUT_PHY clocked by oserdes_clk'  {rise@0.000ns fall@0.625ns period=1.250ns})
  Destination:            i_dram_wrapper/i_dram/u_mig7s_mig/u_memc_ui_top_axi/mem_intfc0/ddr_phy_top0/u_ddr_mc_phy_wrapper/u_ddr_mc_phy/ddr_phy_4lanes_0.u_ddr_phy_4lanes/ddr_byte_lane_A.ddr_byte_lane_A/ddr_byte_group_io/dqs_gen.oddr_dqs/D1
                            (rising edge-triggered cell ODDR clocked by oserdes_clk'  {rise@0.000ns fall@0.625ns period=1.250ns})
  Path Group:             oserdes_clk
  Path Type:              Setup (Max at Slow Process Corner)
  Requirement:            1.250ns  (oserdes_clk fall@1.875ns - oserdes_clk fall@0.625ns)
  Data Path Delay:        0.765ns  (logic 0.479ns (62.597%)  route 0.286ns (37.403%))
  Logic Levels:           0  
  Clock Path Skew:        0.301ns (DCD - SCD + CPR)
    Destination Clock Delay (DCD):    9.347ns = ( 11.222 - 1.875 ) 
    Source Clock Delay      (SCD):    9.671ns = ( 10.296 - 0.625 ) 
    Clock Pessimism Removal (CPR):    0.625ns
  Clock Uncertainty:      0.047ns  ((TSJ^2 + DJ^2)^1/2) / 2 + PE
    Total System Jitter     (TSJ):    0.071ns
    Discrete Jitter          (DJ):    0.061ns
    Phase Error              (PE):    0.000ns

    Location             Delay type                Incr(ns)  Path(ns)    Netlist Resource(s)
  -------------------------------------------------------------------    -------------------
                         (clock oserdes_clk fall edge)
                                                      0.625     0.625 f  
    AD12                                              0.000     0.625 f  sys_clk_p (IN)
                         net (fo=0)                   0.000     0.625    sys_clk_p
    AD12                 IBUFDS (Prop_ibufds_I_O)     0.906     1.531 f  i_bufds_sys_clk/O
                         net (fo=1, routed)           2.299     3.830    sys_clk
    BUFGCTRL_X0Y1        BUFG (Prop_bufg_I_O)         0.093     3.923 f  sys_clk_BUFG_inst/O
                         net (fo=63, routed)          1.787     5.710    i_dram_wrapper/i_dram/u_mig7s_mig/u_ddr3_infrastructure/plle2_i_0
    PLLE2_ADV_X1Y1       PLLE2_ADV (Prop_plle2_adv_CLKIN1_CLKOUT1)
                                                      0.077     5.787 f  i_dram_wrapper/i_dram/u_mig7s_mig/u_ddr3_infrastructure/plle2_i/CLKOUT1
                         net (fo=14, routed)          1.198     6.985    i_dram_wrapper/i_dram/u_mig7s_mig/u_memc_ui_top_axi/mem_intfc0/ddr_phy_top0/u_ddr_mc_phy_wrapper/u_ddr_mc_phy/ddr_phy_4lanes_0.u_ddr_phy_4lanes/ddr_byte_lane_A.ddr_byte_lane_A/mem_refclk
    PHASER_OUT_PHY_X1Y8  PHASER_OUT_PHY (Prop_phaser_out_phy_MEMREFCLK_OCLK)
                                                      2.083     9.068 f  i_dram_wrapper/i_dram/u_mig7s_mig/u_memc_ui_top_axi/mem_intfc0/ddr_phy_top0/u_ddr_mc_phy_wrapper/u_ddr_mc_phy/ddr_phy_4lanes_0.u_ddr_phy_4lanes/ddr_byte_lane_A.ddr_byte_lane_A/phaser_out/OCLK
    PHASER_OUT_PHY_X1Y8  PHASER_OUT_PHY (Prop_phaser_out_phy_OCLK_OCLKDELAYED)
                                                      1.229    10.296 r  i_dram_wrapper/i_dram/u_mig7s_mig/u_memc_ui_top_axi/mem_intfc0/ddr_phy_top0/u_ddr_mc_phy_wrapper/u_ddr_mc_phy/ddr_phy_4lanes_0.u_ddr_phy_4lanes/ddr_byte_lane_A.ddr_byte_lane_A/phaser_out/OCLKDELAYED
  -------------------------------------------------------------------    -------------------
    PHASER_OUT_PHY_X1Y8  PHASER_OUT_PHY (Prop_phaser_out_phy_OCLKDELAYED_DQSBUS[0])
                                                      0.479    10.775 f  i_dram_wrapper/i_dram/u_mig7s_mig/u_memc_ui_top_axi/mem_intfc0/ddr_phy_top0/u_ddr_mc_phy_wrapper/u_ddr_mc_phy/ddr_phy_4lanes_0.u_ddr_phy_4lanes/ddr_byte_lane_A.ddr_byte_lane_A/phaser_out/DQSBUS[0]
                         net (fo=1, routed)           0.286    11.062    i_dram_wrapper/i_dram/u_mig7s_mig/u_memc_ui_top_axi/mem_intfc0/ddr_phy_top0/u_ddr_mc_phy_wrapper/u_ddr_mc_phy/ddr_phy_4lanes_0.u_ddr_phy_4lanes/ddr_byte_lane_A.ddr_byte_lane_A/ddr_byte_group_io/DQSBUS[0]
    OLOGIC_X1Y108        ODDR                                         f  i_dram_wrapper/i_dram/u_mig7s_mig/u_memc_ui_top_axi/mem_intfc0/ddr_phy_top0/u_ddr_mc_phy_wrapper/u_ddr_mc_phy/ddr_phy_4lanes_0.u_ddr_phy_4lanes/ddr_byte_lane_A.ddr_byte_lane_A/ddr_byte_group_io/dqs_gen.oddr_dqs/D1
  -------------------------------------------------------------------    -------------------

                         (clock oserdes_clk fall edge)
                                                      1.875     1.875 f  
    AD12                                              0.000     1.875 f  sys_clk_p (IN)
                         net (fo=0)                   0.000     1.875    sys_clk_p
    AD12                 IBUFDS (Prop_ibufds_I_O)     0.803     2.678 f  i_bufds_sys_clk/O
                         net (fo=1, routed)           2.173     4.851    sys_clk
    BUFGCTRL_X0Y1        BUFG (Prop_bufg_I_O)         0.083     4.934 f  sys_clk_BUFG_inst/O
                         net (fo=63, routed)          1.626     6.560    i_dram_wrapper/i_dram/u_mig7s_mig/u_ddr3_infrastructure/plle2_i_0
    PLLE2_ADV_X1Y1       PLLE2_ADV (Prop_plle2_adv_CLKIN1_CLKOUT1)
                                                      0.073     6.633 f  i_dram_wrapper/i_dram/u_mig7s_mig/u_ddr3_infrastructure/plle2_i/CLKOUT1
                         net (fo=14, routed)          1.070     7.703    i_dram_wrapper/i_dram/u_mig7s_mig/u_memc_ui_top_axi/mem_intfc0/ddr_phy_top0/u_ddr_mc_phy_wrapper/u_ddr_mc_phy/ddr_phy_4lanes_0.u_ddr_phy_4lanes/ddr_byte_lane_A.ddr_byte_lane_A/mem_refclk
    PHASER_OUT_PHY_X1Y8  PHASER_OUT_PHY (Prop_phaser_out_phy_MEMREFCLK_OCLK)
                                                      2.027     9.730 f  i_dram_wrapper/i_dram/u_mig7s_mig/u_memc_ui_top_axi/mem_intfc0/ddr_phy_top0/u_ddr_mc_phy_wrapper/u_ddr_mc_phy/ddr_phy_4lanes_0.u_ddr_phy_4lanes/ddr_byte_lane_A.ddr_byte_lane_A/phaser_out/OCLK
    PHASER_OUT_PHY_X1Y8  PHASER_OUT_PHY (Prop_phaser_out_phy_OCLK_OCLKDELAYED)
                                                      1.191    10.921 r  i_dram_wrapper/i_dram/u_mig7s_mig/u_memc_ui_top_axi/mem_intfc0/ddr_phy_top0/u_ddr_mc_phy_wrapper/u_ddr_mc_phy/ddr_phy_4lanes_0.u_ddr_phy_4lanes/ddr_byte_lane_A.ddr_byte_lane_A/phaser_out/OCLKDELAYED
                         net (fo=2, routed)           0.301    11.222    i_dram_wrapper/i_dram/u_mig7s_mig/u_memc_ui_top_axi/mem_intfc0/ddr_phy_top0/u_ddr_mc_phy_wrapper/u_ddr_mc_phy/ddr_phy_4lanes_0.u_ddr_phy_4lanes/ddr_byte_lane_A.ddr_byte_lane_A/ddr_byte_group_io/oserdes_clk_delayed
    OLOGIC_X1Y108        ODDR                                         r  i_dram_wrapper/i_dram/u_mig7s_mig/u_memc_ui_top_axi/mem_intfc0/ddr_phy_top0/u_ddr_mc_phy_wrapper/u_ddr_mc_phy/ddr_phy_4lanes_0.u_ddr_phy_4lanes/ddr_byte_lane_A.ddr_byte_lane_A/ddr_byte_group_io/dqs_gen.oddr_dqs/C
                         clock pessimism              0.625    11.847    
                         clock uncertainty           -0.047    11.801    
    OLOGIC_X1Y108        ODDR (Setup_oddr_C_D1)      -0.500    11.301    i_dram_wrapper/i_dram/u_mig7s_mig/u_memc_ui_top_axi/mem_intfc0/ddr_phy_top0/u_ddr_mc_phy_wrapper/u_ddr_mc_phy/ddr_phy_4lanes_0.u_ddr_phy_4lanes/ddr_byte_lane_A.ddr_byte_lane_A/ddr_byte_group_io/dqs_gen.oddr_dqs
  -------------------------------------------------------------------
                         required time                         11.301    
                         arrival time                         -11.062    
  -------------------------------------------------------------------
                         slack                                  0.239    

Slack (MET) :             0.245ns  (required time - arrival time)
  Source:                 i_dram_wrapper/i_dram/u_mig7s_mig/u_memc_ui_top_axi/mem_intfc0/ddr_phy_top0/u_ddr_mc_phy_wrapper/u_ddr_mc_phy/ddr_phy_4lanes_1.u_ddr_phy_4lanes/phy_control_i/MEMREFCLK
                            (rising edge-triggered cell PHY_CONTROL clocked by mem_refclk  {rise@0.000ns fall@0.625ns period=1.250ns})
  Destination:            i_dram_wrapper/i_dram/u_mig7s_mig/u_memc_ui_top_axi/mem_intfc0/ddr_phy_top0/u_ddr_mc_phy_wrapper/u_ddr_mc_phy/ddr_phy_4lanes_1.u_ddr_phy_4lanes/phy_control_i/PHYCTLMSTREMPTY
                            (rising edge-triggered cell PHY_CONTROL clocked by mem_refclk  {rise@0.000ns fall@0.625ns period=1.250ns})
  Path Group:             mem_refclk
  Path Type:              Setup (Max at Slow Process Corner)
  Requirement:            1.250ns  (mem_refclk rise@1.250ns - mem_refclk rise@0.000ns)
  Data Path Delay:        0.950ns  (logic 0.576ns (60.632%)  route 0.374ns (39.368%))
  Logic Levels:           0  
  Clock Path Skew:        0.000ns (DCD - SCD + CPR)
    Destination Clock Delay (DCD):    5.623ns = ( 6.873 - 1.250 ) 
    Source Clock Delay      (SCD):    6.130ns
    Clock Pessimism Removal (CPR):    0.506ns
  Clock Uncertainty:      0.047ns  ((TSJ^2 + DJ^2)^1/2) / 2 + PE
    Total System Jitter     (TSJ):    0.071ns
    Discrete Jitter          (DJ):    0.061ns
    Phase Error              (PE):    0.000ns

    Location             Delay type                Incr(ns)  Path(ns)    Netlist Resource(s)
  -------------------------------------------------------------------    -------------------
                         (clock mem_refclk rise edge)
                                                      0.000     0.000 r  
    AD12                                              0.000     0.000 r  sys_clk_p (IN)
                         net (fo=0)                   0.000     0.000    sys_clk_p
    AD12                 IBUFDS (Prop_ibufds_I_O)     0.906     0.906 r  i_bufds_sys_clk/O
                         net (fo=1, routed)           2.299     3.205    sys_clk
    BUFGCTRL_X0Y1        BUFG (Prop_bufg_I_O)         0.093     3.298 r  sys_clk_BUFG_inst/O
                         net (fo=63, routed)          1.787     5.085    i_dram_wrapper/i_dram/u_mig7s_mig/u_ddr3_infrastructure/plle2_i_0
    PLLE2_ADV_X1Y1       PLLE2_ADV (Prop_plle2_adv_CLKIN1_CLKOUT1)
                                                      0.077     5.162 r  i_dram_wrapper/i_dram/u_mig7s_mig/u_ddr3_infrastructure/plle2_i/CLKOUT1
                         net (fo=14, routed)          0.968     6.130    i_dram_wrapper/i_dram/u_mig7s_mig/u_memc_ui_top_axi/mem_intfc0/ddr_phy_top0/u_ddr_mc_phy_wrapper/u_ddr_mc_phy/ddr_phy_4lanes_1.u_ddr_phy_4lanes/mem_refclk
    PHY_CONTROL_X1Y1     PHY_CONTROL                                  r  i_dram_wrapper/i_dram/u_mig7s_mig/u_memc_ui_top_axi/mem_intfc0/ddr_phy_top0/u_ddr_mc_phy_wrapper/u_ddr_mc_phy/ddr_phy_4lanes_1.u_ddr_phy_4lanes/phy_control_i/MEMREFCLK
  -------------------------------------------------------------------    -------------------
    PHY_CONTROL_X1Y1     PHY_CONTROL (Prop_phy_control_MEMREFCLK_PHYCTLEMPTY)
                                                      0.576     6.706 r  i_dram_wrapper/i_dram/u_mig7s_mig/u_memc_ui_top_axi/mem_intfc0/ddr_phy_top0/u_ddr_mc_phy_wrapper/u_ddr_mc_phy/ddr_phy_4lanes_1.u_ddr_phy_4lanes/phy_control_i/PHYCTLEMPTY
                         net (fo=2, routed)           0.374     7.080    i_dram_wrapper/i_dram/u_mig7s_mig/u_memc_ui_top_axi/mem_intfc0/ddr_phy_top0/u_ddr_mc_phy_wrapper/u_ddr_mc_phy/ddr_phy_4lanes_1.u_ddr_phy_4lanes/phy_ctl_mstr_empty
    PHY_CONTROL_X1Y1     PHY_CONTROL                                  r  i_dram_wrapper/i_dram/u_mig7s_mig/u_memc_ui_top_axi/mem_intfc0/ddr_phy_top0/u_ddr_mc_phy_wrapper/u_ddr_mc_phy/ddr_phy_4lanes_1.u_ddr_phy_4lanes/phy_control_i/PHYCTLMSTREMPTY
  -------------------------------------------------------------------    -------------------

                         (clock mem_refclk rise edge)
                                                      1.250     1.250 r  
    AD12                                              0.000     1.250 r  sys_clk_p (IN)
                         net (fo=0)                   0.000     1.250    sys_clk_p
    AD12                 IBUFDS (Prop_ibufds_I_O)     0.803     2.053 r  i_bufds_sys_clk/O
                         net (fo=1, routed)           2.173     4.226    sys_clk
    BUFGCTRL_X0Y1        BUFG (Prop_bufg_I_O)         0.083     4.309 r  sys_clk_BUFG_inst/O
                         net (fo=63, routed)          1.626     5.935    i_dram_wrapper/i_dram/u_mig7s_mig/u_ddr3_infrastructure/plle2_i_0
    PLLE2_ADV_X1Y1       PLLE2_ADV (Prop_plle2_adv_CLKIN1_CLKOUT1)
                                                      0.073     6.008 r  i_dram_wrapper/i_dram/u_mig7s_mig/u_ddr3_infrastructure/plle2_i/CLKOUT1
                         net (fo=14, routed)          0.865     6.873    i_dram_wrapper/i_dram/u_mig7s_mig/u_memc_ui_top_axi/mem_intfc0/ddr_phy_top0/u_ddr_mc_phy_wrapper/u_ddr_mc_phy/ddr_phy_4lanes_1.u_ddr_phy_4lanes/mem_refclk
    PHY_CONTROL_X1Y1     PHY_CONTROL                                  r  i_dram_wrapper/i_dram/u_mig7s_mig/u_memc_ui_top_axi/mem_intfc0/ddr_phy_top0/u_ddr_mc_phy_wrapper/u_ddr_mc_phy/ddr_phy_4lanes_1.u_ddr_phy_4lanes/phy_control_i/MEMREFCLK
                         clock pessimism              0.506     7.380    
                         clock uncertainty           -0.047     7.333    
    PHY_CONTROL_X1Y1     PHY_CONTROL (Setup_phy_control_MEMREFCLK_PHYCTLMSTREMPTY)
                                                     -0.008     7.325    i_dram_wrapper/i_dram/u_mig7s_mig/u_memc_ui_top_axi/mem_intfc0/ddr_phy_top0/u_ddr_mc_phy_wrapper/u_ddr_mc_phy/ddr_phy_4lanes_1.u_ddr_phy_4lanes/phy_control_i
  -------------------------------------------------------------------
                         required time                          7.325    
                         arrival time                          -7.080    
  -------------------------------------------------------------------
                         slack                                  0.245    

Slack (MET) :             0.245ns  (required time - arrival time)
  Source:                 i_dram_wrapper/i_dram/u_mig7s_mig/u_memc_ui_top_axi/mem_intfc0/ddr_phy_top0/u_ddr_mc_phy_wrapper/u_ddr_mc_phy/ddr_phy_4lanes_1.u_ddr_phy_4lanes/phy_control_i/MEMREFCLK
                            (rising edge-triggered cell PHY_CONTROL clocked by mem_refclk  {rise@0.000ns fall@0.625ns period=1.250ns})
  Destination:            i_dram_wrapper/i_dram/u_mig7s_mig/u_memc_ui_top_axi/mem_intfc0/ddr_phy_top0/u_ddr_mc_phy_wrapper/u_ddr_mc_phy/ddr_phy_4lanes_1.u_ddr_phy_4lanes/phy_control_i/PHYCTLMSTREMPTY
                            (rising edge-triggered cell PHY_CONTROL clocked by mem_refclk  {rise@0.000ns fall@0.625ns period=1.250ns})
  Path Group:             mem_refclk
  Path Type:              Setup (Max at Slow Process Corner)
  Requirement:            1.250ns  (mem_refclk rise@1.250ns - mem_refclk rise@0.000ns)
  Data Path Delay:        0.950ns  (logic 0.576ns (60.632%)  route 0.374ns (39.368%))
  Logic Levels:           0  
  Clock Path Skew:        0.000ns (DCD - SCD + CPR)
    Destination Clock Delay (DCD):    5.623ns = ( 6.873 - 1.250 ) 
    Source Clock Delay      (SCD):    6.130ns
    Clock Pessimism Removal (CPR):    0.506ns
  Clock Uncertainty:      0.047ns  ((TSJ^2 + DJ^2)^1/2) / 2 + PE
    Total System Jitter     (TSJ):    0.071ns
    Discrete Jitter          (DJ):    0.061ns
    Phase Error              (PE):    0.000ns

    Location             Delay type                Incr(ns)  Path(ns)    Netlist Resource(s)
  -------------------------------------------------------------------    -------------------
                         (clock mem_refclk rise edge)
                                                      0.000     0.000 r  
    AD12                                              0.000     0.000 r  sys_clk_p (IN)
                         net (fo=0)                   0.000     0.000    sys_clk_p
    AD12                 IBUFDS (Prop_ibufds_I_O)     0.906     0.906 r  i_bufds_sys_clk/O
                         net (fo=1, routed)           2.299     3.205    sys_clk
    BUFGCTRL_X0Y1        BUFG (Prop_bufg_I_O)         0.093     3.298 r  sys_clk_BUFG_inst/O
                         net (fo=63, routed)          1.787     5.085    i_dram_wrapper/i_dram/u_mig7s_mig/u_ddr3_infrastructure/plle2_i_0
    PLLE2_ADV_X1Y1       PLLE2_ADV (Prop_plle2_adv_CLKIN1_CLKOUT1)
                                                      0.077     5.162 r  i_dram_wrapper/i_dram/u_mig7s_mig/u_ddr3_infrastructure/plle2_i/CLKOUT1
                         net (fo=14, routed)          0.968     6.130    i_dram_wrapper/i_dram/u_mig7s_mig/u_memc_ui_top_axi/mem_intfc0/ddr_phy_top0/u_ddr_mc_phy_wrapper/u_ddr_mc_phy/ddr_phy_4lanes_1.u_ddr_phy_4lanes/mem_refclk
    PHY_CONTROL_X1Y1     PHY_CONTROL                                  r  i_dram_wrapper/i_dram/u_mig7s_mig/u_memc_ui_top_axi/mem_intfc0/ddr_phy_top0/u_ddr_mc_phy_wrapper/u_ddr_mc_phy/ddr_phy_4lanes_1.u_ddr_phy_4lanes/phy_control_i/MEMREFCLK
  -------------------------------------------------------------------    -------------------
    PHY_CONTROL_X1Y1     PHY_CONTROL (Prop_phy_control_MEMREFCLK_PHYCTLEMPTY)
                                                      0.576     6.706 f  i_dram_wrapper/i_dram/u_mig7s_mig/u_memc_ui_top_axi/mem_intfc0/ddr_phy_top0/u_ddr_mc_phy_wrapper/u_ddr_mc_phy/ddr_phy_4lanes_1.u_ddr_phy_4lanes/phy_control_i/PHYCTLEMPTY
                         net (fo=2, routed)           0.374     7.080    i_dram_wrapper/i_dram/u_mig7s_mig/u_memc_ui_top_axi/mem_intfc0/ddr_phy_top0/u_ddr_mc_phy_wrapper/u_ddr_mc_phy/ddr_phy_4lanes_1.u_ddr_phy_4lanes/phy_ctl_mstr_empty
    PHY_CONTROL_X1Y1     PHY_CONTROL                                  f  i_dram_wrapper/i_dram/u_mig7s_mig/u_memc_ui_top_axi/mem_intfc0/ddr_phy_top0/u_ddr_mc_phy_wrapper/u_ddr_mc_phy/ddr_phy_4lanes_1.u_ddr_phy_4lanes/phy_control_i/PHYCTLMSTREMPTY
  -------------------------------------------------------------------    -------------------

                         (clock mem_refclk rise edge)
                                                      1.250     1.250 r  
    AD12                                              0.000     1.250 r  sys_clk_p (IN)
                         net (fo=0)                   0.000     1.250    sys_clk_p
    AD12                 IBUFDS (Prop_ibufds_I_O)     0.803     2.053 r  i_bufds_sys_clk/O
                         net (fo=1, routed)           2.173     4.226    sys_clk
    BUFGCTRL_X0Y1        BUFG (Prop_bufg_I_O)         0.083     4.309 r  sys_clk_BUFG_inst/O
                         net (fo=63, routed)          1.626     5.935    i_dram_wrapper/i_dram/u_mig7s_mig/u_ddr3_infrastructure/plle2_i_0
    PLLE2_ADV_X1Y1       PLLE2_ADV (Prop_plle2_adv_CLKIN1_CLKOUT1)
                                                      0.073     6.008 r  i_dram_wrapper/i_dram/u_mig7s_mig/u_ddr3_infrastructure/plle2_i/CLKOUT1
                         net (fo=14, routed)          0.865     6.873    i_dram_wrapper/i_dram/u_mig7s_mig/u_memc_ui_top_axi/mem_intfc0/ddr_phy_top0/u_ddr_mc_phy_wrapper/u_ddr_mc_phy/ddr_phy_4lanes_1.u_ddr_phy_4lanes/mem_refclk
    PHY_CONTROL_X1Y1     PHY_CONTROL                                  r  i_dram_wrapper/i_dram/u_mig7s_mig/u_memc_ui_top_axi/mem_intfc0/ddr_phy_top0/u_ddr_mc_phy_wrapper/u_ddr_mc_phy/ddr_phy_4lanes_1.u_ddr_phy_4lanes/phy_control_i/MEMREFCLK
                         clock pessimism              0.506     7.380    
                         clock uncertainty           -0.047     7.333    
    PHY_CONTROL_X1Y1     PHY_CONTROL (Setup_phy_control_MEMREFCLK_PHYCTLMSTREMPTY)
                                                     -0.008     7.325    i_dram_wrapper/i_dram/u_mig7s_mig/u_memc_ui_top_axi/mem_intfc0/ddr_phy_top0/u_ddr_mc_phy_wrapper/u_ddr_mc_phy/ddr_phy_4lanes_1.u_ddr_phy_4lanes/phy_control_i
  -------------------------------------------------------------------
                         required time                          7.325    
                         arrival time                          -7.080    
  -------------------------------------------------------------------
                         slack                                  0.245    

Slack (MET) :             0.246ns  (required time - arrival time)
  Source:                 i_dram_wrapper/i_dram/u_mig7s_mig/u_memc_ui_top_axi/mem_intfc0/ddr_phy_top0/u_ddr_mc_phy_wrapper/u_ddr_mc_phy/ddr_phy_4lanes_0.u_ddr_phy_4lanes/ddr_byte_lane_D.ddr_byte_lane_D/phaser_out/OCLKDELAYED
                            (rising edge-triggered cell PHASER_OUT_PHY clocked by oserdes_clk_3'  {rise@0.000ns fall@0.625ns period=1.250ns})
  Destination:            i_dram_wrapper/i_dram/u_mig7s_mig/u_memc_ui_top_axi/mem_intfc0/ddr_phy_top0/u_ddr_mc_phy_wrapper/u_ddr_mc_phy/ddr_phy_4lanes_0.u_ddr_phy_4lanes/ddr_byte_lane_D.ddr_byte_lane_D/ddr_byte_group_io/dqs_gen.oddr_dqs/D1
                            (rising edge-triggered cell ODDR clocked by oserdes_clk_3'  {rise@0.000ns fall@0.625ns period=1.250ns})
  Path Group:             oserdes_clk_3
  Path Type:              Setup (Max at Slow Process Corner)
  Requirement:            1.250ns  (oserdes_clk_3 fall@1.875ns - oserdes_clk_3 fall@0.625ns)
  Data Path Delay:        0.765ns  (logic 0.479ns (62.597%)  route 0.286ns (37.403%))
  Logic Levels:           0  
  Clock Path Skew:        0.308ns (DCD - SCD + CPR)
    Destination Clock Delay (DCD):    9.345ns = ( 11.220 - 1.875 ) 
    Source Clock Delay      (SCD):    9.661ns = ( 10.286 - 0.625 ) 
    Clock Pessimism Removal (CPR):    0.624ns
  Clock Uncertainty:      0.047ns  ((TSJ^2 + DJ^2)^1/2) / 2 + PE
    Total System Jitter     (TSJ):    0.071ns
    Discrete Jitter          (DJ):    0.061ns
    Phase Error              (PE):    0.000ns

    Location             Delay type                Incr(ns)  Path(ns)    Netlist Resource(s)
  -------------------------------------------------------------------    -------------------
                         (clock oserdes_clk_3 fall edge)
                                                      0.625     0.625 f  
    AD12                                              0.000     0.625 f  sys_clk_p (IN)
                         net (fo=0)                   0.000     0.625    sys_clk_p
    AD12                 IBUFDS (Prop_ibufds_I_O)     0.906     1.531 f  i_bufds_sys_clk/O
                         net (fo=1, routed)           2.299     3.830    sys_clk
    BUFGCTRL_X0Y1        BUFG (Prop_bufg_I_O)         0.093     3.923 f  sys_clk_BUFG_inst/O
                         net (fo=63, routed)          1.787     5.710    i_dram_wrapper/i_dram/u_mig7s_mig/u_ddr3_infrastructure/plle2_i_0
    PLLE2_ADV_X1Y1       PLLE2_ADV (Prop_plle2_adv_CLKIN1_CLKOUT1)
                                                      0.077     5.787 f  i_dram_wrapper/i_dram/u_mig7s_mig/u_ddr3_infrastructure/plle2_i/CLKOUT1
                         net (fo=14, routed)          1.188     6.975    i_dram_wrapper/i_dram/u_mig7s_mig/u_memc_ui_top_axi/mem_intfc0/ddr_phy_top0/u_ddr_mc_phy_wrapper/u_ddr_mc_phy/ddr_phy_4lanes_0.u_ddr_phy_4lanes/ddr_byte_lane_D.ddr_byte_lane_D/mem_refclk
    PHASER_OUT_PHY_X1Y11 PHASER_OUT_PHY (Prop_phaser_out_phy_MEMREFCLK_OCLK)
                                                      2.083     9.058 f  i_dram_wrapper/i_dram/u_mig7s_mig/u_memc_ui_top_axi/mem_intfc0/ddr_phy_top0/u_ddr_mc_phy_wrapper/u_ddr_mc_phy/ddr_phy_4lanes_0.u_ddr_phy_4lanes/ddr_byte_lane_D.ddr_byte_lane_D/phaser_out/OCLK
    PHASER_OUT_PHY_X1Y11 PHASER_OUT_PHY (Prop_phaser_out_phy_OCLK_OCLKDELAYED)
                                                      1.229    10.286 r  i_dram_wrapper/i_dram/u_mig7s_mig/u_memc_ui_top_axi/mem_intfc0/ddr_phy_top0/u_ddr_mc_phy_wrapper/u_ddr_mc_phy/ddr_phy_4lanes_0.u_ddr_phy_4lanes/ddr_byte_lane_D.ddr_byte_lane_D/phaser_out/OCLKDELAYED
  -------------------------------------------------------------------    -------------------
    PHASER_OUT_PHY_X1Y11 PHASER_OUT_PHY (Prop_phaser_out_phy_OCLKDELAYED_DQSBUS[0])
                                                      0.479    10.765 r  i_dram_wrapper/i_dram/u_mig7s_mig/u_memc_ui_top_axi/mem_intfc0/ddr_phy_top0/u_ddr_mc_phy_wrapper/u_ddr_mc_phy/ddr_phy_4lanes_0.u_ddr_phy_4lanes/ddr_byte_lane_D.ddr_byte_lane_D/phaser_out/DQSBUS[0]
                         net (fo=1, routed)           0.286    11.052    i_dram_wrapper/i_dram/u_mig7s_mig/u_memc_ui_top_axi/mem_intfc0/ddr_phy_top0/u_ddr_mc_phy_wrapper/u_ddr_mc_phy/ddr_phy_4lanes_0.u_ddr_phy_4lanes/ddr_byte_lane_D.ddr_byte_lane_D/ddr_byte_group_io/DQSBUS[0]
    OLOGIC_X1Y144        ODDR                                         r  i_dram_wrapper/i_dram/u_mig7s_mig/u_memc_ui_top_axi/mem_intfc0/ddr_phy_top0/u_ddr_mc_phy_wrapper/u_ddr_mc_phy/ddr_phy_4lanes_0.u_ddr_phy_4lanes/ddr_byte_lane_D.ddr_byte_lane_D/ddr_byte_group_io/dqs_gen.oddr_dqs/D1
  -------------------------------------------------------------------    -------------------

                         (clock oserdes_clk_3 fall edge)
                                                      1.875     1.875 f  
    AD12                                              0.000     1.875 f  sys_clk_p (IN)
                         net (fo=0)                   0.000     1.875    sys_clk_p
    AD12                 IBUFDS (Prop_ibufds_I_O)     0.803     2.678 f  i_bufds_sys_clk/O
                         net (fo=1, routed)           2.173     4.851    sys_clk
    BUFGCTRL_X0Y1        BUFG (Prop_bufg_I_O)         0.083     4.934 f  sys_clk_BUFG_inst/O
                         net (fo=63, routed)          1.626     6.560    i_dram_wrapper/i_dram/u_mig7s_mig/u_ddr3_infrastructure/plle2_i_0
    PLLE2_ADV_X1Y1       PLLE2_ADV (Prop_plle2_adv_CLKIN1_CLKOUT1)
                                                      0.073     6.633 f  i_dram_wrapper/i_dram/u_mig7s_mig/u_ddr3_infrastructure/plle2_i/CLKOUT1
                         net (fo=14, routed)          1.061     7.694    i_dram_wrapper/i_dram/u_mig7s_mig/u_memc_ui_top_axi/mem_intfc0/ddr_phy_top0/u_ddr_mc_phy_wrapper/u_ddr_mc_phy/ddr_phy_4lanes_0.u_ddr_phy_4lanes/ddr_byte_lane_D.ddr_byte_lane_D/mem_refclk
    PHASER_OUT_PHY_X1Y11 PHASER_OUT_PHY (Prop_phaser_out_phy_MEMREFCLK_OCLK)
                                                      2.027     9.721 f  i_dram_wrapper/i_dram/u_mig7s_mig/u_memc_ui_top_axi/mem_intfc0/ddr_phy_top0/u_ddr_mc_phy_wrapper/u_ddr_mc_phy/ddr_phy_4lanes_0.u_ddr_phy_4lanes/ddr_byte_lane_D.ddr_byte_lane_D/phaser_out/OCLK
    PHASER_OUT_PHY_X1Y11 PHASER_OUT_PHY (Prop_phaser_out_phy_OCLK_OCLKDELAYED)
                                                      1.191    10.912 r  i_dram_wrapper/i_dram/u_mig7s_mig/u_memc_ui_top_axi/mem_intfc0/ddr_phy_top0/u_ddr_mc_phy_wrapper/u_ddr_mc_phy/ddr_phy_4lanes_0.u_ddr_phy_4lanes/ddr_byte_lane_D.ddr_byte_lane_D/phaser_out/OCLKDELAYED
                         net (fo=2, routed)           0.308    11.220    i_dram_wrapper/i_dram/u_mig7s_mig/u_memc_ui_top_axi/mem_intfc0/ddr_phy_top0/u_ddr_mc_phy_wrapper/u_ddr_mc_phy/ddr_phy_4lanes_0.u_ddr_phy_4lanes/ddr_byte_lane_D.ddr_byte_lane_D/ddr_byte_group_io/oserdes_clk_delayed
    OLOGIC_X1Y144        ODDR                                         r  i_dram_wrapper/i_dram/u_mig7s_mig/u_memc_ui_top_axi/mem_intfc0/ddr_phy_top0/u_ddr_mc_phy_wrapper/u_ddr_mc_phy/ddr_phy_4lanes_0.u_ddr_phy_4lanes/ddr_byte_lane_D.ddr_byte_lane_D/ddr_byte_group_io/dqs_gen.oddr_dqs/C
                         clock pessimism              0.624    11.844    
                         clock uncertainty           -0.047    11.798    
    OLOGIC_X1Y144        ODDR (Setup_oddr_C_D1)      -0.500    11.298    i_dram_wrapper/i_dram/u_mig7s_mig/u_memc_ui_top_axi/mem_intfc0/ddr_phy_top0/u_ddr_mc_phy_wrapper/u_ddr_mc_phy/ddr_phy_4lanes_0.u_ddr_phy_4lanes/ddr_byte_lane_D.ddr_byte_lane_D/ddr_byte_group_io/dqs_gen.oddr_dqs
  -------------------------------------------------------------------
                         required time                         11.298    
                         arrival time                         -11.052    
  -------------------------------------------------------------------
                         slack                                  0.246    

Slack (MET) :             0.246ns  (required time - arrival time)
  Source:                 i_dram_wrapper/i_dram/u_mig7s_mig/u_memc_ui_top_axi/mem_intfc0/ddr_phy_top0/u_ddr_mc_phy_wrapper/u_ddr_mc_phy/ddr_phy_4lanes_0.u_ddr_phy_4lanes/ddr_byte_lane_D.ddr_byte_lane_D/phaser_out/OCLKDELAYED
                            (rising edge-triggered cell PHASER_OUT_PHY clocked by oserdes_clk_3'  {rise@0.000ns fall@0.625ns period=1.250ns})
  Destination:            i_dram_wrapper/i_dram/u_mig7s_mig/u_memc_ui_top_axi/mem_intfc0/ddr_phy_top0/u_ddr_mc_phy_wrapper/u_ddr_mc_phy/ddr_phy_4lanes_0.u_ddr_phy_4lanes/ddr_byte_lane_D.ddr_byte_lane_D/ddr_byte_group_io/dqs_gen.oddr_dqs/D1
                            (rising edge-triggered cell ODDR clocked by oserdes_clk_3'  {rise@0.000ns fall@0.625ns period=1.250ns})
  Path Group:             oserdes_clk_3
  Path Type:              Setup (Max at Slow Process Corner)
  Requirement:            1.250ns  (oserdes_clk_3 fall@1.875ns - oserdes_clk_3 fall@0.625ns)
  Data Path Delay:        0.765ns  (logic 0.479ns (62.597%)  route 0.286ns (37.403%))
  Logic Levels:           0  
  Clock Path Skew:        0.308ns (DCD - SCD + CPR)
    Destination Clock Delay (DCD):    9.345ns = ( 11.220 - 1.875 ) 
    Source Clock Delay      (SCD):    9.661ns = ( 10.286 - 0.625 ) 
    Clock Pessimism Removal (CPR):    0.624ns
  Clock Uncertainty:      0.047ns  ((TSJ^2 + DJ^2)^1/2) / 2 + PE
    Total System Jitter     (TSJ):    0.071ns
    Discrete Jitter          (DJ):    0.061ns
    Phase Error              (PE):    0.000ns

    Location             Delay type                Incr(ns)  Path(ns)    Netlist Resource(s)
  -------------------------------------------------------------------    -------------------
                         (clock oserdes_clk_3 fall edge)
                                                      0.625     0.625 f  
    AD12                                              0.000     0.625 f  sys_clk_p (IN)
                         net (fo=0)                   0.000     0.625    sys_clk_p
    AD12                 IBUFDS (Prop_ibufds_I_O)     0.906     1.531 f  i_bufds_sys_clk/O
                         net (fo=1, routed)           2.299     3.830    sys_clk
    BUFGCTRL_X0Y1        BUFG (Prop_bufg_I_O)         0.093     3.923 f  sys_clk_BUFG_inst/O
                         net (fo=63, routed)          1.787     5.710    i_dram_wrapper/i_dram/u_mig7s_mig/u_ddr3_infrastructure/plle2_i_0
    PLLE2_ADV_X1Y1       PLLE2_ADV (Prop_plle2_adv_CLKIN1_CLKOUT1)
                                                      0.077     5.787 f  i_dram_wrapper/i_dram/u_mig7s_mig/u_ddr3_infrastructure/plle2_i/CLKOUT1
                         net (fo=14, routed)          1.188     6.975    i_dram_wrapper/i_dram/u_mig7s_mig/u_memc_ui_top_axi/mem_intfc0/ddr_phy_top0/u_ddr_mc_phy_wrapper/u_ddr_mc_phy/ddr_phy_4lanes_0.u_ddr_phy_4lanes/ddr_byte_lane_D.ddr_byte_lane_D/mem_refclk
    PHASER_OUT_PHY_X1Y11 PHASER_OUT_PHY (Prop_phaser_out_phy_MEMREFCLK_OCLK)
                                                      2.083     9.058 f  i_dram_wrapper/i_dram/u_mig7s_mig/u_memc_ui_top_axi/mem_intfc0/ddr_phy_top0/u_ddr_mc_phy_wrapper/u_ddr_mc_phy/ddr_phy_4lanes_0.u_ddr_phy_4lanes/ddr_byte_lane_D.ddr_byte_lane_D/phaser_out/OCLK
    PHASER_OUT_PHY_X1Y11 PHASER_OUT_PHY (Prop_phaser_out_phy_OCLK_OCLKDELAYED)
                                                      1.229    10.286 r  i_dram_wrapper/i_dram/u_mig7s_mig/u_memc_ui_top_axi/mem_intfc0/ddr_phy_top0/u_ddr_mc_phy_wrapper/u_ddr_mc_phy/ddr_phy_4lanes_0.u_ddr_phy_4lanes/ddr_byte_lane_D.ddr_byte_lane_D/phaser_out/OCLKDELAYED
  -------------------------------------------------------------------    -------------------
    PHASER_OUT_PHY_X1Y11 PHASER_OUT_PHY (Prop_phaser_out_phy_OCLKDELAYED_DQSBUS[0])
                                                      0.479    10.765 f  i_dram_wrapper/i_dram/u_mig7s_mig/u_memc_ui_top_axi/mem_intfc0/ddr_phy_top0/u_ddr_mc_phy_wrapper/u_ddr_mc_phy/ddr_phy_4lanes_0.u_ddr_phy_4lanes/ddr_byte_lane_D.ddr_byte_lane_D/phaser_out/DQSBUS[0]
                         net (fo=1, routed)           0.286    11.052    i_dram_wrapper/i_dram/u_mig7s_mig/u_memc_ui_top_axi/mem_intfc0/ddr_phy_top0/u_ddr_mc_phy_wrapper/u_ddr_mc_phy/ddr_phy_4lanes_0.u_ddr_phy_4lanes/ddr_byte_lane_D.ddr_byte_lane_D/ddr_byte_group_io/DQSBUS[0]
    OLOGIC_X1Y144        ODDR                                         f  i_dram_wrapper/i_dram/u_mig7s_mig/u_memc_ui_top_axi/mem_intfc0/ddr_phy_top0/u_ddr_mc_phy_wrapper/u_ddr_mc_phy/ddr_phy_4lanes_0.u_ddr_phy_4lanes/ddr_byte_lane_D.ddr_byte_lane_D/ddr_byte_group_io/dqs_gen.oddr_dqs/D1
  -------------------------------------------------------------------    -------------------

                         (clock oserdes_clk_3 fall edge)
                                                      1.875     1.875 f  
    AD12                                              0.000     1.875 f  sys_clk_p (IN)
                         net (fo=0)                   0.000     1.875    sys_clk_p
    AD12                 IBUFDS (Prop_ibufds_I_O)     0.803     2.678 f  i_bufds_sys_clk/O
                         net (fo=1, routed)           2.173     4.851    sys_clk
    BUFGCTRL_X0Y1        BUFG (Prop_bufg_I_O)         0.083     4.934 f  sys_clk_BUFG_inst/O
                         net (fo=63, routed)          1.626     6.560    i_dram_wrapper/i_dram/u_mig7s_mig/u_ddr3_infrastructure/plle2_i_0
    PLLE2_ADV_X1Y1       PLLE2_ADV (Prop_plle2_adv_CLKIN1_CLKOUT1)
                                                      0.073     6.633 f  i_dram_wrapper/i_dram/u_mig7s_mig/u_ddr3_infrastructure/plle2_i/CLKOUT1
                         net (fo=14, routed)          1.061     7.694    i_dram_wrapper/i_dram/u_mig7s_mig/u_memc_ui_top_axi/mem_intfc0/ddr_phy_top0/u_ddr_mc_phy_wrapper/u_ddr_mc_phy/ddr_phy_4lanes_0.u_ddr_phy_4lanes/ddr_byte_lane_D.ddr_byte_lane_D/mem_refclk
    PHASER_OUT_PHY_X1Y11 PHASER_OUT_PHY (Prop_phaser_out_phy_MEMREFCLK_OCLK)
                                                      2.027     9.721 f  i_dram_wrapper/i_dram/u_mig7s_mig/u_memc_ui_top_axi/mem_intfc0/ddr_phy_top0/u_ddr_mc_phy_wrapper/u_ddr_mc_phy/ddr_phy_4lanes_0.u_ddr_phy_4lanes/ddr_byte_lane_D.ddr_byte_lane_D/phaser_out/OCLK
    PHASER_OUT_PHY_X1Y11 PHASER_OUT_PHY (Prop_phaser_out_phy_OCLK_OCLKDELAYED)
                                                      1.191    10.912 r  i_dram_wrapper/i_dram/u_mig7s_mig/u_memc_ui_top_axi/mem_intfc0/ddr_phy_top0/u_ddr_mc_phy_wrapper/u_ddr_mc_phy/ddr_phy_4lanes_0.u_ddr_phy_4lanes/ddr_byte_lane_D.ddr_byte_lane_D/phaser_out/OCLKDELAYED
                         net (fo=2, routed)           0.308    11.220    i_dram_wrapper/i_dram/u_mig7s_mig/u_memc_ui_top_axi/mem_intfc0/ddr_phy_top0/u_ddr_mc_phy_wrapper/u_ddr_mc_phy/ddr_phy_4lanes_0.u_ddr_phy_4lanes/ddr_byte_lane_D.ddr_byte_lane_D/ddr_byte_group_io/oserdes_clk_delayed
    OLOGIC_X1Y144        ODDR                                         r  i_dram_wrapper/i_dram/u_mig7s_mig/u_memc_ui_top_axi/mem_intfc0/ddr_phy_top0/u_ddr_mc_phy_wrapper/u_ddr_mc_phy/ddr_phy_4lanes_0.u_ddr_phy_4lanes/ddr_byte_lane_D.ddr_byte_lane_D/ddr_byte_group_io/dqs_gen.oddr_dqs/C
                         clock pessimism              0.624    11.844    
                         clock uncertainty           -0.047    11.798    
    OLOGIC_X1Y144        ODDR (Setup_oddr_C_D1)      -0.500    11.298    i_dram_wrapper/i_dram/u_mig7s_mig/u_memc_ui_top_axi/mem_intfc0/ddr_phy_top0/u_ddr_mc_phy_wrapper/u_ddr_mc_phy/ddr_phy_4lanes_0.u_ddr_phy_4lanes/ddr_byte_lane_D.ddr_byte_lane_D/ddr_byte_group_io/dqs_gen.oddr_dqs
  -------------------------------------------------------------------
                         required time                         11.298    
                         arrival time                         -11.052    
  -------------------------------------------------------------------
                         slack                                  0.246    

Slack (MET) :             0.249ns  (required time - arrival time)
  Source:                 i_dram_wrapper/i_dram/u_mig7s_mig/u_ddr3_infrastructure/plle2_i/CLKOUT2
                            (clock source 'sync_pulse'  {rise@0.547ns fall@1.797ns period=20.000ns})
  Destination:            i_dram_wrapper/i_dram/u_mig7s_mig/u_memc_ui_top_axi/mem_intfc0/ddr_phy_top0/u_ddr_mc_phy_wrapper/u_ddr_mc_phy/ddr_phy_4lanes_1.u_ddr_phy_4lanes/phy_control_i/SYNCIN
                            (rising edge-triggered cell PHY_CONTROL clocked by mem_refclk  {rise@0.000ns fall@0.625ns period=1.250ns})
  Path Group:             mem_refclk
  Path Type:              Setup (Max at Slow Process Corner)
  Requirement:            0.703ns  (mem_refclk rise@2.500ns - sync_pulse fall@1.797ns)
  Data Path Delay:        0.968ns  (logic 0.000ns (0.000%)  route 0.968ns (100.000%))
  Logic Levels:           0  
  Clock Path Skew:        0.865ns (DCD - SCD + CPR)
    Destination Clock Delay (DCD):    5.623ns = ( 8.123 - 2.500 ) 
    Source Clock Delay      (SCD):    5.162ns = ( 6.959 - 1.797 ) 
    Clock Pessimism Removal (CPR):    0.403ns
  Clock Uncertainty:      0.183ns  ((TSJ^2 + DJ^2)^1/2) / 2 + PE
    Total System Jitter     (TSJ):    0.071ns
    Discrete Jitter          (DJ):    0.104ns
    Phase Error              (PE):    0.120ns

    Location             Delay type                Incr(ns)  Path(ns)    Netlist Resource(s)
  -------------------------------------------------------------------    -------------------
                         (clock sync_pulse fall edge)
                                                      1.797     1.797 f  
    AD12                                              0.000     1.797 f  sys_clk_p (IN)
                         net (fo=0)                   0.000     1.797    sys_clk_p
    AD12                 IBUFDS (Prop_ibufds_I_O)     0.906     2.703 f  i_bufds_sys_clk/O
                         net (fo=1, routed)           2.299     5.002    sys_clk
    BUFGCTRL_X0Y1        BUFG (Prop_bufg_I_O)         0.093     5.095 f  sys_clk_BUFG_inst/O
                         net (fo=63, routed)          1.787     6.882    i_dram_wrapper/i_dram/u_mig7s_mig/u_ddr3_infrastructure/plle2_i_0
  -------------------------------------------------------------------    -------------------
    PLLE2_ADV_X1Y1       PLLE2_ADV (Prop_plle2_adv_CLKIN1_CLKOUT2)
                                                      0.077     6.959 f  i_dram_wrapper/i_dram/u_mig7s_mig/u_ddr3_infrastructure/plle2_i/CLKOUT2
                         net (fo=14, routed)          0.968     7.927    i_dram_wrapper/i_dram/u_mig7s_mig/u_memc_ui_top_axi/mem_intfc0/ddr_phy_top0/u_ddr_mc_phy_wrapper/u_ddr_mc_phy/ddr_phy_4lanes_1.u_ddr_phy_4lanes/sync_pulse
    PHY_CONTROL_X1Y1     PHY_CONTROL                                  f  i_dram_wrapper/i_dram/u_mig7s_mig/u_memc_ui_top_axi/mem_intfc0/ddr_phy_top0/u_ddr_mc_phy_wrapper/u_ddr_mc_phy/ddr_phy_4lanes_1.u_ddr_phy_4lanes/phy_control_i/SYNCIN
  -------------------------------------------------------------------    -------------------

                         (clock mem_refclk rise edge)
                                                      2.500     2.500 r  
    AD12                                              0.000     2.500 r  sys_clk_p (IN)
                         net (fo=0)                   0.000     2.500    sys_clk_p
    AD12                 IBUFDS (Prop_ibufds_I_O)     0.803     3.303 r  i_bufds_sys_clk/O
                         net (fo=1, routed)           2.173     5.476    sys_clk
    BUFGCTRL_X0Y1        BUFG (Prop_bufg_I_O)         0.083     5.559 r  sys_clk_BUFG_inst/O
                         net (fo=63, routed)          1.626     7.185    i_dram_wrapper/i_dram/u_mig7s_mig/u_ddr3_infrastructure/plle2_i_0
    PLLE2_ADV_X1Y1       PLLE2_ADV (Prop_plle2_adv_CLKIN1_CLKOUT1)
                                                      0.073     7.258 r  i_dram_wrapper/i_dram/u_mig7s_mig/u_ddr3_infrastructure/plle2_i/CLKOUT1
                         net (fo=14, routed)          0.865     8.123    i_dram_wrapper/i_dram/u_mig7s_mig/u_memc_ui_top_axi/mem_intfc0/ddr_phy_top0/u_ddr_mc_phy_wrapper/u_ddr_mc_phy/ddr_phy_4lanes_1.u_ddr_phy_4lanes/mem_refclk
    PHY_CONTROL_X1Y1     PHY_CONTROL                                  r  i_dram_wrapper/i_dram/u_mig7s_mig/u_memc_ui_top_axi/mem_intfc0/ddr_phy_top0/u_ddr_mc_phy_wrapper/u_ddr_mc_phy/ddr_phy_4lanes_1.u_ddr_phy_4lanes/phy_control_i/MEMREFCLK
                         clock pessimism              0.403     8.527    
                         clock uncertainty           -0.183     8.344    
    PHY_CONTROL_X1Y1     PHY_CONTROL (Setup_phy_control_MEMREFCLK_SYNCIN)
                                                     -0.168     8.176    i_dram_wrapper/i_dram/u_mig7s_mig/u_memc_ui_top_axi/mem_intfc0/ddr_phy_top0/u_ddr_mc_phy_wrapper/u_ddr_mc_phy/ddr_phy_4lanes_1.u_ddr_phy_4lanes/phy_control_i
  -------------------------------------------------------------------
                         required time                          8.176    
                         arrival time                          -7.927    
  -------------------------------------------------------------------
                         slack                                  0.249    

Slack (MET) :             0.249ns  (required time - arrival time)
  Source:                 i_dram_wrapper/i_dram/u_mig7s_mig/u_ddr3_infrastructure/plle2_i/CLKOUT2
                            (clock source 'sync_pulse'  {rise@0.547ns fall@1.797ns period=20.000ns})
  Destination:            i_dram_wrapper/i_dram/u_mig7s_mig/u_memc_ui_top_axi/mem_intfc0/ddr_phy_top0/u_ddr_mc_phy_wrapper/u_ddr_mc_phy/ddr_phy_4lanes_1.u_ddr_phy_4lanes/phy_control_i/SYNCIN
                            (rising edge-triggered cell PHY_CONTROL clocked by mem_refclk  {rise@0.000ns fall@0.625ns period=1.250ns})
  Path Group:             mem_refclk
  Path Type:              Setup (Max at Slow Process Corner)
  Requirement:            0.703ns  (mem_refclk rise@1.250ns - sync_pulse rise@0.547ns)
  Data Path Delay:        0.968ns  (logic 0.000ns (0.000%)  route 0.968ns (100.000%))
  Logic Levels:           0  
  Clock Path Skew:        0.865ns (DCD - SCD + CPR)
    Destination Clock Delay (DCD):    5.623ns = ( 6.873 - 1.250 ) 
    Source Clock Delay      (SCD):    5.162ns = ( 5.709 - 0.547 ) 
    Clock Pessimism Removal (CPR):    0.403ns
  Clock Uncertainty:      0.183ns  ((TSJ^2 + DJ^2)^1/2) / 2 + PE
    Total System Jitter     (TSJ):    0.071ns
    Discrete Jitter          (DJ):    0.104ns
    Phase Error              (PE):    0.120ns

    Location             Delay type                Incr(ns)  Path(ns)    Netlist Resource(s)
  -------------------------------------------------------------------    -------------------
                         (clock sync_pulse rise edge)
                                                      0.547     0.547 r  
    AD12                                              0.000     0.547 r  sys_clk_p (IN)
                         net (fo=0)                   0.000     0.547    sys_clk_p
    AD12                 IBUFDS (Prop_ibufds_I_O)     0.906     1.453 r  i_bufds_sys_clk/O
                         net (fo=1, routed)           2.299     3.752    sys_clk
    BUFGCTRL_X0Y1        BUFG (Prop_bufg_I_O)         0.093     3.845 r  sys_clk_BUFG_inst/O
                         net (fo=63, routed)          1.787     5.632    i_dram_wrapper/i_dram/u_mig7s_mig/u_ddr3_infrastructure/plle2_i_0
  -------------------------------------------------------------------    -------------------
    PLLE2_ADV_X1Y1       PLLE2_ADV (Prop_plle2_adv_CLKIN1_CLKOUT2)
                                                      0.077     5.709 r  i_dram_wrapper/i_dram/u_mig7s_mig/u_ddr3_infrastructure/plle2_i/CLKOUT2
                         net (fo=14, routed)          0.968     6.677    i_dram_wrapper/i_dram/u_mig7s_mig/u_memc_ui_top_axi/mem_intfc0/ddr_phy_top0/u_ddr_mc_phy_wrapper/u_ddr_mc_phy/ddr_phy_4lanes_1.u_ddr_phy_4lanes/sync_pulse
    PHY_CONTROL_X1Y1     PHY_CONTROL                                  r  i_dram_wrapper/i_dram/u_mig7s_mig/u_memc_ui_top_axi/mem_intfc0/ddr_phy_top0/u_ddr_mc_phy_wrapper/u_ddr_mc_phy/ddr_phy_4lanes_1.u_ddr_phy_4lanes/phy_control_i/SYNCIN
  -------------------------------------------------------------------    -------------------

                         (clock mem_refclk rise edge)
                                                      1.250     1.250 r  
    AD12                                              0.000     1.250 r  sys_clk_p (IN)
                         net (fo=0)                   0.000     1.250    sys_clk_p
    AD12                 IBUFDS (Prop_ibufds_I_O)     0.803     2.053 r  i_bufds_sys_clk/O
                         net (fo=1, routed)           2.173     4.226    sys_clk
    BUFGCTRL_X0Y1        BUFG (Prop_bufg_I_O)         0.083     4.309 r  sys_clk_BUFG_inst/O
                         net (fo=63, routed)          1.626     5.935    i_dram_wrapper/i_dram/u_mig7s_mig/u_ddr3_infrastructure/plle2_i_0
    PLLE2_ADV_X1Y1       PLLE2_ADV (Prop_plle2_adv_CLKIN1_CLKOUT1)
                                                      0.073     6.008 r  i_dram_wrapper/i_dram/u_mig7s_mig/u_ddr3_infrastructure/plle2_i/CLKOUT1
                         net (fo=14, routed)          0.865     6.873    i_dram_wrapper/i_dram/u_mig7s_mig/u_memc_ui_top_axi/mem_intfc0/ddr_phy_top0/u_ddr_mc_phy_wrapper/u_ddr_mc_phy/ddr_phy_4lanes_1.u_ddr_phy_4lanes/mem_refclk
    PHY_CONTROL_X1Y1     PHY_CONTROL                                  r  i_dram_wrapper/i_dram/u_mig7s_mig/u_memc_ui_top_axi/mem_intfc0/ddr_phy_top0/u_ddr_mc_phy_wrapper/u_ddr_mc_phy/ddr_phy_4lanes_1.u_ddr_phy_4lanes/phy_control_i/MEMREFCLK
                         clock pessimism              0.403     7.277    
                         clock uncertainty           -0.183     7.094    
    PHY_CONTROL_X1Y1     PHY_CONTROL (Setup_phy_control_MEMREFCLK_SYNCIN)
                                                     -0.168     6.926    i_dram_wrapper/i_dram/u_mig7s_mig/u_memc_ui_top_axi/mem_intfc0/ddr_phy_top0/u_ddr_mc_phy_wrapper/u_ddr_mc_phy/ddr_phy_4lanes_1.u_ddr_phy_4lanes/phy_control_i
  -------------------------------------------------------------------
                         required time                          6.926    
                         arrival time                          -6.677    
  -------------------------------------------------------------------
                         slack                                  0.249    

Slack (MET) :             0.256ns  (required time - arrival time)
  Source:                 i_dram_wrapper/i_dram/u_mig7s_mig/u_memc_ui_top_axi/mem_intfc0/ddr_phy_top0/u_ddr_mc_phy_wrapper/u_ddr_mc_phy/ddr_phy_4lanes_0.u_ddr_phy_4lanes/ddr_byte_lane_B.ddr_byte_lane_B/phaser_out/OCLKDELAYED
                            (rising edge-triggered cell PHASER_OUT_PHY clocked by oserdes_clk_1'  {rise@0.000ns fall@0.625ns period=1.250ns})
  Destination:            i_dram_wrapper/i_dram/u_mig7s_mig/u_memc_ui_top_axi/mem_intfc0/ddr_phy_top0/u_ddr_mc_phy_wrapper/u_ddr_mc_phy/ddr_phy_4lanes_0.u_ddr_phy_4lanes/ddr_byte_lane_B.ddr_byte_lane_B/ddr_byte_group_io/dqs_gen.oddr_dqs/D2
                            (rising edge-triggered cell ODDR clocked by oserdes_clk_1'  {rise@0.000ns fall@0.625ns period=1.250ns})
  Path Group:             oserdes_clk_1
  Path Type:              Setup (Max at Slow Process Corner)
  Requirement:            1.250ns  (oserdes_clk_1 fall@1.875ns - oserdes_clk_1 fall@0.625ns)
  Data Path Delay:        0.762ns  (logic 0.479ns (62.843%)  route 0.283ns (37.157%))
  Logic Levels:           0  
  Clock Path Skew:        0.288ns (DCD - SCD + CPR)
    Destination Clock Delay (DCD):    9.325ns = ( 11.200 - 1.875 ) 
    Source Clock Delay      (SCD):    9.661ns = ( 10.286 - 0.625 ) 
    Clock Pessimism Removal (CPR):    0.624ns
  Clock Uncertainty:      0.047ns  ((TSJ^2 + DJ^2)^1/2) / 2 + PE
    Total System Jitter     (TSJ):    0.071ns
    Discrete Jitter          (DJ):    0.061ns
    Phase Error              (PE):    0.000ns

    Location             Delay type                Incr(ns)  Path(ns)    Netlist Resource(s)
  -------------------------------------------------------------------    -------------------
                         (clock oserdes_clk_1 fall edge)
                                                      0.625     0.625 f  
    AD12                                              0.000     0.625 f  sys_clk_p (IN)
                         net (fo=0)                   0.000     0.625    sys_clk_p
    AD12                 IBUFDS (Prop_ibufds_I_O)     0.906     1.531 f  i_bufds_sys_clk/O
                         net (fo=1, routed)           2.299     3.830    sys_clk
    BUFGCTRL_X0Y1        BUFG (Prop_bufg_I_O)         0.093     3.923 f  sys_clk_BUFG_inst/O
                         net (fo=63, routed)          1.787     5.710    i_dram_wrapper/i_dram/u_mig7s_mig/u_ddr3_infrastructure/plle2_i_0
    PLLE2_ADV_X1Y1       PLLE2_ADV (Prop_plle2_adv_CLKIN1_CLKOUT1)
                                                      0.077     5.787 f  i_dram_wrapper/i_dram/u_mig7s_mig/u_ddr3_infrastructure/plle2_i/CLKOUT1
                         net (fo=14, routed)          1.188     6.975    i_dram_wrapper/i_dram/u_mig7s_mig/u_memc_ui_top_axi/mem_intfc0/ddr_phy_top0/u_ddr_mc_phy_wrapper/u_ddr_mc_phy/ddr_phy_4lanes_0.u_ddr_phy_4lanes/ddr_byte_lane_B.ddr_byte_lane_B/mem_refclk
    PHASER_OUT_PHY_X1Y9  PHASER_OUT_PHY (Prop_phaser_out_phy_MEMREFCLK_OCLK)
                                                      2.083     9.058 f  i_dram_wrapper/i_dram/u_mig7s_mig/u_memc_ui_top_axi/mem_intfc0/ddr_phy_top0/u_ddr_mc_phy_wrapper/u_ddr_mc_phy/ddr_phy_4lanes_0.u_ddr_phy_4lanes/ddr_byte_lane_B.ddr_byte_lane_B/phaser_out/OCLK
    PHASER_OUT_PHY_X1Y9  PHASER_OUT_PHY (Prop_phaser_out_phy_OCLK_OCLKDELAYED)
                                                      1.229    10.286 r  i_dram_wrapper/i_dram/u_mig7s_mig/u_memc_ui_top_axi/mem_intfc0/ddr_phy_top0/u_ddr_mc_phy_wrapper/u_ddr_mc_phy/ddr_phy_4lanes_0.u_ddr_phy_4lanes/ddr_byte_lane_B.ddr_byte_lane_B/phaser_out/OCLKDELAYED
  -------------------------------------------------------------------    -------------------
    PHASER_OUT_PHY_X1Y9  PHASER_OUT_PHY (Prop_phaser_out_phy_OCLKDELAYED_DQSBUS[1])
                                                      0.479    10.765 r  i_dram_wrapper/i_dram/u_mig7s_mig/u_memc_ui_top_axi/mem_intfc0/ddr_phy_top0/u_ddr_mc_phy_wrapper/u_ddr_mc_phy/ddr_phy_4lanes_0.u_ddr_phy_4lanes/ddr_byte_lane_B.ddr_byte_lane_B/phaser_out/DQSBUS[1]
                         net (fo=1, routed)           0.283    11.049    i_dram_wrapper/i_dram/u_mig7s_mig/u_memc_ui_top_axi/mem_intfc0/ddr_phy_top0/u_ddr_mc_phy_wrapper/u_ddr_mc_phy/ddr_phy_4lanes_0.u_ddr_phy_4lanes/ddr_byte_lane_B.ddr_byte_lane_B/ddr_byte_group_io/DQSBUS[1]
    OLOGIC_X1Y120        ODDR                                         r  i_dram_wrapper/i_dram/u_mig7s_mig/u_memc_ui_top_axi/mem_intfc0/ddr_phy_top0/u_ddr_mc_phy_wrapper/u_ddr_mc_phy/ddr_phy_4lanes_0.u_ddr_phy_4lanes/ddr_byte_lane_B.ddr_byte_lane_B/ddr_byte_group_io/dqs_gen.oddr_dqs/D2
  -------------------------------------------------------------------    -------------------

                         (clock oserdes_clk_1 fall edge)
                                                      1.875     1.875 f  
    AD12                                              0.000     1.875 f  sys_clk_p (IN)
                         net (fo=0)                   0.000     1.875    sys_clk_p
    AD12                 IBUFDS (Prop_ibufds_I_O)     0.803     2.678 f  i_bufds_sys_clk/O
                         net (fo=1, routed)           2.173     4.851    sys_clk
    BUFGCTRL_X0Y1        BUFG (Prop_bufg_I_O)         0.083     4.934 f  sys_clk_BUFG_inst/O
                         net (fo=63, routed)          1.626     6.560    i_dram_wrapper/i_dram/u_mig7s_mig/u_ddr3_infrastructure/plle2_i_0
    PLLE2_ADV_X1Y1       PLLE2_ADV (Prop_plle2_adv_CLKIN1_CLKOUT1)
                                                      0.073     6.633 f  i_dram_wrapper/i_dram/u_mig7s_mig/u_ddr3_infrastructure/plle2_i/CLKOUT1
                         net (fo=14, routed)          1.061     7.694    i_dram_wrapper/i_dram/u_mig7s_mig/u_memc_ui_top_axi/mem_intfc0/ddr_phy_top0/u_ddr_mc_phy_wrapper/u_ddr_mc_phy/ddr_phy_4lanes_0.u_ddr_phy_4lanes/ddr_byte_lane_B.ddr_byte_lane_B/mem_refclk
    PHASER_OUT_PHY_X1Y9  PHASER_OUT_PHY (Prop_phaser_out_phy_MEMREFCLK_OCLK)
                                                      2.027     9.721 f  i_dram_wrapper/i_dram/u_mig7s_mig/u_memc_ui_top_axi/mem_intfc0/ddr_phy_top0/u_ddr_mc_phy_wrapper/u_ddr_mc_phy/ddr_phy_4lanes_0.u_ddr_phy_4lanes/ddr_byte_lane_B.ddr_byte_lane_B/phaser_out/OCLK
    PHASER_OUT_PHY_X1Y9  PHASER_OUT_PHY (Prop_phaser_out_phy_OCLK_OCLKDELAYED)
                                                      1.191    10.912 r  i_dram_wrapper/i_dram/u_mig7s_mig/u_memc_ui_top_axi/mem_intfc0/ddr_phy_top0/u_ddr_mc_phy_wrapper/u_ddr_mc_phy/ddr_phy_4lanes_0.u_ddr_phy_4lanes/ddr_byte_lane_B.ddr_byte_lane_B/phaser_out/OCLKDELAYED
                         net (fo=2, routed)           0.288    11.200    i_dram_wrapper/i_dram/u_mig7s_mig/u_memc_ui_top_axi/mem_intfc0/ddr_phy_top0/u_ddr_mc_phy_wrapper/u_ddr_mc_phy/ddr_phy_4lanes_0.u_ddr_phy_4lanes/ddr_byte_lane_B.ddr_byte_lane_B/ddr_byte_group_io/oserdes_clk_delayed
    OLOGIC_X1Y120        ODDR                                         r  i_dram_wrapper/i_dram/u_mig7s_mig/u_memc_ui_top_axi/mem_intfc0/ddr_phy_top0/u_ddr_mc_phy_wrapper/u_ddr_mc_phy/ddr_phy_4lanes_0.u_ddr_phy_4lanes/ddr_byte_lane_B.ddr_byte_lane_B/ddr_byte_group_io/dqs_gen.oddr_dqs/C
                         clock pessimism              0.624    11.824    
                         clock uncertainty           -0.047    11.778    
    OLOGIC_X1Y120        ODDR (Setup_oddr_C_D2)      -0.473    11.305    i_dram_wrapper/i_dram/u_mig7s_mig/u_memc_ui_top_axi/mem_intfc0/ddr_phy_top0/u_ddr_mc_phy_wrapper/u_ddr_mc_phy/ddr_phy_4lanes_0.u_ddr_phy_4lanes/ddr_byte_lane_B.ddr_byte_lane_B/ddr_byte_group_io/dqs_gen.oddr_dqs
  -------------------------------------------------------------------
                         required time                         11.305    
                         arrival time                         -11.049    
  -------------------------------------------------------------------
                         slack                                  0.256    

Slack (MET) :             0.256ns  (required time - arrival time)
  Source:                 i_dram_wrapper/i_dram/u_mig7s_mig/u_memc_ui_top_axi/mem_intfc0/ddr_phy_top0/u_ddr_mc_phy_wrapper/u_ddr_mc_phy/ddr_phy_4lanes_0.u_ddr_phy_4lanes/ddr_byte_lane_B.ddr_byte_lane_B/phaser_out/OCLKDELAYED
                            (rising edge-triggered cell PHASER_OUT_PHY clocked by oserdes_clk_1'  {rise@0.000ns fall@0.625ns period=1.250ns})
  Destination:            i_dram_wrapper/i_dram/u_mig7s_mig/u_memc_ui_top_axi/mem_intfc0/ddr_phy_top0/u_ddr_mc_phy_wrapper/u_ddr_mc_phy/ddr_phy_4lanes_0.u_ddr_phy_4lanes/ddr_byte_lane_B.ddr_byte_lane_B/ddr_byte_group_io/dqs_gen.oddr_dqs/D2
                            (rising edge-triggered cell ODDR clocked by oserdes_clk_1'  {rise@0.000ns fall@0.625ns period=1.250ns})
  Path Group:             oserdes_clk_1
  Path Type:              Setup (Max at Slow Process Corner)
  Requirement:            1.250ns  (oserdes_clk_1 fall@1.875ns - oserdes_clk_1 fall@0.625ns)
  Data Path Delay:        0.762ns  (logic 0.479ns (62.843%)  route 0.283ns (37.157%))
  Logic Levels:           0  
  Clock Path Skew:        0.288ns (DCD - SCD + CPR)
    Destination Clock Delay (DCD):    9.325ns = ( 11.200 - 1.875 ) 
    Source Clock Delay      (SCD):    9.661ns = ( 10.286 - 0.625 ) 
    Clock Pessimism Removal (CPR):    0.624ns
  Clock Uncertainty:      0.047ns  ((TSJ^2 + DJ^2)^1/2) / 2 + PE
    Total System Jitter     (TSJ):    0.071ns
    Discrete Jitter          (DJ):    0.061ns
    Phase Error              (PE):    0.000ns

    Location             Delay type                Incr(ns)  Path(ns)    Netlist Resource(s)
  -------------------------------------------------------------------    -------------------
                         (clock oserdes_clk_1 fall edge)
                                                      0.625     0.625 f  
    AD12                                              0.000     0.625 f  sys_clk_p (IN)
                         net (fo=0)                   0.000     0.625    sys_clk_p
    AD12                 IBUFDS (Prop_ibufds_I_O)     0.906     1.531 f  i_bufds_sys_clk/O
                         net (fo=1, routed)           2.299     3.830    sys_clk
    BUFGCTRL_X0Y1        BUFG (Prop_bufg_I_O)         0.093     3.923 f  sys_clk_BUFG_inst/O
                         net (fo=63, routed)          1.787     5.710    i_dram_wrapper/i_dram/u_mig7s_mig/u_ddr3_infrastructure/plle2_i_0
    PLLE2_ADV_X1Y1       PLLE2_ADV (Prop_plle2_adv_CLKIN1_CLKOUT1)
                                                      0.077     5.787 f  i_dram_wrapper/i_dram/u_mig7s_mig/u_ddr3_infrastructure/plle2_i/CLKOUT1
                         net (fo=14, routed)          1.188     6.975    i_dram_wrapper/i_dram/u_mig7s_mig/u_memc_ui_top_axi/mem_intfc0/ddr_phy_top0/u_ddr_mc_phy_wrapper/u_ddr_mc_phy/ddr_phy_4lanes_0.u_ddr_phy_4lanes/ddr_byte_lane_B.ddr_byte_lane_B/mem_refclk
    PHASER_OUT_PHY_X1Y9  PHASER_OUT_PHY (Prop_phaser_out_phy_MEMREFCLK_OCLK)
                                                      2.083     9.058 f  i_dram_wrapper/i_dram/u_mig7s_mig/u_memc_ui_top_axi/mem_intfc0/ddr_phy_top0/u_ddr_mc_phy_wrapper/u_ddr_mc_phy/ddr_phy_4lanes_0.u_ddr_phy_4lanes/ddr_byte_lane_B.ddr_byte_lane_B/phaser_out/OCLK
    PHASER_OUT_PHY_X1Y9  PHASER_OUT_PHY (Prop_phaser_out_phy_OCLK_OCLKDELAYED)
                                                      1.229    10.286 r  i_dram_wrapper/i_dram/u_mig7s_mig/u_memc_ui_top_axi/mem_intfc0/ddr_phy_top0/u_ddr_mc_phy_wrapper/u_ddr_mc_phy/ddr_phy_4lanes_0.u_ddr_phy_4lanes/ddr_byte_lane_B.ddr_byte_lane_B/phaser_out/OCLKDELAYED
  -------------------------------------------------------------------    -------------------
    PHASER_OUT_PHY_X1Y9  PHASER_OUT_PHY (Prop_phaser_out_phy_OCLKDELAYED_DQSBUS[1])
                                                      0.479    10.765 f  i_dram_wrapper/i_dram/u_mig7s_mig/u_memc_ui_top_axi/mem_intfc0/ddr_phy_top0/u_ddr_mc_phy_wrapper/u_ddr_mc_phy/ddr_phy_4lanes_0.u_ddr_phy_4lanes/ddr_byte_lane_B.ddr_byte_lane_B/phaser_out/DQSBUS[1]
                         net (fo=1, routed)           0.283    11.049    i_dram_wrapper/i_dram/u_mig7s_mig/u_memc_ui_top_axi/mem_intfc0/ddr_phy_top0/u_ddr_mc_phy_wrapper/u_ddr_mc_phy/ddr_phy_4lanes_0.u_ddr_phy_4lanes/ddr_byte_lane_B.ddr_byte_lane_B/ddr_byte_group_io/DQSBUS[1]
    OLOGIC_X1Y120        ODDR                                         f  i_dram_wrapper/i_dram/u_mig7s_mig/u_memc_ui_top_axi/mem_intfc0/ddr_phy_top0/u_ddr_mc_phy_wrapper/u_ddr_mc_phy/ddr_phy_4lanes_0.u_ddr_phy_4lanes/ddr_byte_lane_B.ddr_byte_lane_B/ddr_byte_group_io/dqs_gen.oddr_dqs/D2
  -------------------------------------------------------------------    -------------------

                         (clock oserdes_clk_1 fall edge)
                                                      1.875     1.875 f  
    AD12                                              0.000     1.875 f  sys_clk_p (IN)
                         net (fo=0)                   0.000     1.875    sys_clk_p
    AD12                 IBUFDS (Prop_ibufds_I_O)     0.803     2.678 f  i_bufds_sys_clk/O
                         net (fo=1, routed)           2.173     4.851    sys_clk
    BUFGCTRL_X0Y1        BUFG (Prop_bufg_I_O)         0.083     4.934 f  sys_clk_BUFG_inst/O
                         net (fo=63, routed)          1.626     6.560    i_dram_wrapper/i_dram/u_mig7s_mig/u_ddr3_infrastructure/plle2_i_0
    PLLE2_ADV_X1Y1       PLLE2_ADV (Prop_plle2_adv_CLKIN1_CLKOUT1)
                                                      0.073     6.633 f  i_dram_wrapper/i_dram/u_mig7s_mig/u_ddr3_infrastructure/plle2_i/CLKOUT1
                         net (fo=14, routed)          1.061     7.694    i_dram_wrapper/i_dram/u_mig7s_mig/u_memc_ui_top_axi/mem_intfc0/ddr_phy_top0/u_ddr_mc_phy_wrapper/u_ddr_mc_phy/ddr_phy_4lanes_0.u_ddr_phy_4lanes/ddr_byte_lane_B.ddr_byte_lane_B/mem_refclk
    PHASER_OUT_PHY_X1Y9  PHASER_OUT_PHY (Prop_phaser_out_phy_MEMREFCLK_OCLK)
                                                      2.027     9.721 f  i_dram_wrapper/i_dram/u_mig7s_mig/u_memc_ui_top_axi/mem_intfc0/ddr_phy_top0/u_ddr_mc_phy_wrapper/u_ddr_mc_phy/ddr_phy_4lanes_0.u_ddr_phy_4lanes/ddr_byte_lane_B.ddr_byte_lane_B/phaser_out/OCLK
    PHASER_OUT_PHY_X1Y9  PHASER_OUT_PHY (Prop_phaser_out_phy_OCLK_OCLKDELAYED)
                                                      1.191    10.912 r  i_dram_wrapper/i_dram/u_mig7s_mig/u_memc_ui_top_axi/mem_intfc0/ddr_phy_top0/u_ddr_mc_phy_wrapper/u_ddr_mc_phy/ddr_phy_4lanes_0.u_ddr_phy_4lanes/ddr_byte_lane_B.ddr_byte_lane_B/phaser_out/OCLKDELAYED
                         net (fo=2, routed)           0.288    11.200    i_dram_wrapper/i_dram/u_mig7s_mig/u_memc_ui_top_axi/mem_intfc0/ddr_phy_top0/u_ddr_mc_phy_wrapper/u_ddr_mc_phy/ddr_phy_4lanes_0.u_ddr_phy_4lanes/ddr_byte_lane_B.ddr_byte_lane_B/ddr_byte_group_io/oserdes_clk_delayed
    OLOGIC_X1Y120        ODDR                                         r  i_dram_wrapper/i_dram/u_mig7s_mig/u_memc_ui_top_axi/mem_intfc0/ddr_phy_top0/u_ddr_mc_phy_wrapper/u_ddr_mc_phy/ddr_phy_4lanes_0.u_ddr_phy_4lanes/ddr_byte_lane_B.ddr_byte_lane_B/ddr_byte_group_io/dqs_gen.oddr_dqs/C
                         clock pessimism              0.624    11.824    
                         clock uncertainty           -0.047    11.778    
    OLOGIC_X1Y120        ODDR (Setup_oddr_C_D2)      -0.473    11.305    i_dram_wrapper/i_dram/u_mig7s_mig/u_memc_ui_top_axi/mem_intfc0/ddr_phy_top0/u_ddr_mc_phy_wrapper/u_ddr_mc_phy/ddr_phy_4lanes_0.u_ddr_phy_4lanes/ddr_byte_lane_B.ddr_byte_lane_B/ddr_byte_group_io/dqs_gen.oddr_dqs
  -------------------------------------------------------------------
                         required time                         11.305    
                         arrival time                         -11.049    
  -------------------------------------------------------------------
                         slack                                  0.256    

Slack (MET) :             0.264ns  (required time - arrival time)
  Source:                 i_dram_wrapper/i_dram/u_mig7s_mig/u_memc_ui_top_axi/mem_intfc0/ddr_phy_top0/u_ddr_mc_phy_wrapper/u_ddr_mc_phy/ddr_phy_4lanes_0.u_ddr_phy_4lanes/ddr_byte_lane_C.ddr_byte_lane_C/phaser_out/OCLKDELAYED
                            (rising edge-triggered cell PHASER_OUT_PHY clocked by oserdes_clk_2'  {rise@0.000ns fall@0.625ns period=1.250ns})
  Destination:            i_dram_wrapper/i_dram/u_mig7s_mig/u_memc_ui_top_axi/mem_intfc0/ddr_phy_top0/u_ddr_mc_phy_wrapper/u_ddr_mc_phy/ddr_phy_4lanes_0.u_ddr_phy_4lanes/ddr_byte_lane_C.ddr_byte_lane_C/ddr_byte_group_io/dqs_gen.oddr_dqs/D2
                            (rising edge-triggered cell ODDR clocked by oserdes_clk_2'  {rise@0.000ns fall@0.625ns period=1.250ns})
  Path Group:             oserdes_clk_2
  Path Type:              Setup (Max at Slow Process Corner)
  Requirement:            1.250ns  (oserdes_clk_2 fall@1.875ns - oserdes_clk_2 fall@0.625ns)
  Data Path Delay:        0.762ns  (logic 0.479ns (62.843%)  route 0.283ns (37.157%))
  Logic Levels:           0  
  Clock Path Skew:        0.296ns (DCD - SCD + CPR)
    Destination Clock Delay (DCD):    9.342ns = ( 11.217 - 1.875 ) 
    Source Clock Delay      (SCD):    9.671ns = ( 10.296 - 0.625 ) 
    Clock Pessimism Removal (CPR):    0.625ns
  Clock Uncertainty:      0.047ns  ((TSJ^2 + DJ^2)^1/2) / 2 + PE
    Total System Jitter     (TSJ):    0.071ns
    Discrete Jitter          (DJ):    0.061ns
    Phase Error              (PE):    0.000ns

    Location             Delay type                Incr(ns)  Path(ns)    Netlist Resource(s)
  -------------------------------------------------------------------    -------------------
                         (clock oserdes_clk_2 fall edge)
                                                      0.625     0.625 f  
    AD12                                              0.000     0.625 f  sys_clk_p (IN)
                         net (fo=0)                   0.000     0.625    sys_clk_p
    AD12                 IBUFDS (Prop_ibufds_I_O)     0.906     1.531 f  i_bufds_sys_clk/O
                         net (fo=1, routed)           2.299     3.830    sys_clk
    BUFGCTRL_X0Y1        BUFG (Prop_bufg_I_O)         0.093     3.923 f  sys_clk_BUFG_inst/O
                         net (fo=63, routed)          1.787     5.710    i_dram_wrapper/i_dram/u_mig7s_mig/u_ddr3_infrastructure/plle2_i_0
    PLLE2_ADV_X1Y1       PLLE2_ADV (Prop_plle2_adv_CLKIN1_CLKOUT1)
                                                      0.077     5.787 f  i_dram_wrapper/i_dram/u_mig7s_mig/u_ddr3_infrastructure/plle2_i/CLKOUT1
                         net (fo=14, routed)          1.198     6.985    i_dram_wrapper/i_dram/u_mig7s_mig/u_memc_ui_top_axi/mem_intfc0/ddr_phy_top0/u_ddr_mc_phy_wrapper/u_ddr_mc_phy/ddr_phy_4lanes_0.u_ddr_phy_4lanes/ddr_byte_lane_C.ddr_byte_lane_C/mem_refclk
    PHASER_OUT_PHY_X1Y10 PHASER_OUT_PHY (Prop_phaser_out_phy_MEMREFCLK_OCLK)
                                                      2.083     9.068 f  i_dram_wrapper/i_dram/u_mig7s_mig/u_memc_ui_top_axi/mem_intfc0/ddr_phy_top0/u_ddr_mc_phy_wrapper/u_ddr_mc_phy/ddr_phy_4lanes_0.u_ddr_phy_4lanes/ddr_byte_lane_C.ddr_byte_lane_C/phaser_out/OCLK
    PHASER_OUT_PHY_X1Y10 PHASER_OUT_PHY (Prop_phaser_out_phy_OCLK_OCLKDELAYED)
                                                      1.229    10.296 r  i_dram_wrapper/i_dram/u_mig7s_mig/u_memc_ui_top_axi/mem_intfc0/ddr_phy_top0/u_ddr_mc_phy_wrapper/u_ddr_mc_phy/ddr_phy_4lanes_0.u_ddr_phy_4lanes/ddr_byte_lane_C.ddr_byte_lane_C/phaser_out/OCLKDELAYED
  -------------------------------------------------------------------    -------------------
    PHASER_OUT_PHY_X1Y10 PHASER_OUT_PHY (Prop_phaser_out_phy_OCLKDELAYED_DQSBUS[1])
                                                      0.479    10.775 r  i_dram_wrapper/i_dram/u_mig7s_mig/u_memc_ui_top_axi/mem_intfc0/ddr_phy_top0/u_ddr_mc_phy_wrapper/u_ddr_mc_phy/ddr_phy_4lanes_0.u_ddr_phy_4lanes/ddr_byte_lane_C.ddr_byte_lane_C/phaser_out/DQSBUS[1]
                         net (fo=1, routed)           0.283    11.059    i_dram_wrapper/i_dram/u_mig7s_mig/u_memc_ui_top_axi/mem_intfc0/ddr_phy_top0/u_ddr_mc_phy_wrapper/u_ddr_mc_phy/ddr_phy_4lanes_0.u_ddr_phy_4lanes/ddr_byte_lane_C.ddr_byte_lane_C/ddr_byte_group_io/DQSBUS[1]
    OLOGIC_X1Y132        ODDR                                         r  i_dram_wrapper/i_dram/u_mig7s_mig/u_memc_ui_top_axi/mem_intfc0/ddr_phy_top0/u_ddr_mc_phy_wrapper/u_ddr_mc_phy/ddr_phy_4lanes_0.u_ddr_phy_4lanes/ddr_byte_lane_C.ddr_byte_lane_C/ddr_byte_group_io/dqs_gen.oddr_dqs/D2
  -------------------------------------------------------------------    -------------------

                         (clock oserdes_clk_2 fall edge)
                                                      1.875     1.875 f  
    AD12                                              0.000     1.875 f  sys_clk_p (IN)
                         net (fo=0)                   0.000     1.875    sys_clk_p
    AD12                 IBUFDS (Prop_ibufds_I_O)     0.803     2.678 f  i_bufds_sys_clk/O
                         net (fo=1, routed)           2.173     4.851    sys_clk
    BUFGCTRL_X0Y1        BUFG (Prop_bufg_I_O)         0.083     4.934 f  sys_clk_BUFG_inst/O
                         net (fo=63, routed)          1.626     6.560    i_dram_wrapper/i_dram/u_mig7s_mig/u_ddr3_infrastructure/plle2_i_0
    PLLE2_ADV_X1Y1       PLLE2_ADV (Prop_plle2_adv_CLKIN1_CLKOUT1)
                                                      0.073     6.633 f  i_dram_wrapper/i_dram/u_mig7s_mig/u_ddr3_infrastructure/plle2_i/CLKOUT1
                         net (fo=14, routed)          1.070     7.703    i_dram_wrapper/i_dram/u_mig7s_mig/u_memc_ui_top_axi/mem_intfc0/ddr_phy_top0/u_ddr_mc_phy_wrapper/u_ddr_mc_phy/ddr_phy_4lanes_0.u_ddr_phy_4lanes/ddr_byte_lane_C.ddr_byte_lane_C/mem_refclk
    PHASER_OUT_PHY_X1Y10 PHASER_OUT_PHY (Prop_phaser_out_phy_MEMREFCLK_OCLK)
                                                      2.027     9.730 f  i_dram_wrapper/i_dram/u_mig7s_mig/u_memc_ui_top_axi/mem_intfc0/ddr_phy_top0/u_ddr_mc_phy_wrapper/u_ddr_mc_phy/ddr_phy_4lanes_0.u_ddr_phy_4lanes/ddr_byte_lane_C.ddr_byte_lane_C/phaser_out/OCLK
    PHASER_OUT_PHY_X1Y10 PHASER_OUT_PHY (Prop_phaser_out_phy_OCLK_OCLKDELAYED)
                                                      1.191    10.921 r  i_dram_wrapper/i_dram/u_mig7s_mig/u_memc_ui_top_axi/mem_intfc0/ddr_phy_top0/u_ddr_mc_phy_wrapper/u_ddr_mc_phy/ddr_phy_4lanes_0.u_ddr_phy_4lanes/ddr_byte_lane_C.ddr_byte_lane_C/phaser_out/OCLKDELAYED
                         net (fo=2, routed)           0.296    11.217    i_dram_wrapper/i_dram/u_mig7s_mig/u_memc_ui_top_axi/mem_intfc0/ddr_phy_top0/u_ddr_mc_phy_wrapper/u_ddr_mc_phy/ddr_phy_4lanes_0.u_ddr_phy_4lanes/ddr_byte_lane_C.ddr_byte_lane_C/ddr_byte_group_io/oserdes_clk_delayed
    OLOGIC_X1Y132        ODDR                                         r  i_dram_wrapper/i_dram/u_mig7s_mig/u_memc_ui_top_axi/mem_intfc0/ddr_phy_top0/u_ddr_mc_phy_wrapper/u_ddr_mc_phy/ddr_phy_4lanes_0.u_ddr_phy_4lanes/ddr_byte_lane_C.ddr_byte_lane_C/ddr_byte_group_io/dqs_gen.oddr_dqs/C
                         clock pessimism              0.625    11.842    
                         clock uncertainty           -0.047    11.796    
    OLOGIC_X1Y132        ODDR (Setup_oddr_C_D2)      -0.473    11.323    i_dram_wrapper/i_dram/u_mig7s_mig/u_memc_ui_top_axi/mem_intfc0/ddr_phy_top0/u_ddr_mc_phy_wrapper/u_ddr_mc_phy/ddr_phy_4lanes_0.u_ddr_phy_4lanes/ddr_byte_lane_C.ddr_byte_lane_C/ddr_byte_group_io/dqs_gen.oddr_dqs
  -------------------------------------------------------------------
                         required time                         11.323    
                         arrival time                         -11.059    
  -------------------------------------------------------------------
                         slack                                  0.264    

Slack (MET) :             0.264ns  (required time - arrival time)
  Source:                 i_dram_wrapper/i_dram/u_mig7s_mig/u_memc_ui_top_axi/mem_intfc0/ddr_phy_top0/u_ddr_mc_phy_wrapper/u_ddr_mc_phy/ddr_phy_4lanes_0.u_ddr_phy_4lanes/ddr_byte_lane_C.ddr_byte_lane_C/phaser_out/OCLKDELAYED
                            (rising edge-triggered cell PHASER_OUT_PHY clocked by oserdes_clk_2'  {rise@0.000ns fall@0.625ns period=1.250ns})
  Destination:            i_dram_wrapper/i_dram/u_mig7s_mig/u_memc_ui_top_axi/mem_intfc0/ddr_phy_top0/u_ddr_mc_phy_wrapper/u_ddr_mc_phy/ddr_phy_4lanes_0.u_ddr_phy_4lanes/ddr_byte_lane_C.ddr_byte_lane_C/ddr_byte_group_io/dqs_gen.oddr_dqs/D2
                            (rising edge-triggered cell ODDR clocked by oserdes_clk_2'  {rise@0.000ns fall@0.625ns period=1.250ns})
  Path Group:             oserdes_clk_2
  Path Type:              Setup (Max at Slow Process Corner)
  Requirement:            1.250ns  (oserdes_clk_2 fall@1.875ns - oserdes_clk_2 fall@0.625ns)
  Data Path Delay:        0.762ns  (logic 0.479ns (62.843%)  route 0.283ns (37.157%))
  Logic Levels:           0  
  Clock Path Skew:        0.296ns (DCD - SCD + CPR)
    Destination Clock Delay (DCD):    9.342ns = ( 11.217 - 1.875 ) 
    Source Clock Delay      (SCD):    9.671ns = ( 10.296 - 0.625 ) 
    Clock Pessimism Removal (CPR):    0.625ns
  Clock Uncertainty:      0.047ns  ((TSJ^2 + DJ^2)^1/2) / 2 + PE
    Total System Jitter     (TSJ):    0.071ns
    Discrete Jitter          (DJ):    0.061ns
    Phase Error              (PE):    0.000ns

    Location             Delay type                Incr(ns)  Path(ns)    Netlist Resource(s)
  -------------------------------------------------------------------    -------------------
                         (clock oserdes_clk_2 fall edge)
                                                      0.625     0.625 f  
    AD12                                              0.000     0.625 f  sys_clk_p (IN)
                         net (fo=0)                   0.000     0.625    sys_clk_p
    AD12                 IBUFDS (Prop_ibufds_I_O)     0.906     1.531 f  i_bufds_sys_clk/O
                         net (fo=1, routed)           2.299     3.830    sys_clk
    BUFGCTRL_X0Y1        BUFG (Prop_bufg_I_O)         0.093     3.923 f  sys_clk_BUFG_inst/O
                         net (fo=63, routed)          1.787     5.710    i_dram_wrapper/i_dram/u_mig7s_mig/u_ddr3_infrastructure/plle2_i_0
    PLLE2_ADV_X1Y1       PLLE2_ADV (Prop_plle2_adv_CLKIN1_CLKOUT1)
                                                      0.077     5.787 f  i_dram_wrapper/i_dram/u_mig7s_mig/u_ddr3_infrastructure/plle2_i/CLKOUT1
                         net (fo=14, routed)          1.198     6.985    i_dram_wrapper/i_dram/u_mig7s_mig/u_memc_ui_top_axi/mem_intfc0/ddr_phy_top0/u_ddr_mc_phy_wrapper/u_ddr_mc_phy/ddr_phy_4lanes_0.u_ddr_phy_4lanes/ddr_byte_lane_C.ddr_byte_lane_C/mem_refclk
    PHASER_OUT_PHY_X1Y10 PHASER_OUT_PHY (Prop_phaser_out_phy_MEMREFCLK_OCLK)
                                                      2.083     9.068 f  i_dram_wrapper/i_dram/u_mig7s_mig/u_memc_ui_top_axi/mem_intfc0/ddr_phy_top0/u_ddr_mc_phy_wrapper/u_ddr_mc_phy/ddr_phy_4lanes_0.u_ddr_phy_4lanes/ddr_byte_lane_C.ddr_byte_lane_C/phaser_out/OCLK
    PHASER_OUT_PHY_X1Y10 PHASER_OUT_PHY (Prop_phaser_out_phy_OCLK_OCLKDELAYED)
                                                      1.229    10.296 r  i_dram_wrapper/i_dram/u_mig7s_mig/u_memc_ui_top_axi/mem_intfc0/ddr_phy_top0/u_ddr_mc_phy_wrapper/u_ddr_mc_phy/ddr_phy_4lanes_0.u_ddr_phy_4lanes/ddr_byte_lane_C.ddr_byte_lane_C/phaser_out/OCLKDELAYED
  -------------------------------------------------------------------    -------------------
    PHASER_OUT_PHY_X1Y10 PHASER_OUT_PHY (Prop_phaser_out_phy_OCLKDELAYED_DQSBUS[1])
                                                      0.479    10.775 f  i_dram_wrapper/i_dram/u_mig7s_mig/u_memc_ui_top_axi/mem_intfc0/ddr_phy_top0/u_ddr_mc_phy_wrapper/u_ddr_mc_phy/ddr_phy_4lanes_0.u_ddr_phy_4lanes/ddr_byte_lane_C.ddr_byte_lane_C/phaser_out/DQSBUS[1]
                         net (fo=1, routed)           0.283    11.059    i_dram_wrapper/i_dram/u_mig7s_mig/u_memc_ui_top_axi/mem_intfc0/ddr_phy_top0/u_ddr_mc_phy_wrapper/u_ddr_mc_phy/ddr_phy_4lanes_0.u_ddr_phy_4lanes/ddr_byte_lane_C.ddr_byte_lane_C/ddr_byte_group_io/DQSBUS[1]
    OLOGIC_X1Y132        ODDR                                         f  i_dram_wrapper/i_dram/u_mig7s_mig/u_memc_ui_top_axi/mem_intfc0/ddr_phy_top0/u_ddr_mc_phy_wrapper/u_ddr_mc_phy/ddr_phy_4lanes_0.u_ddr_phy_4lanes/ddr_byte_lane_C.ddr_byte_lane_C/ddr_byte_group_io/dqs_gen.oddr_dqs/D2
  -------------------------------------------------------------------    -------------------

                         (clock oserdes_clk_2 fall edge)
                                                      1.875     1.875 f  
    AD12                                              0.000     1.875 f  sys_clk_p (IN)
                         net (fo=0)                   0.000     1.875    sys_clk_p
    AD12                 IBUFDS (Prop_ibufds_I_O)     0.803     2.678 f  i_bufds_sys_clk/O
                         net (fo=1, routed)           2.173     4.851    sys_clk
    BUFGCTRL_X0Y1        BUFG (Prop_bufg_I_O)         0.083     4.934 f  sys_clk_BUFG_inst/O
                         net (fo=63, routed)          1.626     6.560    i_dram_wrapper/i_dram/u_mig7s_mig/u_ddr3_infrastructure/plle2_i_0
    PLLE2_ADV_X1Y1       PLLE2_ADV (Prop_plle2_adv_CLKIN1_CLKOUT1)
                                                      0.073     6.633 f  i_dram_wrapper/i_dram/u_mig7s_mig/u_ddr3_infrastructure/plle2_i/CLKOUT1
                         net (fo=14, routed)          1.070     7.703    i_dram_wrapper/i_dram/u_mig7s_mig/u_memc_ui_top_axi/mem_intfc0/ddr_phy_top0/u_ddr_mc_phy_wrapper/u_ddr_mc_phy/ddr_phy_4lanes_0.u_ddr_phy_4lanes/ddr_byte_lane_C.ddr_byte_lane_C/mem_refclk
    PHASER_OUT_PHY_X1Y10 PHASER_OUT_PHY (Prop_phaser_out_phy_MEMREFCLK_OCLK)
                                                      2.027     9.730 f  i_dram_wrapper/i_dram/u_mig7s_mig/u_memc_ui_top_axi/mem_intfc0/ddr_phy_top0/u_ddr_mc_phy_wrapper/u_ddr_mc_phy/ddr_phy_4lanes_0.u_ddr_phy_4lanes/ddr_byte_lane_C.ddr_byte_lane_C/phaser_out/OCLK
    PHASER_OUT_PHY_X1Y10 PHASER_OUT_PHY (Prop_phaser_out_phy_OCLK_OCLKDELAYED)
                                                      1.191    10.921 r  i_dram_wrapper/i_dram/u_mig7s_mig/u_memc_ui_top_axi/mem_intfc0/ddr_phy_top0/u_ddr_mc_phy_wrapper/u_ddr_mc_phy/ddr_phy_4lanes_0.u_ddr_phy_4lanes/ddr_byte_lane_C.ddr_byte_lane_C/phaser_out/OCLKDELAYED
                         net (fo=2, routed)           0.296    11.217    i_dram_wrapper/i_dram/u_mig7s_mig/u_memc_ui_top_axi/mem_intfc0/ddr_phy_top0/u_ddr_mc_phy_wrapper/u_ddr_mc_phy/ddr_phy_4lanes_0.u_ddr_phy_4lanes/ddr_byte_lane_C.ddr_byte_lane_C/ddr_byte_group_io/oserdes_clk_delayed
    OLOGIC_X1Y132        ODDR                                         r  i_dram_wrapper/i_dram/u_mig7s_mig/u_memc_ui_top_axi/mem_intfc0/ddr_phy_top0/u_ddr_mc_phy_wrapper/u_ddr_mc_phy/ddr_phy_4lanes_0.u_ddr_phy_4lanes/ddr_byte_lane_C.ddr_byte_lane_C/ddr_byte_group_io/dqs_gen.oddr_dqs/C
                         clock pessimism              0.625    11.842    
                         clock uncertainty           -0.047    11.796    
    OLOGIC_X1Y132        ODDR (Setup_oddr_C_D2)      -0.473    11.323    i_dram_wrapper/i_dram/u_mig7s_mig/u_memc_ui_top_axi/mem_intfc0/ddr_phy_top0/u_ddr_mc_phy_wrapper/u_ddr_mc_phy/ddr_phy_4lanes_0.u_ddr_phy_4lanes/ddr_byte_lane_C.ddr_byte_lane_C/ddr_byte_group_io/dqs_gen.oddr_dqs
  -------------------------------------------------------------------
                         required time                         11.323    
                         arrival time                         -11.059    
  -------------------------------------------------------------------
                         slack                                  0.264    

Slack (MET) :             0.269ns  (required time - arrival time)
  Source:                 i_dram_wrapper/i_dram/u_mig7s_mig/u_memc_ui_top_axi/mem_intfc0/ddr_phy_top0/u_ddr_mc_phy_wrapper/u_ddr_mc_phy/ddr_phy_4lanes_0.u_ddr_phy_4lanes/ddr_byte_lane_A.ddr_byte_lane_A/phaser_out/OCLKDELAYED
                            (rising edge-triggered cell PHASER_OUT_PHY clocked by oserdes_clk'  {rise@0.000ns fall@0.625ns period=1.250ns})
  Destination:            i_dram_wrapper/i_dram/u_mig7s_mig/u_memc_ui_top_axi/mem_intfc0/ddr_phy_top0/u_ddr_mc_phy_wrapper/u_ddr_mc_phy/ddr_phy_4lanes_0.u_ddr_phy_4lanes/ddr_byte_lane_A.ddr_byte_lane_A/ddr_byte_group_io/dqs_gen.oddr_dqs/D2
                            (rising edge-triggered cell ODDR clocked by oserdes_clk'  {rise@0.000ns fall@0.625ns period=1.250ns})
  Path Group:             oserdes_clk
  Path Type:              Setup (Max at Slow Process Corner)
  Requirement:            1.250ns  (oserdes_clk fall@1.875ns - oserdes_clk fall@0.625ns)
  Data Path Delay:        0.762ns  (logic 0.479ns (62.843%)  route 0.283ns (37.157%))
  Logic Levels:           0  
  Clock Path Skew:        0.301ns (DCD - SCD + CPR)
    Destination Clock Delay (DCD):    9.347ns = ( 11.222 - 1.875 ) 
    Source Clock Delay      (SCD):    9.671ns = ( 10.296 - 0.625 ) 
    Clock Pessimism Removal (CPR):    0.625ns
  Clock Uncertainty:      0.047ns  ((TSJ^2 + DJ^2)^1/2) / 2 + PE
    Total System Jitter     (TSJ):    0.071ns
    Discrete Jitter          (DJ):    0.061ns
    Phase Error              (PE):    0.000ns

    Location             Delay type                Incr(ns)  Path(ns)    Netlist Resource(s)
  -------------------------------------------------------------------    -------------------
                         (clock oserdes_clk fall edge)
                                                      0.625     0.625 f  
    AD12                                              0.000     0.625 f  sys_clk_p (IN)
                         net (fo=0)                   0.000     0.625    sys_clk_p
    AD12                 IBUFDS (Prop_ibufds_I_O)     0.906     1.531 f  i_bufds_sys_clk/O
                         net (fo=1, routed)           2.299     3.830    sys_clk
    BUFGCTRL_X0Y1        BUFG (Prop_bufg_I_O)         0.093     3.923 f  sys_clk_BUFG_inst/O
                         net (fo=63, routed)          1.787     5.710    i_dram_wrapper/i_dram/u_mig7s_mig/u_ddr3_infrastructure/plle2_i_0
    PLLE2_ADV_X1Y1       PLLE2_ADV (Prop_plle2_adv_CLKIN1_CLKOUT1)
                                                      0.077     5.787 f  i_dram_wrapper/i_dram/u_mig7s_mig/u_ddr3_infrastructure/plle2_i/CLKOUT1
                         net (fo=14, routed)          1.198     6.985    i_dram_wrapper/i_dram/u_mig7s_mig/u_memc_ui_top_axi/mem_intfc0/ddr_phy_top0/u_ddr_mc_phy_wrapper/u_ddr_mc_phy/ddr_phy_4lanes_0.u_ddr_phy_4lanes/ddr_byte_lane_A.ddr_byte_lane_A/mem_refclk
    PHASER_OUT_PHY_X1Y8  PHASER_OUT_PHY (Prop_phaser_out_phy_MEMREFCLK_OCLK)
                                                      2.083     9.068 f  i_dram_wrapper/i_dram/u_mig7s_mig/u_memc_ui_top_axi/mem_intfc0/ddr_phy_top0/u_ddr_mc_phy_wrapper/u_ddr_mc_phy/ddr_phy_4lanes_0.u_ddr_phy_4lanes/ddr_byte_lane_A.ddr_byte_lane_A/phaser_out/OCLK
    PHASER_OUT_PHY_X1Y8  PHASER_OUT_PHY (Prop_phaser_out_phy_OCLK_OCLKDELAYED)
                                                      1.229    10.296 r  i_dram_wrapper/i_dram/u_mig7s_mig/u_memc_ui_top_axi/mem_intfc0/ddr_phy_top0/u_ddr_mc_phy_wrapper/u_ddr_mc_phy/ddr_phy_4lanes_0.u_ddr_phy_4lanes/ddr_byte_lane_A.ddr_byte_lane_A/phaser_out/OCLKDELAYED
  -------------------------------------------------------------------    -------------------
    PHASER_OUT_PHY_X1Y8  PHASER_OUT_PHY (Prop_phaser_out_phy_OCLKDELAYED_DQSBUS[1])
                                                      0.479    10.775 r  i_dram_wrapper/i_dram/u_mig7s_mig/u_memc_ui_top_axi/mem_intfc0/ddr_phy_top0/u_ddr_mc_phy_wrapper/u_ddr_mc_phy/ddr_phy_4lanes_0.u_ddr_phy_4lanes/ddr_byte_lane_A.ddr_byte_lane_A/phaser_out/DQSBUS[1]
                         net (fo=1, routed)           0.283    11.059    i_dram_wrapper/i_dram/u_mig7s_mig/u_memc_ui_top_axi/mem_intfc0/ddr_phy_top0/u_ddr_mc_phy_wrapper/u_ddr_mc_phy/ddr_phy_4lanes_0.u_ddr_phy_4lanes/ddr_byte_lane_A.ddr_byte_lane_A/ddr_byte_group_io/DQSBUS[1]
    OLOGIC_X1Y108        ODDR                                         r  i_dram_wrapper/i_dram/u_mig7s_mig/u_memc_ui_top_axi/mem_intfc0/ddr_phy_top0/u_ddr_mc_phy_wrapper/u_ddr_mc_phy/ddr_phy_4lanes_0.u_ddr_phy_4lanes/ddr_byte_lane_A.ddr_byte_lane_A/ddr_byte_group_io/dqs_gen.oddr_dqs/D2
  -------------------------------------------------------------------    -------------------

                         (clock oserdes_clk fall edge)
                                                      1.875     1.875 f  
    AD12                                              0.000     1.875 f  sys_clk_p (IN)
                         net (fo=0)                   0.000     1.875    sys_clk_p
    AD12                 IBUFDS (Prop_ibufds_I_O)     0.803     2.678 f  i_bufds_sys_clk/O
                         net (fo=1, routed)           2.173     4.851    sys_clk
    BUFGCTRL_X0Y1        BUFG (Prop_bufg_I_O)         0.083     4.934 f  sys_clk_BUFG_inst/O
                         net (fo=63, routed)          1.626     6.560    i_dram_wrapper/i_dram/u_mig7s_mig/u_ddr3_infrastructure/plle2_i_0
    PLLE2_ADV_X1Y1       PLLE2_ADV (Prop_plle2_adv_CLKIN1_CLKOUT1)
                                                      0.073     6.633 f  i_dram_wrapper/i_dram/u_mig7s_mig/u_ddr3_infrastructure/plle2_i/CLKOUT1
                         net (fo=14, routed)          1.070     7.703    i_dram_wrapper/i_dram/u_mig7s_mig/u_memc_ui_top_axi/mem_intfc0/ddr_phy_top0/u_ddr_mc_phy_wrapper/u_ddr_mc_phy/ddr_phy_4lanes_0.u_ddr_phy_4lanes/ddr_byte_lane_A.ddr_byte_lane_A/mem_refclk
    PHASER_OUT_PHY_X1Y8  PHASER_OUT_PHY (Prop_phaser_out_phy_MEMREFCLK_OCLK)
                                                      2.027     9.730 f  i_dram_wrapper/i_dram/u_mig7s_mig/u_memc_ui_top_axi/mem_intfc0/ddr_phy_top0/u_ddr_mc_phy_wrapper/u_ddr_mc_phy/ddr_phy_4lanes_0.u_ddr_phy_4lanes/ddr_byte_lane_A.ddr_byte_lane_A/phaser_out/OCLK
    PHASER_OUT_PHY_X1Y8  PHASER_OUT_PHY (Prop_phaser_out_phy_OCLK_OCLKDELAYED)
                                                      1.191    10.921 r  i_dram_wrapper/i_dram/u_mig7s_mig/u_memc_ui_top_axi/mem_intfc0/ddr_phy_top0/u_ddr_mc_phy_wrapper/u_ddr_mc_phy/ddr_phy_4lanes_0.u_ddr_phy_4lanes/ddr_byte_lane_A.ddr_byte_lane_A/phaser_out/OCLKDELAYED
                         net (fo=2, routed)           0.301    11.222    i_dram_wrapper/i_dram/u_mig7s_mig/u_memc_ui_top_axi/mem_intfc0/ddr_phy_top0/u_ddr_mc_phy_wrapper/u_ddr_mc_phy/ddr_phy_4lanes_0.u_ddr_phy_4lanes/ddr_byte_lane_A.ddr_byte_lane_A/ddr_byte_group_io/oserdes_clk_delayed
    OLOGIC_X1Y108        ODDR                                         r  i_dram_wrapper/i_dram/u_mig7s_mig/u_memc_ui_top_axi/mem_intfc0/ddr_phy_top0/u_ddr_mc_phy_wrapper/u_ddr_mc_phy/ddr_phy_4lanes_0.u_ddr_phy_4lanes/ddr_byte_lane_A.ddr_byte_lane_A/ddr_byte_group_io/dqs_gen.oddr_dqs/C
                         clock pessimism              0.625    11.847    
                         clock uncertainty           -0.047    11.801    
    OLOGIC_X1Y108        ODDR (Setup_oddr_C_D2)      -0.473    11.328    i_dram_wrapper/i_dram/u_mig7s_mig/u_memc_ui_top_axi/mem_intfc0/ddr_phy_top0/u_ddr_mc_phy_wrapper/u_ddr_mc_phy/ddr_phy_4lanes_0.u_ddr_phy_4lanes/ddr_byte_lane_A.ddr_byte_lane_A/ddr_byte_group_io/dqs_gen.oddr_dqs
  -------------------------------------------------------------------
                         required time                         11.328    
                         arrival time                         -11.059    
  -------------------------------------------------------------------
                         slack                                  0.269    

Slack (MET) :             0.269ns  (required time - arrival time)
  Source:                 i_dram_wrapper/i_dram/u_mig7s_mig/u_memc_ui_top_axi/mem_intfc0/ddr_phy_top0/u_ddr_mc_phy_wrapper/u_ddr_mc_phy/ddr_phy_4lanes_0.u_ddr_phy_4lanes/ddr_byte_lane_A.ddr_byte_lane_A/phaser_out/OCLKDELAYED
                            (rising edge-triggered cell PHASER_OUT_PHY clocked by oserdes_clk'  {rise@0.000ns fall@0.625ns period=1.250ns})
  Destination:            i_dram_wrapper/i_dram/u_mig7s_mig/u_memc_ui_top_axi/mem_intfc0/ddr_phy_top0/u_ddr_mc_phy_wrapper/u_ddr_mc_phy/ddr_phy_4lanes_0.u_ddr_phy_4lanes/ddr_byte_lane_A.ddr_byte_lane_A/ddr_byte_group_io/dqs_gen.oddr_dqs/D2
                            (rising edge-triggered cell ODDR clocked by oserdes_clk'  {rise@0.000ns fall@0.625ns period=1.250ns})
  Path Group:             oserdes_clk
  Path Type:              Setup (Max at Slow Process Corner)
  Requirement:            1.250ns  (oserdes_clk fall@1.875ns - oserdes_clk fall@0.625ns)
  Data Path Delay:        0.762ns  (logic 0.479ns (62.843%)  route 0.283ns (37.157%))
  Logic Levels:           0  
  Clock Path Skew:        0.301ns (DCD - SCD + CPR)
    Destination Clock Delay (DCD):    9.347ns = ( 11.222 - 1.875 ) 
    Source Clock Delay      (SCD):    9.671ns = ( 10.296 - 0.625 ) 
    Clock Pessimism Removal (CPR):    0.625ns
  Clock Uncertainty:      0.047ns  ((TSJ^2 + DJ^2)^1/2) / 2 + PE
    Total System Jitter     (TSJ):    0.071ns
    Discrete Jitter          (DJ):    0.061ns
    Phase Error              (PE):    0.000ns

    Location             Delay type                Incr(ns)  Path(ns)    Netlist Resource(s)
  -------------------------------------------------------------------    -------------------
                         (clock oserdes_clk fall edge)
                                                      0.625     0.625 f  
    AD12                                              0.000     0.625 f  sys_clk_p (IN)
                         net (fo=0)                   0.000     0.625    sys_clk_p
    AD12                 IBUFDS (Prop_ibufds_I_O)     0.906     1.531 f  i_bufds_sys_clk/O
                         net (fo=1, routed)           2.299     3.830    sys_clk
    BUFGCTRL_X0Y1        BUFG (Prop_bufg_I_O)         0.093     3.923 f  sys_clk_BUFG_inst/O
                         net (fo=63, routed)          1.787     5.710    i_dram_wrapper/i_dram/u_mig7s_mig/u_ddr3_infrastructure/plle2_i_0
    PLLE2_ADV_X1Y1       PLLE2_ADV (Prop_plle2_adv_CLKIN1_CLKOUT1)
                                                      0.077     5.787 f  i_dram_wrapper/i_dram/u_mig7s_mig/u_ddr3_infrastructure/plle2_i/CLKOUT1
                         net (fo=14, routed)          1.198     6.985    i_dram_wrapper/i_dram/u_mig7s_mig/u_memc_ui_top_axi/mem_intfc0/ddr_phy_top0/u_ddr_mc_phy_wrapper/u_ddr_mc_phy/ddr_phy_4lanes_0.u_ddr_phy_4lanes/ddr_byte_lane_A.ddr_byte_lane_A/mem_refclk
    PHASER_OUT_PHY_X1Y8  PHASER_OUT_PHY (Prop_phaser_out_phy_MEMREFCLK_OCLK)
                                                      2.083     9.068 f  i_dram_wrapper/i_dram/u_mig7s_mig/u_memc_ui_top_axi/mem_intfc0/ddr_phy_top0/u_ddr_mc_phy_wrapper/u_ddr_mc_phy/ddr_phy_4lanes_0.u_ddr_phy_4lanes/ddr_byte_lane_A.ddr_byte_lane_A/phaser_out/OCLK
    PHASER_OUT_PHY_X1Y8  PHASER_OUT_PHY (Prop_phaser_out_phy_OCLK_OCLKDELAYED)
                                                      1.229    10.296 r  i_dram_wrapper/i_dram/u_mig7s_mig/u_memc_ui_top_axi/mem_intfc0/ddr_phy_top0/u_ddr_mc_phy_wrapper/u_ddr_mc_phy/ddr_phy_4lanes_0.u_ddr_phy_4lanes/ddr_byte_lane_A.ddr_byte_lane_A/phaser_out/OCLKDELAYED
  -------------------------------------------------------------------    -------------------
    PHASER_OUT_PHY_X1Y8  PHASER_OUT_PHY (Prop_phaser_out_phy_OCLKDELAYED_DQSBUS[1])
                                                      0.479    10.775 f  i_dram_wrapper/i_dram/u_mig7s_mig/u_memc_ui_top_axi/mem_intfc0/ddr_phy_top0/u_ddr_mc_phy_wrapper/u_ddr_mc_phy/ddr_phy_4lanes_0.u_ddr_phy_4lanes/ddr_byte_lane_A.ddr_byte_lane_A/phaser_out/DQSBUS[1]
                         net (fo=1, routed)           0.283    11.059    i_dram_wrapper/i_dram/u_mig7s_mig/u_memc_ui_top_axi/mem_intfc0/ddr_phy_top0/u_ddr_mc_phy_wrapper/u_ddr_mc_phy/ddr_phy_4lanes_0.u_ddr_phy_4lanes/ddr_byte_lane_A.ddr_byte_lane_A/ddr_byte_group_io/DQSBUS[1]
    OLOGIC_X1Y108        ODDR                                         f  i_dram_wrapper/i_dram/u_mig7s_mig/u_memc_ui_top_axi/mem_intfc0/ddr_phy_top0/u_ddr_mc_phy_wrapper/u_ddr_mc_phy/ddr_phy_4lanes_0.u_ddr_phy_4lanes/ddr_byte_lane_A.ddr_byte_lane_A/ddr_byte_group_io/dqs_gen.oddr_dqs/D2
  -------------------------------------------------------------------    -------------------

                         (clock oserdes_clk fall edge)
                                                      1.875     1.875 f  
    AD12                                              0.000     1.875 f  sys_clk_p (IN)
                         net (fo=0)                   0.000     1.875    sys_clk_p
    AD12                 IBUFDS (Prop_ibufds_I_O)     0.803     2.678 f  i_bufds_sys_clk/O
                         net (fo=1, routed)           2.173     4.851    sys_clk
    BUFGCTRL_X0Y1        BUFG (Prop_bufg_I_O)         0.083     4.934 f  sys_clk_BUFG_inst/O
                         net (fo=63, routed)          1.626     6.560    i_dram_wrapper/i_dram/u_mig7s_mig/u_ddr3_infrastructure/plle2_i_0
    PLLE2_ADV_X1Y1       PLLE2_ADV (Prop_plle2_adv_CLKIN1_CLKOUT1)
                                                      0.073     6.633 f  i_dram_wrapper/i_dram/u_mig7s_mig/u_ddr3_infrastructure/plle2_i/CLKOUT1
                         net (fo=14, routed)          1.070     7.703    i_dram_wrapper/i_dram/u_mig7s_mig/u_memc_ui_top_axi/mem_intfc0/ddr_phy_top0/u_ddr_mc_phy_wrapper/u_ddr_mc_phy/ddr_phy_4lanes_0.u_ddr_phy_4lanes/ddr_byte_lane_A.ddr_byte_lane_A/mem_refclk
    PHASER_OUT_PHY_X1Y8  PHASER_OUT_PHY (Prop_phaser_out_phy_MEMREFCLK_OCLK)
                                                      2.027     9.730 f  i_dram_wrapper/i_dram/u_mig7s_mig/u_memc_ui_top_axi/mem_intfc0/ddr_phy_top0/u_ddr_mc_phy_wrapper/u_ddr_mc_phy/ddr_phy_4lanes_0.u_ddr_phy_4lanes/ddr_byte_lane_A.ddr_byte_lane_A/phaser_out/OCLK
    PHASER_OUT_PHY_X1Y8  PHASER_OUT_PHY (Prop_phaser_out_phy_OCLK_OCLKDELAYED)
                                                      1.191    10.921 r  i_dram_wrapper/i_dram/u_mig7s_mig/u_memc_ui_top_axi/mem_intfc0/ddr_phy_top0/u_ddr_mc_phy_wrapper/u_ddr_mc_phy/ddr_phy_4lanes_0.u_ddr_phy_4lanes/ddr_byte_lane_A.ddr_byte_lane_A/phaser_out/OCLKDELAYED
                         net (fo=2, routed)           0.301    11.222    i_dram_wrapper/i_dram/u_mig7s_mig/u_memc_ui_top_axi/mem_intfc0/ddr_phy_top0/u_ddr_mc_phy_wrapper/u_ddr_mc_phy/ddr_phy_4lanes_0.u_ddr_phy_4lanes/ddr_byte_lane_A.ddr_byte_lane_A/ddr_byte_group_io/oserdes_clk_delayed
    OLOGIC_X1Y108        ODDR                                         r  i_dram_wrapper/i_dram/u_mig7s_mig/u_memc_ui_top_axi/mem_intfc0/ddr_phy_top0/u_ddr_mc_phy_wrapper/u_ddr_mc_phy/ddr_phy_4lanes_0.u_ddr_phy_4lanes/ddr_byte_lane_A.ddr_byte_lane_A/ddr_byte_group_io/dqs_gen.oddr_dqs/C
                         clock pessimism              0.625    11.847    
                         clock uncertainty           -0.047    11.801    
    OLOGIC_X1Y108        ODDR (Setup_oddr_C_D2)      -0.473    11.328    i_dram_wrapper/i_dram/u_mig7s_mig/u_memc_ui_top_axi/mem_intfc0/ddr_phy_top0/u_ddr_mc_phy_wrapper/u_ddr_mc_phy/ddr_phy_4lanes_0.u_ddr_phy_4lanes/ddr_byte_lane_A.ddr_byte_lane_A/ddr_byte_group_io/dqs_gen.oddr_dqs
  -------------------------------------------------------------------
                         required time                         11.328    
                         arrival time                         -11.059    
  -------------------------------------------------------------------
                         slack                                  0.269    

Slack (MET) :             0.276ns  (required time - arrival time)
  Source:                 i_dram_wrapper/i_dram/u_mig7s_mig/u_memc_ui_top_axi/mem_intfc0/ddr_phy_top0/u_ddr_mc_phy_wrapper/u_ddr_mc_phy/ddr_phy_4lanes_0.u_ddr_phy_4lanes/ddr_byte_lane_D.ddr_byte_lane_D/phaser_out/OCLKDELAYED
                            (rising edge-triggered cell PHASER_OUT_PHY clocked by oserdes_clk_3'  {rise@0.000ns fall@0.625ns period=1.250ns})
  Destination:            i_dram_wrapper/i_dram/u_mig7s_mig/u_memc_ui_top_axi/mem_intfc0/ddr_phy_top0/u_ddr_mc_phy_wrapper/u_ddr_mc_phy/ddr_phy_4lanes_0.u_ddr_phy_4lanes/ddr_byte_lane_D.ddr_byte_lane_D/ddr_byte_group_io/dqs_gen.oddr_dqs/D2
                            (rising edge-triggered cell ODDR clocked by oserdes_clk_3'  {rise@0.000ns fall@0.625ns period=1.250ns})
  Path Group:             oserdes_clk_3
  Path Type:              Setup (Max at Slow Process Corner)
  Requirement:            1.250ns  (oserdes_clk_3 fall@1.875ns - oserdes_clk_3 fall@0.625ns)
  Data Path Delay:        0.762ns  (logic 0.479ns (62.843%)  route 0.283ns (37.157%))
  Logic Levels:           0  
  Clock Path Skew:        0.308ns (DCD - SCD + CPR)
    Destination Clock Delay (DCD):    9.345ns = ( 11.220 - 1.875 ) 
    Source Clock Delay      (SCD):    9.661ns = ( 10.286 - 0.625 ) 
    Clock Pessimism Removal (CPR):    0.624ns
  Clock Uncertainty:      0.047ns  ((TSJ^2 + DJ^2)^1/2) / 2 + PE
    Total System Jitter     (TSJ):    0.071ns
    Discrete Jitter          (DJ):    0.061ns
    Phase Error              (PE):    0.000ns

    Location             Delay type                Incr(ns)  Path(ns)    Netlist Resource(s)
  -------------------------------------------------------------------    -------------------
                         (clock oserdes_clk_3 fall edge)
                                                      0.625     0.625 f  
    AD12                                              0.000     0.625 f  sys_clk_p (IN)
                         net (fo=0)                   0.000     0.625    sys_clk_p
    AD12                 IBUFDS (Prop_ibufds_I_O)     0.906     1.531 f  i_bufds_sys_clk/O
                         net (fo=1, routed)           2.299     3.830    sys_clk
    BUFGCTRL_X0Y1        BUFG (Prop_bufg_I_O)         0.093     3.923 f  sys_clk_BUFG_inst/O
                         net (fo=63, routed)          1.787     5.710    i_dram_wrapper/i_dram/u_mig7s_mig/u_ddr3_infrastructure/plle2_i_0
    PLLE2_ADV_X1Y1       PLLE2_ADV (Prop_plle2_adv_CLKIN1_CLKOUT1)
                                                      0.077     5.787 f  i_dram_wrapper/i_dram/u_mig7s_mig/u_ddr3_infrastructure/plle2_i/CLKOUT1
                         net (fo=14, routed)          1.188     6.975    i_dram_wrapper/i_dram/u_mig7s_mig/u_memc_ui_top_axi/mem_intfc0/ddr_phy_top0/u_ddr_mc_phy_wrapper/u_ddr_mc_phy/ddr_phy_4lanes_0.u_ddr_phy_4lanes/ddr_byte_lane_D.ddr_byte_lane_D/mem_refclk
    PHASER_OUT_PHY_X1Y11 PHASER_OUT_PHY (Prop_phaser_out_phy_MEMREFCLK_OCLK)
                                                      2.083     9.058 f  i_dram_wrapper/i_dram/u_mig7s_mig/u_memc_ui_top_axi/mem_intfc0/ddr_phy_top0/u_ddr_mc_phy_wrapper/u_ddr_mc_phy/ddr_phy_4lanes_0.u_ddr_phy_4lanes/ddr_byte_lane_D.ddr_byte_lane_D/phaser_out/OCLK
    PHASER_OUT_PHY_X1Y11 PHASER_OUT_PHY (Prop_phaser_out_phy_OCLK_OCLKDELAYED)
                                                      1.229    10.286 r  i_dram_wrapper/i_dram/u_mig7s_mig/u_memc_ui_top_axi/mem_intfc0/ddr_phy_top0/u_ddr_mc_phy_wrapper/u_ddr_mc_phy/ddr_phy_4lanes_0.u_ddr_phy_4lanes/ddr_byte_lane_D.ddr_byte_lane_D/phaser_out/OCLKDELAYED
  -------------------------------------------------------------------    -------------------
    PHASER_OUT_PHY_X1Y11 PHASER_OUT_PHY (Prop_phaser_out_phy_OCLKDELAYED_DQSBUS[1])
                                                      0.479    10.765 r  i_dram_wrapper/i_dram/u_mig7s_mig/u_memc_ui_top_axi/mem_intfc0/ddr_phy_top0/u_ddr_mc_phy_wrapper/u_ddr_mc_phy/ddr_phy_4lanes_0.u_ddr_phy_4lanes/ddr_byte_lane_D.ddr_byte_lane_D/phaser_out/DQSBUS[1]
                         net (fo=1, routed)           0.283    11.049    i_dram_wrapper/i_dram/u_mig7s_mig/u_memc_ui_top_axi/mem_intfc0/ddr_phy_top0/u_ddr_mc_phy_wrapper/u_ddr_mc_phy/ddr_phy_4lanes_0.u_ddr_phy_4lanes/ddr_byte_lane_D.ddr_byte_lane_D/ddr_byte_group_io/DQSBUS[1]
    OLOGIC_X1Y144        ODDR                                         r  i_dram_wrapper/i_dram/u_mig7s_mig/u_memc_ui_top_axi/mem_intfc0/ddr_phy_top0/u_ddr_mc_phy_wrapper/u_ddr_mc_phy/ddr_phy_4lanes_0.u_ddr_phy_4lanes/ddr_byte_lane_D.ddr_byte_lane_D/ddr_byte_group_io/dqs_gen.oddr_dqs/D2
  -------------------------------------------------------------------    -------------------

                         (clock oserdes_clk_3 fall edge)
                                                      1.875     1.875 f  
    AD12                                              0.000     1.875 f  sys_clk_p (IN)
                         net (fo=0)                   0.000     1.875    sys_clk_p
    AD12                 IBUFDS (Prop_ibufds_I_O)     0.803     2.678 f  i_bufds_sys_clk/O
                         net (fo=1, routed)           2.173     4.851    sys_clk
    BUFGCTRL_X0Y1        BUFG (Prop_bufg_I_O)         0.083     4.934 f  sys_clk_BUFG_inst/O
                         net (fo=63, routed)          1.626     6.560    i_dram_wrapper/i_dram/u_mig7s_mig/u_ddr3_infrastructure/plle2_i_0
    PLLE2_ADV_X1Y1       PLLE2_ADV (Prop_plle2_adv_CLKIN1_CLKOUT1)
                                                      0.073     6.633 f  i_dram_wrapper/i_dram/u_mig7s_mig/u_ddr3_infrastructure/plle2_i/CLKOUT1
                         net (fo=14, routed)          1.061     7.694    i_dram_wrapper/i_dram/u_mig7s_mig/u_memc_ui_top_axi/mem_intfc0/ddr_phy_top0/u_ddr_mc_phy_wrapper/u_ddr_mc_phy/ddr_phy_4lanes_0.u_ddr_phy_4lanes/ddr_byte_lane_D.ddr_byte_lane_D/mem_refclk
    PHASER_OUT_PHY_X1Y11 PHASER_OUT_PHY (Prop_phaser_out_phy_MEMREFCLK_OCLK)
                                                      2.027     9.721 f  i_dram_wrapper/i_dram/u_mig7s_mig/u_memc_ui_top_axi/mem_intfc0/ddr_phy_top0/u_ddr_mc_phy_wrapper/u_ddr_mc_phy/ddr_phy_4lanes_0.u_ddr_phy_4lanes/ddr_byte_lane_D.ddr_byte_lane_D/phaser_out/OCLK
    PHASER_OUT_PHY_X1Y11 PHASER_OUT_PHY (Prop_phaser_out_phy_OCLK_OCLKDELAYED)
                                                      1.191    10.912 r  i_dram_wrapper/i_dram/u_mig7s_mig/u_memc_ui_top_axi/mem_intfc0/ddr_phy_top0/u_ddr_mc_phy_wrapper/u_ddr_mc_phy/ddr_phy_4lanes_0.u_ddr_phy_4lanes/ddr_byte_lane_D.ddr_byte_lane_D/phaser_out/OCLKDELAYED
                         net (fo=2, routed)           0.308    11.220    i_dram_wrapper/i_dram/u_mig7s_mig/u_memc_ui_top_axi/mem_intfc0/ddr_phy_top0/u_ddr_mc_phy_wrapper/u_ddr_mc_phy/ddr_phy_4lanes_0.u_ddr_phy_4lanes/ddr_byte_lane_D.ddr_byte_lane_D/ddr_byte_group_io/oserdes_clk_delayed
    OLOGIC_X1Y144        ODDR                                         r  i_dram_wrapper/i_dram/u_mig7s_mig/u_memc_ui_top_axi/mem_intfc0/ddr_phy_top0/u_ddr_mc_phy_wrapper/u_ddr_mc_phy/ddr_phy_4lanes_0.u_ddr_phy_4lanes/ddr_byte_lane_D.ddr_byte_lane_D/ddr_byte_group_io/dqs_gen.oddr_dqs/C
                         clock pessimism              0.624    11.844    
                         clock uncertainty           -0.047    11.798    
    OLOGIC_X1Y144        ODDR (Setup_oddr_C_D2)      -0.473    11.325    i_dram_wrapper/i_dram/u_mig7s_mig/u_memc_ui_top_axi/mem_intfc0/ddr_phy_top0/u_ddr_mc_phy_wrapper/u_ddr_mc_phy/ddr_phy_4lanes_0.u_ddr_phy_4lanes/ddr_byte_lane_D.ddr_byte_lane_D/ddr_byte_group_io/dqs_gen.oddr_dqs
  -------------------------------------------------------------------
                         required time                         11.325    
                         arrival time                         -11.049    
  -------------------------------------------------------------------
                         slack                                  0.276    

Slack (MET) :             0.276ns  (required time - arrival time)
  Source:                 i_dram_wrapper/i_dram/u_mig7s_mig/u_memc_ui_top_axi/mem_intfc0/ddr_phy_top0/u_ddr_mc_phy_wrapper/u_ddr_mc_phy/ddr_phy_4lanes_0.u_ddr_phy_4lanes/ddr_byte_lane_D.ddr_byte_lane_D/phaser_out/OCLKDELAYED
                            (rising edge-triggered cell PHASER_OUT_PHY clocked by oserdes_clk_3'  {rise@0.000ns fall@0.625ns period=1.250ns})
  Destination:            i_dram_wrapper/i_dram/u_mig7s_mig/u_memc_ui_top_axi/mem_intfc0/ddr_phy_top0/u_ddr_mc_phy_wrapper/u_ddr_mc_phy/ddr_phy_4lanes_0.u_ddr_phy_4lanes/ddr_byte_lane_D.ddr_byte_lane_D/ddr_byte_group_io/dqs_gen.oddr_dqs/D2
                            (rising edge-triggered cell ODDR clocked by oserdes_clk_3'  {rise@0.000ns fall@0.625ns period=1.250ns})
  Path Group:             oserdes_clk_3
  Path Type:              Setup (Max at Slow Process Corner)
  Requirement:            1.250ns  (oserdes_clk_3 fall@1.875ns - oserdes_clk_3 fall@0.625ns)
  Data Path Delay:        0.762ns  (logic 0.479ns (62.843%)  route 0.283ns (37.157%))
  Logic Levels:           0  
  Clock Path Skew:        0.308ns (DCD - SCD + CPR)
    Destination Clock Delay (DCD):    9.345ns = ( 11.220 - 1.875 ) 
    Source Clock Delay      (SCD):    9.661ns = ( 10.286 - 0.625 ) 
    Clock Pessimism Removal (CPR):    0.624ns
  Clock Uncertainty:      0.047ns  ((TSJ^2 + DJ^2)^1/2) / 2 + PE
    Total System Jitter     (TSJ):    0.071ns
    Discrete Jitter          (DJ):    0.061ns
    Phase Error              (PE):    0.000ns

    Location             Delay type                Incr(ns)  Path(ns)    Netlist Resource(s)
  -------------------------------------------------------------------    -------------------
                         (clock oserdes_clk_3 fall edge)
                                                      0.625     0.625 f  
    AD12                                              0.000     0.625 f  sys_clk_p (IN)
                         net (fo=0)                   0.000     0.625    sys_clk_p
    AD12                 IBUFDS (Prop_ibufds_I_O)     0.906     1.531 f  i_bufds_sys_clk/O
                         net (fo=1, routed)           2.299     3.830    sys_clk
    BUFGCTRL_X0Y1        BUFG (Prop_bufg_I_O)         0.093     3.923 f  sys_clk_BUFG_inst/O
                         net (fo=63, routed)          1.787     5.710    i_dram_wrapper/i_dram/u_mig7s_mig/u_ddr3_infrastructure/plle2_i_0
    PLLE2_ADV_X1Y1       PLLE2_ADV (Prop_plle2_adv_CLKIN1_CLKOUT1)
                                                      0.077     5.787 f  i_dram_wrapper/i_dram/u_mig7s_mig/u_ddr3_infrastructure/plle2_i/CLKOUT1
                         net (fo=14, routed)          1.188     6.975    i_dram_wrapper/i_dram/u_mig7s_mig/u_memc_ui_top_axi/mem_intfc0/ddr_phy_top0/u_ddr_mc_phy_wrapper/u_ddr_mc_phy/ddr_phy_4lanes_0.u_ddr_phy_4lanes/ddr_byte_lane_D.ddr_byte_lane_D/mem_refclk
    PHASER_OUT_PHY_X1Y11 PHASER_OUT_PHY (Prop_phaser_out_phy_MEMREFCLK_OCLK)
                                                      2.083     9.058 f  i_dram_wrapper/i_dram/u_mig7s_mig/u_memc_ui_top_axi/mem_intfc0/ddr_phy_top0/u_ddr_mc_phy_wrapper/u_ddr_mc_phy/ddr_phy_4lanes_0.u_ddr_phy_4lanes/ddr_byte_lane_D.ddr_byte_lane_D/phaser_out/OCLK
    PHASER_OUT_PHY_X1Y11 PHASER_OUT_PHY (Prop_phaser_out_phy_OCLK_OCLKDELAYED)
                                                      1.229    10.286 r  i_dram_wrapper/i_dram/u_mig7s_mig/u_memc_ui_top_axi/mem_intfc0/ddr_phy_top0/u_ddr_mc_phy_wrapper/u_ddr_mc_phy/ddr_phy_4lanes_0.u_ddr_phy_4lanes/ddr_byte_lane_D.ddr_byte_lane_D/phaser_out/OCLKDELAYED
  -------------------------------------------------------------------    -------------------
    PHASER_OUT_PHY_X1Y11 PHASER_OUT_PHY (Prop_phaser_out_phy_OCLKDELAYED_DQSBUS[1])
                                                      0.479    10.765 f  i_dram_wrapper/i_dram/u_mig7s_mig/u_memc_ui_top_axi/mem_intfc0/ddr_phy_top0/u_ddr_mc_phy_wrapper/u_ddr_mc_phy/ddr_phy_4lanes_0.u_ddr_phy_4lanes/ddr_byte_lane_D.ddr_byte_lane_D/phaser_out/DQSBUS[1]
                         net (fo=1, routed)           0.283    11.049    i_dram_wrapper/i_dram/u_mig7s_mig/u_memc_ui_top_axi/mem_intfc0/ddr_phy_top0/u_ddr_mc_phy_wrapper/u_ddr_mc_phy/ddr_phy_4lanes_0.u_ddr_phy_4lanes/ddr_byte_lane_D.ddr_byte_lane_D/ddr_byte_group_io/DQSBUS[1]
    OLOGIC_X1Y144        ODDR                                         f  i_dram_wrapper/i_dram/u_mig7s_mig/u_memc_ui_top_axi/mem_intfc0/ddr_phy_top0/u_ddr_mc_phy_wrapper/u_ddr_mc_phy/ddr_phy_4lanes_0.u_ddr_phy_4lanes/ddr_byte_lane_D.ddr_byte_lane_D/ddr_byte_group_io/dqs_gen.oddr_dqs/D2
  -------------------------------------------------------------------    -------------------

                         (clock oserdes_clk_3 fall edge)
                                                      1.875     1.875 f  
    AD12                                              0.000     1.875 f  sys_clk_p (IN)
                         net (fo=0)                   0.000     1.875    sys_clk_p
    AD12                 IBUFDS (Prop_ibufds_I_O)     0.803     2.678 f  i_bufds_sys_clk/O
                         net (fo=1, routed)           2.173     4.851    sys_clk
    BUFGCTRL_X0Y1        BUFG (Prop_bufg_I_O)         0.083     4.934 f  sys_clk_BUFG_inst/O
                         net (fo=63, routed)          1.626     6.560    i_dram_wrapper/i_dram/u_mig7s_mig/u_ddr3_infrastructure/plle2_i_0
    PLLE2_ADV_X1Y1       PLLE2_ADV (Prop_plle2_adv_CLKIN1_CLKOUT1)
                                                      0.073     6.633 f  i_dram_wrapper/i_dram/u_mig7s_mig/u_ddr3_infrastructure/plle2_i/CLKOUT1
                         net (fo=14, routed)          1.061     7.694    i_dram_wrapper/i_dram/u_mig7s_mig/u_memc_ui_top_axi/mem_intfc0/ddr_phy_top0/u_ddr_mc_phy_wrapper/u_ddr_mc_phy/ddr_phy_4lanes_0.u_ddr_phy_4lanes/ddr_byte_lane_D.ddr_byte_lane_D/mem_refclk
    PHASER_OUT_PHY_X1Y11 PHASER_OUT_PHY (Prop_phaser_out_phy_MEMREFCLK_OCLK)
                                                      2.027     9.721 f  i_dram_wrapper/i_dram/u_mig7s_mig/u_memc_ui_top_axi/mem_intfc0/ddr_phy_top0/u_ddr_mc_phy_wrapper/u_ddr_mc_phy/ddr_phy_4lanes_0.u_ddr_phy_4lanes/ddr_byte_lane_D.ddr_byte_lane_D/phaser_out/OCLK
    PHASER_OUT_PHY_X1Y11 PHASER_OUT_PHY (Prop_phaser_out_phy_OCLK_OCLKDELAYED)
                                                      1.191    10.912 r  i_dram_wrapper/i_dram/u_mig7s_mig/u_memc_ui_top_axi/mem_intfc0/ddr_phy_top0/u_ddr_mc_phy_wrapper/u_ddr_mc_phy/ddr_phy_4lanes_0.u_ddr_phy_4lanes/ddr_byte_lane_D.ddr_byte_lane_D/phaser_out/OCLKDELAYED
                         net (fo=2, routed)           0.308    11.220    i_dram_wrapper/i_dram/u_mig7s_mig/u_memc_ui_top_axi/mem_intfc0/ddr_phy_top0/u_ddr_mc_phy_wrapper/u_ddr_mc_phy/ddr_phy_4lanes_0.u_ddr_phy_4lanes/ddr_byte_lane_D.ddr_byte_lane_D/ddr_byte_group_io/oserdes_clk_delayed
    OLOGIC_X1Y144        ODDR                                         r  i_dram_wrapper/i_dram/u_mig7s_mig/u_memc_ui_top_axi/mem_intfc0/ddr_phy_top0/u_ddr_mc_phy_wrapper/u_ddr_mc_phy/ddr_phy_4lanes_0.u_ddr_phy_4lanes/ddr_byte_lane_D.ddr_byte_lane_D/ddr_byte_group_io/dqs_gen.oddr_dqs/C
                         clock pessimism              0.624    11.844    
                         clock uncertainty           -0.047    11.798    
    OLOGIC_X1Y144        ODDR (Setup_oddr_C_D2)      -0.473    11.325    i_dram_wrapper/i_dram/u_mig7s_mig/u_memc_ui_top_axi/mem_intfc0/ddr_phy_top0/u_ddr_mc_phy_wrapper/u_ddr_mc_phy/ddr_phy_4lanes_0.u_ddr_phy_4lanes/ddr_byte_lane_D.ddr_byte_lane_D/ddr_byte_group_io/dqs_gen.oddr_dqs
  -------------------------------------------------------------------
                         required time                         11.325    
                         arrival time                         -11.049    
  -------------------------------------------------------------------
                         slack                                  0.276    

Slack (MET) :             0.309ns  (required time - arrival time)
  Source:                 i_dram_wrapper/i_dram/u_mig7s_mig/u_memc_ui_top_axi/mem_intfc0/ddr_phy_top0/u_ddr_mc_phy_wrapper/u_ddr_mc_phy/ddr_phy_4lanes_0.u_ddr_phy_4lanes/ddr_byte_lane_B.ddr_byte_lane_B/phaser_out/OCLKDELAYED
                            (rising edge-triggered cell PHASER_OUT_PHY clocked by oserdes_clk_1'  {rise@0.000ns fall@0.625ns period=1.250ns})
  Destination:            i_dram_wrapper/i_dram/u_mig7s_mig/u_memc_ui_top_axi/mem_intfc0/ddr_phy_top0/u_ddr_mc_phy_wrapper/u_ddr_mc_phy/ddr_phy_4lanes_0.u_ddr_phy_4lanes/ddr_byte_lane_B.ddr_byte_lane_B/ddr_byte_group_io/dqs_gen.oddr_dqsts/D2
                            (rising edge-triggered cell ODDR clocked by oserdes_clk_1'  {rise@0.000ns fall@0.625ns period=1.250ns})
  Path Group:             oserdes_clk_1
  Path Type:              Setup (Max at Slow Process Corner)
  Requirement:            1.250ns  (oserdes_clk_1 fall@1.875ns - oserdes_clk_1 fall@0.625ns)
  Data Path Delay:        0.750ns  (logic 0.459ns (61.176%)  route 0.291ns (38.824%))
  Logic Levels:           0  
  Clock Path Skew:        0.288ns (DCD - SCD + CPR)
    Destination Clock Delay (DCD):    9.325ns = ( 11.200 - 1.875 ) 
    Source Clock Delay      (SCD):    9.661ns = ( 10.286 - 0.625 ) 
    Clock Pessimism Removal (CPR):    0.624ns
  Clock Uncertainty:      0.047ns  ((TSJ^2 + DJ^2)^1/2) / 2 + PE
    Total System Jitter     (TSJ):    0.071ns
    Discrete Jitter          (DJ):    0.061ns
    Phase Error              (PE):    0.000ns

    Location             Delay type                Incr(ns)  Path(ns)    Netlist Resource(s)
  -------------------------------------------------------------------    -------------------
                         (clock oserdes_clk_1 fall edge)
                                                      0.625     0.625 f  
    AD12                                              0.000     0.625 f  sys_clk_p (IN)
                         net (fo=0)                   0.000     0.625    sys_clk_p
    AD12                 IBUFDS (Prop_ibufds_I_O)     0.906     1.531 f  i_bufds_sys_clk/O
                         net (fo=1, routed)           2.299     3.830    sys_clk
    BUFGCTRL_X0Y1        BUFG (Prop_bufg_I_O)         0.093     3.923 f  sys_clk_BUFG_inst/O
                         net (fo=63, routed)          1.787     5.710    i_dram_wrapper/i_dram/u_mig7s_mig/u_ddr3_infrastructure/plle2_i_0
    PLLE2_ADV_X1Y1       PLLE2_ADV (Prop_plle2_adv_CLKIN1_CLKOUT1)
                                                      0.077     5.787 f  i_dram_wrapper/i_dram/u_mig7s_mig/u_ddr3_infrastructure/plle2_i/CLKOUT1
                         net (fo=14, routed)          1.188     6.975    i_dram_wrapper/i_dram/u_mig7s_mig/u_memc_ui_top_axi/mem_intfc0/ddr_phy_top0/u_ddr_mc_phy_wrapper/u_ddr_mc_phy/ddr_phy_4lanes_0.u_ddr_phy_4lanes/ddr_byte_lane_B.ddr_byte_lane_B/mem_refclk
    PHASER_OUT_PHY_X1Y9  PHASER_OUT_PHY (Prop_phaser_out_phy_MEMREFCLK_OCLK)
                                                      2.083     9.058 f  i_dram_wrapper/i_dram/u_mig7s_mig/u_memc_ui_top_axi/mem_intfc0/ddr_phy_top0/u_ddr_mc_phy_wrapper/u_ddr_mc_phy/ddr_phy_4lanes_0.u_ddr_phy_4lanes/ddr_byte_lane_B.ddr_byte_lane_B/phaser_out/OCLK
    PHASER_OUT_PHY_X1Y9  PHASER_OUT_PHY (Prop_phaser_out_phy_OCLK_OCLKDELAYED)
                                                      1.229    10.286 r  i_dram_wrapper/i_dram/u_mig7s_mig/u_memc_ui_top_axi/mem_intfc0/ddr_phy_top0/u_ddr_mc_phy_wrapper/u_ddr_mc_phy/ddr_phy_4lanes_0.u_ddr_phy_4lanes/ddr_byte_lane_B.ddr_byte_lane_B/phaser_out/OCLKDELAYED
  -------------------------------------------------------------------    -------------------
    PHASER_OUT_PHY_X1Y9  PHASER_OUT_PHY (Prop_phaser_out_phy_OCLKDELAYED_CTSBUS[0])
                                                      0.459    10.745 r  i_dram_wrapper/i_dram/u_mig7s_mig/u_memc_ui_top_axi/mem_intfc0/ddr_phy_top0/u_ddr_mc_phy_wrapper/u_ddr_mc_phy/ddr_phy_4lanes_0.u_ddr_phy_4lanes/ddr_byte_lane_B.ddr_byte_lane_B/phaser_out/CTSBUS[0]
                         net (fo=2, routed)           0.291    11.037    i_dram_wrapper/i_dram/u_mig7s_mig/u_memc_ui_top_axi/mem_intfc0/ddr_phy_top0/u_ddr_mc_phy_wrapper/u_ddr_mc_phy/ddr_phy_4lanes_0.u_ddr_phy_4lanes/ddr_byte_lane_B.ddr_byte_lane_B/ddr_byte_group_io/CTSBUS[0]
    OLOGIC_X1Y120        ODDR                                         r  i_dram_wrapper/i_dram/u_mig7s_mig/u_memc_ui_top_axi/mem_intfc0/ddr_phy_top0/u_ddr_mc_phy_wrapper/u_ddr_mc_phy/ddr_phy_4lanes_0.u_ddr_phy_4lanes/ddr_byte_lane_B.ddr_byte_lane_B/ddr_byte_group_io/dqs_gen.oddr_dqsts/D2
  -------------------------------------------------------------------    -------------------

                         (clock oserdes_clk_1 fall edge)
                                                      1.875     1.875 f  
    AD12                                              0.000     1.875 f  sys_clk_p (IN)
                         net (fo=0)                   0.000     1.875    sys_clk_p
    AD12                 IBUFDS (Prop_ibufds_I_O)     0.803     2.678 f  i_bufds_sys_clk/O
                         net (fo=1, routed)           2.173     4.851    sys_clk
    BUFGCTRL_X0Y1        BUFG (Prop_bufg_I_O)         0.083     4.934 f  sys_clk_BUFG_inst/O
                         net (fo=63, routed)          1.626     6.560    i_dram_wrapper/i_dram/u_mig7s_mig/u_ddr3_infrastructure/plle2_i_0
    PLLE2_ADV_X1Y1       PLLE2_ADV (Prop_plle2_adv_CLKIN1_CLKOUT1)
                                                      0.073     6.633 f  i_dram_wrapper/i_dram/u_mig7s_mig/u_ddr3_infrastructure/plle2_i/CLKOUT1
                         net (fo=14, routed)          1.061     7.694    i_dram_wrapper/i_dram/u_mig7s_mig/u_memc_ui_top_axi/mem_intfc0/ddr_phy_top0/u_ddr_mc_phy_wrapper/u_ddr_mc_phy/ddr_phy_4lanes_0.u_ddr_phy_4lanes/ddr_byte_lane_B.ddr_byte_lane_B/mem_refclk
    PHASER_OUT_PHY_X1Y9  PHASER_OUT_PHY (Prop_phaser_out_phy_MEMREFCLK_OCLK)
                                                      2.027     9.721 f  i_dram_wrapper/i_dram/u_mig7s_mig/u_memc_ui_top_axi/mem_intfc0/ddr_phy_top0/u_ddr_mc_phy_wrapper/u_ddr_mc_phy/ddr_phy_4lanes_0.u_ddr_phy_4lanes/ddr_byte_lane_B.ddr_byte_lane_B/phaser_out/OCLK
    PHASER_OUT_PHY_X1Y9  PHASER_OUT_PHY (Prop_phaser_out_phy_OCLK_OCLKDELAYED)
                                                      1.191    10.912 r  i_dram_wrapper/i_dram/u_mig7s_mig/u_memc_ui_top_axi/mem_intfc0/ddr_phy_top0/u_ddr_mc_phy_wrapper/u_ddr_mc_phy/ddr_phy_4lanes_0.u_ddr_phy_4lanes/ddr_byte_lane_B.ddr_byte_lane_B/phaser_out/OCLKDELAYED
                         net (fo=2, routed)           0.288    11.200    i_dram_wrapper/i_dram/u_mig7s_mig/u_memc_ui_top_axi/mem_intfc0/ddr_phy_top0/u_ddr_mc_phy_wrapper/u_ddr_mc_phy/ddr_phy_4lanes_0.u_ddr_phy_4lanes/ddr_byte_lane_B.ddr_byte_lane_B/ddr_byte_group_io/oserdes_clk_delayed
    OLOGIC_X1Y120        ODDR                                         r  i_dram_wrapper/i_dram/u_mig7s_mig/u_memc_ui_top_axi/mem_intfc0/ddr_phy_top0/u_ddr_mc_phy_wrapper/u_ddr_mc_phy/ddr_phy_4lanes_0.u_ddr_phy_4lanes/ddr_byte_lane_B.ddr_byte_lane_B/ddr_byte_group_io/dqs_gen.oddr_dqsts/C
                         clock pessimism              0.624    11.824    
                         clock uncertainty           -0.047    11.778    
    OLOGIC_X1Y120        ODDR (Setup_oddr_C_D2)      -0.432    11.346    i_dram_wrapper/i_dram/u_mig7s_mig/u_memc_ui_top_axi/mem_intfc0/ddr_phy_top0/u_ddr_mc_phy_wrapper/u_ddr_mc_phy/ddr_phy_4lanes_0.u_ddr_phy_4lanes/ddr_byte_lane_B.ddr_byte_lane_B/ddr_byte_group_io/dqs_gen.oddr_dqsts
  -------------------------------------------------------------------
                         required time                         11.346    
                         arrival time                         -11.037    
  -------------------------------------------------------------------
                         slack                                  0.309    

Slack (MET) :             0.309ns  (required time - arrival time)
  Source:                 i_dram_wrapper/i_dram/u_mig7s_mig/u_memc_ui_top_axi/mem_intfc0/ddr_phy_top0/u_ddr_mc_phy_wrapper/u_ddr_mc_phy/ddr_phy_4lanes_0.u_ddr_phy_4lanes/ddr_byte_lane_B.ddr_byte_lane_B/phaser_out/OCLKDELAYED
                            (rising edge-triggered cell PHASER_OUT_PHY clocked by oserdes_clk_1'  {rise@0.000ns fall@0.625ns period=1.250ns})
  Destination:            i_dram_wrapper/i_dram/u_mig7s_mig/u_memc_ui_top_axi/mem_intfc0/ddr_phy_top0/u_ddr_mc_phy_wrapper/u_ddr_mc_phy/ddr_phy_4lanes_0.u_ddr_phy_4lanes/ddr_byte_lane_B.ddr_byte_lane_B/ddr_byte_group_io/dqs_gen.oddr_dqsts/D2
                            (rising edge-triggered cell ODDR clocked by oserdes_clk_1'  {rise@0.000ns fall@0.625ns period=1.250ns})
  Path Group:             oserdes_clk_1
  Path Type:              Setup (Max at Slow Process Corner)
  Requirement:            1.250ns  (oserdes_clk_1 fall@1.875ns - oserdes_clk_1 fall@0.625ns)
  Data Path Delay:        0.750ns  (logic 0.459ns (61.176%)  route 0.291ns (38.824%))
  Logic Levels:           0  
  Clock Path Skew:        0.288ns (DCD - SCD + CPR)
    Destination Clock Delay (DCD):    9.325ns = ( 11.200 - 1.875 ) 
    Source Clock Delay      (SCD):    9.661ns = ( 10.286 - 0.625 ) 
    Clock Pessimism Removal (CPR):    0.624ns
  Clock Uncertainty:      0.047ns  ((TSJ^2 + DJ^2)^1/2) / 2 + PE
    Total System Jitter     (TSJ):    0.071ns
    Discrete Jitter          (DJ):    0.061ns
    Phase Error              (PE):    0.000ns

    Location             Delay type                Incr(ns)  Path(ns)    Netlist Resource(s)
  -------------------------------------------------------------------    -------------------
                         (clock oserdes_clk_1 fall edge)
                                                      0.625     0.625 f  
    AD12                                              0.000     0.625 f  sys_clk_p (IN)
                         net (fo=0)                   0.000     0.625    sys_clk_p
    AD12                 IBUFDS (Prop_ibufds_I_O)     0.906     1.531 f  i_bufds_sys_clk/O
                         net (fo=1, routed)           2.299     3.830    sys_clk
    BUFGCTRL_X0Y1        BUFG (Prop_bufg_I_O)         0.093     3.923 f  sys_clk_BUFG_inst/O
                         net (fo=63, routed)          1.787     5.710    i_dram_wrapper/i_dram/u_mig7s_mig/u_ddr3_infrastructure/plle2_i_0
    PLLE2_ADV_X1Y1       PLLE2_ADV (Prop_plle2_adv_CLKIN1_CLKOUT1)
                                                      0.077     5.787 f  i_dram_wrapper/i_dram/u_mig7s_mig/u_ddr3_infrastructure/plle2_i/CLKOUT1
                         net (fo=14, routed)          1.188     6.975    i_dram_wrapper/i_dram/u_mig7s_mig/u_memc_ui_top_axi/mem_intfc0/ddr_phy_top0/u_ddr_mc_phy_wrapper/u_ddr_mc_phy/ddr_phy_4lanes_0.u_ddr_phy_4lanes/ddr_byte_lane_B.ddr_byte_lane_B/mem_refclk
    PHASER_OUT_PHY_X1Y9  PHASER_OUT_PHY (Prop_phaser_out_phy_MEMREFCLK_OCLK)
                                                      2.083     9.058 f  i_dram_wrapper/i_dram/u_mig7s_mig/u_memc_ui_top_axi/mem_intfc0/ddr_phy_top0/u_ddr_mc_phy_wrapper/u_ddr_mc_phy/ddr_phy_4lanes_0.u_ddr_phy_4lanes/ddr_byte_lane_B.ddr_byte_lane_B/phaser_out/OCLK
    PHASER_OUT_PHY_X1Y9  PHASER_OUT_PHY (Prop_phaser_out_phy_OCLK_OCLKDELAYED)
                                                      1.229    10.286 r  i_dram_wrapper/i_dram/u_mig7s_mig/u_memc_ui_top_axi/mem_intfc0/ddr_phy_top0/u_ddr_mc_phy_wrapper/u_ddr_mc_phy/ddr_phy_4lanes_0.u_ddr_phy_4lanes/ddr_byte_lane_B.ddr_byte_lane_B/phaser_out/OCLKDELAYED
  -------------------------------------------------------------------    -------------------
    PHASER_OUT_PHY_X1Y9  PHASER_OUT_PHY (Prop_phaser_out_phy_OCLKDELAYED_CTSBUS[0])
                                                      0.459    10.745 f  i_dram_wrapper/i_dram/u_mig7s_mig/u_memc_ui_top_axi/mem_intfc0/ddr_phy_top0/u_ddr_mc_phy_wrapper/u_ddr_mc_phy/ddr_phy_4lanes_0.u_ddr_phy_4lanes/ddr_byte_lane_B.ddr_byte_lane_B/phaser_out/CTSBUS[0]
                         net (fo=2, routed)           0.291    11.037    i_dram_wrapper/i_dram/u_mig7s_mig/u_memc_ui_top_axi/mem_intfc0/ddr_phy_top0/u_ddr_mc_phy_wrapper/u_ddr_mc_phy/ddr_phy_4lanes_0.u_ddr_phy_4lanes/ddr_byte_lane_B.ddr_byte_lane_B/ddr_byte_group_io/CTSBUS[0]
    OLOGIC_X1Y120        ODDR                                         f  i_dram_wrapper/i_dram/u_mig7s_mig/u_memc_ui_top_axi/mem_intfc0/ddr_phy_top0/u_ddr_mc_phy_wrapper/u_ddr_mc_phy/ddr_phy_4lanes_0.u_ddr_phy_4lanes/ddr_byte_lane_B.ddr_byte_lane_B/ddr_byte_group_io/dqs_gen.oddr_dqsts/D2
  -------------------------------------------------------------------    -------------------

                         (clock oserdes_clk_1 fall edge)
                                                      1.875     1.875 f  
    AD12                                              0.000     1.875 f  sys_clk_p (IN)
                         net (fo=0)                   0.000     1.875    sys_clk_p
    AD12                 IBUFDS (Prop_ibufds_I_O)     0.803     2.678 f  i_bufds_sys_clk/O
                         net (fo=1, routed)           2.173     4.851    sys_clk
    BUFGCTRL_X0Y1        BUFG (Prop_bufg_I_O)         0.083     4.934 f  sys_clk_BUFG_inst/O
                         net (fo=63, routed)          1.626     6.560    i_dram_wrapper/i_dram/u_mig7s_mig/u_ddr3_infrastructure/plle2_i_0
    PLLE2_ADV_X1Y1       PLLE2_ADV (Prop_plle2_adv_CLKIN1_CLKOUT1)
                                                      0.073     6.633 f  i_dram_wrapper/i_dram/u_mig7s_mig/u_ddr3_infrastructure/plle2_i/CLKOUT1
                         net (fo=14, routed)          1.061     7.694    i_dram_wrapper/i_dram/u_mig7s_mig/u_memc_ui_top_axi/mem_intfc0/ddr_phy_top0/u_ddr_mc_phy_wrapper/u_ddr_mc_phy/ddr_phy_4lanes_0.u_ddr_phy_4lanes/ddr_byte_lane_B.ddr_byte_lane_B/mem_refclk
    PHASER_OUT_PHY_X1Y9  PHASER_OUT_PHY (Prop_phaser_out_phy_MEMREFCLK_OCLK)
                                                      2.027     9.721 f  i_dram_wrapper/i_dram/u_mig7s_mig/u_memc_ui_top_axi/mem_intfc0/ddr_phy_top0/u_ddr_mc_phy_wrapper/u_ddr_mc_phy/ddr_phy_4lanes_0.u_ddr_phy_4lanes/ddr_byte_lane_B.ddr_byte_lane_B/phaser_out/OCLK
    PHASER_OUT_PHY_X1Y9  PHASER_OUT_PHY (Prop_phaser_out_phy_OCLK_OCLKDELAYED)
                                                      1.191    10.912 r  i_dram_wrapper/i_dram/u_mig7s_mig/u_memc_ui_top_axi/mem_intfc0/ddr_phy_top0/u_ddr_mc_phy_wrapper/u_ddr_mc_phy/ddr_phy_4lanes_0.u_ddr_phy_4lanes/ddr_byte_lane_B.ddr_byte_lane_B/phaser_out/OCLKDELAYED
                         net (fo=2, routed)           0.288    11.200    i_dram_wrapper/i_dram/u_mig7s_mig/u_memc_ui_top_axi/mem_intfc0/ddr_phy_top0/u_ddr_mc_phy_wrapper/u_ddr_mc_phy/ddr_phy_4lanes_0.u_ddr_phy_4lanes/ddr_byte_lane_B.ddr_byte_lane_B/ddr_byte_group_io/oserdes_clk_delayed
    OLOGIC_X1Y120        ODDR                                         r  i_dram_wrapper/i_dram/u_mig7s_mig/u_memc_ui_top_axi/mem_intfc0/ddr_phy_top0/u_ddr_mc_phy_wrapper/u_ddr_mc_phy/ddr_phy_4lanes_0.u_ddr_phy_4lanes/ddr_byte_lane_B.ddr_byte_lane_B/ddr_byte_group_io/dqs_gen.oddr_dqsts/C
                         clock pessimism              0.624    11.824    
                         clock uncertainty           -0.047    11.778    
    OLOGIC_X1Y120        ODDR (Setup_oddr_C_D2)      -0.432    11.346    i_dram_wrapper/i_dram/u_mig7s_mig/u_memc_ui_top_axi/mem_intfc0/ddr_phy_top0/u_ddr_mc_phy_wrapper/u_ddr_mc_phy/ddr_phy_4lanes_0.u_ddr_phy_4lanes/ddr_byte_lane_B.ddr_byte_lane_B/ddr_byte_group_io/dqs_gen.oddr_dqsts
  -------------------------------------------------------------------
                         required time                         11.346    
                         arrival time                         -11.037    
  -------------------------------------------------------------------
                         slack                                  0.309    

Slack (MET) :             0.317ns  (required time - arrival time)
  Source:                 i_dram_wrapper/i_dram/u_mig7s_mig/u_memc_ui_top_axi/mem_intfc0/ddr_phy_top0/u_ddr_mc_phy_wrapper/u_ddr_mc_phy/ddr_phy_4lanes_0.u_ddr_phy_4lanes/ddr_byte_lane_C.ddr_byte_lane_C/phaser_out/OCLKDELAYED
                            (rising edge-triggered cell PHASER_OUT_PHY clocked by oserdes_clk_2'  {rise@0.000ns fall@0.625ns period=1.250ns})
  Destination:            i_dram_wrapper/i_dram/u_mig7s_mig/u_memc_ui_top_axi/mem_intfc0/ddr_phy_top0/u_ddr_mc_phy_wrapper/u_ddr_mc_phy/ddr_phy_4lanes_0.u_ddr_phy_4lanes/ddr_byte_lane_C.ddr_byte_lane_C/ddr_byte_group_io/dqs_gen.oddr_dqsts/D2
                            (rising edge-triggered cell ODDR clocked by oserdes_clk_2'  {rise@0.000ns fall@0.625ns period=1.250ns})
  Path Group:             oserdes_clk_2
  Path Type:              Setup (Max at Slow Process Corner)
  Requirement:            1.250ns  (oserdes_clk_2 fall@1.875ns - oserdes_clk_2 fall@0.625ns)
  Data Path Delay:        0.750ns  (logic 0.459ns (61.176%)  route 0.291ns (38.824%))
  Logic Levels:           0  
  Clock Path Skew:        0.296ns (DCD - SCD + CPR)
    Destination Clock Delay (DCD):    9.342ns = ( 11.217 - 1.875 ) 
    Source Clock Delay      (SCD):    9.671ns = ( 10.296 - 0.625 ) 
    Clock Pessimism Removal (CPR):    0.625ns
  Clock Uncertainty:      0.047ns  ((TSJ^2 + DJ^2)^1/2) / 2 + PE
    Total System Jitter     (TSJ):    0.071ns
    Discrete Jitter          (DJ):    0.061ns
    Phase Error              (PE):    0.000ns

    Location             Delay type                Incr(ns)  Path(ns)    Netlist Resource(s)
  -------------------------------------------------------------------    -------------------
                         (clock oserdes_clk_2 fall edge)
                                                      0.625     0.625 f  
    AD12                                              0.000     0.625 f  sys_clk_p (IN)
                         net (fo=0)                   0.000     0.625    sys_clk_p
    AD12                 IBUFDS (Prop_ibufds_I_O)     0.906     1.531 f  i_bufds_sys_clk/O
                         net (fo=1, routed)           2.299     3.830    sys_clk
    BUFGCTRL_X0Y1        BUFG (Prop_bufg_I_O)         0.093     3.923 f  sys_clk_BUFG_inst/O
                         net (fo=63, routed)          1.787     5.710    i_dram_wrapper/i_dram/u_mig7s_mig/u_ddr3_infrastructure/plle2_i_0
    PLLE2_ADV_X1Y1       PLLE2_ADV (Prop_plle2_adv_CLKIN1_CLKOUT1)
                                                      0.077     5.787 f  i_dram_wrapper/i_dram/u_mig7s_mig/u_ddr3_infrastructure/plle2_i/CLKOUT1
                         net (fo=14, routed)          1.198     6.985    i_dram_wrapper/i_dram/u_mig7s_mig/u_memc_ui_top_axi/mem_intfc0/ddr_phy_top0/u_ddr_mc_phy_wrapper/u_ddr_mc_phy/ddr_phy_4lanes_0.u_ddr_phy_4lanes/ddr_byte_lane_C.ddr_byte_lane_C/mem_refclk
    PHASER_OUT_PHY_X1Y10 PHASER_OUT_PHY (Prop_phaser_out_phy_MEMREFCLK_OCLK)
                                                      2.083     9.068 f  i_dram_wrapper/i_dram/u_mig7s_mig/u_memc_ui_top_axi/mem_intfc0/ddr_phy_top0/u_ddr_mc_phy_wrapper/u_ddr_mc_phy/ddr_phy_4lanes_0.u_ddr_phy_4lanes/ddr_byte_lane_C.ddr_byte_lane_C/phaser_out/OCLK
    PHASER_OUT_PHY_X1Y10 PHASER_OUT_PHY (Prop_phaser_out_phy_OCLK_OCLKDELAYED)
                                                      1.229    10.296 r  i_dram_wrapper/i_dram/u_mig7s_mig/u_memc_ui_top_axi/mem_intfc0/ddr_phy_top0/u_ddr_mc_phy_wrapper/u_ddr_mc_phy/ddr_phy_4lanes_0.u_ddr_phy_4lanes/ddr_byte_lane_C.ddr_byte_lane_C/phaser_out/OCLKDELAYED
  -------------------------------------------------------------------    -------------------
    PHASER_OUT_PHY_X1Y10 PHASER_OUT_PHY (Prop_phaser_out_phy_OCLKDELAYED_CTSBUS[0])
                                                      0.459    10.755 r  i_dram_wrapper/i_dram/u_mig7s_mig/u_memc_ui_top_axi/mem_intfc0/ddr_phy_top0/u_ddr_mc_phy_wrapper/u_ddr_mc_phy/ddr_phy_4lanes_0.u_ddr_phy_4lanes/ddr_byte_lane_C.ddr_byte_lane_C/phaser_out/CTSBUS[0]
                         net (fo=2, routed)           0.291    11.047    i_dram_wrapper/i_dram/u_mig7s_mig/u_memc_ui_top_axi/mem_intfc0/ddr_phy_top0/u_ddr_mc_phy_wrapper/u_ddr_mc_phy/ddr_phy_4lanes_0.u_ddr_phy_4lanes/ddr_byte_lane_C.ddr_byte_lane_C/ddr_byte_group_io/CTSBUS[0]
    OLOGIC_X1Y132        ODDR                                         r  i_dram_wrapper/i_dram/u_mig7s_mig/u_memc_ui_top_axi/mem_intfc0/ddr_phy_top0/u_ddr_mc_phy_wrapper/u_ddr_mc_phy/ddr_phy_4lanes_0.u_ddr_phy_4lanes/ddr_byte_lane_C.ddr_byte_lane_C/ddr_byte_group_io/dqs_gen.oddr_dqsts/D2
  -------------------------------------------------------------------    -------------------

                         (clock oserdes_clk_2 fall edge)
                                                      1.875     1.875 f  
    AD12                                              0.000     1.875 f  sys_clk_p (IN)
                         net (fo=0)                   0.000     1.875    sys_clk_p
    AD12                 IBUFDS (Prop_ibufds_I_O)     0.803     2.678 f  i_bufds_sys_clk/O
                         net (fo=1, routed)           2.173     4.851    sys_clk
    BUFGCTRL_X0Y1        BUFG (Prop_bufg_I_O)         0.083     4.934 f  sys_clk_BUFG_inst/O
                         net (fo=63, routed)          1.626     6.560    i_dram_wrapper/i_dram/u_mig7s_mig/u_ddr3_infrastructure/plle2_i_0
    PLLE2_ADV_X1Y1       PLLE2_ADV (Prop_plle2_adv_CLKIN1_CLKOUT1)
                                                      0.073     6.633 f  i_dram_wrapper/i_dram/u_mig7s_mig/u_ddr3_infrastructure/plle2_i/CLKOUT1
                         net (fo=14, routed)          1.070     7.703    i_dram_wrapper/i_dram/u_mig7s_mig/u_memc_ui_top_axi/mem_intfc0/ddr_phy_top0/u_ddr_mc_phy_wrapper/u_ddr_mc_phy/ddr_phy_4lanes_0.u_ddr_phy_4lanes/ddr_byte_lane_C.ddr_byte_lane_C/mem_refclk
    PHASER_OUT_PHY_X1Y10 PHASER_OUT_PHY (Prop_phaser_out_phy_MEMREFCLK_OCLK)
                                                      2.027     9.730 f  i_dram_wrapper/i_dram/u_mig7s_mig/u_memc_ui_top_axi/mem_intfc0/ddr_phy_top0/u_ddr_mc_phy_wrapper/u_ddr_mc_phy/ddr_phy_4lanes_0.u_ddr_phy_4lanes/ddr_byte_lane_C.ddr_byte_lane_C/phaser_out/OCLK
    PHASER_OUT_PHY_X1Y10 PHASER_OUT_PHY (Prop_phaser_out_phy_OCLK_OCLKDELAYED)
                                                      1.191    10.921 r  i_dram_wrapper/i_dram/u_mig7s_mig/u_memc_ui_top_axi/mem_intfc0/ddr_phy_top0/u_ddr_mc_phy_wrapper/u_ddr_mc_phy/ddr_phy_4lanes_0.u_ddr_phy_4lanes/ddr_byte_lane_C.ddr_byte_lane_C/phaser_out/OCLKDELAYED
                         net (fo=2, routed)           0.296    11.217    i_dram_wrapper/i_dram/u_mig7s_mig/u_memc_ui_top_axi/mem_intfc0/ddr_phy_top0/u_ddr_mc_phy_wrapper/u_ddr_mc_phy/ddr_phy_4lanes_0.u_ddr_phy_4lanes/ddr_byte_lane_C.ddr_byte_lane_C/ddr_byte_group_io/oserdes_clk_delayed
    OLOGIC_X1Y132        ODDR                                         r  i_dram_wrapper/i_dram/u_mig7s_mig/u_memc_ui_top_axi/mem_intfc0/ddr_phy_top0/u_ddr_mc_phy_wrapper/u_ddr_mc_phy/ddr_phy_4lanes_0.u_ddr_phy_4lanes/ddr_byte_lane_C.ddr_byte_lane_C/ddr_byte_group_io/dqs_gen.oddr_dqsts/C
                         clock pessimism              0.625    11.842    
                         clock uncertainty           -0.047    11.796    
    OLOGIC_X1Y132        ODDR (Setup_oddr_C_D2)      -0.432    11.364    i_dram_wrapper/i_dram/u_mig7s_mig/u_memc_ui_top_axi/mem_intfc0/ddr_phy_top0/u_ddr_mc_phy_wrapper/u_ddr_mc_phy/ddr_phy_4lanes_0.u_ddr_phy_4lanes/ddr_byte_lane_C.ddr_byte_lane_C/ddr_byte_group_io/dqs_gen.oddr_dqsts
  -------------------------------------------------------------------
                         required time                         11.364    
                         arrival time                         -11.047    
  -------------------------------------------------------------------
                         slack                                  0.317    

Slack (MET) :             0.317ns  (required time - arrival time)
  Source:                 i_dram_wrapper/i_dram/u_mig7s_mig/u_memc_ui_top_axi/mem_intfc0/ddr_phy_top0/u_ddr_mc_phy_wrapper/u_ddr_mc_phy/ddr_phy_4lanes_0.u_ddr_phy_4lanes/ddr_byte_lane_C.ddr_byte_lane_C/phaser_out/OCLKDELAYED
                            (rising edge-triggered cell PHASER_OUT_PHY clocked by oserdes_clk_2'  {rise@0.000ns fall@0.625ns period=1.250ns})
  Destination:            i_dram_wrapper/i_dram/u_mig7s_mig/u_memc_ui_top_axi/mem_intfc0/ddr_phy_top0/u_ddr_mc_phy_wrapper/u_ddr_mc_phy/ddr_phy_4lanes_0.u_ddr_phy_4lanes/ddr_byte_lane_C.ddr_byte_lane_C/ddr_byte_group_io/dqs_gen.oddr_dqsts/D2
                            (rising edge-triggered cell ODDR clocked by oserdes_clk_2'  {rise@0.000ns fall@0.625ns period=1.250ns})
  Path Group:             oserdes_clk_2
  Path Type:              Setup (Max at Slow Process Corner)
  Requirement:            1.250ns  (oserdes_clk_2 fall@1.875ns - oserdes_clk_2 fall@0.625ns)
  Data Path Delay:        0.750ns  (logic 0.459ns (61.176%)  route 0.291ns (38.824%))
  Logic Levels:           0  
  Clock Path Skew:        0.296ns (DCD - SCD + CPR)
    Destination Clock Delay (DCD):    9.342ns = ( 11.217 - 1.875 ) 
    Source Clock Delay      (SCD):    9.671ns = ( 10.296 - 0.625 ) 
    Clock Pessimism Removal (CPR):    0.625ns
  Clock Uncertainty:      0.047ns  ((TSJ^2 + DJ^2)^1/2) / 2 + PE
    Total System Jitter     (TSJ):    0.071ns
    Discrete Jitter          (DJ):    0.061ns
    Phase Error              (PE):    0.000ns

    Location             Delay type                Incr(ns)  Path(ns)    Netlist Resource(s)
  -------------------------------------------------------------------    -------------------
                         (clock oserdes_clk_2 fall edge)
                                                      0.625     0.625 f  
    AD12                                              0.000     0.625 f  sys_clk_p (IN)
                         net (fo=0)                   0.000     0.625    sys_clk_p
    AD12                 IBUFDS (Prop_ibufds_I_O)     0.906     1.531 f  i_bufds_sys_clk/O
                         net (fo=1, routed)           2.299     3.830    sys_clk
    BUFGCTRL_X0Y1        BUFG (Prop_bufg_I_O)         0.093     3.923 f  sys_clk_BUFG_inst/O
                         net (fo=63, routed)          1.787     5.710    i_dram_wrapper/i_dram/u_mig7s_mig/u_ddr3_infrastructure/plle2_i_0
    PLLE2_ADV_X1Y1       PLLE2_ADV (Prop_plle2_adv_CLKIN1_CLKOUT1)
                                                      0.077     5.787 f  i_dram_wrapper/i_dram/u_mig7s_mig/u_ddr3_infrastructure/plle2_i/CLKOUT1
                         net (fo=14, routed)          1.198     6.985    i_dram_wrapper/i_dram/u_mig7s_mig/u_memc_ui_top_axi/mem_intfc0/ddr_phy_top0/u_ddr_mc_phy_wrapper/u_ddr_mc_phy/ddr_phy_4lanes_0.u_ddr_phy_4lanes/ddr_byte_lane_C.ddr_byte_lane_C/mem_refclk
    PHASER_OUT_PHY_X1Y10 PHASER_OUT_PHY (Prop_phaser_out_phy_MEMREFCLK_OCLK)
                                                      2.083     9.068 f  i_dram_wrapper/i_dram/u_mig7s_mig/u_memc_ui_top_axi/mem_intfc0/ddr_phy_top0/u_ddr_mc_phy_wrapper/u_ddr_mc_phy/ddr_phy_4lanes_0.u_ddr_phy_4lanes/ddr_byte_lane_C.ddr_byte_lane_C/phaser_out/OCLK
    PHASER_OUT_PHY_X1Y10 PHASER_OUT_PHY (Prop_phaser_out_phy_OCLK_OCLKDELAYED)
                                                      1.229    10.296 r  i_dram_wrapper/i_dram/u_mig7s_mig/u_memc_ui_top_axi/mem_intfc0/ddr_phy_top0/u_ddr_mc_phy_wrapper/u_ddr_mc_phy/ddr_phy_4lanes_0.u_ddr_phy_4lanes/ddr_byte_lane_C.ddr_byte_lane_C/phaser_out/OCLKDELAYED
  -------------------------------------------------------------------    -------------------
    PHASER_OUT_PHY_X1Y10 PHASER_OUT_PHY (Prop_phaser_out_phy_OCLKDELAYED_CTSBUS[0])
                                                      0.459    10.755 f  i_dram_wrapper/i_dram/u_mig7s_mig/u_memc_ui_top_axi/mem_intfc0/ddr_phy_top0/u_ddr_mc_phy_wrapper/u_ddr_mc_phy/ddr_phy_4lanes_0.u_ddr_phy_4lanes/ddr_byte_lane_C.ddr_byte_lane_C/phaser_out/CTSBUS[0]
                         net (fo=2, routed)           0.291    11.047    i_dram_wrapper/i_dram/u_mig7s_mig/u_memc_ui_top_axi/mem_intfc0/ddr_phy_top0/u_ddr_mc_phy_wrapper/u_ddr_mc_phy/ddr_phy_4lanes_0.u_ddr_phy_4lanes/ddr_byte_lane_C.ddr_byte_lane_C/ddr_byte_group_io/CTSBUS[0]
    OLOGIC_X1Y132        ODDR                                         f  i_dram_wrapper/i_dram/u_mig7s_mig/u_memc_ui_top_axi/mem_intfc0/ddr_phy_top0/u_ddr_mc_phy_wrapper/u_ddr_mc_phy/ddr_phy_4lanes_0.u_ddr_phy_4lanes/ddr_byte_lane_C.ddr_byte_lane_C/ddr_byte_group_io/dqs_gen.oddr_dqsts/D2
  -------------------------------------------------------------------    -------------------

                         (clock oserdes_clk_2 fall edge)
                                                      1.875     1.875 f  
    AD12                                              0.000     1.875 f  sys_clk_p (IN)
                         net (fo=0)                   0.000     1.875    sys_clk_p
    AD12                 IBUFDS (Prop_ibufds_I_O)     0.803     2.678 f  i_bufds_sys_clk/O
                         net (fo=1, routed)           2.173     4.851    sys_clk
    BUFGCTRL_X0Y1        BUFG (Prop_bufg_I_O)         0.083     4.934 f  sys_clk_BUFG_inst/O
                         net (fo=63, routed)          1.626     6.560    i_dram_wrapper/i_dram/u_mig7s_mig/u_ddr3_infrastructure/plle2_i_0
    PLLE2_ADV_X1Y1       PLLE2_ADV (Prop_plle2_adv_CLKIN1_CLKOUT1)
                                                      0.073     6.633 f  i_dram_wrapper/i_dram/u_mig7s_mig/u_ddr3_infrastructure/plle2_i/CLKOUT1
                         net (fo=14, routed)          1.070     7.703    i_dram_wrapper/i_dram/u_mig7s_mig/u_memc_ui_top_axi/mem_intfc0/ddr_phy_top0/u_ddr_mc_phy_wrapper/u_ddr_mc_phy/ddr_phy_4lanes_0.u_ddr_phy_4lanes/ddr_byte_lane_C.ddr_byte_lane_C/mem_refclk
    PHASER_OUT_PHY_X1Y10 PHASER_OUT_PHY (Prop_phaser_out_phy_MEMREFCLK_OCLK)
                                                      2.027     9.730 f  i_dram_wrapper/i_dram/u_mig7s_mig/u_memc_ui_top_axi/mem_intfc0/ddr_phy_top0/u_ddr_mc_phy_wrapper/u_ddr_mc_phy/ddr_phy_4lanes_0.u_ddr_phy_4lanes/ddr_byte_lane_C.ddr_byte_lane_C/phaser_out/OCLK
    PHASER_OUT_PHY_X1Y10 PHASER_OUT_PHY (Prop_phaser_out_phy_OCLK_OCLKDELAYED)
                                                      1.191    10.921 r  i_dram_wrapper/i_dram/u_mig7s_mig/u_memc_ui_top_axi/mem_intfc0/ddr_phy_top0/u_ddr_mc_phy_wrapper/u_ddr_mc_phy/ddr_phy_4lanes_0.u_ddr_phy_4lanes/ddr_byte_lane_C.ddr_byte_lane_C/phaser_out/OCLKDELAYED
                         net (fo=2, routed)           0.296    11.217    i_dram_wrapper/i_dram/u_mig7s_mig/u_memc_ui_top_axi/mem_intfc0/ddr_phy_top0/u_ddr_mc_phy_wrapper/u_ddr_mc_phy/ddr_phy_4lanes_0.u_ddr_phy_4lanes/ddr_byte_lane_C.ddr_byte_lane_C/ddr_byte_group_io/oserdes_clk_delayed
    OLOGIC_X1Y132        ODDR                                         r  i_dram_wrapper/i_dram/u_mig7s_mig/u_memc_ui_top_axi/mem_intfc0/ddr_phy_top0/u_ddr_mc_phy_wrapper/u_ddr_mc_phy/ddr_phy_4lanes_0.u_ddr_phy_4lanes/ddr_byte_lane_C.ddr_byte_lane_C/ddr_byte_group_io/dqs_gen.oddr_dqsts/C
                         clock pessimism              0.625    11.842    
                         clock uncertainty           -0.047    11.796    
    OLOGIC_X1Y132        ODDR (Setup_oddr_C_D2)      -0.432    11.364    i_dram_wrapper/i_dram/u_mig7s_mig/u_memc_ui_top_axi/mem_intfc0/ddr_phy_top0/u_ddr_mc_phy_wrapper/u_ddr_mc_phy/ddr_phy_4lanes_0.u_ddr_phy_4lanes/ddr_byte_lane_C.ddr_byte_lane_C/ddr_byte_group_io/dqs_gen.oddr_dqsts
  -------------------------------------------------------------------
                         required time                         11.364    
                         arrival time                         -11.047    
  -------------------------------------------------------------------
                         slack                                  0.317    

Slack (MET) :             0.322ns  (required time - arrival time)
  Source:                 i_dram_wrapper/i_dram/u_mig7s_mig/u_memc_ui_top_axi/mem_intfc0/ddr_phy_top0/u_ddr_mc_phy_wrapper/u_ddr_mc_phy/ddr_phy_4lanes_0.u_ddr_phy_4lanes/ddr_byte_lane_A.ddr_byte_lane_A/phaser_out/OCLKDELAYED
                            (rising edge-triggered cell PHASER_OUT_PHY clocked by oserdes_clk'  {rise@0.000ns fall@0.625ns period=1.250ns})
  Destination:            i_dram_wrapper/i_dram/u_mig7s_mig/u_memc_ui_top_axi/mem_intfc0/ddr_phy_top0/u_ddr_mc_phy_wrapper/u_ddr_mc_phy/ddr_phy_4lanes_0.u_ddr_phy_4lanes/ddr_byte_lane_A.ddr_byte_lane_A/ddr_byte_group_io/dqs_gen.oddr_dqsts/D2
                            (rising edge-triggered cell ODDR clocked by oserdes_clk'  {rise@0.000ns fall@0.625ns period=1.250ns})
  Path Group:             oserdes_clk
  Path Type:              Setup (Max at Slow Process Corner)
  Requirement:            1.250ns  (oserdes_clk fall@1.875ns - oserdes_clk fall@0.625ns)
  Data Path Delay:        0.750ns  (logic 0.459ns (61.176%)  route 0.291ns (38.824%))
  Logic Levels:           0  
  Clock Path Skew:        0.301ns (DCD - SCD + CPR)
    Destination Clock Delay (DCD):    9.347ns = ( 11.222 - 1.875 ) 
    Source Clock Delay      (SCD):    9.671ns = ( 10.296 - 0.625 ) 
    Clock Pessimism Removal (CPR):    0.625ns
  Clock Uncertainty:      0.047ns  ((TSJ^2 + DJ^2)^1/2) / 2 + PE
    Total System Jitter     (TSJ):    0.071ns
    Discrete Jitter          (DJ):    0.061ns
    Phase Error              (PE):    0.000ns

    Location             Delay type                Incr(ns)  Path(ns)    Netlist Resource(s)
  -------------------------------------------------------------------    -------------------
                         (clock oserdes_clk fall edge)
                                                      0.625     0.625 f  
    AD12                                              0.000     0.625 f  sys_clk_p (IN)
                         net (fo=0)                   0.000     0.625    sys_clk_p
    AD12                 IBUFDS (Prop_ibufds_I_O)     0.906     1.531 f  i_bufds_sys_clk/O
                         net (fo=1, routed)           2.299     3.830    sys_clk
    BUFGCTRL_X0Y1        BUFG (Prop_bufg_I_O)         0.093     3.923 f  sys_clk_BUFG_inst/O
                         net (fo=63, routed)          1.787     5.710    i_dram_wrapper/i_dram/u_mig7s_mig/u_ddr3_infrastructure/plle2_i_0
    PLLE2_ADV_X1Y1       PLLE2_ADV (Prop_plle2_adv_CLKIN1_CLKOUT1)
                                                      0.077     5.787 f  i_dram_wrapper/i_dram/u_mig7s_mig/u_ddr3_infrastructure/plle2_i/CLKOUT1
                         net (fo=14, routed)          1.198     6.985    i_dram_wrapper/i_dram/u_mig7s_mig/u_memc_ui_top_axi/mem_intfc0/ddr_phy_top0/u_ddr_mc_phy_wrapper/u_ddr_mc_phy/ddr_phy_4lanes_0.u_ddr_phy_4lanes/ddr_byte_lane_A.ddr_byte_lane_A/mem_refclk
    PHASER_OUT_PHY_X1Y8  PHASER_OUT_PHY (Prop_phaser_out_phy_MEMREFCLK_OCLK)
                                                      2.083     9.068 f  i_dram_wrapper/i_dram/u_mig7s_mig/u_memc_ui_top_axi/mem_intfc0/ddr_phy_top0/u_ddr_mc_phy_wrapper/u_ddr_mc_phy/ddr_phy_4lanes_0.u_ddr_phy_4lanes/ddr_byte_lane_A.ddr_byte_lane_A/phaser_out/OCLK
    PHASER_OUT_PHY_X1Y8  PHASER_OUT_PHY (Prop_phaser_out_phy_OCLK_OCLKDELAYED)
                                                      1.229    10.296 r  i_dram_wrapper/i_dram/u_mig7s_mig/u_memc_ui_top_axi/mem_intfc0/ddr_phy_top0/u_ddr_mc_phy_wrapper/u_ddr_mc_phy/ddr_phy_4lanes_0.u_ddr_phy_4lanes/ddr_byte_lane_A.ddr_byte_lane_A/phaser_out/OCLKDELAYED
  -------------------------------------------------------------------    -------------------
    PHASER_OUT_PHY_X1Y8  PHASER_OUT_PHY (Prop_phaser_out_phy_OCLKDELAYED_CTSBUS[0])
                                                      0.459    10.755 r  i_dram_wrapper/i_dram/u_mig7s_mig/u_memc_ui_top_axi/mem_intfc0/ddr_phy_top0/u_ddr_mc_phy_wrapper/u_ddr_mc_phy/ddr_phy_4lanes_0.u_ddr_phy_4lanes/ddr_byte_lane_A.ddr_byte_lane_A/phaser_out/CTSBUS[0]
                         net (fo=2, routed)           0.291    11.047    i_dram_wrapper/i_dram/u_mig7s_mig/u_memc_ui_top_axi/mem_intfc0/ddr_phy_top0/u_ddr_mc_phy_wrapper/u_ddr_mc_phy/ddr_phy_4lanes_0.u_ddr_phy_4lanes/ddr_byte_lane_A.ddr_byte_lane_A/ddr_byte_group_io/CTSBUS[0]
    OLOGIC_X1Y108        ODDR                                         r  i_dram_wrapper/i_dram/u_mig7s_mig/u_memc_ui_top_axi/mem_intfc0/ddr_phy_top0/u_ddr_mc_phy_wrapper/u_ddr_mc_phy/ddr_phy_4lanes_0.u_ddr_phy_4lanes/ddr_byte_lane_A.ddr_byte_lane_A/ddr_byte_group_io/dqs_gen.oddr_dqsts/D2
  -------------------------------------------------------------------    -------------------

                         (clock oserdes_clk fall edge)
                                                      1.875     1.875 f  
    AD12                                              0.000     1.875 f  sys_clk_p (IN)
                         net (fo=0)                   0.000     1.875    sys_clk_p
    AD12                 IBUFDS (Prop_ibufds_I_O)     0.803     2.678 f  i_bufds_sys_clk/O
                         net (fo=1, routed)           2.173     4.851    sys_clk
    BUFGCTRL_X0Y1        BUFG (Prop_bufg_I_O)         0.083     4.934 f  sys_clk_BUFG_inst/O
                         net (fo=63, routed)          1.626     6.560    i_dram_wrapper/i_dram/u_mig7s_mig/u_ddr3_infrastructure/plle2_i_0
    PLLE2_ADV_X1Y1       PLLE2_ADV (Prop_plle2_adv_CLKIN1_CLKOUT1)
                                                      0.073     6.633 f  i_dram_wrapper/i_dram/u_mig7s_mig/u_ddr3_infrastructure/plle2_i/CLKOUT1
                         net (fo=14, routed)          1.070     7.703    i_dram_wrapper/i_dram/u_mig7s_mig/u_memc_ui_top_axi/mem_intfc0/ddr_phy_top0/u_ddr_mc_phy_wrapper/u_ddr_mc_phy/ddr_phy_4lanes_0.u_ddr_phy_4lanes/ddr_byte_lane_A.ddr_byte_lane_A/mem_refclk
    PHASER_OUT_PHY_X1Y8  PHASER_OUT_PHY (Prop_phaser_out_phy_MEMREFCLK_OCLK)
                                                      2.027     9.730 f  i_dram_wrapper/i_dram/u_mig7s_mig/u_memc_ui_top_axi/mem_intfc0/ddr_phy_top0/u_ddr_mc_phy_wrapper/u_ddr_mc_phy/ddr_phy_4lanes_0.u_ddr_phy_4lanes/ddr_byte_lane_A.ddr_byte_lane_A/phaser_out/OCLK
    PHASER_OUT_PHY_X1Y8  PHASER_OUT_PHY (Prop_phaser_out_phy_OCLK_OCLKDELAYED)
                                                      1.191    10.921 r  i_dram_wrapper/i_dram/u_mig7s_mig/u_memc_ui_top_axi/mem_intfc0/ddr_phy_top0/u_ddr_mc_phy_wrapper/u_ddr_mc_phy/ddr_phy_4lanes_0.u_ddr_phy_4lanes/ddr_byte_lane_A.ddr_byte_lane_A/phaser_out/OCLKDELAYED
                         net (fo=2, routed)           0.301    11.222    i_dram_wrapper/i_dram/u_mig7s_mig/u_memc_ui_top_axi/mem_intfc0/ddr_phy_top0/u_ddr_mc_phy_wrapper/u_ddr_mc_phy/ddr_phy_4lanes_0.u_ddr_phy_4lanes/ddr_byte_lane_A.ddr_byte_lane_A/ddr_byte_group_io/oserdes_clk_delayed
    OLOGIC_X1Y108        ODDR                                         r  i_dram_wrapper/i_dram/u_mig7s_mig/u_memc_ui_top_axi/mem_intfc0/ddr_phy_top0/u_ddr_mc_phy_wrapper/u_ddr_mc_phy/ddr_phy_4lanes_0.u_ddr_phy_4lanes/ddr_byte_lane_A.ddr_byte_lane_A/ddr_byte_group_io/dqs_gen.oddr_dqsts/C
                         clock pessimism              0.625    11.847    
                         clock uncertainty           -0.047    11.801    
    OLOGIC_X1Y108        ODDR (Setup_oddr_C_D2)      -0.432    11.369    i_dram_wrapper/i_dram/u_mig7s_mig/u_memc_ui_top_axi/mem_intfc0/ddr_phy_top0/u_ddr_mc_phy_wrapper/u_ddr_mc_phy/ddr_phy_4lanes_0.u_ddr_phy_4lanes/ddr_byte_lane_A.ddr_byte_lane_A/ddr_byte_group_io/dqs_gen.oddr_dqsts
  -------------------------------------------------------------------
                         required time                         11.369    
                         arrival time                         -11.047    
  -------------------------------------------------------------------
                         slack                                  0.322    

Slack (MET) :             0.322ns  (required time - arrival time)
  Source:                 i_dram_wrapper/i_dram/u_mig7s_mig/u_memc_ui_top_axi/mem_intfc0/ddr_phy_top0/u_ddr_mc_phy_wrapper/u_ddr_mc_phy/ddr_phy_4lanes_0.u_ddr_phy_4lanes/ddr_byte_lane_A.ddr_byte_lane_A/phaser_out/OCLKDELAYED
                            (rising edge-triggered cell PHASER_OUT_PHY clocked by oserdes_clk'  {rise@0.000ns fall@0.625ns period=1.250ns})
  Destination:            i_dram_wrapper/i_dram/u_mig7s_mig/u_memc_ui_top_axi/mem_intfc0/ddr_phy_top0/u_ddr_mc_phy_wrapper/u_ddr_mc_phy/ddr_phy_4lanes_0.u_ddr_phy_4lanes/ddr_byte_lane_A.ddr_byte_lane_A/ddr_byte_group_io/dqs_gen.oddr_dqsts/D2
                            (rising edge-triggered cell ODDR clocked by oserdes_clk'  {rise@0.000ns fall@0.625ns period=1.250ns})
  Path Group:             oserdes_clk
  Path Type:              Setup (Max at Slow Process Corner)
  Requirement:            1.250ns  (oserdes_clk fall@1.875ns - oserdes_clk fall@0.625ns)
  Data Path Delay:        0.750ns  (logic 0.459ns (61.176%)  route 0.291ns (38.824%))
  Logic Levels:           0  
  Clock Path Skew:        0.301ns (DCD - SCD + CPR)
    Destination Clock Delay (DCD):    9.347ns = ( 11.222 - 1.875 ) 
    Source Clock Delay      (SCD):    9.671ns = ( 10.296 - 0.625 ) 
    Clock Pessimism Removal (CPR):    0.625ns
  Clock Uncertainty:      0.047ns  ((TSJ^2 + DJ^2)^1/2) / 2 + PE
    Total System Jitter     (TSJ):    0.071ns
    Discrete Jitter          (DJ):    0.061ns
    Phase Error              (PE):    0.000ns

    Location             Delay type                Incr(ns)  Path(ns)    Netlist Resource(s)
  -------------------------------------------------------------------    -------------------
                         (clock oserdes_clk fall edge)
                                                      0.625     0.625 f  
    AD12                                              0.000     0.625 f  sys_clk_p (IN)
                         net (fo=0)                   0.000     0.625    sys_clk_p
    AD12                 IBUFDS (Prop_ibufds_I_O)     0.906     1.531 f  i_bufds_sys_clk/O
                         net (fo=1, routed)           2.299     3.830    sys_clk
    BUFGCTRL_X0Y1        BUFG (Prop_bufg_I_O)         0.093     3.923 f  sys_clk_BUFG_inst/O
                         net (fo=63, routed)          1.787     5.710    i_dram_wrapper/i_dram/u_mig7s_mig/u_ddr3_infrastructure/plle2_i_0
    PLLE2_ADV_X1Y1       PLLE2_ADV (Prop_plle2_adv_CLKIN1_CLKOUT1)
                                                      0.077     5.787 f  i_dram_wrapper/i_dram/u_mig7s_mig/u_ddr3_infrastructure/plle2_i/CLKOUT1
                         net (fo=14, routed)          1.198     6.985    i_dram_wrapper/i_dram/u_mig7s_mig/u_memc_ui_top_axi/mem_intfc0/ddr_phy_top0/u_ddr_mc_phy_wrapper/u_ddr_mc_phy/ddr_phy_4lanes_0.u_ddr_phy_4lanes/ddr_byte_lane_A.ddr_byte_lane_A/mem_refclk
    PHASER_OUT_PHY_X1Y8  PHASER_OUT_PHY (Prop_phaser_out_phy_MEMREFCLK_OCLK)
                                                      2.083     9.068 f  i_dram_wrapper/i_dram/u_mig7s_mig/u_memc_ui_top_axi/mem_intfc0/ddr_phy_top0/u_ddr_mc_phy_wrapper/u_ddr_mc_phy/ddr_phy_4lanes_0.u_ddr_phy_4lanes/ddr_byte_lane_A.ddr_byte_lane_A/phaser_out/OCLK
    PHASER_OUT_PHY_X1Y8  PHASER_OUT_PHY (Prop_phaser_out_phy_OCLK_OCLKDELAYED)
                                                      1.229    10.296 r  i_dram_wrapper/i_dram/u_mig7s_mig/u_memc_ui_top_axi/mem_intfc0/ddr_phy_top0/u_ddr_mc_phy_wrapper/u_ddr_mc_phy/ddr_phy_4lanes_0.u_ddr_phy_4lanes/ddr_byte_lane_A.ddr_byte_lane_A/phaser_out/OCLKDELAYED
  -------------------------------------------------------------------    -------------------
    PHASER_OUT_PHY_X1Y8  PHASER_OUT_PHY (Prop_phaser_out_phy_OCLKDELAYED_CTSBUS[0])
                                                      0.459    10.755 f  i_dram_wrapper/i_dram/u_mig7s_mig/u_memc_ui_top_axi/mem_intfc0/ddr_phy_top0/u_ddr_mc_phy_wrapper/u_ddr_mc_phy/ddr_phy_4lanes_0.u_ddr_phy_4lanes/ddr_byte_lane_A.ddr_byte_lane_A/phaser_out/CTSBUS[0]
                         net (fo=2, routed)           0.291    11.047    i_dram_wrapper/i_dram/u_mig7s_mig/u_memc_ui_top_axi/mem_intfc0/ddr_phy_top0/u_ddr_mc_phy_wrapper/u_ddr_mc_phy/ddr_phy_4lanes_0.u_ddr_phy_4lanes/ddr_byte_lane_A.ddr_byte_lane_A/ddr_byte_group_io/CTSBUS[0]
    OLOGIC_X1Y108        ODDR                                         f  i_dram_wrapper/i_dram/u_mig7s_mig/u_memc_ui_top_axi/mem_intfc0/ddr_phy_top0/u_ddr_mc_phy_wrapper/u_ddr_mc_phy/ddr_phy_4lanes_0.u_ddr_phy_4lanes/ddr_byte_lane_A.ddr_byte_lane_A/ddr_byte_group_io/dqs_gen.oddr_dqsts/D2
  -------------------------------------------------------------------    -------------------

                         (clock oserdes_clk fall edge)
                                                      1.875     1.875 f  
    AD12                                              0.000     1.875 f  sys_clk_p (IN)
                         net (fo=0)                   0.000     1.875    sys_clk_p
    AD12                 IBUFDS (Prop_ibufds_I_O)     0.803     2.678 f  i_bufds_sys_clk/O
                         net (fo=1, routed)           2.173     4.851    sys_clk
    BUFGCTRL_X0Y1        BUFG (Prop_bufg_I_O)         0.083     4.934 f  sys_clk_BUFG_inst/O
                         net (fo=63, routed)          1.626     6.560    i_dram_wrapper/i_dram/u_mig7s_mig/u_ddr3_infrastructure/plle2_i_0
    PLLE2_ADV_X1Y1       PLLE2_ADV (Prop_plle2_adv_CLKIN1_CLKOUT1)
                                                      0.073     6.633 f  i_dram_wrapper/i_dram/u_mig7s_mig/u_ddr3_infrastructure/plle2_i/CLKOUT1
                         net (fo=14, routed)          1.070     7.703    i_dram_wrapper/i_dram/u_mig7s_mig/u_memc_ui_top_axi/mem_intfc0/ddr_phy_top0/u_ddr_mc_phy_wrapper/u_ddr_mc_phy/ddr_phy_4lanes_0.u_ddr_phy_4lanes/ddr_byte_lane_A.ddr_byte_lane_A/mem_refclk
    PHASER_OUT_PHY_X1Y8  PHASER_OUT_PHY (Prop_phaser_out_phy_MEMREFCLK_OCLK)
                                                      2.027     9.730 f  i_dram_wrapper/i_dram/u_mig7s_mig/u_memc_ui_top_axi/mem_intfc0/ddr_phy_top0/u_ddr_mc_phy_wrapper/u_ddr_mc_phy/ddr_phy_4lanes_0.u_ddr_phy_4lanes/ddr_byte_lane_A.ddr_byte_lane_A/phaser_out/OCLK
    PHASER_OUT_PHY_X1Y8  PHASER_OUT_PHY (Prop_phaser_out_phy_OCLK_OCLKDELAYED)
                                                      1.191    10.921 r  i_dram_wrapper/i_dram/u_mig7s_mig/u_memc_ui_top_axi/mem_intfc0/ddr_phy_top0/u_ddr_mc_phy_wrapper/u_ddr_mc_phy/ddr_phy_4lanes_0.u_ddr_phy_4lanes/ddr_byte_lane_A.ddr_byte_lane_A/phaser_out/OCLKDELAYED
                         net (fo=2, routed)           0.301    11.222    i_dram_wrapper/i_dram/u_mig7s_mig/u_memc_ui_top_axi/mem_intfc0/ddr_phy_top0/u_ddr_mc_phy_wrapper/u_ddr_mc_phy/ddr_phy_4lanes_0.u_ddr_phy_4lanes/ddr_byte_lane_A.ddr_byte_lane_A/ddr_byte_group_io/oserdes_clk_delayed
    OLOGIC_X1Y108        ODDR                                         r  i_dram_wrapper/i_dram/u_mig7s_mig/u_memc_ui_top_axi/mem_intfc0/ddr_phy_top0/u_ddr_mc_phy_wrapper/u_ddr_mc_phy/ddr_phy_4lanes_0.u_ddr_phy_4lanes/ddr_byte_lane_A.ddr_byte_lane_A/ddr_byte_group_io/dqs_gen.oddr_dqsts/C
                         clock pessimism              0.625    11.847    
                         clock uncertainty           -0.047    11.801    
    OLOGIC_X1Y108        ODDR (Setup_oddr_C_D2)      -0.432    11.369    i_dram_wrapper/i_dram/u_mig7s_mig/u_memc_ui_top_axi/mem_intfc0/ddr_phy_top0/u_ddr_mc_phy_wrapper/u_ddr_mc_phy/ddr_phy_4lanes_0.u_ddr_phy_4lanes/ddr_byte_lane_A.ddr_byte_lane_A/ddr_byte_group_io/dqs_gen.oddr_dqsts
  -------------------------------------------------------------------
                         required time                         11.369    
                         arrival time                         -11.047    
  -------------------------------------------------------------------
                         slack                                  0.322    

Slack (MET) :             0.329ns  (required time - arrival time)
  Source:                 i_dram_wrapper/i_dram/u_mig7s_mig/u_memc_ui_top_axi/mem_intfc0/ddr_phy_top0/u_ddr_mc_phy_wrapper/u_ddr_mc_phy/ddr_phy_4lanes_0.u_ddr_phy_4lanes/ddr_byte_lane_D.ddr_byte_lane_D/phaser_out/OCLKDELAYED
                            (rising edge-triggered cell PHASER_OUT_PHY clocked by oserdes_clk_3'  {rise@0.000ns fall@0.625ns period=1.250ns})
  Destination:            i_dram_wrapper/i_dram/u_mig7s_mig/u_memc_ui_top_axi/mem_intfc0/ddr_phy_top0/u_ddr_mc_phy_wrapper/u_ddr_mc_phy/ddr_phy_4lanes_0.u_ddr_phy_4lanes/ddr_byte_lane_D.ddr_byte_lane_D/ddr_byte_group_io/dqs_gen.oddr_dqsts/D2
                            (rising edge-triggered cell ODDR clocked by oserdes_clk_3'  {rise@0.000ns fall@0.625ns period=1.250ns})
  Path Group:             oserdes_clk_3
  Path Type:              Setup (Max at Slow Process Corner)
  Requirement:            1.250ns  (oserdes_clk_3 fall@1.875ns - oserdes_clk_3 fall@0.625ns)
  Data Path Delay:        0.750ns  (logic 0.459ns (61.176%)  route 0.291ns (38.824%))
  Logic Levels:           0  
  Clock Path Skew:        0.308ns (DCD - SCD + CPR)
    Destination Clock Delay (DCD):    9.345ns = ( 11.220 - 1.875 ) 
    Source Clock Delay      (SCD):    9.661ns = ( 10.286 - 0.625 ) 
    Clock Pessimism Removal (CPR):    0.624ns
  Clock Uncertainty:      0.047ns  ((TSJ^2 + DJ^2)^1/2) / 2 + PE
    Total System Jitter     (TSJ):    0.071ns
    Discrete Jitter          (DJ):    0.061ns
    Phase Error              (PE):    0.000ns

    Location             Delay type                Incr(ns)  Path(ns)    Netlist Resource(s)
  -------------------------------------------------------------------    -------------------
                         (clock oserdes_clk_3 fall edge)
                                                      0.625     0.625 f  
    AD12                                              0.000     0.625 f  sys_clk_p (IN)
                         net (fo=0)                   0.000     0.625    sys_clk_p
    AD12                 IBUFDS (Prop_ibufds_I_O)     0.906     1.531 f  i_bufds_sys_clk/O
                         net (fo=1, routed)           2.299     3.830    sys_clk
    BUFGCTRL_X0Y1        BUFG (Prop_bufg_I_O)         0.093     3.923 f  sys_clk_BUFG_inst/O
                         net (fo=63, routed)          1.787     5.710    i_dram_wrapper/i_dram/u_mig7s_mig/u_ddr3_infrastructure/plle2_i_0
    PLLE2_ADV_X1Y1       PLLE2_ADV (Prop_plle2_adv_CLKIN1_CLKOUT1)
                                                      0.077     5.787 f  i_dram_wrapper/i_dram/u_mig7s_mig/u_ddr3_infrastructure/plle2_i/CLKOUT1
                         net (fo=14, routed)          1.188     6.975    i_dram_wrapper/i_dram/u_mig7s_mig/u_memc_ui_top_axi/mem_intfc0/ddr_phy_top0/u_ddr_mc_phy_wrapper/u_ddr_mc_phy/ddr_phy_4lanes_0.u_ddr_phy_4lanes/ddr_byte_lane_D.ddr_byte_lane_D/mem_refclk
    PHASER_OUT_PHY_X1Y11 PHASER_OUT_PHY (Prop_phaser_out_phy_MEMREFCLK_OCLK)
                                                      2.083     9.058 f  i_dram_wrapper/i_dram/u_mig7s_mig/u_memc_ui_top_axi/mem_intfc0/ddr_phy_top0/u_ddr_mc_phy_wrapper/u_ddr_mc_phy/ddr_phy_4lanes_0.u_ddr_phy_4lanes/ddr_byte_lane_D.ddr_byte_lane_D/phaser_out/OCLK
    PHASER_OUT_PHY_X1Y11 PHASER_OUT_PHY (Prop_phaser_out_phy_OCLK_OCLKDELAYED)
                                                      1.229    10.286 r  i_dram_wrapper/i_dram/u_mig7s_mig/u_memc_ui_top_axi/mem_intfc0/ddr_phy_top0/u_ddr_mc_phy_wrapper/u_ddr_mc_phy/ddr_phy_4lanes_0.u_ddr_phy_4lanes/ddr_byte_lane_D.ddr_byte_lane_D/phaser_out/OCLKDELAYED
  -------------------------------------------------------------------    -------------------
    PHASER_OUT_PHY_X1Y11 PHASER_OUT_PHY (Prop_phaser_out_phy_OCLKDELAYED_CTSBUS[0])
                                                      0.459    10.745 r  i_dram_wrapper/i_dram/u_mig7s_mig/u_memc_ui_top_axi/mem_intfc0/ddr_phy_top0/u_ddr_mc_phy_wrapper/u_ddr_mc_phy/ddr_phy_4lanes_0.u_ddr_phy_4lanes/ddr_byte_lane_D.ddr_byte_lane_D/phaser_out/CTSBUS[0]
                         net (fo=2, routed)           0.291    11.037    i_dram_wrapper/i_dram/u_mig7s_mig/u_memc_ui_top_axi/mem_intfc0/ddr_phy_top0/u_ddr_mc_phy_wrapper/u_ddr_mc_phy/ddr_phy_4lanes_0.u_ddr_phy_4lanes/ddr_byte_lane_D.ddr_byte_lane_D/ddr_byte_group_io/CTSBUS[0]
    OLOGIC_X1Y144        ODDR                                         r  i_dram_wrapper/i_dram/u_mig7s_mig/u_memc_ui_top_axi/mem_intfc0/ddr_phy_top0/u_ddr_mc_phy_wrapper/u_ddr_mc_phy/ddr_phy_4lanes_0.u_ddr_phy_4lanes/ddr_byte_lane_D.ddr_byte_lane_D/ddr_byte_group_io/dqs_gen.oddr_dqsts/D2
  -------------------------------------------------------------------    -------------------

                         (clock oserdes_clk_3 fall edge)
                                                      1.875     1.875 f  
    AD12                                              0.000     1.875 f  sys_clk_p (IN)
                         net (fo=0)                   0.000     1.875    sys_clk_p
    AD12                 IBUFDS (Prop_ibufds_I_O)     0.803     2.678 f  i_bufds_sys_clk/O
                         net (fo=1, routed)           2.173     4.851    sys_clk
    BUFGCTRL_X0Y1        BUFG (Prop_bufg_I_O)         0.083     4.934 f  sys_clk_BUFG_inst/O
                         net (fo=63, routed)          1.626     6.560    i_dram_wrapper/i_dram/u_mig7s_mig/u_ddr3_infrastructure/plle2_i_0
    PLLE2_ADV_X1Y1       PLLE2_ADV (Prop_plle2_adv_CLKIN1_CLKOUT1)
                                                      0.073     6.633 f  i_dram_wrapper/i_dram/u_mig7s_mig/u_ddr3_infrastructure/plle2_i/CLKOUT1
                         net (fo=14, routed)          1.061     7.694    i_dram_wrapper/i_dram/u_mig7s_mig/u_memc_ui_top_axi/mem_intfc0/ddr_phy_top0/u_ddr_mc_phy_wrapper/u_ddr_mc_phy/ddr_phy_4lanes_0.u_ddr_phy_4lanes/ddr_byte_lane_D.ddr_byte_lane_D/mem_refclk
    PHASER_OUT_PHY_X1Y11 PHASER_OUT_PHY (Prop_phaser_out_phy_MEMREFCLK_OCLK)
                                                      2.027     9.721 f  i_dram_wrapper/i_dram/u_mig7s_mig/u_memc_ui_top_axi/mem_intfc0/ddr_phy_top0/u_ddr_mc_phy_wrapper/u_ddr_mc_phy/ddr_phy_4lanes_0.u_ddr_phy_4lanes/ddr_byte_lane_D.ddr_byte_lane_D/phaser_out/OCLK
    PHASER_OUT_PHY_X1Y11 PHASER_OUT_PHY (Prop_phaser_out_phy_OCLK_OCLKDELAYED)
                                                      1.191    10.912 r  i_dram_wrapper/i_dram/u_mig7s_mig/u_memc_ui_top_axi/mem_intfc0/ddr_phy_top0/u_ddr_mc_phy_wrapper/u_ddr_mc_phy/ddr_phy_4lanes_0.u_ddr_phy_4lanes/ddr_byte_lane_D.ddr_byte_lane_D/phaser_out/OCLKDELAYED
                         net (fo=2, routed)           0.308    11.220    i_dram_wrapper/i_dram/u_mig7s_mig/u_memc_ui_top_axi/mem_intfc0/ddr_phy_top0/u_ddr_mc_phy_wrapper/u_ddr_mc_phy/ddr_phy_4lanes_0.u_ddr_phy_4lanes/ddr_byte_lane_D.ddr_byte_lane_D/ddr_byte_group_io/oserdes_clk_delayed
    OLOGIC_X1Y144        ODDR                                         r  i_dram_wrapper/i_dram/u_mig7s_mig/u_memc_ui_top_axi/mem_intfc0/ddr_phy_top0/u_ddr_mc_phy_wrapper/u_ddr_mc_phy/ddr_phy_4lanes_0.u_ddr_phy_4lanes/ddr_byte_lane_D.ddr_byte_lane_D/ddr_byte_group_io/dqs_gen.oddr_dqsts/C
                         clock pessimism              0.624    11.844    
                         clock uncertainty           -0.047    11.798    
    OLOGIC_X1Y144        ODDR (Setup_oddr_C_D2)      -0.432    11.366    i_dram_wrapper/i_dram/u_mig7s_mig/u_memc_ui_top_axi/mem_intfc0/ddr_phy_top0/u_ddr_mc_phy_wrapper/u_ddr_mc_phy/ddr_phy_4lanes_0.u_ddr_phy_4lanes/ddr_byte_lane_D.ddr_byte_lane_D/ddr_byte_group_io/dqs_gen.oddr_dqsts
  -------------------------------------------------------------------
                         required time                         11.366    
                         arrival time                         -11.037    
  -------------------------------------------------------------------
                         slack                                  0.329    

Slack (MET) :             0.329ns  (required time - arrival time)
  Source:                 i_dram_wrapper/i_dram/u_mig7s_mig/u_memc_ui_top_axi/mem_intfc0/ddr_phy_top0/u_ddr_mc_phy_wrapper/u_ddr_mc_phy/ddr_phy_4lanes_0.u_ddr_phy_4lanes/ddr_byte_lane_D.ddr_byte_lane_D/phaser_out/OCLKDELAYED
                            (rising edge-triggered cell PHASER_OUT_PHY clocked by oserdes_clk_3'  {rise@0.000ns fall@0.625ns period=1.250ns})
  Destination:            i_dram_wrapper/i_dram/u_mig7s_mig/u_memc_ui_top_axi/mem_intfc0/ddr_phy_top0/u_ddr_mc_phy_wrapper/u_ddr_mc_phy/ddr_phy_4lanes_0.u_ddr_phy_4lanes/ddr_byte_lane_D.ddr_byte_lane_D/ddr_byte_group_io/dqs_gen.oddr_dqsts/D2
                            (rising edge-triggered cell ODDR clocked by oserdes_clk_3'  {rise@0.000ns fall@0.625ns period=1.250ns})
  Path Group:             oserdes_clk_3
  Path Type:              Setup (Max at Slow Process Corner)
  Requirement:            1.250ns  (oserdes_clk_3 fall@1.875ns - oserdes_clk_3 fall@0.625ns)
  Data Path Delay:        0.750ns  (logic 0.459ns (61.176%)  route 0.291ns (38.824%))
  Logic Levels:           0  
  Clock Path Skew:        0.308ns (DCD - SCD + CPR)
    Destination Clock Delay (DCD):    9.345ns = ( 11.220 - 1.875 ) 
    Source Clock Delay      (SCD):    9.661ns = ( 10.286 - 0.625 ) 
    Clock Pessimism Removal (CPR):    0.624ns
  Clock Uncertainty:      0.047ns  ((TSJ^2 + DJ^2)^1/2) / 2 + PE
    Total System Jitter     (TSJ):    0.071ns
    Discrete Jitter          (DJ):    0.061ns
    Phase Error              (PE):    0.000ns

    Location             Delay type                Incr(ns)  Path(ns)    Netlist Resource(s)
  -------------------------------------------------------------------    -------------------
                         (clock oserdes_clk_3 fall edge)
                                                      0.625     0.625 f  
    AD12                                              0.000     0.625 f  sys_clk_p (IN)
                         net (fo=0)                   0.000     0.625    sys_clk_p
    AD12                 IBUFDS (Prop_ibufds_I_O)     0.906     1.531 f  i_bufds_sys_clk/O
                         net (fo=1, routed)           2.299     3.830    sys_clk
    BUFGCTRL_X0Y1        BUFG (Prop_bufg_I_O)         0.093     3.923 f  sys_clk_BUFG_inst/O
                         net (fo=63, routed)          1.787     5.710    i_dram_wrapper/i_dram/u_mig7s_mig/u_ddr3_infrastructure/plle2_i_0
    PLLE2_ADV_X1Y1       PLLE2_ADV (Prop_plle2_adv_CLKIN1_CLKOUT1)
                                                      0.077     5.787 f  i_dram_wrapper/i_dram/u_mig7s_mig/u_ddr3_infrastructure/plle2_i/CLKOUT1
                         net (fo=14, routed)          1.188     6.975    i_dram_wrapper/i_dram/u_mig7s_mig/u_memc_ui_top_axi/mem_intfc0/ddr_phy_top0/u_ddr_mc_phy_wrapper/u_ddr_mc_phy/ddr_phy_4lanes_0.u_ddr_phy_4lanes/ddr_byte_lane_D.ddr_byte_lane_D/mem_refclk
    PHASER_OUT_PHY_X1Y11 PHASER_OUT_PHY (Prop_phaser_out_phy_MEMREFCLK_OCLK)
                                                      2.083     9.058 f  i_dram_wrapper/i_dram/u_mig7s_mig/u_memc_ui_top_axi/mem_intfc0/ddr_phy_top0/u_ddr_mc_phy_wrapper/u_ddr_mc_phy/ddr_phy_4lanes_0.u_ddr_phy_4lanes/ddr_byte_lane_D.ddr_byte_lane_D/phaser_out/OCLK
    PHASER_OUT_PHY_X1Y11 PHASER_OUT_PHY (Prop_phaser_out_phy_OCLK_OCLKDELAYED)
                                                      1.229    10.286 r  i_dram_wrapper/i_dram/u_mig7s_mig/u_memc_ui_top_axi/mem_intfc0/ddr_phy_top0/u_ddr_mc_phy_wrapper/u_ddr_mc_phy/ddr_phy_4lanes_0.u_ddr_phy_4lanes/ddr_byte_lane_D.ddr_byte_lane_D/phaser_out/OCLKDELAYED
  -------------------------------------------------------------------    -------------------
    PHASER_OUT_PHY_X1Y11 PHASER_OUT_PHY (Prop_phaser_out_phy_OCLKDELAYED_CTSBUS[0])
                                                      0.459    10.745 f  i_dram_wrapper/i_dram/u_mig7s_mig/u_memc_ui_top_axi/mem_intfc0/ddr_phy_top0/u_ddr_mc_phy_wrapper/u_ddr_mc_phy/ddr_phy_4lanes_0.u_ddr_phy_4lanes/ddr_byte_lane_D.ddr_byte_lane_D/phaser_out/CTSBUS[0]
                         net (fo=2, routed)           0.291    11.037    i_dram_wrapper/i_dram/u_mig7s_mig/u_memc_ui_top_axi/mem_intfc0/ddr_phy_top0/u_ddr_mc_phy_wrapper/u_ddr_mc_phy/ddr_phy_4lanes_0.u_ddr_phy_4lanes/ddr_byte_lane_D.ddr_byte_lane_D/ddr_byte_group_io/CTSBUS[0]
    OLOGIC_X1Y144        ODDR                                         f  i_dram_wrapper/i_dram/u_mig7s_mig/u_memc_ui_top_axi/mem_intfc0/ddr_phy_top0/u_ddr_mc_phy_wrapper/u_ddr_mc_phy/ddr_phy_4lanes_0.u_ddr_phy_4lanes/ddr_byte_lane_D.ddr_byte_lane_D/ddr_byte_group_io/dqs_gen.oddr_dqsts/D2
  -------------------------------------------------------------------    -------------------

                         (clock oserdes_clk_3 fall edge)
                                                      1.875     1.875 f  
    AD12                                              0.000     1.875 f  sys_clk_p (IN)
                         net (fo=0)                   0.000     1.875    sys_clk_p
    AD12                 IBUFDS (Prop_ibufds_I_O)     0.803     2.678 f  i_bufds_sys_clk/O
                         net (fo=1, routed)           2.173     4.851    sys_clk
    BUFGCTRL_X0Y1        BUFG (Prop_bufg_I_O)         0.083     4.934 f  sys_clk_BUFG_inst/O
                         net (fo=63, routed)          1.626     6.560    i_dram_wrapper/i_dram/u_mig7s_mig/u_ddr3_infrastructure/plle2_i_0
    PLLE2_ADV_X1Y1       PLLE2_ADV (Prop_plle2_adv_CLKIN1_CLKOUT1)
                                                      0.073     6.633 f  i_dram_wrapper/i_dram/u_mig7s_mig/u_ddr3_infrastructure/plle2_i/CLKOUT1
                         net (fo=14, routed)          1.061     7.694    i_dram_wrapper/i_dram/u_mig7s_mig/u_memc_ui_top_axi/mem_intfc0/ddr_phy_top0/u_ddr_mc_phy_wrapper/u_ddr_mc_phy/ddr_phy_4lanes_0.u_ddr_phy_4lanes/ddr_byte_lane_D.ddr_byte_lane_D/mem_refclk
    PHASER_OUT_PHY_X1Y11 PHASER_OUT_PHY (Prop_phaser_out_phy_MEMREFCLK_OCLK)
                                                      2.027     9.721 f  i_dram_wrapper/i_dram/u_mig7s_mig/u_memc_ui_top_axi/mem_intfc0/ddr_phy_top0/u_ddr_mc_phy_wrapper/u_ddr_mc_phy/ddr_phy_4lanes_0.u_ddr_phy_4lanes/ddr_byte_lane_D.ddr_byte_lane_D/phaser_out/OCLK
    PHASER_OUT_PHY_X1Y11 PHASER_OUT_PHY (Prop_phaser_out_phy_OCLK_OCLKDELAYED)
                                                      1.191    10.912 r  i_dram_wrapper/i_dram/u_mig7s_mig/u_memc_ui_top_axi/mem_intfc0/ddr_phy_top0/u_ddr_mc_phy_wrapper/u_ddr_mc_phy/ddr_phy_4lanes_0.u_ddr_phy_4lanes/ddr_byte_lane_D.ddr_byte_lane_D/phaser_out/OCLKDELAYED
                         net (fo=2, routed)           0.308    11.220    i_dram_wrapper/i_dram/u_mig7s_mig/u_memc_ui_top_axi/mem_intfc0/ddr_phy_top0/u_ddr_mc_phy_wrapper/u_ddr_mc_phy/ddr_phy_4lanes_0.u_ddr_phy_4lanes/ddr_byte_lane_D.ddr_byte_lane_D/ddr_byte_group_io/oserdes_clk_delayed
    OLOGIC_X1Y144        ODDR                                         r  i_dram_wrapper/i_dram/u_mig7s_mig/u_memc_ui_top_axi/mem_intfc0/ddr_phy_top0/u_ddr_mc_phy_wrapper/u_ddr_mc_phy/ddr_phy_4lanes_0.u_ddr_phy_4lanes/ddr_byte_lane_D.ddr_byte_lane_D/ddr_byte_group_io/dqs_gen.oddr_dqsts/C
                         clock pessimism              0.624    11.844    
                         clock uncertainty           -0.047    11.798    
    OLOGIC_X1Y144        ODDR (Setup_oddr_C_D2)      -0.432    11.366    i_dram_wrapper/i_dram/u_mig7s_mig/u_memc_ui_top_axi/mem_intfc0/ddr_phy_top0/u_ddr_mc_phy_wrapper/u_ddr_mc_phy/ddr_phy_4lanes_0.u_ddr_phy_4lanes/ddr_byte_lane_D.ddr_byte_lane_D/ddr_byte_group_io/dqs_gen.oddr_dqsts
  -------------------------------------------------------------------
                         required time                         11.366    
                         arrival time                         -11.037    
  -------------------------------------------------------------------
                         slack                                  0.329    

Slack (MET) :             0.331ns  (required time - arrival time)
  Source:                 i_dram_wrapper/i_dram/u_mig7s_mig/u_ddr3_infrastructure/rstdiv0_sync_r1_reg_rep/C
                            (rising edge-triggered cell FDPE clocked by clk_pll_i  {rise@0.000ns fall@2.500ns period=5.000ns})
  Destination:            i_dram_wrapper/gen_cdc.i_axi_cdc_mig/i_axi_cdc_dst/i_cdc_fifo_gray_dst_aw/i_spill_register/spill_register_flushable_i/gen_spill_reg.a_data_q_reg[addr][13]/CLR
                            (rising edge-triggered cell FDCE clocked by clk_pll_i  {rise@0.000ns fall@2.500ns period=5.000ns})
  Path Group:             clk_pll_i
  Path Type:              Recovery (Max at Slow Process Corner)
  Requirement:            5.000ns  (MaxDelay Path 5.000ns)
  Data Path Delay:        4.141ns  (logic 0.259ns (6.255%)  route 3.882ns (93.745%))
  Logic Levels:           0  
  Clock Path Skew:        -0.264ns (DCD - SCD + CPR)
    Destination Clock Delay (DCD):    6.125ns
    Source Clock Delay      (SCD):    6.852ns
    Clock Pessimism Removal (CPR):    0.462ns
  Clock Uncertainty:      0.052ns  ((TSJ^2 + DJ^2)^1/2) / 2 + PE
    Total System Jitter     (TSJ):    0.071ns
    Discrete Jitter          (DJ):    0.077ns
    Phase Error              (PE):    0.000ns
  Timing Exception:       MaxDelay Path 5.000ns

    Location             Delay type                Incr(ns)  Path(ns)    Netlist Resource(s)
  -------------------------------------------------------------------    -------------------
                         (clock clk_pll_i rise edge)
                                                      0.000     0.000 r  
    AD12                                              0.000     0.000 r  sys_clk_p (IN)
                         net (fo=0)                   0.000     0.000    sys_clk_p
    AD12                 IBUFDS (Prop_ibufds_I_O)     0.906     0.906 r  i_bufds_sys_clk/O
                         net (fo=1, routed)           2.299     3.205    sys_clk
    BUFGCTRL_X0Y1        BUFG (Prop_bufg_I_O)         0.093     3.298 r  sys_clk_BUFG_inst/O
                         net (fo=63, routed)          1.787     5.085    i_dram_wrapper/i_dram/u_mig7s_mig/u_ddr3_infrastructure/plle2_i_0
    PLLE2_ADV_X1Y1       PLLE2_ADV (Prop_plle2_adv_CLKIN1_CLKOUT3)
                                                      0.077     5.162 r  i_dram_wrapper/i_dram/u_mig7s_mig/u_ddr3_infrastructure/plle2_i/CLKOUT3
                         net (fo=1, routed)           1.155     6.317    i_dram_wrapper/i_dram/u_mig7s_mig/u_ddr3_infrastructure/pll_clk3_out
    BUFHCE_X1Y12         BUFH (Prop_bufh_I_O)         0.103     6.420 r  i_dram_wrapper/i_dram/u_mig7s_mig/u_ddr3_infrastructure/u_bufh_pll_clk3/O
                         net (fo=1, routed)           0.790     7.210    i_dram_wrapper/i_dram/u_mig7s_mig/u_ddr3_infrastructure/pll_clk3
    MMCME2_ADV_X1Y1      MMCME2_ADV (Prop_mmcme2_adv_CLKIN1_CLKFBOUT)
                                                     -3.987     3.223 r  i_dram_wrapper/i_dram/u_mig7s_mig/u_ddr3_infrastructure/gen_mmcm.mmcm_i/CLKFBOUT
                         net (fo=1, routed)           2.130     5.353    i_dram_wrapper/i_dram/u_mig7s_mig/u_ddr3_infrastructure/clk_pll_i
    BUFGCTRL_X0Y0        BUFG (Prop_bufg_I_O)         0.093     5.446 r  i_dram_wrapper/i_dram/u_mig7s_mig/u_ddr3_infrastructure/u_bufg_clkdiv0/O
                         net (fo=13203, routed)       1.406     6.852    i_dram_wrapper/i_dram/u_mig7s_mig/u_ddr3_infrastructure/CLK
    SLICE_X102Y111       FDPE                                         r  i_dram_wrapper/i_dram/u_mig7s_mig/u_ddr3_infrastructure/rstdiv0_sync_r1_reg_rep/C
  -------------------------------------------------------------------    -------------------
    SLICE_X102Y111       FDPE (Prop_fdpe_C_Q)         0.259     7.111 f  i_dram_wrapper/i_dram/u_mig7s_mig/u_ddr3_infrastructure/rstdiv0_sync_r1_reg_rep/Q
                         net (fo=444, routed)         3.882    10.993    i_dram_wrapper/gen_cdc.i_axi_cdc_mig/i_axi_cdc_dst/i_cdc_fifo_gray_dst_aw/i_spill_register/spill_register_flushable_i/ui_clk_sync_rst
    SLICE_X124Y213       FDCE                                         f  i_dram_wrapper/gen_cdc.i_axi_cdc_mig/i_axi_cdc_dst/i_cdc_fifo_gray_dst_aw/i_spill_register/spill_register_flushable_i/gen_spill_reg.a_data_q_reg[addr][13]/CLR
  -------------------------------------------------------------------    -------------------

                         max delay                    5.000     5.000    
    AD12                                              0.000     5.000 r  sys_clk_p (IN)
                         net (fo=0)                   0.000     5.000    sys_clk_p
    AD12                 IBUFDS (Prop_ibufds_I_O)     0.803     5.803 r  i_bufds_sys_clk/O
                         net (fo=1, routed)           2.173     7.976    sys_clk
    BUFGCTRL_X0Y1        BUFG (Prop_bufg_I_O)         0.083     8.059 r  sys_clk_BUFG_inst/O
                         net (fo=63, routed)          1.626     9.685    i_dram_wrapper/i_dram/u_mig7s_mig/u_ddr3_infrastructure/plle2_i_0
    PLLE2_ADV_X1Y1       PLLE2_ADV (Prop_plle2_adv_CLKIN1_CLKOUT3)
                                                      0.073     9.758 r  i_dram_wrapper/i_dram/u_mig7s_mig/u_ddr3_infrastructure/plle2_i/CLKOUT3
                         net (fo=1, routed)           1.043    10.801    i_dram_wrapper/i_dram/u_mig7s_mig/u_ddr3_infrastructure/pll_clk3_out
    BUFHCE_X1Y12         BUFH (Prop_bufh_I_O)         0.066    10.867 r  i_dram_wrapper/i_dram/u_mig7s_mig/u_ddr3_infrastructure/u_bufh_pll_clk3/O
                         net (fo=1, routed)           0.722    11.589    i_dram_wrapper/i_dram/u_mig7s_mig/u_ddr3_infrastructure/pll_clk3
    MMCME2_ADV_X1Y1      MMCME2_ADV (Prop_mmcme2_adv_CLKIN1_CLKFBOUT)
                                                     -3.694     7.895 r  i_dram_wrapper/i_dram/u_mig7s_mig/u_ddr3_infrastructure/gen_mmcm.mmcm_i/CLKFBOUT
                         net (fo=1, routed)           2.005     9.900    i_dram_wrapper/i_dram/u_mig7s_mig/u_ddr3_infrastructure/clk_pll_i
    BUFGCTRL_X0Y0        BUFG (Prop_bufg_I_O)         0.083     9.983 r  i_dram_wrapper/i_dram/u_mig7s_mig/u_ddr3_infrastructure/u_bufg_clkdiv0/O
                         net (fo=13203, routed)       1.142    11.125    i_dram_wrapper/gen_cdc.i_axi_cdc_mig/i_axi_cdc_dst/i_cdc_fifo_gray_dst_aw/i_spill_register/spill_register_flushable_i/CLK
    SLICE_X124Y213       FDCE                                         r  i_dram_wrapper/gen_cdc.i_axi_cdc_mig/i_axi_cdc_dst/i_cdc_fifo_gray_dst_aw/i_spill_register/spill_register_flushable_i/gen_spill_reg.a_data_q_reg[addr][13]/C
                         clock pessimism              0.462    11.588    
                         clock uncertainty           -0.052    11.535    
    SLICE_X124Y213       FDCE (Recov_fdce_C_CLR)     -0.212    11.323    i_dram_wrapper/gen_cdc.i_axi_cdc_mig/i_axi_cdc_dst/i_cdc_fifo_gray_dst_aw/i_spill_register/spill_register_flushable_i/gen_spill_reg.a_data_q_reg[addr][13]
  -------------------------------------------------------------------
                         required time                         11.323    
                         arrival time                         -10.993    
  -------------------------------------------------------------------
                         slack                                  0.331    

Slack (MET) :             0.331ns  (required time - arrival time)
  Source:                 i_dram_wrapper/i_dram/u_mig7s_mig/u_ddr3_infrastructure/rstdiv0_sync_r1_reg_rep/C
                            (rising edge-triggered cell FDPE clocked by clk_pll_i  {rise@0.000ns fall@2.500ns period=5.000ns})
  Destination:            i_dram_wrapper/gen_cdc.i_axi_cdc_mig/i_axi_cdc_dst/i_cdc_fifo_gray_dst_aw/gen_sync[0].i_sync/reg_q_reg[0]/CLR
                            (rising edge-triggered cell FDCE clocked by clk_pll_i  {rise@0.000ns fall@2.500ns period=5.000ns})
  Path Group:             clk_pll_i
  Path Type:              Recovery (Max at Slow Process Corner)
  Requirement:            5.000ns  (MaxDelay Path 5.000ns)
  Data Path Delay:        4.092ns  (logic 0.259ns (6.330%)  route 3.833ns (93.670%))
  Logic Levels:           0  
  Clock Path Skew:        -0.313ns (DCD - SCD + CPR)
    Destination Clock Delay (DCD):    6.076ns
    Source Clock Delay      (SCD):    6.852ns
    Clock Pessimism Removal (CPR):    0.462ns
  Clock Uncertainty:      0.052ns  ((TSJ^2 + DJ^2)^1/2) / 2 + PE
    Total System Jitter     (TSJ):    0.071ns
    Discrete Jitter          (DJ):    0.077ns
    Phase Error              (PE):    0.000ns
  Timing Exception:       MaxDelay Path 5.000ns

    Location             Delay type                Incr(ns)  Path(ns)    Netlist Resource(s)
  -------------------------------------------------------------------    -------------------
                         (clock clk_pll_i rise edge)
                                                      0.000     0.000 r  
    AD12                                              0.000     0.000 r  sys_clk_p (IN)
                         net (fo=0)                   0.000     0.000    sys_clk_p
    AD12                 IBUFDS (Prop_ibufds_I_O)     0.906     0.906 r  i_bufds_sys_clk/O
                         net (fo=1, routed)           2.299     3.205    sys_clk
    BUFGCTRL_X0Y1        BUFG (Prop_bufg_I_O)         0.093     3.298 r  sys_clk_BUFG_inst/O
                         net (fo=63, routed)          1.787     5.085    i_dram_wrapper/i_dram/u_mig7s_mig/u_ddr3_infrastructure/plle2_i_0
    PLLE2_ADV_X1Y1       PLLE2_ADV (Prop_plle2_adv_CLKIN1_CLKOUT3)
                                                      0.077     5.162 r  i_dram_wrapper/i_dram/u_mig7s_mig/u_ddr3_infrastructure/plle2_i/CLKOUT3
                         net (fo=1, routed)           1.155     6.317    i_dram_wrapper/i_dram/u_mig7s_mig/u_ddr3_infrastructure/pll_clk3_out
    BUFHCE_X1Y12         BUFH (Prop_bufh_I_O)         0.103     6.420 r  i_dram_wrapper/i_dram/u_mig7s_mig/u_ddr3_infrastructure/u_bufh_pll_clk3/O
                         net (fo=1, routed)           0.790     7.210    i_dram_wrapper/i_dram/u_mig7s_mig/u_ddr3_infrastructure/pll_clk3
    MMCME2_ADV_X1Y1      MMCME2_ADV (Prop_mmcme2_adv_CLKIN1_CLKFBOUT)
                                                     -3.987     3.223 r  i_dram_wrapper/i_dram/u_mig7s_mig/u_ddr3_infrastructure/gen_mmcm.mmcm_i/CLKFBOUT
                         net (fo=1, routed)           2.130     5.353    i_dram_wrapper/i_dram/u_mig7s_mig/u_ddr3_infrastructure/clk_pll_i
    BUFGCTRL_X0Y0        BUFG (Prop_bufg_I_O)         0.093     5.446 r  i_dram_wrapper/i_dram/u_mig7s_mig/u_ddr3_infrastructure/u_bufg_clkdiv0/O
                         net (fo=13203, routed)       1.406     6.852    i_dram_wrapper/i_dram/u_mig7s_mig/u_ddr3_infrastructure/CLK
    SLICE_X102Y111       FDPE                                         r  i_dram_wrapper/i_dram/u_mig7s_mig/u_ddr3_infrastructure/rstdiv0_sync_r1_reg_rep/C
  -------------------------------------------------------------------    -------------------
    SLICE_X102Y111       FDPE (Prop_fdpe_C_Q)         0.259     7.111 f  i_dram_wrapper/i_dram/u_mig7s_mig/u_ddr3_infrastructure/rstdiv0_sync_r1_reg_rep/Q
                         net (fo=444, routed)         3.833    10.943    i_dram_wrapper/gen_cdc.i_axi_cdc_mig/i_axi_cdc_dst/i_cdc_fifo_gray_dst_aw/gen_sync[0].i_sync/rst_ni
    SLICE_X109Y214       FDCE                                         f  i_dram_wrapper/gen_cdc.i_axi_cdc_mig/i_axi_cdc_dst/i_cdc_fifo_gray_dst_aw/gen_sync[0].i_sync/reg_q_reg[0]/CLR
  -------------------------------------------------------------------    -------------------

                         max delay                    5.000     5.000    
    AD12                                              0.000     5.000 r  sys_clk_p (IN)
                         net (fo=0)                   0.000     5.000    sys_clk_p
    AD12                 IBUFDS (Prop_ibufds_I_O)     0.803     5.803 r  i_bufds_sys_clk/O
                         net (fo=1, routed)           2.173     7.976    sys_clk
    BUFGCTRL_X0Y1        BUFG (Prop_bufg_I_O)         0.083     8.059 r  sys_clk_BUFG_inst/O
                         net (fo=63, routed)          1.626     9.685    i_dram_wrapper/i_dram/u_mig7s_mig/u_ddr3_infrastructure/plle2_i_0
    PLLE2_ADV_X1Y1       PLLE2_ADV (Prop_plle2_adv_CLKIN1_CLKOUT3)
                                                      0.073     9.758 r  i_dram_wrapper/i_dram/u_mig7s_mig/u_ddr3_infrastructure/plle2_i/CLKOUT3
                         net (fo=1, routed)           1.043    10.801    i_dram_wrapper/i_dram/u_mig7s_mig/u_ddr3_infrastructure/pll_clk3_out
    BUFHCE_X1Y12         BUFH (Prop_bufh_I_O)         0.066    10.867 r  i_dram_wrapper/i_dram/u_mig7s_mig/u_ddr3_infrastructure/u_bufh_pll_clk3/O
                         net (fo=1, routed)           0.722    11.589    i_dram_wrapper/i_dram/u_mig7s_mig/u_ddr3_infrastructure/pll_clk3
    MMCME2_ADV_X1Y1      MMCME2_ADV (Prop_mmcme2_adv_CLKIN1_CLKFBOUT)
                                                     -3.694     7.895 r  i_dram_wrapper/i_dram/u_mig7s_mig/u_ddr3_infrastructure/gen_mmcm.mmcm_i/CLKFBOUT
                         net (fo=1, routed)           2.005     9.900    i_dram_wrapper/i_dram/u_mig7s_mig/u_ddr3_infrastructure/clk_pll_i
    BUFGCTRL_X0Y0        BUFG (Prop_bufg_I_O)         0.083     9.983 r  i_dram_wrapper/i_dram/u_mig7s_mig/u_ddr3_infrastructure/u_bufg_clkdiv0/O
                         net (fo=13203, routed)       1.093    11.076    i_dram_wrapper/gen_cdc.i_axi_cdc_mig/i_axi_cdc_dst/i_cdc_fifo_gray_dst_aw/gen_sync[0].i_sync/clk_i
    SLICE_X109Y214       FDCE                                         r  i_dram_wrapper/gen_cdc.i_axi_cdc_mig/i_axi_cdc_dst/i_cdc_fifo_gray_dst_aw/gen_sync[0].i_sync/reg_q_reg[0]/C
                         clock pessimism              0.462    11.539    
                         clock uncertainty           -0.052    11.486    
    SLICE_X109Y214       FDCE (Recov_fdce_C_CLR)     -0.212    11.274    i_dram_wrapper/gen_cdc.i_axi_cdc_mig/i_axi_cdc_dst/i_cdc_fifo_gray_dst_aw/gen_sync[0].i_sync/reg_q_reg[0]
  -------------------------------------------------------------------
                         required time                         11.274    
                         arrival time                         -10.943    
  -------------------------------------------------------------------
                         slack                                  0.331    

Slack (MET) :             0.331ns  (required time - arrival time)
  Source:                 i_dram_wrapper/i_dram/u_mig7s_mig/u_ddr3_infrastructure/rstdiv0_sync_r1_reg_rep/C
                            (rising edge-triggered cell FDPE clocked by clk_pll_i  {rise@0.000ns fall@2.500ns period=5.000ns})
  Destination:            i_dram_wrapper/gen_cdc.i_axi_cdc_mig/i_axi_cdc_dst/i_cdc_fifo_gray_dst_aw/gen_sync[0].i_sync/reg_q_reg[1]/CLR
                            (rising edge-triggered cell FDCE clocked by clk_pll_i  {rise@0.000ns fall@2.500ns period=5.000ns})
  Path Group:             clk_pll_i
  Path Type:              Recovery (Max at Slow Process Corner)
  Requirement:            5.000ns  (MaxDelay Path 5.000ns)
  Data Path Delay:        4.092ns  (logic 0.259ns (6.330%)  route 3.833ns (93.670%))
  Logic Levels:           0  
  Clock Path Skew:        -0.313ns (DCD - SCD + CPR)
    Destination Clock Delay (DCD):    6.076ns
    Source Clock Delay      (SCD):    6.852ns
    Clock Pessimism Removal (CPR):    0.462ns
  Clock Uncertainty:      0.052ns  ((TSJ^2 + DJ^2)^1/2) / 2 + PE
    Total System Jitter     (TSJ):    0.071ns
    Discrete Jitter          (DJ):    0.077ns
    Phase Error              (PE):    0.000ns
  Timing Exception:       MaxDelay Path 5.000ns

    Location             Delay type                Incr(ns)  Path(ns)    Netlist Resource(s)
  -------------------------------------------------------------------    -------------------
                         (clock clk_pll_i rise edge)
                                                      0.000     0.000 r  
    AD12                                              0.000     0.000 r  sys_clk_p (IN)
                         net (fo=0)                   0.000     0.000    sys_clk_p
    AD12                 IBUFDS (Prop_ibufds_I_O)     0.906     0.906 r  i_bufds_sys_clk/O
                         net (fo=1, routed)           2.299     3.205    sys_clk
    BUFGCTRL_X0Y1        BUFG (Prop_bufg_I_O)         0.093     3.298 r  sys_clk_BUFG_inst/O
                         net (fo=63, routed)          1.787     5.085    i_dram_wrapper/i_dram/u_mig7s_mig/u_ddr3_infrastructure/plle2_i_0
    PLLE2_ADV_X1Y1       PLLE2_ADV (Prop_plle2_adv_CLKIN1_CLKOUT3)
                                                      0.077     5.162 r  i_dram_wrapper/i_dram/u_mig7s_mig/u_ddr3_infrastructure/plle2_i/CLKOUT3
                         net (fo=1, routed)           1.155     6.317    i_dram_wrapper/i_dram/u_mig7s_mig/u_ddr3_infrastructure/pll_clk3_out
    BUFHCE_X1Y12         BUFH (Prop_bufh_I_O)         0.103     6.420 r  i_dram_wrapper/i_dram/u_mig7s_mig/u_ddr3_infrastructure/u_bufh_pll_clk3/O
                         net (fo=1, routed)           0.790     7.210    i_dram_wrapper/i_dram/u_mig7s_mig/u_ddr3_infrastructure/pll_clk3
    MMCME2_ADV_X1Y1      MMCME2_ADV (Prop_mmcme2_adv_CLKIN1_CLKFBOUT)
                                                     -3.987     3.223 r  i_dram_wrapper/i_dram/u_mig7s_mig/u_ddr3_infrastructure/gen_mmcm.mmcm_i/CLKFBOUT
                         net (fo=1, routed)           2.130     5.353    i_dram_wrapper/i_dram/u_mig7s_mig/u_ddr3_infrastructure/clk_pll_i
    BUFGCTRL_X0Y0        BUFG (Prop_bufg_I_O)         0.093     5.446 r  i_dram_wrapper/i_dram/u_mig7s_mig/u_ddr3_infrastructure/u_bufg_clkdiv0/O
                         net (fo=13203, routed)       1.406     6.852    i_dram_wrapper/i_dram/u_mig7s_mig/u_ddr3_infrastructure/CLK
    SLICE_X102Y111       FDPE                                         r  i_dram_wrapper/i_dram/u_mig7s_mig/u_ddr3_infrastructure/rstdiv0_sync_r1_reg_rep/C
  -------------------------------------------------------------------    -------------------
    SLICE_X102Y111       FDPE (Prop_fdpe_C_Q)         0.259     7.111 f  i_dram_wrapper/i_dram/u_mig7s_mig/u_ddr3_infrastructure/rstdiv0_sync_r1_reg_rep/Q
                         net (fo=444, routed)         3.833    10.943    i_dram_wrapper/gen_cdc.i_axi_cdc_mig/i_axi_cdc_dst/i_cdc_fifo_gray_dst_aw/gen_sync[0].i_sync/rst_ni
    SLICE_X109Y214       FDCE                                         f  i_dram_wrapper/gen_cdc.i_axi_cdc_mig/i_axi_cdc_dst/i_cdc_fifo_gray_dst_aw/gen_sync[0].i_sync/reg_q_reg[1]/CLR
  -------------------------------------------------------------------    -------------------

                         max delay                    5.000     5.000    
    AD12                                              0.000     5.000 r  sys_clk_p (IN)
                         net (fo=0)                   0.000     5.000    sys_clk_p
    AD12                 IBUFDS (Prop_ibufds_I_O)     0.803     5.803 r  i_bufds_sys_clk/O
                         net (fo=1, routed)           2.173     7.976    sys_clk
    BUFGCTRL_X0Y1        BUFG (Prop_bufg_I_O)         0.083     8.059 r  sys_clk_BUFG_inst/O
                         net (fo=63, routed)          1.626     9.685    i_dram_wrapper/i_dram/u_mig7s_mig/u_ddr3_infrastructure/plle2_i_0
    PLLE2_ADV_X1Y1       PLLE2_ADV (Prop_plle2_adv_CLKIN1_CLKOUT3)
                                                      0.073     9.758 r  i_dram_wrapper/i_dram/u_mig7s_mig/u_ddr3_infrastructure/plle2_i/CLKOUT3
                         net (fo=1, routed)           1.043    10.801    i_dram_wrapper/i_dram/u_mig7s_mig/u_ddr3_infrastructure/pll_clk3_out
    BUFHCE_X1Y12         BUFH (Prop_bufh_I_O)         0.066    10.867 r  i_dram_wrapper/i_dram/u_mig7s_mig/u_ddr3_infrastructure/u_bufh_pll_clk3/O
                         net (fo=1, routed)           0.722    11.589    i_dram_wrapper/i_dram/u_mig7s_mig/u_ddr3_infrastructure/pll_clk3
    MMCME2_ADV_X1Y1      MMCME2_ADV (Prop_mmcme2_adv_CLKIN1_CLKFBOUT)
                                                     -3.694     7.895 r  i_dram_wrapper/i_dram/u_mig7s_mig/u_ddr3_infrastructure/gen_mmcm.mmcm_i/CLKFBOUT
                         net (fo=1, routed)           2.005     9.900    i_dram_wrapper/i_dram/u_mig7s_mig/u_ddr3_infrastructure/clk_pll_i
    BUFGCTRL_X0Y0        BUFG (Prop_bufg_I_O)         0.083     9.983 r  i_dram_wrapper/i_dram/u_mig7s_mig/u_ddr3_infrastructure/u_bufg_clkdiv0/O
                         net (fo=13203, routed)       1.093    11.076    i_dram_wrapper/gen_cdc.i_axi_cdc_mig/i_axi_cdc_dst/i_cdc_fifo_gray_dst_aw/gen_sync[0].i_sync/clk_i
    SLICE_X109Y214       FDCE                                         r  i_dram_wrapper/gen_cdc.i_axi_cdc_mig/i_axi_cdc_dst/i_cdc_fifo_gray_dst_aw/gen_sync[0].i_sync/reg_q_reg[1]/C
                         clock pessimism              0.462    11.539    
                         clock uncertainty           -0.052    11.486    
    SLICE_X109Y214       FDCE (Recov_fdce_C_CLR)     -0.212    11.274    i_dram_wrapper/gen_cdc.i_axi_cdc_mig/i_axi_cdc_dst/i_cdc_fifo_gray_dst_aw/gen_sync[0].i_sync/reg_q_reg[1]
  -------------------------------------------------------------------
                         required time                         11.274    
                         arrival time                         -10.943    
  -------------------------------------------------------------------
                         slack                                  0.331    

Slack (MET) :             0.331ns  (required time - arrival time)
  Source:                 i_dram_wrapper/i_dram/u_mig7s_mig/u_ddr3_infrastructure/rstdiv0_sync_r1_reg_rep/C
                            (rising edge-triggered cell FDPE clocked by clk_pll_i  {rise@0.000ns fall@2.500ns period=5.000ns})
  Destination:            i_dram_wrapper/gen_cdc.i_axi_cdc_mig/i_axi_cdc_dst/i_cdc_fifo_gray_dst_aw/gen_sync[3].i_sync/reg_q_reg[0]/CLR
                            (rising edge-triggered cell FDCE clocked by clk_pll_i  {rise@0.000ns fall@2.500ns period=5.000ns})
  Path Group:             clk_pll_i
  Path Type:              Recovery (Max at Slow Process Corner)
  Requirement:            5.000ns  (MaxDelay Path 5.000ns)
  Data Path Delay:        4.092ns  (logic 0.259ns (6.330%)  route 3.833ns (93.670%))
  Logic Levels:           0  
  Clock Path Skew:        -0.313ns (DCD - SCD + CPR)
    Destination Clock Delay (DCD):    6.076ns
    Source Clock Delay      (SCD):    6.852ns
    Clock Pessimism Removal (CPR):    0.462ns
  Clock Uncertainty:      0.052ns  ((TSJ^2 + DJ^2)^1/2) / 2 + PE
    Total System Jitter     (TSJ):    0.071ns
    Discrete Jitter          (DJ):    0.077ns
    Phase Error              (PE):    0.000ns
  Timing Exception:       MaxDelay Path 5.000ns

    Location             Delay type                Incr(ns)  Path(ns)    Netlist Resource(s)
  -------------------------------------------------------------------    -------------------
                         (clock clk_pll_i rise edge)
                                                      0.000     0.000 r  
    AD12                                              0.000     0.000 r  sys_clk_p (IN)
                         net (fo=0)                   0.000     0.000    sys_clk_p
    AD12                 IBUFDS (Prop_ibufds_I_O)     0.906     0.906 r  i_bufds_sys_clk/O
                         net (fo=1, routed)           2.299     3.205    sys_clk
    BUFGCTRL_X0Y1        BUFG (Prop_bufg_I_O)         0.093     3.298 r  sys_clk_BUFG_inst/O
                         net (fo=63, routed)          1.787     5.085    i_dram_wrapper/i_dram/u_mig7s_mig/u_ddr3_infrastructure/plle2_i_0
    PLLE2_ADV_X1Y1       PLLE2_ADV (Prop_plle2_adv_CLKIN1_CLKOUT3)
                                                      0.077     5.162 r  i_dram_wrapper/i_dram/u_mig7s_mig/u_ddr3_infrastructure/plle2_i/CLKOUT3
                         net (fo=1, routed)           1.155     6.317    i_dram_wrapper/i_dram/u_mig7s_mig/u_ddr3_infrastructure/pll_clk3_out
    BUFHCE_X1Y12         BUFH (Prop_bufh_I_O)         0.103     6.420 r  i_dram_wrapper/i_dram/u_mig7s_mig/u_ddr3_infrastructure/u_bufh_pll_clk3/O
                         net (fo=1, routed)           0.790     7.210    i_dram_wrapper/i_dram/u_mig7s_mig/u_ddr3_infrastructure/pll_clk3
    MMCME2_ADV_X1Y1      MMCME2_ADV (Prop_mmcme2_adv_CLKIN1_CLKFBOUT)
                                                     -3.987     3.223 r  i_dram_wrapper/i_dram/u_mig7s_mig/u_ddr3_infrastructure/gen_mmcm.mmcm_i/CLKFBOUT
                         net (fo=1, routed)           2.130     5.353    i_dram_wrapper/i_dram/u_mig7s_mig/u_ddr3_infrastructure/clk_pll_i
    BUFGCTRL_X0Y0        BUFG (Prop_bufg_I_O)         0.093     5.446 r  i_dram_wrapper/i_dram/u_mig7s_mig/u_ddr3_infrastructure/u_bufg_clkdiv0/O
                         net (fo=13203, routed)       1.406     6.852    i_dram_wrapper/i_dram/u_mig7s_mig/u_ddr3_infrastructure/CLK
    SLICE_X102Y111       FDPE                                         r  i_dram_wrapper/i_dram/u_mig7s_mig/u_ddr3_infrastructure/rstdiv0_sync_r1_reg_rep/C
  -------------------------------------------------------------------    -------------------
    SLICE_X102Y111       FDPE (Prop_fdpe_C_Q)         0.259     7.111 f  i_dram_wrapper/i_dram/u_mig7s_mig/u_ddr3_infrastructure/rstdiv0_sync_r1_reg_rep/Q
                         net (fo=444, routed)         3.833    10.943    i_dram_wrapper/gen_cdc.i_axi_cdc_mig/i_axi_cdc_dst/i_cdc_fifo_gray_dst_aw/gen_sync[3].i_sync/rst_ni
    SLICE_X109Y214       FDCE                                         f  i_dram_wrapper/gen_cdc.i_axi_cdc_mig/i_axi_cdc_dst/i_cdc_fifo_gray_dst_aw/gen_sync[3].i_sync/reg_q_reg[0]/CLR
  -------------------------------------------------------------------    -------------------

                         max delay                    5.000     5.000    
    AD12                                              0.000     5.000 r  sys_clk_p (IN)
                         net (fo=0)                   0.000     5.000    sys_clk_p
    AD12                 IBUFDS (Prop_ibufds_I_O)     0.803     5.803 r  i_bufds_sys_clk/O
                         net (fo=1, routed)           2.173     7.976    sys_clk
    BUFGCTRL_X0Y1        BUFG (Prop_bufg_I_O)         0.083     8.059 r  sys_clk_BUFG_inst/O
                         net (fo=63, routed)          1.626     9.685    i_dram_wrapper/i_dram/u_mig7s_mig/u_ddr3_infrastructure/plle2_i_0
    PLLE2_ADV_X1Y1       PLLE2_ADV (Prop_plle2_adv_CLKIN1_CLKOUT3)
                                                      0.073     9.758 r  i_dram_wrapper/i_dram/u_mig7s_mig/u_ddr3_infrastructure/plle2_i/CLKOUT3
                         net (fo=1, routed)           1.043    10.801    i_dram_wrapper/i_dram/u_mig7s_mig/u_ddr3_infrastructure/pll_clk3_out
    BUFHCE_X1Y12         BUFH (Prop_bufh_I_O)         0.066    10.867 r  i_dram_wrapper/i_dram/u_mig7s_mig/u_ddr3_infrastructure/u_bufh_pll_clk3/O
                         net (fo=1, routed)           0.722    11.589    i_dram_wrapper/i_dram/u_mig7s_mig/u_ddr3_infrastructure/pll_clk3
    MMCME2_ADV_X1Y1      MMCME2_ADV (Prop_mmcme2_adv_CLKIN1_CLKFBOUT)
                                                     -3.694     7.895 r  i_dram_wrapper/i_dram/u_mig7s_mig/u_ddr3_infrastructure/gen_mmcm.mmcm_i/CLKFBOUT
                         net (fo=1, routed)           2.005     9.900    i_dram_wrapper/i_dram/u_mig7s_mig/u_ddr3_infrastructure/clk_pll_i
    BUFGCTRL_X0Y0        BUFG (Prop_bufg_I_O)         0.083     9.983 r  i_dram_wrapper/i_dram/u_mig7s_mig/u_ddr3_infrastructure/u_bufg_clkdiv0/O
                         net (fo=13203, routed)       1.093    11.076    i_dram_wrapper/gen_cdc.i_axi_cdc_mig/i_axi_cdc_dst/i_cdc_fifo_gray_dst_aw/gen_sync[3].i_sync/clk_i
    SLICE_X109Y214       FDCE                                         r  i_dram_wrapper/gen_cdc.i_axi_cdc_mig/i_axi_cdc_dst/i_cdc_fifo_gray_dst_aw/gen_sync[3].i_sync/reg_q_reg[0]/C
                         clock pessimism              0.462    11.539    
                         clock uncertainty           -0.052    11.486    
    SLICE_X109Y214       FDCE (Recov_fdce_C_CLR)     -0.212    11.274    i_dram_wrapper/gen_cdc.i_axi_cdc_mig/i_axi_cdc_dst/i_cdc_fifo_gray_dst_aw/gen_sync[3].i_sync/reg_q_reg[0]
  -------------------------------------------------------------------
                         required time                         11.274    
                         arrival time                         -10.943    
  -------------------------------------------------------------------
                         slack                                  0.331    

Slack (MET) :             0.331ns  (required time - arrival time)
  Source:                 i_dram_wrapper/i_dram/u_mig7s_mig/u_ddr3_infrastructure/rstdiv0_sync_r1_reg_rep/C
                            (rising edge-triggered cell FDPE clocked by clk_pll_i  {rise@0.000ns fall@2.500ns period=5.000ns})
  Destination:            i_dram_wrapper/gen_cdc.i_axi_cdc_mig/i_axi_cdc_dst/i_cdc_fifo_gray_dst_aw/gen_sync[3].i_sync/reg_q_reg[1]/CLR
                            (rising edge-triggered cell FDCE clocked by clk_pll_i  {rise@0.000ns fall@2.500ns period=5.000ns})
  Path Group:             clk_pll_i
  Path Type:              Recovery (Max at Slow Process Corner)
  Requirement:            5.000ns  (MaxDelay Path 5.000ns)
  Data Path Delay:        4.092ns  (logic 0.259ns (6.330%)  route 3.833ns (93.670%))
  Logic Levels:           0  
  Clock Path Skew:        -0.313ns (DCD - SCD + CPR)
    Destination Clock Delay (DCD):    6.076ns
    Source Clock Delay      (SCD):    6.852ns
    Clock Pessimism Removal (CPR):    0.462ns
  Clock Uncertainty:      0.052ns  ((TSJ^2 + DJ^2)^1/2) / 2 + PE
    Total System Jitter     (TSJ):    0.071ns
    Discrete Jitter          (DJ):    0.077ns
    Phase Error              (PE):    0.000ns
  Timing Exception:       MaxDelay Path 5.000ns

    Location             Delay type                Incr(ns)  Path(ns)    Netlist Resource(s)
  -------------------------------------------------------------------    -------------------
                         (clock clk_pll_i rise edge)
                                                      0.000     0.000 r  
    AD12                                              0.000     0.000 r  sys_clk_p (IN)
                         net (fo=0)                   0.000     0.000    sys_clk_p
    AD12                 IBUFDS (Prop_ibufds_I_O)     0.906     0.906 r  i_bufds_sys_clk/O
                         net (fo=1, routed)           2.299     3.205    sys_clk
    BUFGCTRL_X0Y1        BUFG (Prop_bufg_I_O)         0.093     3.298 r  sys_clk_BUFG_inst/O
                         net (fo=63, routed)          1.787     5.085    i_dram_wrapper/i_dram/u_mig7s_mig/u_ddr3_infrastructure/plle2_i_0
    PLLE2_ADV_X1Y1       PLLE2_ADV (Prop_plle2_adv_CLKIN1_CLKOUT3)
                                                      0.077     5.162 r  i_dram_wrapper/i_dram/u_mig7s_mig/u_ddr3_infrastructure/plle2_i/CLKOUT3
                         net (fo=1, routed)           1.155     6.317    i_dram_wrapper/i_dram/u_mig7s_mig/u_ddr3_infrastructure/pll_clk3_out
    BUFHCE_X1Y12         BUFH (Prop_bufh_I_O)         0.103     6.420 r  i_dram_wrapper/i_dram/u_mig7s_mig/u_ddr3_infrastructure/u_bufh_pll_clk3/O
                         net (fo=1, routed)           0.790     7.210    i_dram_wrapper/i_dram/u_mig7s_mig/u_ddr3_infrastructure/pll_clk3
    MMCME2_ADV_X1Y1      MMCME2_ADV (Prop_mmcme2_adv_CLKIN1_CLKFBOUT)
                                                     -3.987     3.223 r  i_dram_wrapper/i_dram/u_mig7s_mig/u_ddr3_infrastructure/gen_mmcm.mmcm_i/CLKFBOUT
                         net (fo=1, routed)           2.130     5.353    i_dram_wrapper/i_dram/u_mig7s_mig/u_ddr3_infrastructure/clk_pll_i
    BUFGCTRL_X0Y0        BUFG (Prop_bufg_I_O)         0.093     5.446 r  i_dram_wrapper/i_dram/u_mig7s_mig/u_ddr3_infrastructure/u_bufg_clkdiv0/O
                         net (fo=13203, routed)       1.406     6.852    i_dram_wrapper/i_dram/u_mig7s_mig/u_ddr3_infrastructure/CLK
    SLICE_X102Y111       FDPE                                         r  i_dram_wrapper/i_dram/u_mig7s_mig/u_ddr3_infrastructure/rstdiv0_sync_r1_reg_rep/C
  -------------------------------------------------------------------    -------------------
    SLICE_X102Y111       FDPE (Prop_fdpe_C_Q)         0.259     7.111 f  i_dram_wrapper/i_dram/u_mig7s_mig/u_ddr3_infrastructure/rstdiv0_sync_r1_reg_rep/Q
                         net (fo=444, routed)         3.833    10.943    i_dram_wrapper/gen_cdc.i_axi_cdc_mig/i_axi_cdc_dst/i_cdc_fifo_gray_dst_aw/gen_sync[3].i_sync/rst_ni
    SLICE_X109Y214       FDCE                                         f  i_dram_wrapper/gen_cdc.i_axi_cdc_mig/i_axi_cdc_dst/i_cdc_fifo_gray_dst_aw/gen_sync[3].i_sync/reg_q_reg[1]/CLR
  -------------------------------------------------------------------    -------------------

                         max delay                    5.000     5.000    
    AD12                                              0.000     5.000 r  sys_clk_p (IN)
                         net (fo=0)                   0.000     5.000    sys_clk_p
    AD12                 IBUFDS (Prop_ibufds_I_O)     0.803     5.803 r  i_bufds_sys_clk/O
                         net (fo=1, routed)           2.173     7.976    sys_clk
    BUFGCTRL_X0Y1        BUFG (Prop_bufg_I_O)         0.083     8.059 r  sys_clk_BUFG_inst/O
                         net (fo=63, routed)          1.626     9.685    i_dram_wrapper/i_dram/u_mig7s_mig/u_ddr3_infrastructure/plle2_i_0
    PLLE2_ADV_X1Y1       PLLE2_ADV (Prop_plle2_adv_CLKIN1_CLKOUT3)
                                                      0.073     9.758 r  i_dram_wrapper/i_dram/u_mig7s_mig/u_ddr3_infrastructure/plle2_i/CLKOUT3
                         net (fo=1, routed)           1.043    10.801    i_dram_wrapper/i_dram/u_mig7s_mig/u_ddr3_infrastructure/pll_clk3_out
    BUFHCE_X1Y12         BUFH (Prop_bufh_I_O)         0.066    10.867 r  i_dram_wrapper/i_dram/u_mig7s_mig/u_ddr3_infrastructure/u_bufh_pll_clk3/O
                         net (fo=1, routed)           0.722    11.589    i_dram_wrapper/i_dram/u_mig7s_mig/u_ddr3_infrastructure/pll_clk3
    MMCME2_ADV_X1Y1      MMCME2_ADV (Prop_mmcme2_adv_CLKIN1_CLKFBOUT)
                                                     -3.694     7.895 r  i_dram_wrapper/i_dram/u_mig7s_mig/u_ddr3_infrastructure/gen_mmcm.mmcm_i/CLKFBOUT
                         net (fo=1, routed)           2.005     9.900    i_dram_wrapper/i_dram/u_mig7s_mig/u_ddr3_infrastructure/clk_pll_i
    BUFGCTRL_X0Y0        BUFG (Prop_bufg_I_O)         0.083     9.983 r  i_dram_wrapper/i_dram/u_mig7s_mig/u_ddr3_infrastructure/u_bufg_clkdiv0/O
                         net (fo=13203, routed)       1.093    11.076    i_dram_wrapper/gen_cdc.i_axi_cdc_mig/i_axi_cdc_dst/i_cdc_fifo_gray_dst_aw/gen_sync[3].i_sync/clk_i
    SLICE_X109Y214       FDCE                                         r  i_dram_wrapper/gen_cdc.i_axi_cdc_mig/i_axi_cdc_dst/i_cdc_fifo_gray_dst_aw/gen_sync[3].i_sync/reg_q_reg[1]/C
                         clock pessimism              0.462    11.539    
                         clock uncertainty           -0.052    11.486    
    SLICE_X109Y214       FDCE (Recov_fdce_C_CLR)     -0.212    11.274    i_dram_wrapper/gen_cdc.i_axi_cdc_mig/i_axi_cdc_dst/i_cdc_fifo_gray_dst_aw/gen_sync[3].i_sync/reg_q_reg[1]
  -------------------------------------------------------------------
                         required time                         11.274    
                         arrival time                         -10.943    
  -------------------------------------------------------------------
                         slack                                  0.331    

Slack (MET) :             0.333ns  (required time - arrival time)
  Source:                 i_dram_wrapper/i_dram/u_mig7s_mig/u_ddr3_infrastructure/rstdiv0_sync_r1_reg_rep/C
                            (rising edge-triggered cell FDPE clocked by clk_pll_i  {rise@0.000ns fall@2.500ns period=5.000ns})
  Destination:            i_dram_wrapper/gen_cdc.i_axi_cdc_mig/i_axi_cdc_dst/i_cdc_fifo_gray_dst_aw/i_spill_register/spill_register_flushable_i/gen_spill_reg.a_data_q_reg[addr][29]/CLR
                            (rising edge-triggered cell FDCE clocked by clk_pll_i  {rise@0.000ns fall@2.500ns period=5.000ns})
  Path Group:             clk_pll_i
  Path Type:              Recovery (Max at Slow Process Corner)
  Requirement:            5.000ns  (MaxDelay Path 5.000ns)
  Data Path Delay:        4.146ns  (logic 0.259ns (6.247%)  route 3.887ns (93.753%))
  Logic Levels:           0  
  Clock Path Skew:        -0.315ns (DCD - SCD + CPR)
    Destination Clock Delay (DCD):    6.074ns
    Source Clock Delay      (SCD):    6.852ns
    Clock Pessimism Removal (CPR):    0.462ns
  Clock Uncertainty:      0.052ns  ((TSJ^2 + DJ^2)^1/2) / 2 + PE
    Total System Jitter     (TSJ):    0.071ns
    Discrete Jitter          (DJ):    0.077ns
    Phase Error              (PE):    0.000ns
  Timing Exception:       MaxDelay Path 5.000ns

    Location             Delay type                Incr(ns)  Path(ns)    Netlist Resource(s)
  -------------------------------------------------------------------    -------------------
                         (clock clk_pll_i rise edge)
                                                      0.000     0.000 r  
    AD12                                              0.000     0.000 r  sys_clk_p (IN)
                         net (fo=0)                   0.000     0.000    sys_clk_p
    AD12                 IBUFDS (Prop_ibufds_I_O)     0.906     0.906 r  i_bufds_sys_clk/O
                         net (fo=1, routed)           2.299     3.205    sys_clk
    BUFGCTRL_X0Y1        BUFG (Prop_bufg_I_O)         0.093     3.298 r  sys_clk_BUFG_inst/O
                         net (fo=63, routed)          1.787     5.085    i_dram_wrapper/i_dram/u_mig7s_mig/u_ddr3_infrastructure/plle2_i_0
    PLLE2_ADV_X1Y1       PLLE2_ADV (Prop_plle2_adv_CLKIN1_CLKOUT3)
                                                      0.077     5.162 r  i_dram_wrapper/i_dram/u_mig7s_mig/u_ddr3_infrastructure/plle2_i/CLKOUT3
                         net (fo=1, routed)           1.155     6.317    i_dram_wrapper/i_dram/u_mig7s_mig/u_ddr3_infrastructure/pll_clk3_out
    BUFHCE_X1Y12         BUFH (Prop_bufh_I_O)         0.103     6.420 r  i_dram_wrapper/i_dram/u_mig7s_mig/u_ddr3_infrastructure/u_bufh_pll_clk3/O
                         net (fo=1, routed)           0.790     7.210    i_dram_wrapper/i_dram/u_mig7s_mig/u_ddr3_infrastructure/pll_clk3
    MMCME2_ADV_X1Y1      MMCME2_ADV (Prop_mmcme2_adv_CLKIN1_CLKFBOUT)
                                                     -3.987     3.223 r  i_dram_wrapper/i_dram/u_mig7s_mig/u_ddr3_infrastructure/gen_mmcm.mmcm_i/CLKFBOUT
                         net (fo=1, routed)           2.130     5.353    i_dram_wrapper/i_dram/u_mig7s_mig/u_ddr3_infrastructure/clk_pll_i
    BUFGCTRL_X0Y0        BUFG (Prop_bufg_I_O)         0.093     5.446 r  i_dram_wrapper/i_dram/u_mig7s_mig/u_ddr3_infrastructure/u_bufg_clkdiv0/O
                         net (fo=13203, routed)       1.406     6.852    i_dram_wrapper/i_dram/u_mig7s_mig/u_ddr3_infrastructure/CLK
    SLICE_X102Y111       FDPE                                         r  i_dram_wrapper/i_dram/u_mig7s_mig/u_ddr3_infrastructure/rstdiv0_sync_r1_reg_rep/C
  -------------------------------------------------------------------    -------------------
    SLICE_X102Y111       FDPE (Prop_fdpe_C_Q)         0.259     7.111 f  i_dram_wrapper/i_dram/u_mig7s_mig/u_ddr3_infrastructure/rstdiv0_sync_r1_reg_rep/Q
                         net (fo=444, routed)         3.887    10.998    i_dram_wrapper/gen_cdc.i_axi_cdc_mig/i_axi_cdc_dst/i_cdc_fifo_gray_dst_aw/i_spill_register/spill_register_flushable_i/ui_clk_sync_rst
    SLICE_X114Y217       FDCE                                         f  i_dram_wrapper/gen_cdc.i_axi_cdc_mig/i_axi_cdc_dst/i_cdc_fifo_gray_dst_aw/i_spill_register/spill_register_flushable_i/gen_spill_reg.a_data_q_reg[addr][29]/CLR
  -------------------------------------------------------------------    -------------------

                         max delay                    5.000     5.000    
    AD12                                              0.000     5.000 r  sys_clk_p (IN)
                         net (fo=0)                   0.000     5.000    sys_clk_p
    AD12                 IBUFDS (Prop_ibufds_I_O)     0.803     5.803 r  i_bufds_sys_clk/O
                         net (fo=1, routed)           2.173     7.976    sys_clk
    BUFGCTRL_X0Y1        BUFG (Prop_bufg_I_O)         0.083     8.059 r  sys_clk_BUFG_inst/O
                         net (fo=63, routed)          1.626     9.685    i_dram_wrapper/i_dram/u_mig7s_mig/u_ddr3_infrastructure/plle2_i_0
    PLLE2_ADV_X1Y1       PLLE2_ADV (Prop_plle2_adv_CLKIN1_CLKOUT3)
                                                      0.073     9.758 r  i_dram_wrapper/i_dram/u_mig7s_mig/u_ddr3_infrastructure/plle2_i/CLKOUT3
                         net (fo=1, routed)           1.043    10.801    i_dram_wrapper/i_dram/u_mig7s_mig/u_ddr3_infrastructure/pll_clk3_out
    BUFHCE_X1Y12         BUFH (Prop_bufh_I_O)         0.066    10.867 r  i_dram_wrapper/i_dram/u_mig7s_mig/u_ddr3_infrastructure/u_bufh_pll_clk3/O
                         net (fo=1, routed)           0.722    11.589    i_dram_wrapper/i_dram/u_mig7s_mig/u_ddr3_infrastructure/pll_clk3
    MMCME2_ADV_X1Y1      MMCME2_ADV (Prop_mmcme2_adv_CLKIN1_CLKFBOUT)
                                                     -3.694     7.895 r  i_dram_wrapper/i_dram/u_mig7s_mig/u_ddr3_infrastructure/gen_mmcm.mmcm_i/CLKFBOUT
                         net (fo=1, routed)           2.005     9.900    i_dram_wrapper/i_dram/u_mig7s_mig/u_ddr3_infrastructure/clk_pll_i
    BUFGCTRL_X0Y0        BUFG (Prop_bufg_I_O)         0.083     9.983 r  i_dram_wrapper/i_dram/u_mig7s_mig/u_ddr3_infrastructure/u_bufg_clkdiv0/O
                         net (fo=13203, routed)       1.091    11.074    i_dram_wrapper/gen_cdc.i_axi_cdc_mig/i_axi_cdc_dst/i_cdc_fifo_gray_dst_aw/i_spill_register/spill_register_flushable_i/CLK
    SLICE_X114Y217       FDCE                                         r  i_dram_wrapper/gen_cdc.i_axi_cdc_mig/i_axi_cdc_dst/i_cdc_fifo_gray_dst_aw/i_spill_register/spill_register_flushable_i/gen_spill_reg.a_data_q_reg[addr][29]/C
                         clock pessimism              0.462    11.537    
                         clock uncertainty           -0.052    11.484    
    SLICE_X114Y217       FDCE (Recov_fdce_C_CLR)     -0.154    11.330    i_dram_wrapper/gen_cdc.i_axi_cdc_mig/i_axi_cdc_dst/i_cdc_fifo_gray_dst_aw/i_spill_register/spill_register_flushable_i/gen_spill_reg.a_data_q_reg[addr][29]
  -------------------------------------------------------------------
                         required time                         11.330    
                         arrival time                         -10.998    
  -------------------------------------------------------------------
                         slack                                  0.333    

Slack (MET) :             0.333ns  (required time - arrival time)
  Source:                 i_dram_wrapper/i_dram/u_mig7s_mig/u_ddr3_infrastructure/rstdiv0_sync_r1_reg_rep/C
                            (rising edge-triggered cell FDPE clocked by clk_pll_i  {rise@0.000ns fall@2.500ns period=5.000ns})
  Destination:            i_dram_wrapper/gen_cdc.i_axi_cdc_mig/i_axi_cdc_dst/i_cdc_fifo_gray_dst_aw/i_spill_register/spill_register_flushable_i/gen_spill_reg.a_data_q_reg[addr][6]/CLR
                            (rising edge-triggered cell FDCE clocked by clk_pll_i  {rise@0.000ns fall@2.500ns period=5.000ns})
  Path Group:             clk_pll_i
  Path Type:              Recovery (Max at Slow Process Corner)
  Requirement:            5.000ns  (MaxDelay Path 5.000ns)
  Data Path Delay:        4.146ns  (logic 0.259ns (6.247%)  route 3.887ns (93.753%))
  Logic Levels:           0  
  Clock Path Skew:        -0.315ns (DCD - SCD + CPR)
    Destination Clock Delay (DCD):    6.074ns
    Source Clock Delay      (SCD):    6.852ns
    Clock Pessimism Removal (CPR):    0.462ns
  Clock Uncertainty:      0.052ns  ((TSJ^2 + DJ^2)^1/2) / 2 + PE
    Total System Jitter     (TSJ):    0.071ns
    Discrete Jitter          (DJ):    0.077ns
    Phase Error              (PE):    0.000ns
  Timing Exception:       MaxDelay Path 5.000ns

    Location             Delay type                Incr(ns)  Path(ns)    Netlist Resource(s)
  -------------------------------------------------------------------    -------------------
                         (clock clk_pll_i rise edge)
                                                      0.000     0.000 r  
    AD12                                              0.000     0.000 r  sys_clk_p (IN)
                         net (fo=0)                   0.000     0.000    sys_clk_p
    AD12                 IBUFDS (Prop_ibufds_I_O)     0.906     0.906 r  i_bufds_sys_clk/O
                         net (fo=1, routed)           2.299     3.205    sys_clk
    BUFGCTRL_X0Y1        BUFG (Prop_bufg_I_O)         0.093     3.298 r  sys_clk_BUFG_inst/O
                         net (fo=63, routed)          1.787     5.085    i_dram_wrapper/i_dram/u_mig7s_mig/u_ddr3_infrastructure/plle2_i_0
    PLLE2_ADV_X1Y1       PLLE2_ADV (Prop_plle2_adv_CLKIN1_CLKOUT3)
                                                      0.077     5.162 r  i_dram_wrapper/i_dram/u_mig7s_mig/u_ddr3_infrastructure/plle2_i/CLKOUT3
                         net (fo=1, routed)           1.155     6.317    i_dram_wrapper/i_dram/u_mig7s_mig/u_ddr3_infrastructure/pll_clk3_out
    BUFHCE_X1Y12         BUFH (Prop_bufh_I_O)         0.103     6.420 r  i_dram_wrapper/i_dram/u_mig7s_mig/u_ddr3_infrastructure/u_bufh_pll_clk3/O
                         net (fo=1, routed)           0.790     7.210    i_dram_wrapper/i_dram/u_mig7s_mig/u_ddr3_infrastructure/pll_clk3
    MMCME2_ADV_X1Y1      MMCME2_ADV (Prop_mmcme2_adv_CLKIN1_CLKFBOUT)
                                                     -3.987     3.223 r  i_dram_wrapper/i_dram/u_mig7s_mig/u_ddr3_infrastructure/gen_mmcm.mmcm_i/CLKFBOUT
                         net (fo=1, routed)           2.130     5.353    i_dram_wrapper/i_dram/u_mig7s_mig/u_ddr3_infrastructure/clk_pll_i
    BUFGCTRL_X0Y0        BUFG (Prop_bufg_I_O)         0.093     5.446 r  i_dram_wrapper/i_dram/u_mig7s_mig/u_ddr3_infrastructure/u_bufg_clkdiv0/O
                         net (fo=13203, routed)       1.406     6.852    i_dram_wrapper/i_dram/u_mig7s_mig/u_ddr3_infrastructure/CLK
    SLICE_X102Y111       FDPE                                         r  i_dram_wrapper/i_dram/u_mig7s_mig/u_ddr3_infrastructure/rstdiv0_sync_r1_reg_rep/C
  -------------------------------------------------------------------    -------------------
    SLICE_X102Y111       FDPE (Prop_fdpe_C_Q)         0.259     7.111 f  i_dram_wrapper/i_dram/u_mig7s_mig/u_ddr3_infrastructure/rstdiv0_sync_r1_reg_rep/Q
                         net (fo=444, routed)         3.887    10.998    i_dram_wrapper/gen_cdc.i_axi_cdc_mig/i_axi_cdc_dst/i_cdc_fifo_gray_dst_aw/i_spill_register/spill_register_flushable_i/ui_clk_sync_rst
    SLICE_X114Y217       FDCE                                         f  i_dram_wrapper/gen_cdc.i_axi_cdc_mig/i_axi_cdc_dst/i_cdc_fifo_gray_dst_aw/i_spill_register/spill_register_flushable_i/gen_spill_reg.a_data_q_reg[addr][6]/CLR
  -------------------------------------------------------------------    -------------------

                         max delay                    5.000     5.000    
    AD12                                              0.000     5.000 r  sys_clk_p (IN)
                         net (fo=0)                   0.000     5.000    sys_clk_p
    AD12                 IBUFDS (Prop_ibufds_I_O)     0.803     5.803 r  i_bufds_sys_clk/O
                         net (fo=1, routed)           2.173     7.976    sys_clk
    BUFGCTRL_X0Y1        BUFG (Prop_bufg_I_O)         0.083     8.059 r  sys_clk_BUFG_inst/O
                         net (fo=63, routed)          1.626     9.685    i_dram_wrapper/i_dram/u_mig7s_mig/u_ddr3_infrastructure/plle2_i_0
    PLLE2_ADV_X1Y1       PLLE2_ADV (Prop_plle2_adv_CLKIN1_CLKOUT3)
                                                      0.073     9.758 r  i_dram_wrapper/i_dram/u_mig7s_mig/u_ddr3_infrastructure/plle2_i/CLKOUT3
                         net (fo=1, routed)           1.043    10.801    i_dram_wrapper/i_dram/u_mig7s_mig/u_ddr3_infrastructure/pll_clk3_out
    BUFHCE_X1Y12         BUFH (Prop_bufh_I_O)         0.066    10.867 r  i_dram_wrapper/i_dram/u_mig7s_mig/u_ddr3_infrastructure/u_bufh_pll_clk3/O
                         net (fo=1, routed)           0.722    11.589    i_dram_wrapper/i_dram/u_mig7s_mig/u_ddr3_infrastructure/pll_clk3
    MMCME2_ADV_X1Y1      MMCME2_ADV (Prop_mmcme2_adv_CLKIN1_CLKFBOUT)
                                                     -3.694     7.895 r  i_dram_wrapper/i_dram/u_mig7s_mig/u_ddr3_infrastructure/gen_mmcm.mmcm_i/CLKFBOUT
                         net (fo=1, routed)           2.005     9.900    i_dram_wrapper/i_dram/u_mig7s_mig/u_ddr3_infrastructure/clk_pll_i
    BUFGCTRL_X0Y0        BUFG (Prop_bufg_I_O)         0.083     9.983 r  i_dram_wrapper/i_dram/u_mig7s_mig/u_ddr3_infrastructure/u_bufg_clkdiv0/O
                         net (fo=13203, routed)       1.091    11.074    i_dram_wrapper/gen_cdc.i_axi_cdc_mig/i_axi_cdc_dst/i_cdc_fifo_gray_dst_aw/i_spill_register/spill_register_flushable_i/CLK
    SLICE_X114Y217       FDCE                                         r  i_dram_wrapper/gen_cdc.i_axi_cdc_mig/i_axi_cdc_dst/i_cdc_fifo_gray_dst_aw/i_spill_register/spill_register_flushable_i/gen_spill_reg.a_data_q_reg[addr][6]/C
                         clock pessimism              0.462    11.537    
                         clock uncertainty           -0.052    11.484    
    SLICE_X114Y217       FDCE (Recov_fdce_C_CLR)     -0.154    11.330    i_dram_wrapper/gen_cdc.i_axi_cdc_mig/i_axi_cdc_dst/i_cdc_fifo_gray_dst_aw/i_spill_register/spill_register_flushable_i/gen_spill_reg.a_data_q_reg[addr][6]
  -------------------------------------------------------------------
                         required time                         11.330    
                         arrival time                         -10.998    
  -------------------------------------------------------------------
                         slack                                  0.333    

Slack (MET) :             0.341ns  (required time - arrival time)
  Source:                 i_dram_wrapper/i_dram/u_mig7s_mig/u_ddr3_infrastructure/rstdiv0_sync_r1_reg_rep/C
                            (rising edge-triggered cell FDPE clocked by clk_pll_i  {rise@0.000ns fall@2.500ns period=5.000ns})
  Destination:            i_dram_wrapper/gen_cdc.i_axi_cdc_mig/i_axi_cdc_dst/i_cdc_fifo_gray_dst_w/i_spill_register/spill_register_flushable_i/gen_spill_reg.a_data_q_reg[data][7]/CLR
                            (rising edge-triggered cell FDCE clocked by clk_pll_i  {rise@0.000ns fall@2.500ns period=5.000ns})
  Path Group:             clk_pll_i
  Path Type:              Recovery (Max at Slow Process Corner)
  Requirement:            5.000ns  (MaxDelay Path 5.000ns)
  Data Path Delay:        4.161ns  (logic 0.259ns (6.225%)  route 3.902ns (93.775%))
  Logic Levels:           0  
  Clock Path Skew:        -0.292ns (DCD - SCD + CPR)
    Destination Clock Delay (DCD):    6.084ns
    Source Clock Delay      (SCD):    6.852ns
    Clock Pessimism Removal (CPR):    0.475ns
  Clock Uncertainty:      0.052ns  ((TSJ^2 + DJ^2)^1/2) / 2 + PE
    Total System Jitter     (TSJ):    0.071ns
    Discrete Jitter          (DJ):    0.077ns
    Phase Error              (PE):    0.000ns
  Timing Exception:       MaxDelay Path 5.000ns

    Location             Delay type                Incr(ns)  Path(ns)    Netlist Resource(s)
  -------------------------------------------------------------------    -------------------
                         (clock clk_pll_i rise edge)
                                                      0.000     0.000 r  
    AD12                                              0.000     0.000 r  sys_clk_p (IN)
                         net (fo=0)                   0.000     0.000    sys_clk_p
    AD12                 IBUFDS (Prop_ibufds_I_O)     0.906     0.906 r  i_bufds_sys_clk/O
                         net (fo=1, routed)           2.299     3.205    sys_clk
    BUFGCTRL_X0Y1        BUFG (Prop_bufg_I_O)         0.093     3.298 r  sys_clk_BUFG_inst/O
                         net (fo=63, routed)          1.787     5.085    i_dram_wrapper/i_dram/u_mig7s_mig/u_ddr3_infrastructure/plle2_i_0
    PLLE2_ADV_X1Y1       PLLE2_ADV (Prop_plle2_adv_CLKIN1_CLKOUT3)
                                                      0.077     5.162 r  i_dram_wrapper/i_dram/u_mig7s_mig/u_ddr3_infrastructure/plle2_i/CLKOUT3
                         net (fo=1, routed)           1.155     6.317    i_dram_wrapper/i_dram/u_mig7s_mig/u_ddr3_infrastructure/pll_clk3_out
    BUFHCE_X1Y12         BUFH (Prop_bufh_I_O)         0.103     6.420 r  i_dram_wrapper/i_dram/u_mig7s_mig/u_ddr3_infrastructure/u_bufh_pll_clk3/O
                         net (fo=1, routed)           0.790     7.210    i_dram_wrapper/i_dram/u_mig7s_mig/u_ddr3_infrastructure/pll_clk3
    MMCME2_ADV_X1Y1      MMCME2_ADV (Prop_mmcme2_adv_CLKIN1_CLKFBOUT)
                                                     -3.987     3.223 r  i_dram_wrapper/i_dram/u_mig7s_mig/u_ddr3_infrastructure/gen_mmcm.mmcm_i/CLKFBOUT
                         net (fo=1, routed)           2.130     5.353    i_dram_wrapper/i_dram/u_mig7s_mig/u_ddr3_infrastructure/clk_pll_i
    BUFGCTRL_X0Y0        BUFG (Prop_bufg_I_O)         0.093     5.446 r  i_dram_wrapper/i_dram/u_mig7s_mig/u_ddr3_infrastructure/u_bufg_clkdiv0/O
                         net (fo=13203, routed)       1.406     6.852    i_dram_wrapper/i_dram/u_mig7s_mig/u_ddr3_infrastructure/CLK
    SLICE_X102Y111       FDPE                                         r  i_dram_wrapper/i_dram/u_mig7s_mig/u_ddr3_infrastructure/rstdiv0_sync_r1_reg_rep/C
  -------------------------------------------------------------------    -------------------
    SLICE_X102Y111       FDPE (Prop_fdpe_C_Q)         0.259     7.111 f  i_dram_wrapper/i_dram/u_mig7s_mig/u_ddr3_infrastructure/rstdiv0_sync_r1_reg_rep/Q
                         net (fo=444, routed)         3.902    11.013    i_dram_wrapper/gen_cdc.i_axi_cdc_mig/i_axi_cdc_dst/i_cdc_fifo_gray_dst_w/i_spill_register/spill_register_flushable_i/ui_clk_sync_rst
    SLICE_X108Y172       FDCE                                         f  i_dram_wrapper/gen_cdc.i_axi_cdc_mig/i_axi_cdc_dst/i_cdc_fifo_gray_dst_w/i_spill_register/spill_register_flushable_i/gen_spill_reg.a_data_q_reg[data][7]/CLR
  -------------------------------------------------------------------    -------------------

                         max delay                    5.000     5.000    
    AD12                                              0.000     5.000 r  sys_clk_p (IN)
                         net (fo=0)                   0.000     5.000    sys_clk_p
    AD12                 IBUFDS (Prop_ibufds_I_O)     0.803     5.803 r  i_bufds_sys_clk/O
                         net (fo=1, routed)           2.173     7.976    sys_clk
    BUFGCTRL_X0Y1        BUFG (Prop_bufg_I_O)         0.083     8.059 r  sys_clk_BUFG_inst/O
                         net (fo=63, routed)          1.626     9.685    i_dram_wrapper/i_dram/u_mig7s_mig/u_ddr3_infrastructure/plle2_i_0
    PLLE2_ADV_X1Y1       PLLE2_ADV (Prop_plle2_adv_CLKIN1_CLKOUT3)
                                                      0.073     9.758 r  i_dram_wrapper/i_dram/u_mig7s_mig/u_ddr3_infrastructure/plle2_i/CLKOUT3
                         net (fo=1, routed)           1.043    10.801    i_dram_wrapper/i_dram/u_mig7s_mig/u_ddr3_infrastructure/pll_clk3_out
    BUFHCE_X1Y12         BUFH (Prop_bufh_I_O)         0.066    10.867 r  i_dram_wrapper/i_dram/u_mig7s_mig/u_ddr3_infrastructure/u_bufh_pll_clk3/O
                         net (fo=1, routed)           0.722    11.589    i_dram_wrapper/i_dram/u_mig7s_mig/u_ddr3_infrastructure/pll_clk3
    MMCME2_ADV_X1Y1      MMCME2_ADV (Prop_mmcme2_adv_CLKIN1_CLKFBOUT)
                                                     -3.694     7.895 r  i_dram_wrapper/i_dram/u_mig7s_mig/u_ddr3_infrastructure/gen_mmcm.mmcm_i/CLKFBOUT
                         net (fo=1, routed)           2.005     9.900    i_dram_wrapper/i_dram/u_mig7s_mig/u_ddr3_infrastructure/clk_pll_i
    BUFGCTRL_X0Y0        BUFG (Prop_bufg_I_O)         0.083     9.983 r  i_dram_wrapper/i_dram/u_mig7s_mig/u_ddr3_infrastructure/u_bufg_clkdiv0/O
                         net (fo=13203, routed)       1.101    11.084    i_dram_wrapper/gen_cdc.i_axi_cdc_mig/i_axi_cdc_dst/i_cdc_fifo_gray_dst_w/i_spill_register/spill_register_flushable_i/CLK
    SLICE_X108Y172       FDCE                                         r  i_dram_wrapper/gen_cdc.i_axi_cdc_mig/i_axi_cdc_dst/i_cdc_fifo_gray_dst_w/i_spill_register/spill_register_flushable_i/gen_spill_reg.a_data_q_reg[data][7]/C
                         clock pessimism              0.475    11.560    
                         clock uncertainty           -0.052    11.507    
    SLICE_X108Y172       FDCE (Recov_fdce_C_CLR)     -0.154    11.353    i_dram_wrapper/gen_cdc.i_axi_cdc_mig/i_axi_cdc_dst/i_cdc_fifo_gray_dst_w/i_spill_register/spill_register_flushable_i/gen_spill_reg.a_data_q_reg[data][7]
  -------------------------------------------------------------------
                         required time                         11.353    
                         arrival time                         -11.013    
  -------------------------------------------------------------------
                         slack                                  0.341    

Slack (MET) :             0.345ns  (required time - arrival time)
  Source:                 i_dram_wrapper/i_dram/u_mig7s_mig/u_ddr3_infrastructure/rstdiv0_sync_r1_reg_rep/C
                            (rising edge-triggered cell FDPE clocked by clk_pll_i  {rise@0.000ns fall@2.500ns period=5.000ns})
  Destination:            i_dram_wrapper/gen_cdc.i_axi_cdc_mig/i_axi_cdc_dst/i_cdc_fifo_gray_dst_aw/i_spill_register/spill_register_flushable_i/gen_spill_reg.a_data_q_reg[addr][23]/CLR
                            (rising edge-triggered cell FDCE clocked by clk_pll_i  {rise@0.000ns fall@2.500ns period=5.000ns})
  Path Group:             clk_pll_i
  Path Type:              Recovery (Max at Slow Process Corner)
  Requirement:            5.000ns  (MaxDelay Path 5.000ns)
  Data Path Delay:        4.181ns  (logic 0.259ns (6.195%)  route 3.922ns (93.805%))
  Logic Levels:           0  
  Clock Path Skew:        -0.268ns (DCD - SCD + CPR)
    Destination Clock Delay (DCD):    6.121ns
    Source Clock Delay      (SCD):    6.852ns
    Clock Pessimism Removal (CPR):    0.462ns
  Clock Uncertainty:      0.052ns  ((TSJ^2 + DJ^2)^1/2) / 2 + PE
    Total System Jitter     (TSJ):    0.071ns
    Discrete Jitter          (DJ):    0.077ns
    Phase Error              (PE):    0.000ns
  Timing Exception:       MaxDelay Path 5.000ns

    Location             Delay type                Incr(ns)  Path(ns)    Netlist Resource(s)
  -------------------------------------------------------------------    -------------------
                         (clock clk_pll_i rise edge)
                                                      0.000     0.000 r  
    AD12                                              0.000     0.000 r  sys_clk_p (IN)
                         net (fo=0)                   0.000     0.000    sys_clk_p
    AD12                 IBUFDS (Prop_ibufds_I_O)     0.906     0.906 r  i_bufds_sys_clk/O
                         net (fo=1, routed)           2.299     3.205    sys_clk
    BUFGCTRL_X0Y1        BUFG (Prop_bufg_I_O)         0.093     3.298 r  sys_clk_BUFG_inst/O
                         net (fo=63, routed)          1.787     5.085    i_dram_wrapper/i_dram/u_mig7s_mig/u_ddr3_infrastructure/plle2_i_0
    PLLE2_ADV_X1Y1       PLLE2_ADV (Prop_plle2_adv_CLKIN1_CLKOUT3)
                                                      0.077     5.162 r  i_dram_wrapper/i_dram/u_mig7s_mig/u_ddr3_infrastructure/plle2_i/CLKOUT3
                         net (fo=1, routed)           1.155     6.317    i_dram_wrapper/i_dram/u_mig7s_mig/u_ddr3_infrastructure/pll_clk3_out
    BUFHCE_X1Y12         BUFH (Prop_bufh_I_O)         0.103     6.420 r  i_dram_wrapper/i_dram/u_mig7s_mig/u_ddr3_infrastructure/u_bufh_pll_clk3/O
                         net (fo=1, routed)           0.790     7.210    i_dram_wrapper/i_dram/u_mig7s_mig/u_ddr3_infrastructure/pll_clk3
    MMCME2_ADV_X1Y1      MMCME2_ADV (Prop_mmcme2_adv_CLKIN1_CLKFBOUT)
                                                     -3.987     3.223 r  i_dram_wrapper/i_dram/u_mig7s_mig/u_ddr3_infrastructure/gen_mmcm.mmcm_i/CLKFBOUT
                         net (fo=1, routed)           2.130     5.353    i_dram_wrapper/i_dram/u_mig7s_mig/u_ddr3_infrastructure/clk_pll_i
    BUFGCTRL_X0Y0        BUFG (Prop_bufg_I_O)         0.093     5.446 r  i_dram_wrapper/i_dram/u_mig7s_mig/u_ddr3_infrastructure/u_bufg_clkdiv0/O
                         net (fo=13203, routed)       1.406     6.852    i_dram_wrapper/i_dram/u_mig7s_mig/u_ddr3_infrastructure/CLK
    SLICE_X102Y111       FDPE                                         r  i_dram_wrapper/i_dram/u_mig7s_mig/u_ddr3_infrastructure/rstdiv0_sync_r1_reg_rep/C
  -------------------------------------------------------------------    -------------------
    SLICE_X102Y111       FDPE (Prop_fdpe_C_Q)         0.259     7.111 f  i_dram_wrapper/i_dram/u_mig7s_mig/u_ddr3_infrastructure/rstdiv0_sync_r1_reg_rep/Q
                         net (fo=444, routed)         3.922    11.032    i_dram_wrapper/gen_cdc.i_axi_cdc_mig/i_axi_cdc_dst/i_cdc_fifo_gray_dst_aw/i_spill_register/spill_register_flushable_i/ui_clk_sync_rst
    SLICE_X122Y217       FDCE                                         f  i_dram_wrapper/gen_cdc.i_axi_cdc_mig/i_axi_cdc_dst/i_cdc_fifo_gray_dst_aw/i_spill_register/spill_register_flushable_i/gen_spill_reg.a_data_q_reg[addr][23]/CLR
  -------------------------------------------------------------------    -------------------

                         max delay                    5.000     5.000    
    AD12                                              0.000     5.000 r  sys_clk_p (IN)
                         net (fo=0)                   0.000     5.000    sys_clk_p
    AD12                 IBUFDS (Prop_ibufds_I_O)     0.803     5.803 r  i_bufds_sys_clk/O
                         net (fo=1, routed)           2.173     7.976    sys_clk
    BUFGCTRL_X0Y1        BUFG (Prop_bufg_I_O)         0.083     8.059 r  sys_clk_BUFG_inst/O
                         net (fo=63, routed)          1.626     9.685    i_dram_wrapper/i_dram/u_mig7s_mig/u_ddr3_infrastructure/plle2_i_0
    PLLE2_ADV_X1Y1       PLLE2_ADV (Prop_plle2_adv_CLKIN1_CLKOUT3)
                                                      0.073     9.758 r  i_dram_wrapper/i_dram/u_mig7s_mig/u_ddr3_infrastructure/plle2_i/CLKOUT3
                         net (fo=1, routed)           1.043    10.801    i_dram_wrapper/i_dram/u_mig7s_mig/u_ddr3_infrastructure/pll_clk3_out
    BUFHCE_X1Y12         BUFH (Prop_bufh_I_O)         0.066    10.867 r  i_dram_wrapper/i_dram/u_mig7s_mig/u_ddr3_infrastructure/u_bufh_pll_clk3/O
                         net (fo=1, routed)           0.722    11.589    i_dram_wrapper/i_dram/u_mig7s_mig/u_ddr3_infrastructure/pll_clk3
    MMCME2_ADV_X1Y1      MMCME2_ADV (Prop_mmcme2_adv_CLKIN1_CLKFBOUT)
                                                     -3.694     7.895 r  i_dram_wrapper/i_dram/u_mig7s_mig/u_ddr3_infrastructure/gen_mmcm.mmcm_i/CLKFBOUT
                         net (fo=1, routed)           2.005     9.900    i_dram_wrapper/i_dram/u_mig7s_mig/u_ddr3_infrastructure/clk_pll_i
    BUFGCTRL_X0Y0        BUFG (Prop_bufg_I_O)         0.083     9.983 r  i_dram_wrapper/i_dram/u_mig7s_mig/u_ddr3_infrastructure/u_bufg_clkdiv0/O
                         net (fo=13203, routed)       1.138    11.121    i_dram_wrapper/gen_cdc.i_axi_cdc_mig/i_axi_cdc_dst/i_cdc_fifo_gray_dst_aw/i_spill_register/spill_register_flushable_i/CLK
    SLICE_X122Y217       FDCE                                         r  i_dram_wrapper/gen_cdc.i_axi_cdc_mig/i_axi_cdc_dst/i_cdc_fifo_gray_dst_aw/i_spill_register/spill_register_flushable_i/gen_spill_reg.a_data_q_reg[addr][23]/C
                         clock pessimism              0.462    11.584    
                         clock uncertainty           -0.052    11.531    
    SLICE_X122Y217       FDCE (Recov_fdce_C_CLR)     -0.154    11.377    i_dram_wrapper/gen_cdc.i_axi_cdc_mig/i_axi_cdc_dst/i_cdc_fifo_gray_dst_aw/i_spill_register/spill_register_flushable_i/gen_spill_reg.a_data_q_reg[addr][23]
  -------------------------------------------------------------------
                         required time                         11.377    
                         arrival time                         -11.032    
  -------------------------------------------------------------------
                         slack                                  0.345    

Slack (MET) :             0.345ns  (required time - arrival time)
  Source:                 i_dram_wrapper/i_dram/u_mig7s_mig/u_ddr3_infrastructure/rstdiv0_sync_r1_reg_rep/C
                            (rising edge-triggered cell FDPE clocked by clk_pll_i  {rise@0.000ns fall@2.500ns period=5.000ns})
  Destination:            i_dram_wrapper/gen_cdc.i_axi_cdc_mig/i_axi_cdc_dst/i_cdc_fifo_gray_dst_aw/i_spill_register/spill_register_flushable_i/gen_spill_reg.a_data_q_reg[addr][24]/CLR
                            (rising edge-triggered cell FDCE clocked by clk_pll_i  {rise@0.000ns fall@2.500ns period=5.000ns})
  Path Group:             clk_pll_i
  Path Type:              Recovery (Max at Slow Process Corner)
  Requirement:            5.000ns  (MaxDelay Path 5.000ns)
  Data Path Delay:        4.181ns  (logic 0.259ns (6.195%)  route 3.922ns (93.805%))
  Logic Levels:           0  
  Clock Path Skew:        -0.268ns (DCD - SCD + CPR)
    Destination Clock Delay (DCD):    6.121ns
    Source Clock Delay      (SCD):    6.852ns
    Clock Pessimism Removal (CPR):    0.462ns
  Clock Uncertainty:      0.052ns  ((TSJ^2 + DJ^2)^1/2) / 2 + PE
    Total System Jitter     (TSJ):    0.071ns
    Discrete Jitter          (DJ):    0.077ns
    Phase Error              (PE):    0.000ns
  Timing Exception:       MaxDelay Path 5.000ns

    Location             Delay type                Incr(ns)  Path(ns)    Netlist Resource(s)
  -------------------------------------------------------------------    -------------------
                         (clock clk_pll_i rise edge)
                                                      0.000     0.000 r  
    AD12                                              0.000     0.000 r  sys_clk_p (IN)
                         net (fo=0)                   0.000     0.000    sys_clk_p
    AD12                 IBUFDS (Prop_ibufds_I_O)     0.906     0.906 r  i_bufds_sys_clk/O
                         net (fo=1, routed)           2.299     3.205    sys_clk
    BUFGCTRL_X0Y1        BUFG (Prop_bufg_I_O)         0.093     3.298 r  sys_clk_BUFG_inst/O
                         net (fo=63, routed)          1.787     5.085    i_dram_wrapper/i_dram/u_mig7s_mig/u_ddr3_infrastructure/plle2_i_0
    PLLE2_ADV_X1Y1       PLLE2_ADV (Prop_plle2_adv_CLKIN1_CLKOUT3)
                                                      0.077     5.162 r  i_dram_wrapper/i_dram/u_mig7s_mig/u_ddr3_infrastructure/plle2_i/CLKOUT3
                         net (fo=1, routed)           1.155     6.317    i_dram_wrapper/i_dram/u_mig7s_mig/u_ddr3_infrastructure/pll_clk3_out
    BUFHCE_X1Y12         BUFH (Prop_bufh_I_O)         0.103     6.420 r  i_dram_wrapper/i_dram/u_mig7s_mig/u_ddr3_infrastructure/u_bufh_pll_clk3/O
                         net (fo=1, routed)           0.790     7.210    i_dram_wrapper/i_dram/u_mig7s_mig/u_ddr3_infrastructure/pll_clk3
    MMCME2_ADV_X1Y1      MMCME2_ADV (Prop_mmcme2_adv_CLKIN1_CLKFBOUT)
                                                     -3.987     3.223 r  i_dram_wrapper/i_dram/u_mig7s_mig/u_ddr3_infrastructure/gen_mmcm.mmcm_i/CLKFBOUT
                         net (fo=1, routed)           2.130     5.353    i_dram_wrapper/i_dram/u_mig7s_mig/u_ddr3_infrastructure/clk_pll_i
    BUFGCTRL_X0Y0        BUFG (Prop_bufg_I_O)         0.093     5.446 r  i_dram_wrapper/i_dram/u_mig7s_mig/u_ddr3_infrastructure/u_bufg_clkdiv0/O
                         net (fo=13203, routed)       1.406     6.852    i_dram_wrapper/i_dram/u_mig7s_mig/u_ddr3_infrastructure/CLK
    SLICE_X102Y111       FDPE                                         r  i_dram_wrapper/i_dram/u_mig7s_mig/u_ddr3_infrastructure/rstdiv0_sync_r1_reg_rep/C
  -------------------------------------------------------------------    -------------------
    SLICE_X102Y111       FDPE (Prop_fdpe_C_Q)         0.259     7.111 f  i_dram_wrapper/i_dram/u_mig7s_mig/u_ddr3_infrastructure/rstdiv0_sync_r1_reg_rep/Q
                         net (fo=444, routed)         3.922    11.032    i_dram_wrapper/gen_cdc.i_axi_cdc_mig/i_axi_cdc_dst/i_cdc_fifo_gray_dst_aw/i_spill_register/spill_register_flushable_i/ui_clk_sync_rst
    SLICE_X122Y217       FDCE                                         f  i_dram_wrapper/gen_cdc.i_axi_cdc_mig/i_axi_cdc_dst/i_cdc_fifo_gray_dst_aw/i_spill_register/spill_register_flushable_i/gen_spill_reg.a_data_q_reg[addr][24]/CLR
  -------------------------------------------------------------------    -------------------

                         max delay                    5.000     5.000    
    AD12                                              0.000     5.000 r  sys_clk_p (IN)
                         net (fo=0)                   0.000     5.000    sys_clk_p
    AD12                 IBUFDS (Prop_ibufds_I_O)     0.803     5.803 r  i_bufds_sys_clk/O
                         net (fo=1, routed)           2.173     7.976    sys_clk
    BUFGCTRL_X0Y1        BUFG (Prop_bufg_I_O)         0.083     8.059 r  sys_clk_BUFG_inst/O
                         net (fo=63, routed)          1.626     9.685    i_dram_wrapper/i_dram/u_mig7s_mig/u_ddr3_infrastructure/plle2_i_0
    PLLE2_ADV_X1Y1       PLLE2_ADV (Prop_plle2_adv_CLKIN1_CLKOUT3)
                                                      0.073     9.758 r  i_dram_wrapper/i_dram/u_mig7s_mig/u_ddr3_infrastructure/plle2_i/CLKOUT3
                         net (fo=1, routed)           1.043    10.801    i_dram_wrapper/i_dram/u_mig7s_mig/u_ddr3_infrastructure/pll_clk3_out
    BUFHCE_X1Y12         BUFH (Prop_bufh_I_O)         0.066    10.867 r  i_dram_wrapper/i_dram/u_mig7s_mig/u_ddr3_infrastructure/u_bufh_pll_clk3/O
                         net (fo=1, routed)           0.722    11.589    i_dram_wrapper/i_dram/u_mig7s_mig/u_ddr3_infrastructure/pll_clk3
    MMCME2_ADV_X1Y1      MMCME2_ADV (Prop_mmcme2_adv_CLKIN1_CLKFBOUT)
                                                     -3.694     7.895 r  i_dram_wrapper/i_dram/u_mig7s_mig/u_ddr3_infrastructure/gen_mmcm.mmcm_i/CLKFBOUT
                         net (fo=1, routed)           2.005     9.900    i_dram_wrapper/i_dram/u_mig7s_mig/u_ddr3_infrastructure/clk_pll_i
    BUFGCTRL_X0Y0        BUFG (Prop_bufg_I_O)         0.083     9.983 r  i_dram_wrapper/i_dram/u_mig7s_mig/u_ddr3_infrastructure/u_bufg_clkdiv0/O
                         net (fo=13203, routed)       1.138    11.121    i_dram_wrapper/gen_cdc.i_axi_cdc_mig/i_axi_cdc_dst/i_cdc_fifo_gray_dst_aw/i_spill_register/spill_register_flushable_i/CLK
    SLICE_X122Y217       FDCE                                         r  i_dram_wrapper/gen_cdc.i_axi_cdc_mig/i_axi_cdc_dst/i_cdc_fifo_gray_dst_aw/i_spill_register/spill_register_flushable_i/gen_spill_reg.a_data_q_reg[addr][24]/C
                         clock pessimism              0.462    11.584    
                         clock uncertainty           -0.052    11.531    
    SLICE_X122Y217       FDCE (Recov_fdce_C_CLR)     -0.154    11.377    i_dram_wrapper/gen_cdc.i_axi_cdc_mig/i_axi_cdc_dst/i_cdc_fifo_gray_dst_aw/i_spill_register/spill_register_flushable_i/gen_spill_reg.a_data_q_reg[addr][24]
  -------------------------------------------------------------------
                         required time                         11.377    
                         arrival time                         -11.032    
  -------------------------------------------------------------------
                         slack                                  0.345    

Slack (MET) :             0.357ns  (required time - arrival time)
  Source:                 i_dram_wrapper/i_dram/u_mig7s_mig/u_ddr3_infrastructure/rstdiv0_sync_r1_reg_rep/C
                            (rising edge-triggered cell FDPE clocked by clk_pll_i  {rise@0.000ns fall@2.500ns period=5.000ns})
  Destination:            i_dram_wrapper/gen_cdc.i_axi_cdc_mig/i_axi_cdc_dst/i_cdc_fifo_gray_dst_aw/i_spill_register/spill_register_flushable_i/gen_spill_reg.a_data_q_reg[addr][0]/CLR
                            (rising edge-triggered cell FDCE clocked by clk_pll_i  {rise@0.000ns fall@2.500ns period=5.000ns})
  Path Group:             clk_pll_i
  Path Type:              Recovery (Max at Slow Process Corner)
  Requirement:            5.000ns  (MaxDelay Path 5.000ns)
  Data Path Delay:        4.117ns  (logic 0.259ns (6.291%)  route 3.858ns (93.709%))
  Logic Levels:           0  
  Clock Path Skew:        -0.262ns (DCD - SCD + CPR)
    Destination Clock Delay (DCD):    6.127ns
    Source Clock Delay      (SCD):    6.852ns
    Clock Pessimism Removal (CPR):    0.462ns
  Clock Uncertainty:      0.052ns  ((TSJ^2 + DJ^2)^1/2) / 2 + PE
    Total System Jitter     (TSJ):    0.071ns
    Discrete Jitter          (DJ):    0.077ns
    Phase Error              (PE):    0.000ns
  Timing Exception:       MaxDelay Path 5.000ns

    Location             Delay type                Incr(ns)  Path(ns)    Netlist Resource(s)
  -------------------------------------------------------------------    -------------------
                         (clock clk_pll_i rise edge)
                                                      0.000     0.000 r  
    AD12                                              0.000     0.000 r  sys_clk_p (IN)
                         net (fo=0)                   0.000     0.000    sys_clk_p
    AD12                 IBUFDS (Prop_ibufds_I_O)     0.906     0.906 r  i_bufds_sys_clk/O
                         net (fo=1, routed)           2.299     3.205    sys_clk
    BUFGCTRL_X0Y1        BUFG (Prop_bufg_I_O)         0.093     3.298 r  sys_clk_BUFG_inst/O
                         net (fo=63, routed)          1.787     5.085    i_dram_wrapper/i_dram/u_mig7s_mig/u_ddr3_infrastructure/plle2_i_0
    PLLE2_ADV_X1Y1       PLLE2_ADV (Prop_plle2_adv_CLKIN1_CLKOUT3)
                                                      0.077     5.162 r  i_dram_wrapper/i_dram/u_mig7s_mig/u_ddr3_infrastructure/plle2_i/CLKOUT3
                         net (fo=1, routed)           1.155     6.317    i_dram_wrapper/i_dram/u_mig7s_mig/u_ddr3_infrastructure/pll_clk3_out
    BUFHCE_X1Y12         BUFH (Prop_bufh_I_O)         0.103     6.420 r  i_dram_wrapper/i_dram/u_mig7s_mig/u_ddr3_infrastructure/u_bufh_pll_clk3/O
                         net (fo=1, routed)           0.790     7.210    i_dram_wrapper/i_dram/u_mig7s_mig/u_ddr3_infrastructure/pll_clk3
    MMCME2_ADV_X1Y1      MMCME2_ADV (Prop_mmcme2_adv_CLKIN1_CLKFBOUT)
                                                     -3.987     3.223 r  i_dram_wrapper/i_dram/u_mig7s_mig/u_ddr3_infrastructure/gen_mmcm.mmcm_i/CLKFBOUT
                         net (fo=1, routed)           2.130     5.353    i_dram_wrapper/i_dram/u_mig7s_mig/u_ddr3_infrastructure/clk_pll_i
    BUFGCTRL_X0Y0        BUFG (Prop_bufg_I_O)         0.093     5.446 r  i_dram_wrapper/i_dram/u_mig7s_mig/u_ddr3_infrastructure/u_bufg_clkdiv0/O
                         net (fo=13203, routed)       1.406     6.852    i_dram_wrapper/i_dram/u_mig7s_mig/u_ddr3_infrastructure/CLK
    SLICE_X102Y111       FDPE                                         r  i_dram_wrapper/i_dram/u_mig7s_mig/u_ddr3_infrastructure/rstdiv0_sync_r1_reg_rep/C
  -------------------------------------------------------------------    -------------------
    SLICE_X102Y111       FDPE (Prop_fdpe_C_Q)         0.259     7.111 f  i_dram_wrapper/i_dram/u_mig7s_mig/u_ddr3_infrastructure/rstdiv0_sync_r1_reg_rep/Q
                         net (fo=444, routed)         3.858    10.969    i_dram_wrapper/gen_cdc.i_axi_cdc_mig/i_axi_cdc_dst/i_cdc_fifo_gray_dst_aw/i_spill_register/spill_register_flushable_i/ui_clk_sync_rst
    SLICE_X128Y210       FDCE                                         f  i_dram_wrapper/gen_cdc.i_axi_cdc_mig/i_axi_cdc_dst/i_cdc_fifo_gray_dst_aw/i_spill_register/spill_register_flushable_i/gen_spill_reg.a_data_q_reg[addr][0]/CLR
  -------------------------------------------------------------------    -------------------

                         max delay                    5.000     5.000    
    AD12                                              0.000     5.000 r  sys_clk_p (IN)
                         net (fo=0)                   0.000     5.000    sys_clk_p
    AD12                 IBUFDS (Prop_ibufds_I_O)     0.803     5.803 r  i_bufds_sys_clk/O
                         net (fo=1, routed)           2.173     7.976    sys_clk
    BUFGCTRL_X0Y1        BUFG (Prop_bufg_I_O)         0.083     8.059 r  sys_clk_BUFG_inst/O
                         net (fo=63, routed)          1.626     9.685    i_dram_wrapper/i_dram/u_mig7s_mig/u_ddr3_infrastructure/plle2_i_0
    PLLE2_ADV_X1Y1       PLLE2_ADV (Prop_plle2_adv_CLKIN1_CLKOUT3)
                                                      0.073     9.758 r  i_dram_wrapper/i_dram/u_mig7s_mig/u_ddr3_infrastructure/plle2_i/CLKOUT3
                         net (fo=1, routed)           1.043    10.801    i_dram_wrapper/i_dram/u_mig7s_mig/u_ddr3_infrastructure/pll_clk3_out
    BUFHCE_X1Y12         BUFH (Prop_bufh_I_O)         0.066    10.867 r  i_dram_wrapper/i_dram/u_mig7s_mig/u_ddr3_infrastructure/u_bufh_pll_clk3/O
                         net (fo=1, routed)           0.722    11.589    i_dram_wrapper/i_dram/u_mig7s_mig/u_ddr3_infrastructure/pll_clk3
    MMCME2_ADV_X1Y1      MMCME2_ADV (Prop_mmcme2_adv_CLKIN1_CLKFBOUT)
                                                     -3.694     7.895 r  i_dram_wrapper/i_dram/u_mig7s_mig/u_ddr3_infrastructure/gen_mmcm.mmcm_i/CLKFBOUT
                         net (fo=1, routed)           2.005     9.900    i_dram_wrapper/i_dram/u_mig7s_mig/u_ddr3_infrastructure/clk_pll_i
    BUFGCTRL_X0Y0        BUFG (Prop_bufg_I_O)         0.083     9.983 r  i_dram_wrapper/i_dram/u_mig7s_mig/u_ddr3_infrastructure/u_bufg_clkdiv0/O
                         net (fo=13203, routed)       1.144    11.127    i_dram_wrapper/gen_cdc.i_axi_cdc_mig/i_axi_cdc_dst/i_cdc_fifo_gray_dst_aw/i_spill_register/spill_register_flushable_i/CLK
    SLICE_X128Y210       FDCE                                         r  i_dram_wrapper/gen_cdc.i_axi_cdc_mig/i_axi_cdc_dst/i_cdc_fifo_gray_dst_aw/i_spill_register/spill_register_flushable_i/gen_spill_reg.a_data_q_reg[addr][0]/C
                         clock pessimism              0.462    11.590    
                         clock uncertainty           -0.052    11.537    
    SLICE_X128Y210       FDCE (Recov_fdce_C_CLR)     -0.212    11.325    i_dram_wrapper/gen_cdc.i_axi_cdc_mig/i_axi_cdc_dst/i_cdc_fifo_gray_dst_aw/i_spill_register/spill_register_flushable_i/gen_spill_reg.a_data_q_reg[addr][0]
  -------------------------------------------------------------------
                         required time                         11.325    
                         arrival time                         -10.969    
  -------------------------------------------------------------------
                         slack                                  0.357    

Slack (MET) :             0.357ns  (required time - arrival time)
  Source:                 i_dram_wrapper/i_dram/u_mig7s_mig/u_ddr3_infrastructure/rstdiv0_sync_r1_reg_rep/C
                            (rising edge-triggered cell FDPE clocked by clk_pll_i  {rise@0.000ns fall@2.500ns period=5.000ns})
  Destination:            i_dram_wrapper/gen_cdc.i_axi_cdc_mig/i_axi_cdc_dst/i_cdc_fifo_gray_dst_aw/i_spill_register/spill_register_flushable_i/gen_spill_reg.a_data_q_reg[addr][12]/CLR
                            (rising edge-triggered cell FDCE clocked by clk_pll_i  {rise@0.000ns fall@2.500ns period=5.000ns})
  Path Group:             clk_pll_i
  Path Type:              Recovery (Max at Slow Process Corner)
  Requirement:            5.000ns  (MaxDelay Path 5.000ns)
  Data Path Delay:        4.117ns  (logic 0.259ns (6.291%)  route 3.858ns (93.709%))
  Logic Levels:           0  
  Clock Path Skew:        -0.262ns (DCD - SCD + CPR)
    Destination Clock Delay (DCD):    6.127ns
    Source Clock Delay      (SCD):    6.852ns
    Clock Pessimism Removal (CPR):    0.462ns
  Clock Uncertainty:      0.052ns  ((TSJ^2 + DJ^2)^1/2) / 2 + PE
    Total System Jitter     (TSJ):    0.071ns
    Discrete Jitter          (DJ):    0.077ns
    Phase Error              (PE):    0.000ns
  Timing Exception:       MaxDelay Path 5.000ns

    Location             Delay type                Incr(ns)  Path(ns)    Netlist Resource(s)
  -------------------------------------------------------------------    -------------------
                         (clock clk_pll_i rise edge)
                                                      0.000     0.000 r  
    AD12                                              0.000     0.000 r  sys_clk_p (IN)
                         net (fo=0)                   0.000     0.000    sys_clk_p
    AD12                 IBUFDS (Prop_ibufds_I_O)     0.906     0.906 r  i_bufds_sys_clk/O
                         net (fo=1, routed)           2.299     3.205    sys_clk
    BUFGCTRL_X0Y1        BUFG (Prop_bufg_I_O)         0.093     3.298 r  sys_clk_BUFG_inst/O
                         net (fo=63, routed)          1.787     5.085    i_dram_wrapper/i_dram/u_mig7s_mig/u_ddr3_infrastructure/plle2_i_0
    PLLE2_ADV_X1Y1       PLLE2_ADV (Prop_plle2_adv_CLKIN1_CLKOUT3)
                                                      0.077     5.162 r  i_dram_wrapper/i_dram/u_mig7s_mig/u_ddr3_infrastructure/plle2_i/CLKOUT3
                         net (fo=1, routed)           1.155     6.317    i_dram_wrapper/i_dram/u_mig7s_mig/u_ddr3_infrastructure/pll_clk3_out
    BUFHCE_X1Y12         BUFH (Prop_bufh_I_O)         0.103     6.420 r  i_dram_wrapper/i_dram/u_mig7s_mig/u_ddr3_infrastructure/u_bufh_pll_clk3/O
                         net (fo=1, routed)           0.790     7.210    i_dram_wrapper/i_dram/u_mig7s_mig/u_ddr3_infrastructure/pll_clk3
    MMCME2_ADV_X1Y1      MMCME2_ADV (Prop_mmcme2_adv_CLKIN1_CLKFBOUT)
                                                     -3.987     3.223 r  i_dram_wrapper/i_dram/u_mig7s_mig/u_ddr3_infrastructure/gen_mmcm.mmcm_i/CLKFBOUT
                         net (fo=1, routed)           2.130     5.353    i_dram_wrapper/i_dram/u_mig7s_mig/u_ddr3_infrastructure/clk_pll_i
    BUFGCTRL_X0Y0        BUFG (Prop_bufg_I_O)         0.093     5.446 r  i_dram_wrapper/i_dram/u_mig7s_mig/u_ddr3_infrastructure/u_bufg_clkdiv0/O
                         net (fo=13203, routed)       1.406     6.852    i_dram_wrapper/i_dram/u_mig7s_mig/u_ddr3_infrastructure/CLK
    SLICE_X102Y111       FDPE                                         r  i_dram_wrapper/i_dram/u_mig7s_mig/u_ddr3_infrastructure/rstdiv0_sync_r1_reg_rep/C
  -------------------------------------------------------------------    -------------------
    SLICE_X102Y111       FDPE (Prop_fdpe_C_Q)         0.259     7.111 f  i_dram_wrapper/i_dram/u_mig7s_mig/u_ddr3_infrastructure/rstdiv0_sync_r1_reg_rep/Q
                         net (fo=444, routed)         3.858    10.969    i_dram_wrapper/gen_cdc.i_axi_cdc_mig/i_axi_cdc_dst/i_cdc_fifo_gray_dst_aw/i_spill_register/spill_register_flushable_i/ui_clk_sync_rst
    SLICE_X128Y210       FDCE                                         f  i_dram_wrapper/gen_cdc.i_axi_cdc_mig/i_axi_cdc_dst/i_cdc_fifo_gray_dst_aw/i_spill_register/spill_register_flushable_i/gen_spill_reg.a_data_q_reg[addr][12]/CLR
  -------------------------------------------------------------------    -------------------

                         max delay                    5.000     5.000    
    AD12                                              0.000     5.000 r  sys_clk_p (IN)
                         net (fo=0)                   0.000     5.000    sys_clk_p
    AD12                 IBUFDS (Prop_ibufds_I_O)     0.803     5.803 r  i_bufds_sys_clk/O
                         net (fo=1, routed)           2.173     7.976    sys_clk
    BUFGCTRL_X0Y1        BUFG (Prop_bufg_I_O)         0.083     8.059 r  sys_clk_BUFG_inst/O
                         net (fo=63, routed)          1.626     9.685    i_dram_wrapper/i_dram/u_mig7s_mig/u_ddr3_infrastructure/plle2_i_0
    PLLE2_ADV_X1Y1       PLLE2_ADV (Prop_plle2_adv_CLKIN1_CLKOUT3)
                                                      0.073     9.758 r  i_dram_wrapper/i_dram/u_mig7s_mig/u_ddr3_infrastructure/plle2_i/CLKOUT3
                         net (fo=1, routed)           1.043    10.801    i_dram_wrapper/i_dram/u_mig7s_mig/u_ddr3_infrastructure/pll_clk3_out
    BUFHCE_X1Y12         BUFH (Prop_bufh_I_O)         0.066    10.867 r  i_dram_wrapper/i_dram/u_mig7s_mig/u_ddr3_infrastructure/u_bufh_pll_clk3/O
                         net (fo=1, routed)           0.722    11.589    i_dram_wrapper/i_dram/u_mig7s_mig/u_ddr3_infrastructure/pll_clk3
    MMCME2_ADV_X1Y1      MMCME2_ADV (Prop_mmcme2_adv_CLKIN1_CLKFBOUT)
                                                     -3.694     7.895 r  i_dram_wrapper/i_dram/u_mig7s_mig/u_ddr3_infrastructure/gen_mmcm.mmcm_i/CLKFBOUT
                         net (fo=1, routed)           2.005     9.900    i_dram_wrapper/i_dram/u_mig7s_mig/u_ddr3_infrastructure/clk_pll_i
    BUFGCTRL_X0Y0        BUFG (Prop_bufg_I_O)         0.083     9.983 r  i_dram_wrapper/i_dram/u_mig7s_mig/u_ddr3_infrastructure/u_bufg_clkdiv0/O
                         net (fo=13203, routed)       1.144    11.127    i_dram_wrapper/gen_cdc.i_axi_cdc_mig/i_axi_cdc_dst/i_cdc_fifo_gray_dst_aw/i_spill_register/spill_register_flushable_i/CLK
    SLICE_X128Y210       FDCE                                         r  i_dram_wrapper/gen_cdc.i_axi_cdc_mig/i_axi_cdc_dst/i_cdc_fifo_gray_dst_aw/i_spill_register/spill_register_flushable_i/gen_spill_reg.a_data_q_reg[addr][12]/C
                         clock pessimism              0.462    11.590    
                         clock uncertainty           -0.052    11.537    
    SLICE_X128Y210       FDCE (Recov_fdce_C_CLR)     -0.212    11.325    i_dram_wrapper/gen_cdc.i_axi_cdc_mig/i_axi_cdc_dst/i_cdc_fifo_gray_dst_aw/i_spill_register/spill_register_flushable_i/gen_spill_reg.a_data_q_reg[addr][12]
  -------------------------------------------------------------------
                         required time                         11.325    
                         arrival time                         -10.969    
  -------------------------------------------------------------------
                         slack                                  0.357    

Slack (MET) :             0.357ns  (required time - arrival time)
  Source:                 i_dram_wrapper/i_dram/u_mig7s_mig/u_ddr3_infrastructure/rstdiv0_sync_r1_reg_rep/C
                            (rising edge-triggered cell FDPE clocked by clk_pll_i  {rise@0.000ns fall@2.500ns period=5.000ns})
  Destination:            i_dram_wrapper/gen_cdc.i_axi_cdc_mig/i_axi_cdc_dst/i_cdc_fifo_gray_dst_aw/i_spill_register/spill_register_flushable_i/gen_spill_reg.a_data_q_reg[addr][22]/CLR
                            (rising edge-triggered cell FDCE clocked by clk_pll_i  {rise@0.000ns fall@2.500ns period=5.000ns})
  Path Group:             clk_pll_i
  Path Type:              Recovery (Max at Slow Process Corner)
  Requirement:            5.000ns  (MaxDelay Path 5.000ns)
  Data Path Delay:        4.117ns  (logic 0.259ns (6.291%)  route 3.858ns (93.709%))
  Logic Levels:           0  
  Clock Path Skew:        -0.262ns (DCD - SCD + CPR)
    Destination Clock Delay (DCD):    6.127ns
    Source Clock Delay      (SCD):    6.852ns
    Clock Pessimism Removal (CPR):    0.462ns
  Clock Uncertainty:      0.052ns  ((TSJ^2 + DJ^2)^1/2) / 2 + PE
    Total System Jitter     (TSJ):    0.071ns
    Discrete Jitter          (DJ):    0.077ns
    Phase Error              (PE):    0.000ns
  Timing Exception:       MaxDelay Path 5.000ns

    Location             Delay type                Incr(ns)  Path(ns)    Netlist Resource(s)
  -------------------------------------------------------------------    -------------------
                         (clock clk_pll_i rise edge)
                                                      0.000     0.000 r  
    AD12                                              0.000     0.000 r  sys_clk_p (IN)
                         net (fo=0)                   0.000     0.000    sys_clk_p
    AD12                 IBUFDS (Prop_ibufds_I_O)     0.906     0.906 r  i_bufds_sys_clk/O
                         net (fo=1, routed)           2.299     3.205    sys_clk
    BUFGCTRL_X0Y1        BUFG (Prop_bufg_I_O)         0.093     3.298 r  sys_clk_BUFG_inst/O
                         net (fo=63, routed)          1.787     5.085    i_dram_wrapper/i_dram/u_mig7s_mig/u_ddr3_infrastructure/plle2_i_0
    PLLE2_ADV_X1Y1       PLLE2_ADV (Prop_plle2_adv_CLKIN1_CLKOUT3)
                                                      0.077     5.162 r  i_dram_wrapper/i_dram/u_mig7s_mig/u_ddr3_infrastructure/plle2_i/CLKOUT3
                         net (fo=1, routed)           1.155     6.317    i_dram_wrapper/i_dram/u_mig7s_mig/u_ddr3_infrastructure/pll_clk3_out
    BUFHCE_X1Y12         BUFH (Prop_bufh_I_O)         0.103     6.420 r  i_dram_wrapper/i_dram/u_mig7s_mig/u_ddr3_infrastructure/u_bufh_pll_clk3/O
                         net (fo=1, routed)           0.790     7.210    i_dram_wrapper/i_dram/u_mig7s_mig/u_ddr3_infrastructure/pll_clk3
    MMCME2_ADV_X1Y1      MMCME2_ADV (Prop_mmcme2_adv_CLKIN1_CLKFBOUT)
                                                     -3.987     3.223 r  i_dram_wrapper/i_dram/u_mig7s_mig/u_ddr3_infrastructure/gen_mmcm.mmcm_i/CLKFBOUT
                         net (fo=1, routed)           2.130     5.353    i_dram_wrapper/i_dram/u_mig7s_mig/u_ddr3_infrastructure/clk_pll_i
    BUFGCTRL_X0Y0        BUFG (Prop_bufg_I_O)         0.093     5.446 r  i_dram_wrapper/i_dram/u_mig7s_mig/u_ddr3_infrastructure/u_bufg_clkdiv0/O
                         net (fo=13203, routed)       1.406     6.852    i_dram_wrapper/i_dram/u_mig7s_mig/u_ddr3_infrastructure/CLK
    SLICE_X102Y111       FDPE                                         r  i_dram_wrapper/i_dram/u_mig7s_mig/u_ddr3_infrastructure/rstdiv0_sync_r1_reg_rep/C
  -------------------------------------------------------------------    -------------------
    SLICE_X102Y111       FDPE (Prop_fdpe_C_Q)         0.259     7.111 f  i_dram_wrapper/i_dram/u_mig7s_mig/u_ddr3_infrastructure/rstdiv0_sync_r1_reg_rep/Q
                         net (fo=444, routed)         3.858    10.969    i_dram_wrapper/gen_cdc.i_axi_cdc_mig/i_axi_cdc_dst/i_cdc_fifo_gray_dst_aw/i_spill_register/spill_register_flushable_i/ui_clk_sync_rst
    SLICE_X128Y210       FDCE                                         f  i_dram_wrapper/gen_cdc.i_axi_cdc_mig/i_axi_cdc_dst/i_cdc_fifo_gray_dst_aw/i_spill_register/spill_register_flushable_i/gen_spill_reg.a_data_q_reg[addr][22]/CLR
  -------------------------------------------------------------------    -------------------

                         max delay                    5.000     5.000    
    AD12                                              0.000     5.000 r  sys_clk_p (IN)
                         net (fo=0)                   0.000     5.000    sys_clk_p
    AD12                 IBUFDS (Prop_ibufds_I_O)     0.803     5.803 r  i_bufds_sys_clk/O
                         net (fo=1, routed)           2.173     7.976    sys_clk
    BUFGCTRL_X0Y1        BUFG (Prop_bufg_I_O)         0.083     8.059 r  sys_clk_BUFG_inst/O
                         net (fo=63, routed)          1.626     9.685    i_dram_wrapper/i_dram/u_mig7s_mig/u_ddr3_infrastructure/plle2_i_0
    PLLE2_ADV_X1Y1       PLLE2_ADV (Prop_plle2_adv_CLKIN1_CLKOUT3)
                                                      0.073     9.758 r  i_dram_wrapper/i_dram/u_mig7s_mig/u_ddr3_infrastructure/plle2_i/CLKOUT3
                         net (fo=1, routed)           1.043    10.801    i_dram_wrapper/i_dram/u_mig7s_mig/u_ddr3_infrastructure/pll_clk3_out
    BUFHCE_X1Y12         BUFH (Prop_bufh_I_O)         0.066    10.867 r  i_dram_wrapper/i_dram/u_mig7s_mig/u_ddr3_infrastructure/u_bufh_pll_clk3/O
                         net (fo=1, routed)           0.722    11.589    i_dram_wrapper/i_dram/u_mig7s_mig/u_ddr3_infrastructure/pll_clk3
    MMCME2_ADV_X1Y1      MMCME2_ADV (Prop_mmcme2_adv_CLKIN1_CLKFBOUT)
                                                     -3.694     7.895 r  i_dram_wrapper/i_dram/u_mig7s_mig/u_ddr3_infrastructure/gen_mmcm.mmcm_i/CLKFBOUT
                         net (fo=1, routed)           2.005     9.900    i_dram_wrapper/i_dram/u_mig7s_mig/u_ddr3_infrastructure/clk_pll_i
    BUFGCTRL_X0Y0        BUFG (Prop_bufg_I_O)         0.083     9.983 r  i_dram_wrapper/i_dram/u_mig7s_mig/u_ddr3_infrastructure/u_bufg_clkdiv0/O
                         net (fo=13203, routed)       1.144    11.127    i_dram_wrapper/gen_cdc.i_axi_cdc_mig/i_axi_cdc_dst/i_cdc_fifo_gray_dst_aw/i_spill_register/spill_register_flushable_i/CLK
    SLICE_X128Y210       FDCE                                         r  i_dram_wrapper/gen_cdc.i_axi_cdc_mig/i_axi_cdc_dst/i_cdc_fifo_gray_dst_aw/i_spill_register/spill_register_flushable_i/gen_spill_reg.a_data_q_reg[addr][22]/C
                         clock pessimism              0.462    11.590    
                         clock uncertainty           -0.052    11.537    
    SLICE_X128Y210       FDCE (Recov_fdce_C_CLR)     -0.212    11.325    i_dram_wrapper/gen_cdc.i_axi_cdc_mig/i_axi_cdc_dst/i_cdc_fifo_gray_dst_aw/i_spill_register/spill_register_flushable_i/gen_spill_reg.a_data_q_reg[addr][22]
  -------------------------------------------------------------------
                         required time                         11.325    
                         arrival time                         -10.969    
  -------------------------------------------------------------------
                         slack                                  0.357    

Slack (MET) :             0.358ns  (required time - arrival time)
  Source:                 i_dram_wrapper/i_dram/u_mig7s_mig/u_ddr3_infrastructure/rstdiv0_sync_r1_reg_rep/C
                            (rising edge-triggered cell FDPE clocked by clk_pll_i  {rise@0.000ns fall@2.500ns period=5.000ns})
  Destination:            i_dram_wrapper/gen_cdc.i_axi_cdc_mig/i_axi_cdc_dst/i_cdc_fifo_gray_dst_aw/i_spill_register/spill_register_flushable_i/gen_spill_reg.a_data_q_reg[addr][4]/CLR
                            (rising edge-triggered cell FDCE clocked by clk_pll_i  {rise@0.000ns fall@2.500ns period=5.000ns})
  Path Group:             clk_pll_i
  Path Type:              Recovery (Max at Slow Process Corner)
  Requirement:            5.000ns  (MaxDelay Path 5.000ns)
  Data Path Delay:        4.071ns  (logic 0.259ns (6.362%)  route 3.812ns (93.638%))
  Logic Levels:           0  
  Clock Path Skew:        -0.307ns (DCD - SCD + CPR)
    Destination Clock Delay (DCD):    6.082ns
    Source Clock Delay      (SCD):    6.852ns
    Clock Pessimism Removal (CPR):    0.462ns
  Clock Uncertainty:      0.052ns  ((TSJ^2 + DJ^2)^1/2) / 2 + PE
    Total System Jitter     (TSJ):    0.071ns
    Discrete Jitter          (DJ):    0.077ns
    Phase Error              (PE):    0.000ns
  Timing Exception:       MaxDelay Path 5.000ns

    Location             Delay type                Incr(ns)  Path(ns)    Netlist Resource(s)
  -------------------------------------------------------------------    -------------------
                         (clock clk_pll_i rise edge)
                                                      0.000     0.000 r  
    AD12                                              0.000     0.000 r  sys_clk_p (IN)
                         net (fo=0)                   0.000     0.000    sys_clk_p
    AD12                 IBUFDS (Prop_ibufds_I_O)     0.906     0.906 r  i_bufds_sys_clk/O
                         net (fo=1, routed)           2.299     3.205    sys_clk
    BUFGCTRL_X0Y1        BUFG (Prop_bufg_I_O)         0.093     3.298 r  sys_clk_BUFG_inst/O
                         net (fo=63, routed)          1.787     5.085    i_dram_wrapper/i_dram/u_mig7s_mig/u_ddr3_infrastructure/plle2_i_0
    PLLE2_ADV_X1Y1       PLLE2_ADV (Prop_plle2_adv_CLKIN1_CLKOUT3)
                                                      0.077     5.162 r  i_dram_wrapper/i_dram/u_mig7s_mig/u_ddr3_infrastructure/plle2_i/CLKOUT3
                         net (fo=1, routed)           1.155     6.317    i_dram_wrapper/i_dram/u_mig7s_mig/u_ddr3_infrastructure/pll_clk3_out
    BUFHCE_X1Y12         BUFH (Prop_bufh_I_O)         0.103     6.420 r  i_dram_wrapper/i_dram/u_mig7s_mig/u_ddr3_infrastructure/u_bufh_pll_clk3/O
                         net (fo=1, routed)           0.790     7.210    i_dram_wrapper/i_dram/u_mig7s_mig/u_ddr3_infrastructure/pll_clk3
    MMCME2_ADV_X1Y1      MMCME2_ADV (Prop_mmcme2_adv_CLKIN1_CLKFBOUT)
                                                     -3.987     3.223 r  i_dram_wrapper/i_dram/u_mig7s_mig/u_ddr3_infrastructure/gen_mmcm.mmcm_i/CLKFBOUT
                         net (fo=1, routed)           2.130     5.353    i_dram_wrapper/i_dram/u_mig7s_mig/u_ddr3_infrastructure/clk_pll_i
    BUFGCTRL_X0Y0        BUFG (Prop_bufg_I_O)         0.093     5.446 r  i_dram_wrapper/i_dram/u_mig7s_mig/u_ddr3_infrastructure/u_bufg_clkdiv0/O
                         net (fo=13203, routed)       1.406     6.852    i_dram_wrapper/i_dram/u_mig7s_mig/u_ddr3_infrastructure/CLK
    SLICE_X102Y111       FDPE                                         r  i_dram_wrapper/i_dram/u_mig7s_mig/u_ddr3_infrastructure/rstdiv0_sync_r1_reg_rep/C
  -------------------------------------------------------------------    -------------------
    SLICE_X102Y111       FDPE (Prop_fdpe_C_Q)         0.259     7.111 f  i_dram_wrapper/i_dram/u_mig7s_mig/u_ddr3_infrastructure/rstdiv0_sync_r1_reg_rep/Q
                         net (fo=444, routed)         3.812    10.923    i_dram_wrapper/gen_cdc.i_axi_cdc_mig/i_axi_cdc_dst/i_cdc_fifo_gray_dst_aw/i_spill_register/spill_register_flushable_i/ui_clk_sync_rst
    SLICE_X113Y205       FDCE                                         f  i_dram_wrapper/gen_cdc.i_axi_cdc_mig/i_axi_cdc_dst/i_cdc_fifo_gray_dst_aw/i_spill_register/spill_register_flushable_i/gen_spill_reg.a_data_q_reg[addr][4]/CLR
  -------------------------------------------------------------------    -------------------

                         max delay                    5.000     5.000    
    AD12                                              0.000     5.000 r  sys_clk_p (IN)
                         net (fo=0)                   0.000     5.000    sys_clk_p
    AD12                 IBUFDS (Prop_ibufds_I_O)     0.803     5.803 r  i_bufds_sys_clk/O
                         net (fo=1, routed)           2.173     7.976    sys_clk
    BUFGCTRL_X0Y1        BUFG (Prop_bufg_I_O)         0.083     8.059 r  sys_clk_BUFG_inst/O
                         net (fo=63, routed)          1.626     9.685    i_dram_wrapper/i_dram/u_mig7s_mig/u_ddr3_infrastructure/plle2_i_0
    PLLE2_ADV_X1Y1       PLLE2_ADV (Prop_plle2_adv_CLKIN1_CLKOUT3)
                                                      0.073     9.758 r  i_dram_wrapper/i_dram/u_mig7s_mig/u_ddr3_infrastructure/plle2_i/CLKOUT3
                         net (fo=1, routed)           1.043    10.801    i_dram_wrapper/i_dram/u_mig7s_mig/u_ddr3_infrastructure/pll_clk3_out
    BUFHCE_X1Y12         BUFH (Prop_bufh_I_O)         0.066    10.867 r  i_dram_wrapper/i_dram/u_mig7s_mig/u_ddr3_infrastructure/u_bufh_pll_clk3/O
                         net (fo=1, routed)           0.722    11.589    i_dram_wrapper/i_dram/u_mig7s_mig/u_ddr3_infrastructure/pll_clk3
    MMCME2_ADV_X1Y1      MMCME2_ADV (Prop_mmcme2_adv_CLKIN1_CLKFBOUT)
                                                     -3.694     7.895 r  i_dram_wrapper/i_dram/u_mig7s_mig/u_ddr3_infrastructure/gen_mmcm.mmcm_i/CLKFBOUT
                         net (fo=1, routed)           2.005     9.900    i_dram_wrapper/i_dram/u_mig7s_mig/u_ddr3_infrastructure/clk_pll_i
    BUFGCTRL_X0Y0        BUFG (Prop_bufg_I_O)         0.083     9.983 r  i_dram_wrapper/i_dram/u_mig7s_mig/u_ddr3_infrastructure/u_bufg_clkdiv0/O
                         net (fo=13203, routed)       1.099    11.082    i_dram_wrapper/gen_cdc.i_axi_cdc_mig/i_axi_cdc_dst/i_cdc_fifo_gray_dst_aw/i_spill_register/spill_register_flushable_i/CLK
    SLICE_X113Y205       FDCE                                         r  i_dram_wrapper/gen_cdc.i_axi_cdc_mig/i_axi_cdc_dst/i_cdc_fifo_gray_dst_aw/i_spill_register/spill_register_flushable_i/gen_spill_reg.a_data_q_reg[addr][4]/C
                         clock pessimism              0.462    11.545    
                         clock uncertainty           -0.052    11.492    
    SLICE_X113Y205       FDCE (Recov_fdce_C_CLR)     -0.212    11.280    i_dram_wrapper/gen_cdc.i_axi_cdc_mig/i_axi_cdc_dst/i_cdc_fifo_gray_dst_aw/i_spill_register/spill_register_flushable_i/gen_spill_reg.a_data_q_reg[addr][4]
  -------------------------------------------------------------------
                         required time                         11.280    
                         arrival time                         -10.923    
  -------------------------------------------------------------------
                         slack                                  0.358    

Slack (MET) :             0.362ns  (required time - arrival time)
  Source:                 i_dram_wrapper/i_dram/u_mig7s_mig/u_ddr3_infrastructure/rstdiv0_sync_r1_reg_rep/C
                            (rising edge-triggered cell FDPE clocked by clk_pll_i  {rise@0.000ns fall@2.500ns period=5.000ns})
  Destination:            i_dram_wrapper/gen_cdc.i_axi_cdc_mig/i_axi_cdc_dst/i_cdc_fifo_gray_dst_aw/i_spill_register/spill_register_flushable_i/gen_spill_reg.a_data_q_reg[addr][16]/CLR
                            (rising edge-triggered cell FDCE clocked by clk_pll_i  {rise@0.000ns fall@2.500ns period=5.000ns})
  Path Group:             clk_pll_i
  Path Type:              Recovery (Max at Slow Process Corner)
  Requirement:            5.000ns  (MaxDelay Path 5.000ns)
  Data Path Delay:        4.058ns  (logic 0.259ns (6.382%)  route 3.799ns (93.618%))
  Logic Levels:           0  
  Clock Path Skew:        -0.315ns (DCD - SCD + CPR)
    Destination Clock Delay (DCD):    6.074ns
    Source Clock Delay      (SCD):    6.852ns
    Clock Pessimism Removal (CPR):    0.462ns
  Clock Uncertainty:      0.052ns  ((TSJ^2 + DJ^2)^1/2) / 2 + PE
    Total System Jitter     (TSJ):    0.071ns
    Discrete Jitter          (DJ):    0.077ns
    Phase Error              (PE):    0.000ns
  Timing Exception:       MaxDelay Path 5.000ns

    Location             Delay type                Incr(ns)  Path(ns)    Netlist Resource(s)
  -------------------------------------------------------------------    -------------------
                         (clock clk_pll_i rise edge)
                                                      0.000     0.000 r  
    AD12                                              0.000     0.000 r  sys_clk_p (IN)
                         net (fo=0)                   0.000     0.000    sys_clk_p
    AD12                 IBUFDS (Prop_ibufds_I_O)     0.906     0.906 r  i_bufds_sys_clk/O
                         net (fo=1, routed)           2.299     3.205    sys_clk
    BUFGCTRL_X0Y1        BUFG (Prop_bufg_I_O)         0.093     3.298 r  sys_clk_BUFG_inst/O
                         net (fo=63, routed)          1.787     5.085    i_dram_wrapper/i_dram/u_mig7s_mig/u_ddr3_infrastructure/plle2_i_0
    PLLE2_ADV_X1Y1       PLLE2_ADV (Prop_plle2_adv_CLKIN1_CLKOUT3)
                                                      0.077     5.162 r  i_dram_wrapper/i_dram/u_mig7s_mig/u_ddr3_infrastructure/plle2_i/CLKOUT3
                         net (fo=1, routed)           1.155     6.317    i_dram_wrapper/i_dram/u_mig7s_mig/u_ddr3_infrastructure/pll_clk3_out
    BUFHCE_X1Y12         BUFH (Prop_bufh_I_O)         0.103     6.420 r  i_dram_wrapper/i_dram/u_mig7s_mig/u_ddr3_infrastructure/u_bufh_pll_clk3/O
                         net (fo=1, routed)           0.790     7.210    i_dram_wrapper/i_dram/u_mig7s_mig/u_ddr3_infrastructure/pll_clk3
    MMCME2_ADV_X1Y1      MMCME2_ADV (Prop_mmcme2_adv_CLKIN1_CLKFBOUT)
                                                     -3.987     3.223 r  i_dram_wrapper/i_dram/u_mig7s_mig/u_ddr3_infrastructure/gen_mmcm.mmcm_i/CLKFBOUT
                         net (fo=1, routed)           2.130     5.353    i_dram_wrapper/i_dram/u_mig7s_mig/u_ddr3_infrastructure/clk_pll_i
    BUFGCTRL_X0Y0        BUFG (Prop_bufg_I_O)         0.093     5.446 r  i_dram_wrapper/i_dram/u_mig7s_mig/u_ddr3_infrastructure/u_bufg_clkdiv0/O
                         net (fo=13203, routed)       1.406     6.852    i_dram_wrapper/i_dram/u_mig7s_mig/u_ddr3_infrastructure/CLK
    SLICE_X102Y111       FDPE                                         r  i_dram_wrapper/i_dram/u_mig7s_mig/u_ddr3_infrastructure/rstdiv0_sync_r1_reg_rep/C
  -------------------------------------------------------------------    -------------------
    SLICE_X102Y111       FDPE (Prop_fdpe_C_Q)         0.259     7.111 f  i_dram_wrapper/i_dram/u_mig7s_mig/u_ddr3_infrastructure/rstdiv0_sync_r1_reg_rep/Q
                         net (fo=444, routed)         3.799    10.910    i_dram_wrapper/gen_cdc.i_axi_cdc_mig/i_axi_cdc_dst/i_cdc_fifo_gray_dst_aw/i_spill_register/spill_register_flushable_i/ui_clk_sync_rst
    SLICE_X111Y216       FDCE                                         f  i_dram_wrapper/gen_cdc.i_axi_cdc_mig/i_axi_cdc_dst/i_cdc_fifo_gray_dst_aw/i_spill_register/spill_register_flushable_i/gen_spill_reg.a_data_q_reg[addr][16]/CLR
  -------------------------------------------------------------------    -------------------

                         max delay                    5.000     5.000    
    AD12                                              0.000     5.000 r  sys_clk_p (IN)
                         net (fo=0)                   0.000     5.000    sys_clk_p
    AD12                 IBUFDS (Prop_ibufds_I_O)     0.803     5.803 r  i_bufds_sys_clk/O
                         net (fo=1, routed)           2.173     7.976    sys_clk
    BUFGCTRL_X0Y1        BUFG (Prop_bufg_I_O)         0.083     8.059 r  sys_clk_BUFG_inst/O
                         net (fo=63, routed)          1.626     9.685    i_dram_wrapper/i_dram/u_mig7s_mig/u_ddr3_infrastructure/plle2_i_0
    PLLE2_ADV_X1Y1       PLLE2_ADV (Prop_plle2_adv_CLKIN1_CLKOUT3)
                                                      0.073     9.758 r  i_dram_wrapper/i_dram/u_mig7s_mig/u_ddr3_infrastructure/plle2_i/CLKOUT3
                         net (fo=1, routed)           1.043    10.801    i_dram_wrapper/i_dram/u_mig7s_mig/u_ddr3_infrastructure/pll_clk3_out
    BUFHCE_X1Y12         BUFH (Prop_bufh_I_O)         0.066    10.867 r  i_dram_wrapper/i_dram/u_mig7s_mig/u_ddr3_infrastructure/u_bufh_pll_clk3/O
                         net (fo=1, routed)           0.722    11.589    i_dram_wrapper/i_dram/u_mig7s_mig/u_ddr3_infrastructure/pll_clk3
    MMCME2_ADV_X1Y1      MMCME2_ADV (Prop_mmcme2_adv_CLKIN1_CLKFBOUT)
                                                     -3.694     7.895 r  i_dram_wrapper/i_dram/u_mig7s_mig/u_ddr3_infrastructure/gen_mmcm.mmcm_i/CLKFBOUT
                         net (fo=1, routed)           2.005     9.900    i_dram_wrapper/i_dram/u_mig7s_mig/u_ddr3_infrastructure/clk_pll_i
    BUFGCTRL_X0Y0        BUFG (Prop_bufg_I_O)         0.083     9.983 r  i_dram_wrapper/i_dram/u_mig7s_mig/u_ddr3_infrastructure/u_bufg_clkdiv0/O
                         net (fo=13203, routed)       1.091    11.074    i_dram_wrapper/gen_cdc.i_axi_cdc_mig/i_axi_cdc_dst/i_cdc_fifo_gray_dst_aw/i_spill_register/spill_register_flushable_i/CLK
    SLICE_X111Y216       FDCE                                         r  i_dram_wrapper/gen_cdc.i_axi_cdc_mig/i_axi_cdc_dst/i_cdc_fifo_gray_dst_aw/i_spill_register/spill_register_flushable_i/gen_spill_reg.a_data_q_reg[addr][16]/C
                         clock pessimism              0.462    11.537    
                         clock uncertainty           -0.052    11.484    
    SLICE_X111Y216       FDCE (Recov_fdce_C_CLR)     -0.212    11.272    i_dram_wrapper/gen_cdc.i_axi_cdc_mig/i_axi_cdc_dst/i_cdc_fifo_gray_dst_aw/i_spill_register/spill_register_flushable_i/gen_spill_reg.a_data_q_reg[addr][16]
  -------------------------------------------------------------------
                         required time                         11.272    
                         arrival time                         -10.910    
  -------------------------------------------------------------------
                         slack                                  0.362    

Slack (MET) :             0.362ns  (required time - arrival time)
  Source:                 i_dram_wrapper/i_dram/u_mig7s_mig/u_ddr3_infrastructure/rstdiv0_sync_r1_reg_rep/C
                            (rising edge-triggered cell FDPE clocked by clk_pll_i  {rise@0.000ns fall@2.500ns period=5.000ns})
  Destination:            i_dram_wrapper/gen_cdc.i_axi_cdc_mig/i_axi_cdc_dst/i_cdc_fifo_gray_dst_aw/i_spill_register/spill_register_flushable_i/gen_spill_reg.a_data_q_reg[len][2]/CLR
                            (rising edge-triggered cell FDCE clocked by clk_pll_i  {rise@0.000ns fall@2.500ns period=5.000ns})
  Path Group:             clk_pll_i
  Path Type:              Recovery (Max at Slow Process Corner)
  Requirement:            5.000ns  (MaxDelay Path 5.000ns)
  Data Path Delay:        4.058ns  (logic 0.259ns (6.382%)  route 3.799ns (93.618%))
  Logic Levels:           0  
  Clock Path Skew:        -0.315ns (DCD - SCD + CPR)
    Destination Clock Delay (DCD):    6.074ns
    Source Clock Delay      (SCD):    6.852ns
    Clock Pessimism Removal (CPR):    0.462ns
  Clock Uncertainty:      0.052ns  ((TSJ^2 + DJ^2)^1/2) / 2 + PE
    Total System Jitter     (TSJ):    0.071ns
    Discrete Jitter          (DJ):    0.077ns
    Phase Error              (PE):    0.000ns
  Timing Exception:       MaxDelay Path 5.000ns

    Location             Delay type                Incr(ns)  Path(ns)    Netlist Resource(s)
  -------------------------------------------------------------------    -------------------
                         (clock clk_pll_i rise edge)
                                                      0.000     0.000 r  
    AD12                                              0.000     0.000 r  sys_clk_p (IN)
                         net (fo=0)                   0.000     0.000    sys_clk_p
    AD12                 IBUFDS (Prop_ibufds_I_O)     0.906     0.906 r  i_bufds_sys_clk/O
                         net (fo=1, routed)           2.299     3.205    sys_clk
    BUFGCTRL_X0Y1        BUFG (Prop_bufg_I_O)         0.093     3.298 r  sys_clk_BUFG_inst/O
                         net (fo=63, routed)          1.787     5.085    i_dram_wrapper/i_dram/u_mig7s_mig/u_ddr3_infrastructure/plle2_i_0
    PLLE2_ADV_X1Y1       PLLE2_ADV (Prop_plle2_adv_CLKIN1_CLKOUT3)
                                                      0.077     5.162 r  i_dram_wrapper/i_dram/u_mig7s_mig/u_ddr3_infrastructure/plle2_i/CLKOUT3
                         net (fo=1, routed)           1.155     6.317    i_dram_wrapper/i_dram/u_mig7s_mig/u_ddr3_infrastructure/pll_clk3_out
    BUFHCE_X1Y12         BUFH (Prop_bufh_I_O)         0.103     6.420 r  i_dram_wrapper/i_dram/u_mig7s_mig/u_ddr3_infrastructure/u_bufh_pll_clk3/O
                         net (fo=1, routed)           0.790     7.210    i_dram_wrapper/i_dram/u_mig7s_mig/u_ddr3_infrastructure/pll_clk3
    MMCME2_ADV_X1Y1      MMCME2_ADV (Prop_mmcme2_adv_CLKIN1_CLKFBOUT)
                                                     -3.987     3.223 r  i_dram_wrapper/i_dram/u_mig7s_mig/u_ddr3_infrastructure/gen_mmcm.mmcm_i/CLKFBOUT
                         net (fo=1, routed)           2.130     5.353    i_dram_wrapper/i_dram/u_mig7s_mig/u_ddr3_infrastructure/clk_pll_i
    BUFGCTRL_X0Y0        BUFG (Prop_bufg_I_O)         0.093     5.446 r  i_dram_wrapper/i_dram/u_mig7s_mig/u_ddr3_infrastructure/u_bufg_clkdiv0/O
                         net (fo=13203, routed)       1.406     6.852    i_dram_wrapper/i_dram/u_mig7s_mig/u_ddr3_infrastructure/CLK
    SLICE_X102Y111       FDPE                                         r  i_dram_wrapper/i_dram/u_mig7s_mig/u_ddr3_infrastructure/rstdiv0_sync_r1_reg_rep/C
  -------------------------------------------------------------------    -------------------
    SLICE_X102Y111       FDPE (Prop_fdpe_C_Q)         0.259     7.111 f  i_dram_wrapper/i_dram/u_mig7s_mig/u_ddr3_infrastructure/rstdiv0_sync_r1_reg_rep/Q
                         net (fo=444, routed)         3.799    10.910    i_dram_wrapper/gen_cdc.i_axi_cdc_mig/i_axi_cdc_dst/i_cdc_fifo_gray_dst_aw/i_spill_register/spill_register_flushable_i/ui_clk_sync_rst
    SLICE_X111Y216       FDCE                                         f  i_dram_wrapper/gen_cdc.i_axi_cdc_mig/i_axi_cdc_dst/i_cdc_fifo_gray_dst_aw/i_spill_register/spill_register_flushable_i/gen_spill_reg.a_data_q_reg[len][2]/CLR
  -------------------------------------------------------------------    -------------------

                         max delay                    5.000     5.000    
    AD12                                              0.000     5.000 r  sys_clk_p (IN)
                         net (fo=0)                   0.000     5.000    sys_clk_p
    AD12                 IBUFDS (Prop_ibufds_I_O)     0.803     5.803 r  i_bufds_sys_clk/O
                         net (fo=1, routed)           2.173     7.976    sys_clk
    BUFGCTRL_X0Y1        BUFG (Prop_bufg_I_O)         0.083     8.059 r  sys_clk_BUFG_inst/O
                         net (fo=63, routed)          1.626     9.685    i_dram_wrapper/i_dram/u_mig7s_mig/u_ddr3_infrastructure/plle2_i_0
    PLLE2_ADV_X1Y1       PLLE2_ADV (Prop_plle2_adv_CLKIN1_CLKOUT3)
                                                      0.073     9.758 r  i_dram_wrapper/i_dram/u_mig7s_mig/u_ddr3_infrastructure/plle2_i/CLKOUT3
                         net (fo=1, routed)           1.043    10.801    i_dram_wrapper/i_dram/u_mig7s_mig/u_ddr3_infrastructure/pll_clk3_out
    BUFHCE_X1Y12         BUFH (Prop_bufh_I_O)         0.066    10.867 r  i_dram_wrapper/i_dram/u_mig7s_mig/u_ddr3_infrastructure/u_bufh_pll_clk3/O
                         net (fo=1, routed)           0.722    11.589    i_dram_wrapper/i_dram/u_mig7s_mig/u_ddr3_infrastructure/pll_clk3
    MMCME2_ADV_X1Y1      MMCME2_ADV (Prop_mmcme2_adv_CLKIN1_CLKFBOUT)
                                                     -3.694     7.895 r  i_dram_wrapper/i_dram/u_mig7s_mig/u_ddr3_infrastructure/gen_mmcm.mmcm_i/CLKFBOUT
                         net (fo=1, routed)           2.005     9.900    i_dram_wrapper/i_dram/u_mig7s_mig/u_ddr3_infrastructure/clk_pll_i
    BUFGCTRL_X0Y0        BUFG (Prop_bufg_I_O)         0.083     9.983 r  i_dram_wrapper/i_dram/u_mig7s_mig/u_ddr3_infrastructure/u_bufg_clkdiv0/O
                         net (fo=13203, routed)       1.091    11.074    i_dram_wrapper/gen_cdc.i_axi_cdc_mig/i_axi_cdc_dst/i_cdc_fifo_gray_dst_aw/i_spill_register/spill_register_flushable_i/CLK
    SLICE_X111Y216       FDCE                                         r  i_dram_wrapper/gen_cdc.i_axi_cdc_mig/i_axi_cdc_dst/i_cdc_fifo_gray_dst_aw/i_spill_register/spill_register_flushable_i/gen_spill_reg.a_data_q_reg[len][2]/C
                         clock pessimism              0.462    11.537    
                         clock uncertainty           -0.052    11.484    
    SLICE_X111Y216       FDCE (Recov_fdce_C_CLR)     -0.212    11.272    i_dram_wrapper/gen_cdc.i_axi_cdc_mig/i_axi_cdc_dst/i_cdc_fifo_gray_dst_aw/i_spill_register/spill_register_flushable_i/gen_spill_reg.a_data_q_reg[len][2]
  -------------------------------------------------------------------
                         required time                         11.272    
                         arrival time                         -10.910    
  -------------------------------------------------------------------
                         slack                                  0.362    

Slack (MET) :             0.362ns  (required time - arrival time)
  Source:                 i_dram_wrapper/i_dram/u_mig7s_mig/u_ddr3_infrastructure/rstdiv0_sync_r1_reg_rep/C
                            (rising edge-triggered cell FDPE clocked by clk_pll_i  {rise@0.000ns fall@2.500ns period=5.000ns})
  Destination:            i_dram_wrapper/gen_cdc.i_axi_cdc_mig/i_axi_cdc_dst/i_cdc_fifo_gray_dst_aw/rptr_q_reg[1]/CLR
                            (rising edge-triggered cell FDCE clocked by clk_pll_i  {rise@0.000ns fall@2.500ns period=5.000ns})
  Path Group:             clk_pll_i
  Path Type:              Recovery (Max at Slow Process Corner)
  Requirement:            5.000ns  (MaxDelay Path 5.000ns)
  Data Path Delay:        4.058ns  (logic 0.259ns (6.382%)  route 3.799ns (93.618%))
  Logic Levels:           0  
  Clock Path Skew:        -0.315ns (DCD - SCD + CPR)
    Destination Clock Delay (DCD):    6.074ns
    Source Clock Delay      (SCD):    6.852ns
    Clock Pessimism Removal (CPR):    0.462ns
  Clock Uncertainty:      0.052ns  ((TSJ^2 + DJ^2)^1/2) / 2 + PE
    Total System Jitter     (TSJ):    0.071ns
    Discrete Jitter          (DJ):    0.077ns
    Phase Error              (PE):    0.000ns
  Timing Exception:       MaxDelay Path 5.000ns

    Location             Delay type                Incr(ns)  Path(ns)    Netlist Resource(s)
  -------------------------------------------------------------------    -------------------
                         (clock clk_pll_i rise edge)
                                                      0.000     0.000 r  
    AD12                                              0.000     0.000 r  sys_clk_p (IN)
                         net (fo=0)                   0.000     0.000    sys_clk_p
    AD12                 IBUFDS (Prop_ibufds_I_O)     0.906     0.906 r  i_bufds_sys_clk/O
                         net (fo=1, routed)           2.299     3.205    sys_clk
    BUFGCTRL_X0Y1        BUFG (Prop_bufg_I_O)         0.093     3.298 r  sys_clk_BUFG_inst/O
                         net (fo=63, routed)          1.787     5.085    i_dram_wrapper/i_dram/u_mig7s_mig/u_ddr3_infrastructure/plle2_i_0
    PLLE2_ADV_X1Y1       PLLE2_ADV (Prop_plle2_adv_CLKIN1_CLKOUT3)
                                                      0.077     5.162 r  i_dram_wrapper/i_dram/u_mig7s_mig/u_ddr3_infrastructure/plle2_i/CLKOUT3
                         net (fo=1, routed)           1.155     6.317    i_dram_wrapper/i_dram/u_mig7s_mig/u_ddr3_infrastructure/pll_clk3_out
    BUFHCE_X1Y12         BUFH (Prop_bufh_I_O)         0.103     6.420 r  i_dram_wrapper/i_dram/u_mig7s_mig/u_ddr3_infrastructure/u_bufh_pll_clk3/O
                         net (fo=1, routed)           0.790     7.210    i_dram_wrapper/i_dram/u_mig7s_mig/u_ddr3_infrastructure/pll_clk3
    MMCME2_ADV_X1Y1      MMCME2_ADV (Prop_mmcme2_adv_CLKIN1_CLKFBOUT)
                                                     -3.987     3.223 r  i_dram_wrapper/i_dram/u_mig7s_mig/u_ddr3_infrastructure/gen_mmcm.mmcm_i/CLKFBOUT
                         net (fo=1, routed)           2.130     5.353    i_dram_wrapper/i_dram/u_mig7s_mig/u_ddr3_infrastructure/clk_pll_i
    BUFGCTRL_X0Y0        BUFG (Prop_bufg_I_O)         0.093     5.446 r  i_dram_wrapper/i_dram/u_mig7s_mig/u_ddr3_infrastructure/u_bufg_clkdiv0/O
                         net (fo=13203, routed)       1.406     6.852    i_dram_wrapper/i_dram/u_mig7s_mig/u_ddr3_infrastructure/CLK
    SLICE_X102Y111       FDPE                                         r  i_dram_wrapper/i_dram/u_mig7s_mig/u_ddr3_infrastructure/rstdiv0_sync_r1_reg_rep/C
  -------------------------------------------------------------------    -------------------
    SLICE_X102Y111       FDPE (Prop_fdpe_C_Q)         0.259     7.111 f  i_dram_wrapper/i_dram/u_mig7s_mig/u_ddr3_infrastructure/rstdiv0_sync_r1_reg_rep/Q
                         net (fo=444, routed)         3.799    10.910    i_dram_wrapper/gen_cdc.i_axi_cdc_mig/i_axi_cdc_dst/i_cdc_fifo_gray_dst_aw/ui_clk_sync_rst
    SLICE_X111Y216       FDCE                                         f  i_dram_wrapper/gen_cdc.i_axi_cdc_mig/i_axi_cdc_dst/i_cdc_fifo_gray_dst_aw/rptr_q_reg[1]/CLR
  -------------------------------------------------------------------    -------------------

                         max delay                    5.000     5.000    
    AD12                                              0.000     5.000 r  sys_clk_p (IN)
                         net (fo=0)                   0.000     5.000    sys_clk_p
    AD12                 IBUFDS (Prop_ibufds_I_O)     0.803     5.803 r  i_bufds_sys_clk/O
                         net (fo=1, routed)           2.173     7.976    sys_clk
    BUFGCTRL_X0Y1        BUFG (Prop_bufg_I_O)         0.083     8.059 r  sys_clk_BUFG_inst/O
                         net (fo=63, routed)          1.626     9.685    i_dram_wrapper/i_dram/u_mig7s_mig/u_ddr3_infrastructure/plle2_i_0
    PLLE2_ADV_X1Y1       PLLE2_ADV (Prop_plle2_adv_CLKIN1_CLKOUT3)
                                                      0.073     9.758 r  i_dram_wrapper/i_dram/u_mig7s_mig/u_ddr3_infrastructure/plle2_i/CLKOUT3
                         net (fo=1, routed)           1.043    10.801    i_dram_wrapper/i_dram/u_mig7s_mig/u_ddr3_infrastructure/pll_clk3_out
    BUFHCE_X1Y12         BUFH (Prop_bufh_I_O)         0.066    10.867 r  i_dram_wrapper/i_dram/u_mig7s_mig/u_ddr3_infrastructure/u_bufh_pll_clk3/O
                         net (fo=1, routed)           0.722    11.589    i_dram_wrapper/i_dram/u_mig7s_mig/u_ddr3_infrastructure/pll_clk3
    MMCME2_ADV_X1Y1      MMCME2_ADV (Prop_mmcme2_adv_CLKIN1_CLKFBOUT)
                                                     -3.694     7.895 r  i_dram_wrapper/i_dram/u_mig7s_mig/u_ddr3_infrastructure/gen_mmcm.mmcm_i/CLKFBOUT
                         net (fo=1, routed)           2.005     9.900    i_dram_wrapper/i_dram/u_mig7s_mig/u_ddr3_infrastructure/clk_pll_i
    BUFGCTRL_X0Y0        BUFG (Prop_bufg_I_O)         0.083     9.983 r  i_dram_wrapper/i_dram/u_mig7s_mig/u_ddr3_infrastructure/u_bufg_clkdiv0/O
                         net (fo=13203, routed)       1.091    11.074    i_dram_wrapper/gen_cdc.i_axi_cdc_mig/i_axi_cdc_dst/i_cdc_fifo_gray_dst_aw/CLK
    SLICE_X111Y216       FDCE                                         r  i_dram_wrapper/gen_cdc.i_axi_cdc_mig/i_axi_cdc_dst/i_cdc_fifo_gray_dst_aw/rptr_q_reg[1]/C
                         clock pessimism              0.462    11.537    
                         clock uncertainty           -0.052    11.484    
    SLICE_X111Y216       FDCE (Recov_fdce_C_CLR)     -0.212    11.272    i_dram_wrapper/gen_cdc.i_axi_cdc_mig/i_axi_cdc_dst/i_cdc_fifo_gray_dst_aw/rptr_q_reg[1]
  -------------------------------------------------------------------
                         required time                         11.272    
                         arrival time                         -10.910    
  -------------------------------------------------------------------
                         slack                                  0.362    

Slack (MET) :             0.362ns  (required time - arrival time)
  Source:                 i_dram_wrapper/i_dram/u_mig7s_mig/u_ddr3_infrastructure/rstdiv0_sync_r1_reg_rep/C
                            (rising edge-triggered cell FDPE clocked by clk_pll_i  {rise@0.000ns fall@2.500ns period=5.000ns})
  Destination:            i_dram_wrapper/gen_cdc.i_axi_cdc_mig/i_axi_cdc_dst/i_cdc_fifo_gray_dst_aw/rptr_q_reg[2]/CLR
                            (rising edge-triggered cell FDCE clocked by clk_pll_i  {rise@0.000ns fall@2.500ns period=5.000ns})
  Path Group:             clk_pll_i
  Path Type:              Recovery (Max at Slow Process Corner)
  Requirement:            5.000ns  (MaxDelay Path 5.000ns)
  Data Path Delay:        4.058ns  (logic 0.259ns (6.382%)  route 3.799ns (93.618%))
  Logic Levels:           0  
  Clock Path Skew:        -0.315ns (DCD - SCD + CPR)
    Destination Clock Delay (DCD):    6.074ns
    Source Clock Delay      (SCD):    6.852ns
    Clock Pessimism Removal (CPR):    0.462ns
  Clock Uncertainty:      0.052ns  ((TSJ^2 + DJ^2)^1/2) / 2 + PE
    Total System Jitter     (TSJ):    0.071ns
    Discrete Jitter          (DJ):    0.077ns
    Phase Error              (PE):    0.000ns
  Timing Exception:       MaxDelay Path 5.000ns

    Location             Delay type                Incr(ns)  Path(ns)    Netlist Resource(s)
  -------------------------------------------------------------------    -------------------
                         (clock clk_pll_i rise edge)
                                                      0.000     0.000 r  
    AD12                                              0.000     0.000 r  sys_clk_p (IN)
                         net (fo=0)                   0.000     0.000    sys_clk_p
    AD12                 IBUFDS (Prop_ibufds_I_O)     0.906     0.906 r  i_bufds_sys_clk/O
                         net (fo=1, routed)           2.299     3.205    sys_clk
    BUFGCTRL_X0Y1        BUFG (Prop_bufg_I_O)         0.093     3.298 r  sys_clk_BUFG_inst/O
                         net (fo=63, routed)          1.787     5.085    i_dram_wrapper/i_dram/u_mig7s_mig/u_ddr3_infrastructure/plle2_i_0
    PLLE2_ADV_X1Y1       PLLE2_ADV (Prop_plle2_adv_CLKIN1_CLKOUT3)
                                                      0.077     5.162 r  i_dram_wrapper/i_dram/u_mig7s_mig/u_ddr3_infrastructure/plle2_i/CLKOUT3
                         net (fo=1, routed)           1.155     6.317    i_dram_wrapper/i_dram/u_mig7s_mig/u_ddr3_infrastructure/pll_clk3_out
    BUFHCE_X1Y12         BUFH (Prop_bufh_I_O)         0.103     6.420 r  i_dram_wrapper/i_dram/u_mig7s_mig/u_ddr3_infrastructure/u_bufh_pll_clk3/O
                         net (fo=1, routed)           0.790     7.210    i_dram_wrapper/i_dram/u_mig7s_mig/u_ddr3_infrastructure/pll_clk3
    MMCME2_ADV_X1Y1      MMCME2_ADV (Prop_mmcme2_adv_CLKIN1_CLKFBOUT)
                                                     -3.987     3.223 r  i_dram_wrapper/i_dram/u_mig7s_mig/u_ddr3_infrastructure/gen_mmcm.mmcm_i/CLKFBOUT
                         net (fo=1, routed)           2.130     5.353    i_dram_wrapper/i_dram/u_mig7s_mig/u_ddr3_infrastructure/clk_pll_i
    BUFGCTRL_X0Y0        BUFG (Prop_bufg_I_O)         0.093     5.446 r  i_dram_wrapper/i_dram/u_mig7s_mig/u_ddr3_infrastructure/u_bufg_clkdiv0/O
                         net (fo=13203, routed)       1.406     6.852    i_dram_wrapper/i_dram/u_mig7s_mig/u_ddr3_infrastructure/CLK
    SLICE_X102Y111       FDPE                                         r  i_dram_wrapper/i_dram/u_mig7s_mig/u_ddr3_infrastructure/rstdiv0_sync_r1_reg_rep/C
  -------------------------------------------------------------------    -------------------
    SLICE_X102Y111       FDPE (Prop_fdpe_C_Q)         0.259     7.111 f  i_dram_wrapper/i_dram/u_mig7s_mig/u_ddr3_infrastructure/rstdiv0_sync_r1_reg_rep/Q
                         net (fo=444, routed)         3.799    10.910    i_dram_wrapper/gen_cdc.i_axi_cdc_mig/i_axi_cdc_dst/i_cdc_fifo_gray_dst_aw/ui_clk_sync_rst
    SLICE_X111Y216       FDCE                                         f  i_dram_wrapper/gen_cdc.i_axi_cdc_mig/i_axi_cdc_dst/i_cdc_fifo_gray_dst_aw/rptr_q_reg[2]/CLR
  -------------------------------------------------------------------    -------------------

                         max delay                    5.000     5.000    
    AD12                                              0.000     5.000 r  sys_clk_p (IN)
                         net (fo=0)                   0.000     5.000    sys_clk_p
    AD12                 IBUFDS (Prop_ibufds_I_O)     0.803     5.803 r  i_bufds_sys_clk/O
                         net (fo=1, routed)           2.173     7.976    sys_clk
    BUFGCTRL_X0Y1        BUFG (Prop_bufg_I_O)         0.083     8.059 r  sys_clk_BUFG_inst/O
                         net (fo=63, routed)          1.626     9.685    i_dram_wrapper/i_dram/u_mig7s_mig/u_ddr3_infrastructure/plle2_i_0
    PLLE2_ADV_X1Y1       PLLE2_ADV (Prop_plle2_adv_CLKIN1_CLKOUT3)
                                                      0.073     9.758 r  i_dram_wrapper/i_dram/u_mig7s_mig/u_ddr3_infrastructure/plle2_i/CLKOUT3
                         net (fo=1, routed)           1.043    10.801    i_dram_wrapper/i_dram/u_mig7s_mig/u_ddr3_infrastructure/pll_clk3_out
    BUFHCE_X1Y12         BUFH (Prop_bufh_I_O)         0.066    10.867 r  i_dram_wrapper/i_dram/u_mig7s_mig/u_ddr3_infrastructure/u_bufh_pll_clk3/O
                         net (fo=1, routed)           0.722    11.589    i_dram_wrapper/i_dram/u_mig7s_mig/u_ddr3_infrastructure/pll_clk3
    MMCME2_ADV_X1Y1      MMCME2_ADV (Prop_mmcme2_adv_CLKIN1_CLKFBOUT)
                                                     -3.694     7.895 r  i_dram_wrapper/i_dram/u_mig7s_mig/u_ddr3_infrastructure/gen_mmcm.mmcm_i/CLKFBOUT
                         net (fo=1, routed)           2.005     9.900    i_dram_wrapper/i_dram/u_mig7s_mig/u_ddr3_infrastructure/clk_pll_i
    BUFGCTRL_X0Y0        BUFG (Prop_bufg_I_O)         0.083     9.983 r  i_dram_wrapper/i_dram/u_mig7s_mig/u_ddr3_infrastructure/u_bufg_clkdiv0/O
                         net (fo=13203, routed)       1.091    11.074    i_dram_wrapper/gen_cdc.i_axi_cdc_mig/i_axi_cdc_dst/i_cdc_fifo_gray_dst_aw/CLK
    SLICE_X111Y216       FDCE                                         r  i_dram_wrapper/gen_cdc.i_axi_cdc_mig/i_axi_cdc_dst/i_cdc_fifo_gray_dst_aw/rptr_q_reg[2]/C
                         clock pessimism              0.462    11.537    
                         clock uncertainty           -0.052    11.484    
    SLICE_X111Y216       FDCE (Recov_fdce_C_CLR)     -0.212    11.272    i_dram_wrapper/gen_cdc.i_axi_cdc_mig/i_axi_cdc_dst/i_cdc_fifo_gray_dst_aw/rptr_q_reg[2]
  -------------------------------------------------------------------
                         required time                         11.272    
                         arrival time                         -10.910    
  -------------------------------------------------------------------
                         slack                                  0.362    

Slack (MET) :             0.364ns  (required time - arrival time)
  Source:                 i_dram_wrapper/i_dram/u_mig7s_mig/u_ddr3_infrastructure/rstdiv0_sync_r1_reg_rep/C
                            (rising edge-triggered cell FDPE clocked by clk_pll_i  {rise@0.000ns fall@2.500ns period=5.000ns})
  Destination:            i_dram_wrapper/gen_cdc.i_axi_cdc_mig/i_axi_cdc_dst/i_cdc_fifo_gray_dst_aw/i_spill_register/spill_register_flushable_i/gen_spill_reg.a_full_q_reg/CLR
                            (rising edge-triggered cell FDCE clocked by clk_pll_i  {rise@0.000ns fall@2.500ns period=5.000ns})
  Path Group:             clk_pll_i
  Path Type:              Recovery (Max at Slow Process Corner)
  Requirement:            5.000ns  (MaxDelay Path 5.000ns)
  Data Path Delay:        4.059ns  (logic 0.259ns (6.381%)  route 3.800ns (93.619%))
  Logic Levels:           0  
  Clock Path Skew:        -0.312ns (DCD - SCD + CPR)
    Destination Clock Delay (DCD):    6.077ns
    Source Clock Delay      (SCD):    6.852ns
    Clock Pessimism Removal (CPR):    0.462ns
  Clock Uncertainty:      0.052ns  ((TSJ^2 + DJ^2)^1/2) / 2 + PE
    Total System Jitter     (TSJ):    0.071ns
    Discrete Jitter          (DJ):    0.077ns
    Phase Error              (PE):    0.000ns
  Timing Exception:       MaxDelay Path 5.000ns

    Location             Delay type                Incr(ns)  Path(ns)    Netlist Resource(s)
  -------------------------------------------------------------------    -------------------
                         (clock clk_pll_i rise edge)
                                                      0.000     0.000 r  
    AD12                                              0.000     0.000 r  sys_clk_p (IN)
                         net (fo=0)                   0.000     0.000    sys_clk_p
    AD12                 IBUFDS (Prop_ibufds_I_O)     0.906     0.906 r  i_bufds_sys_clk/O
                         net (fo=1, routed)           2.299     3.205    sys_clk
    BUFGCTRL_X0Y1        BUFG (Prop_bufg_I_O)         0.093     3.298 r  sys_clk_BUFG_inst/O
                         net (fo=63, routed)          1.787     5.085    i_dram_wrapper/i_dram/u_mig7s_mig/u_ddr3_infrastructure/plle2_i_0
    PLLE2_ADV_X1Y1       PLLE2_ADV (Prop_plle2_adv_CLKIN1_CLKOUT3)
                                                      0.077     5.162 r  i_dram_wrapper/i_dram/u_mig7s_mig/u_ddr3_infrastructure/plle2_i/CLKOUT3
                         net (fo=1, routed)           1.155     6.317    i_dram_wrapper/i_dram/u_mig7s_mig/u_ddr3_infrastructure/pll_clk3_out
    BUFHCE_X1Y12         BUFH (Prop_bufh_I_O)         0.103     6.420 r  i_dram_wrapper/i_dram/u_mig7s_mig/u_ddr3_infrastructure/u_bufh_pll_clk3/O
                         net (fo=1, routed)           0.790     7.210    i_dram_wrapper/i_dram/u_mig7s_mig/u_ddr3_infrastructure/pll_clk3
    MMCME2_ADV_X1Y1      MMCME2_ADV (Prop_mmcme2_adv_CLKIN1_CLKFBOUT)
                                                     -3.987     3.223 r  i_dram_wrapper/i_dram/u_mig7s_mig/u_ddr3_infrastructure/gen_mmcm.mmcm_i/CLKFBOUT
                         net (fo=1, routed)           2.130     5.353    i_dram_wrapper/i_dram/u_mig7s_mig/u_ddr3_infrastructure/clk_pll_i
    BUFGCTRL_X0Y0        BUFG (Prop_bufg_I_O)         0.093     5.446 r  i_dram_wrapper/i_dram/u_mig7s_mig/u_ddr3_infrastructure/u_bufg_clkdiv0/O
                         net (fo=13203, routed)       1.406     6.852    i_dram_wrapper/i_dram/u_mig7s_mig/u_ddr3_infrastructure/CLK
    SLICE_X102Y111       FDPE                                         r  i_dram_wrapper/i_dram/u_mig7s_mig/u_ddr3_infrastructure/rstdiv0_sync_r1_reg_rep/C
  -------------------------------------------------------------------    -------------------
    SLICE_X102Y111       FDPE (Prop_fdpe_C_Q)         0.259     7.111 f  i_dram_wrapper/i_dram/u_mig7s_mig/u_ddr3_infrastructure/rstdiv0_sync_r1_reg_rep/Q
                         net (fo=444, routed)         3.800    10.911    i_dram_wrapper/gen_cdc.i_axi_cdc_mig/i_axi_cdc_dst/i_cdc_fifo_gray_dst_aw/i_spill_register/spill_register_flushable_i/ui_clk_sync_rst
    SLICE_X112Y214       FDCE                                         f  i_dram_wrapper/gen_cdc.i_axi_cdc_mig/i_axi_cdc_dst/i_cdc_fifo_gray_dst_aw/i_spill_register/spill_register_flushable_i/gen_spill_reg.a_full_q_reg/CLR
  -------------------------------------------------------------------    -------------------

                         max delay                    5.000     5.000    
    AD12                                              0.000     5.000 r  sys_clk_p (IN)
                         net (fo=0)                   0.000     5.000    sys_clk_p
    AD12                 IBUFDS (Prop_ibufds_I_O)     0.803     5.803 r  i_bufds_sys_clk/O
                         net (fo=1, routed)           2.173     7.976    sys_clk
    BUFGCTRL_X0Y1        BUFG (Prop_bufg_I_O)         0.083     8.059 r  sys_clk_BUFG_inst/O
                         net (fo=63, routed)          1.626     9.685    i_dram_wrapper/i_dram/u_mig7s_mig/u_ddr3_infrastructure/plle2_i_0
    PLLE2_ADV_X1Y1       PLLE2_ADV (Prop_plle2_adv_CLKIN1_CLKOUT3)
                                                      0.073     9.758 r  i_dram_wrapper/i_dram/u_mig7s_mig/u_ddr3_infrastructure/plle2_i/CLKOUT3
                         net (fo=1, routed)           1.043    10.801    i_dram_wrapper/i_dram/u_mig7s_mig/u_ddr3_infrastructure/pll_clk3_out
    BUFHCE_X1Y12         BUFH (Prop_bufh_I_O)         0.066    10.867 r  i_dram_wrapper/i_dram/u_mig7s_mig/u_ddr3_infrastructure/u_bufh_pll_clk3/O
                         net (fo=1, routed)           0.722    11.589    i_dram_wrapper/i_dram/u_mig7s_mig/u_ddr3_infrastructure/pll_clk3
    MMCME2_ADV_X1Y1      MMCME2_ADV (Prop_mmcme2_adv_CLKIN1_CLKFBOUT)
                                                     -3.694     7.895 r  i_dram_wrapper/i_dram/u_mig7s_mig/u_ddr3_infrastructure/gen_mmcm.mmcm_i/CLKFBOUT
                         net (fo=1, routed)           2.005     9.900    i_dram_wrapper/i_dram/u_mig7s_mig/u_ddr3_infrastructure/clk_pll_i
    BUFGCTRL_X0Y0        BUFG (Prop_bufg_I_O)         0.083     9.983 r  i_dram_wrapper/i_dram/u_mig7s_mig/u_ddr3_infrastructure/u_bufg_clkdiv0/O
                         net (fo=13203, routed)       1.094    11.077    i_dram_wrapper/gen_cdc.i_axi_cdc_mig/i_axi_cdc_dst/i_cdc_fifo_gray_dst_aw/i_spill_register/spill_register_flushable_i/CLK
    SLICE_X112Y214       FDCE                                         r  i_dram_wrapper/gen_cdc.i_axi_cdc_mig/i_axi_cdc_dst/i_cdc_fifo_gray_dst_aw/i_spill_register/spill_register_flushable_i/gen_spill_reg.a_full_q_reg/C
                         clock pessimism              0.462    11.540    
                         clock uncertainty           -0.052    11.487    
    SLICE_X112Y214       FDCE (Recov_fdce_C_CLR)     -0.212    11.275    i_dram_wrapper/gen_cdc.i_axi_cdc_mig/i_axi_cdc_dst/i_cdc_fifo_gray_dst_aw/i_spill_register/spill_register_flushable_i/gen_spill_reg.a_full_q_reg
  -------------------------------------------------------------------
                         required time                         11.275    
                         arrival time                         -10.911    
  -------------------------------------------------------------------
                         slack                                  0.364    

Slack (MET) :             0.367ns  (required time - arrival time)
  Source:                 i_dram_wrapper/i_dram/u_mig7s_mig/u_ddr3_infrastructure/rstdiv0_sync_r1_reg_rep/C
                            (rising edge-triggered cell FDPE clocked by clk_pll_i  {rise@0.000ns fall@2.500ns period=5.000ns})
  Destination:            i_dram_wrapper/gen_cdc.i_axi_cdc_mig/i_axi_cdc_dst/i_cdc_fifo_gray_dst_ar/i_spill_register/spill_register_flushable_i/gen_spill_reg.a_data_q_reg[addr][2]/CLR
                            (rising edge-triggered cell FDCE clocked by clk_pll_i  {rise@0.000ns fall@2.500ns period=5.000ns})
  Path Group:             clk_pll_i
  Path Type:              Recovery (Max at Slow Process Corner)
  Requirement:            5.000ns  (MaxDelay Path 5.000ns)
  Data Path Delay:        4.090ns  (logic 0.259ns (6.333%)  route 3.831ns (93.667%))
  Logic Levels:           0  
  Clock Path Skew:        -0.279ns (DCD - SCD + CPR)
    Destination Clock Delay (DCD):    6.097ns
    Source Clock Delay      (SCD):    6.852ns
    Clock Pessimism Removal (CPR):    0.475ns
  Clock Uncertainty:      0.052ns  ((TSJ^2 + DJ^2)^1/2) / 2 + PE
    Total System Jitter     (TSJ):    0.071ns
    Discrete Jitter          (DJ):    0.077ns
    Phase Error              (PE):    0.000ns
  Timing Exception:       MaxDelay Path 5.000ns

    Location             Delay type                Incr(ns)  Path(ns)    Netlist Resource(s)
  -------------------------------------------------------------------    -------------------
                         (clock clk_pll_i rise edge)
                                                      0.000     0.000 r  
    AD12                                              0.000     0.000 r  sys_clk_p (IN)
                         net (fo=0)                   0.000     0.000    sys_clk_p
    AD12                 IBUFDS (Prop_ibufds_I_O)     0.906     0.906 r  i_bufds_sys_clk/O
                         net (fo=1, routed)           2.299     3.205    sys_clk
    BUFGCTRL_X0Y1        BUFG (Prop_bufg_I_O)         0.093     3.298 r  sys_clk_BUFG_inst/O
                         net (fo=63, routed)          1.787     5.085    i_dram_wrapper/i_dram/u_mig7s_mig/u_ddr3_infrastructure/plle2_i_0
    PLLE2_ADV_X1Y1       PLLE2_ADV (Prop_plle2_adv_CLKIN1_CLKOUT3)
                                                      0.077     5.162 r  i_dram_wrapper/i_dram/u_mig7s_mig/u_ddr3_infrastructure/plle2_i/CLKOUT3
                         net (fo=1, routed)           1.155     6.317    i_dram_wrapper/i_dram/u_mig7s_mig/u_ddr3_infrastructure/pll_clk3_out
    BUFHCE_X1Y12         BUFH (Prop_bufh_I_O)         0.103     6.420 r  i_dram_wrapper/i_dram/u_mig7s_mig/u_ddr3_infrastructure/u_bufh_pll_clk3/O
                         net (fo=1, routed)           0.790     7.210    i_dram_wrapper/i_dram/u_mig7s_mig/u_ddr3_infrastructure/pll_clk3
    MMCME2_ADV_X1Y1      MMCME2_ADV (Prop_mmcme2_adv_CLKIN1_CLKFBOUT)
                                                     -3.987     3.223 r  i_dram_wrapper/i_dram/u_mig7s_mig/u_ddr3_infrastructure/gen_mmcm.mmcm_i/CLKFBOUT
                         net (fo=1, routed)           2.130     5.353    i_dram_wrapper/i_dram/u_mig7s_mig/u_ddr3_infrastructure/clk_pll_i
    BUFGCTRL_X0Y0        BUFG (Prop_bufg_I_O)         0.093     5.446 r  i_dram_wrapper/i_dram/u_mig7s_mig/u_ddr3_infrastructure/u_bufg_clkdiv0/O
                         net (fo=13203, routed)       1.406     6.852    i_dram_wrapper/i_dram/u_mig7s_mig/u_ddr3_infrastructure/CLK
    SLICE_X102Y111       FDPE                                         r  i_dram_wrapper/i_dram/u_mig7s_mig/u_ddr3_infrastructure/rstdiv0_sync_r1_reg_rep/C
  -------------------------------------------------------------------    -------------------
    SLICE_X102Y111       FDPE (Prop_fdpe_C_Q)         0.259     7.111 f  i_dram_wrapper/i_dram/u_mig7s_mig/u_ddr3_infrastructure/rstdiv0_sync_r1_reg_rep/Q
                         net (fo=444, routed)         3.831    10.942    i_dram_wrapper/gen_cdc.i_axi_cdc_mig/i_axi_cdc_dst/i_cdc_fifo_gray_dst_ar/i_spill_register/spill_register_flushable_i/ui_clk_sync_rst
    SLICE_X111Y196       FDCE                                         f  i_dram_wrapper/gen_cdc.i_axi_cdc_mig/i_axi_cdc_dst/i_cdc_fifo_gray_dst_ar/i_spill_register/spill_register_flushable_i/gen_spill_reg.a_data_q_reg[addr][2]/CLR
  -------------------------------------------------------------------    -------------------

                         max delay                    5.000     5.000    
    AD12                                              0.000     5.000 r  sys_clk_p (IN)
                         net (fo=0)                   0.000     5.000    sys_clk_p
    AD12                 IBUFDS (Prop_ibufds_I_O)     0.803     5.803 r  i_bufds_sys_clk/O
                         net (fo=1, routed)           2.173     7.976    sys_clk
    BUFGCTRL_X0Y1        BUFG (Prop_bufg_I_O)         0.083     8.059 r  sys_clk_BUFG_inst/O
                         net (fo=63, routed)          1.626     9.685    i_dram_wrapper/i_dram/u_mig7s_mig/u_ddr3_infrastructure/plle2_i_0
    PLLE2_ADV_X1Y1       PLLE2_ADV (Prop_plle2_adv_CLKIN1_CLKOUT3)
                                                      0.073     9.758 r  i_dram_wrapper/i_dram/u_mig7s_mig/u_ddr3_infrastructure/plle2_i/CLKOUT3
                         net (fo=1, routed)           1.043    10.801    i_dram_wrapper/i_dram/u_mig7s_mig/u_ddr3_infrastructure/pll_clk3_out
    BUFHCE_X1Y12         BUFH (Prop_bufh_I_O)         0.066    10.867 r  i_dram_wrapper/i_dram/u_mig7s_mig/u_ddr3_infrastructure/u_bufh_pll_clk3/O
                         net (fo=1, routed)           0.722    11.589    i_dram_wrapper/i_dram/u_mig7s_mig/u_ddr3_infrastructure/pll_clk3
    MMCME2_ADV_X1Y1      MMCME2_ADV (Prop_mmcme2_adv_CLKIN1_CLKFBOUT)
                                                     -3.694     7.895 r  i_dram_wrapper/i_dram/u_mig7s_mig/u_ddr3_infrastructure/gen_mmcm.mmcm_i/CLKFBOUT
                         net (fo=1, routed)           2.005     9.900    i_dram_wrapper/i_dram/u_mig7s_mig/u_ddr3_infrastructure/clk_pll_i
    BUFGCTRL_X0Y0        BUFG (Prop_bufg_I_O)         0.083     9.983 r  i_dram_wrapper/i_dram/u_mig7s_mig/u_ddr3_infrastructure/u_bufg_clkdiv0/O
                         net (fo=13203, routed)       1.114    11.097    i_dram_wrapper/gen_cdc.i_axi_cdc_mig/i_axi_cdc_dst/i_cdc_fifo_gray_dst_ar/i_spill_register/spill_register_flushable_i/CLK
    SLICE_X111Y196       FDCE                                         r  i_dram_wrapper/gen_cdc.i_axi_cdc_mig/i_axi_cdc_dst/i_cdc_fifo_gray_dst_ar/i_spill_register/spill_register_flushable_i/gen_spill_reg.a_data_q_reg[addr][2]/C
                         clock pessimism              0.475    11.573    
                         clock uncertainty           -0.052    11.520    
    SLICE_X111Y196       FDCE (Recov_fdce_C_CLR)     -0.212    11.308    i_dram_wrapper/gen_cdc.i_axi_cdc_mig/i_axi_cdc_dst/i_cdc_fifo_gray_dst_ar/i_spill_register/spill_register_flushable_i/gen_spill_reg.a_data_q_reg[addr][2]
  -------------------------------------------------------------------
                         required time                         11.308    
                         arrival time                         -10.942    
  -------------------------------------------------------------------
                         slack                                  0.367    

Slack (MET) :             0.367ns  (required time - arrival time)
  Source:                 i_dram_wrapper/i_dram/u_mig7s_mig/u_ddr3_infrastructure/rstdiv0_sync_r1_reg_rep/C
                            (rising edge-triggered cell FDPE clocked by clk_pll_i  {rise@0.000ns fall@2.500ns period=5.000ns})
  Destination:            i_dram_wrapper/gen_cdc.i_axi_cdc_mig/i_axi_cdc_dst/i_cdc_fifo_gray_dst_ar/i_spill_register/spill_register_flushable_i/gen_spill_reg.a_data_q_reg[addr][9]/CLR
                            (rising edge-triggered cell FDCE clocked by clk_pll_i  {rise@0.000ns fall@2.500ns period=5.000ns})
  Path Group:             clk_pll_i
  Path Type:              Recovery (Max at Slow Process Corner)
  Requirement:            5.000ns  (MaxDelay Path 5.000ns)
  Data Path Delay:        4.090ns  (logic 0.259ns (6.333%)  route 3.831ns (93.667%))
  Logic Levels:           0  
  Clock Path Skew:        -0.279ns (DCD - SCD + CPR)
    Destination Clock Delay (DCD):    6.097ns
    Source Clock Delay      (SCD):    6.852ns
    Clock Pessimism Removal (CPR):    0.475ns
  Clock Uncertainty:      0.052ns  ((TSJ^2 + DJ^2)^1/2) / 2 + PE
    Total System Jitter     (TSJ):    0.071ns
    Discrete Jitter          (DJ):    0.077ns
    Phase Error              (PE):    0.000ns
  Timing Exception:       MaxDelay Path 5.000ns

    Location             Delay type                Incr(ns)  Path(ns)    Netlist Resource(s)
  -------------------------------------------------------------------    -------------------
                         (clock clk_pll_i rise edge)
                                                      0.000     0.000 r  
    AD12                                              0.000     0.000 r  sys_clk_p (IN)
                         net (fo=0)                   0.000     0.000    sys_clk_p
    AD12                 IBUFDS (Prop_ibufds_I_O)     0.906     0.906 r  i_bufds_sys_clk/O
                         net (fo=1, routed)           2.299     3.205    sys_clk
    BUFGCTRL_X0Y1        BUFG (Prop_bufg_I_O)         0.093     3.298 r  sys_clk_BUFG_inst/O
                         net (fo=63, routed)          1.787     5.085    i_dram_wrapper/i_dram/u_mig7s_mig/u_ddr3_infrastructure/plle2_i_0
    PLLE2_ADV_X1Y1       PLLE2_ADV (Prop_plle2_adv_CLKIN1_CLKOUT3)
                                                      0.077     5.162 r  i_dram_wrapper/i_dram/u_mig7s_mig/u_ddr3_infrastructure/plle2_i/CLKOUT3
                         net (fo=1, routed)           1.155     6.317    i_dram_wrapper/i_dram/u_mig7s_mig/u_ddr3_infrastructure/pll_clk3_out
    BUFHCE_X1Y12         BUFH (Prop_bufh_I_O)         0.103     6.420 r  i_dram_wrapper/i_dram/u_mig7s_mig/u_ddr3_infrastructure/u_bufh_pll_clk3/O
                         net (fo=1, routed)           0.790     7.210    i_dram_wrapper/i_dram/u_mig7s_mig/u_ddr3_infrastructure/pll_clk3
    MMCME2_ADV_X1Y1      MMCME2_ADV (Prop_mmcme2_adv_CLKIN1_CLKFBOUT)
                                                     -3.987     3.223 r  i_dram_wrapper/i_dram/u_mig7s_mig/u_ddr3_infrastructure/gen_mmcm.mmcm_i/CLKFBOUT
                         net (fo=1, routed)           2.130     5.353    i_dram_wrapper/i_dram/u_mig7s_mig/u_ddr3_infrastructure/clk_pll_i
    BUFGCTRL_X0Y0        BUFG (Prop_bufg_I_O)         0.093     5.446 r  i_dram_wrapper/i_dram/u_mig7s_mig/u_ddr3_infrastructure/u_bufg_clkdiv0/O
                         net (fo=13203, routed)       1.406     6.852    i_dram_wrapper/i_dram/u_mig7s_mig/u_ddr3_infrastructure/CLK
    SLICE_X102Y111       FDPE                                         r  i_dram_wrapper/i_dram/u_mig7s_mig/u_ddr3_infrastructure/rstdiv0_sync_r1_reg_rep/C
  -------------------------------------------------------------------    -------------------
    SLICE_X102Y111       FDPE (Prop_fdpe_C_Q)         0.259     7.111 f  i_dram_wrapper/i_dram/u_mig7s_mig/u_ddr3_infrastructure/rstdiv0_sync_r1_reg_rep/Q
                         net (fo=444, routed)         3.831    10.942    i_dram_wrapper/gen_cdc.i_axi_cdc_mig/i_axi_cdc_dst/i_cdc_fifo_gray_dst_ar/i_spill_register/spill_register_flushable_i/ui_clk_sync_rst
    SLICE_X111Y196       FDCE                                         f  i_dram_wrapper/gen_cdc.i_axi_cdc_mig/i_axi_cdc_dst/i_cdc_fifo_gray_dst_ar/i_spill_register/spill_register_flushable_i/gen_spill_reg.a_data_q_reg[addr][9]/CLR
  -------------------------------------------------------------------    -------------------

                         max delay                    5.000     5.000    
    AD12                                              0.000     5.000 r  sys_clk_p (IN)
                         net (fo=0)                   0.000     5.000    sys_clk_p
    AD12                 IBUFDS (Prop_ibufds_I_O)     0.803     5.803 r  i_bufds_sys_clk/O
                         net (fo=1, routed)           2.173     7.976    sys_clk
    BUFGCTRL_X0Y1        BUFG (Prop_bufg_I_O)         0.083     8.059 r  sys_clk_BUFG_inst/O
                         net (fo=63, routed)          1.626     9.685    i_dram_wrapper/i_dram/u_mig7s_mig/u_ddr3_infrastructure/plle2_i_0
    PLLE2_ADV_X1Y1       PLLE2_ADV (Prop_plle2_adv_CLKIN1_CLKOUT3)
                                                      0.073     9.758 r  i_dram_wrapper/i_dram/u_mig7s_mig/u_ddr3_infrastructure/plle2_i/CLKOUT3
                         net (fo=1, routed)           1.043    10.801    i_dram_wrapper/i_dram/u_mig7s_mig/u_ddr3_infrastructure/pll_clk3_out
    BUFHCE_X1Y12         BUFH (Prop_bufh_I_O)         0.066    10.867 r  i_dram_wrapper/i_dram/u_mig7s_mig/u_ddr3_infrastructure/u_bufh_pll_clk3/O
                         net (fo=1, routed)           0.722    11.589    i_dram_wrapper/i_dram/u_mig7s_mig/u_ddr3_infrastructure/pll_clk3
    MMCME2_ADV_X1Y1      MMCME2_ADV (Prop_mmcme2_adv_CLKIN1_CLKFBOUT)
                                                     -3.694     7.895 r  i_dram_wrapper/i_dram/u_mig7s_mig/u_ddr3_infrastructure/gen_mmcm.mmcm_i/CLKFBOUT
                         net (fo=1, routed)           2.005     9.900    i_dram_wrapper/i_dram/u_mig7s_mig/u_ddr3_infrastructure/clk_pll_i
    BUFGCTRL_X0Y0        BUFG (Prop_bufg_I_O)         0.083     9.983 r  i_dram_wrapper/i_dram/u_mig7s_mig/u_ddr3_infrastructure/u_bufg_clkdiv0/O
                         net (fo=13203, routed)       1.114    11.097    i_dram_wrapper/gen_cdc.i_axi_cdc_mig/i_axi_cdc_dst/i_cdc_fifo_gray_dst_ar/i_spill_register/spill_register_flushable_i/CLK
    SLICE_X111Y196       FDCE                                         r  i_dram_wrapper/gen_cdc.i_axi_cdc_mig/i_axi_cdc_dst/i_cdc_fifo_gray_dst_ar/i_spill_register/spill_register_flushable_i/gen_spill_reg.a_data_q_reg[addr][9]/C
                         clock pessimism              0.475    11.573    
                         clock uncertainty           -0.052    11.520    
    SLICE_X111Y196       FDCE (Recov_fdce_C_CLR)     -0.212    11.308    i_dram_wrapper/gen_cdc.i_axi_cdc_mig/i_axi_cdc_dst/i_cdc_fifo_gray_dst_ar/i_spill_register/spill_register_flushable_i/gen_spill_reg.a_data_q_reg[addr][9]
  -------------------------------------------------------------------
                         required time                         11.308    
                         arrival time                         -10.942    
  -------------------------------------------------------------------
                         slack                                  0.367    

Slack (MET) :             0.373ns  (required time - arrival time)
  Source:                 i_dram_wrapper/i_dram/u_mig7s_mig/u_memc_ui_top_axi/mem_intfc0/ddr_phy_top0/u_ddr_mc_phy_wrapper/u_ddr_mc_phy/ddr_phy_4lanes_1.u_ddr_phy_4lanes/ddr_byte_lane_D.ddr_byte_lane_D/phaser_out/OCLK
                            (rising edge-triggered cell PHASER_OUT_PHY clocked by oserdes_clk_7  {rise@0.000ns fall@0.625ns period=1.250ns})
  Destination:            i_dram_wrapper/i_dram/u_mig7s_mig/u_memc_ui_top_axi/mem_intfc0/ddr_phy_top0/u_ddr_mc_phy_wrapper/u_ddr_mc_phy/ddr_phy_4lanes_1.u_ddr_phy_4lanes/ddr_byte_lane_D.ddr_byte_lane_D/ddr_byte_group_io/output_[1].oserdes_dq_.sdr.oserdes_dq_i/RST
                            (rising edge-triggered cell OSERDESE2 clocked by oserdes_clkdiv_7  {rise@0.000ns fall@2.500ns period=5.000ns})
  Path Group:             oserdes_clkdiv_7
  Path Type:              Setup (Max at Slow Process Corner)
  Requirement:            2.500ns  (oserdes_clkdiv_7 rise@5.000ns - oserdes_clk_7 rise@2.500ns)
  Data Path Delay:        2.069ns  (logic 0.466ns (22.525%)  route 1.603ns (77.475%))
  Logic Levels:           0  
  Clock Path Skew:        0.442ns (DCD - SCD + CPR)
    Destination Clock Delay (DCD):    8.078ns = ( 13.078 - 5.000 ) 
    Source Clock Delay      (SCD):    8.197ns = ( 11.947 - 3.750 ) 
    Clock Pessimism Removal (CPR):    0.560ns
  Clock Uncertainty:      0.047ns  ((TSJ^2 + DJ^2)^1/2) / 2 + PE
    Total System Jitter     (TSJ):    0.071ns
    Discrete Jitter          (DJ):    0.061ns
    Phase Error              (PE):    0.000ns
  Timing Exception:       MultiCycle Path   Setup -start 2

    Location             Delay type                Incr(ns)  Path(ns)    Netlist Resource(s)
  -------------------------------------------------------------------    -------------------
                         (clock oserdes_clk_7 rise edge)
                                                      2.500     2.500 r  
    AD12                                              0.000     2.500 r  sys_clk_p (IN)
                         net (fo=0)                   0.000     2.500    sys_clk_p
    AD12                 IBUFDS (Prop_ibufds_I_O)     0.906     3.406 r  i_bufds_sys_clk/O
                         net (fo=1, routed)           2.299     5.705    sys_clk
    BUFGCTRL_X0Y1        BUFG (Prop_bufg_I_O)         0.093     5.798 r  sys_clk_BUFG_inst/O
                         net (fo=63, routed)          1.787     7.585    i_dram_wrapper/i_dram/u_mig7s_mig/u_ddr3_infrastructure/plle2_i_0
    PLLE2_ADV_X1Y1       PLLE2_ADV (Prop_plle2_adv_CLKIN1_CLKOUT1)
                                                      0.077     7.662 r  i_dram_wrapper/i_dram/u_mig7s_mig/u_ddr3_infrastructure/plle2_i/CLKOUT1
                         net (fo=14, routed)          0.952     8.614    i_dram_wrapper/i_dram/u_mig7s_mig/u_memc_ui_top_axi/mem_intfc0/ddr_phy_top0/u_ddr_mc_phy_wrapper/u_ddr_mc_phy/ddr_phy_4lanes_1.u_ddr_phy_4lanes/ddr_byte_lane_D.ddr_byte_lane_D/mem_refclk
    PHASER_OUT_PHY_X1Y7  PHASER_OUT_PHY (Prop_phaser_out_phy_MEMREFCLK_OCLK)
                                                      2.083    10.697 r  i_dram_wrapper/i_dram/u_mig7s_mig/u_memc_ui_top_axi/mem_intfc0/ddr_phy_top0/u_ddr_mc_phy_wrapper/u_ddr_mc_phy/ddr_phy_4lanes_1.u_ddr_phy_4lanes/ddr_byte_lane_D.ddr_byte_lane_D/phaser_out/OCLK
  -------------------------------------------------------------------    -------------------
    PHASER_OUT_PHY_X1Y7  PHASER_OUT_PHY (Prop_phaser_out_phy_OCLK_OSERDESRST)
                                                      0.466    11.163 r  i_dram_wrapper/i_dram/u_mig7s_mig/u_memc_ui_top_axi/mem_intfc0/ddr_phy_top0/u_ddr_mc_phy_wrapper/u_ddr_mc_phy/ddr_phy_4lanes_1.u_ddr_phy_4lanes/ddr_byte_lane_D.ddr_byte_lane_D/phaser_out/OSERDESRST
                         net (fo=9, routed)           1.603    12.766    i_dram_wrapper/i_dram/u_mig7s_mig/u_memc_ui_top_axi/mem_intfc0/ddr_phy_top0/u_ddr_mc_phy_wrapper/u_ddr_mc_phy/ddr_phy_4lanes_1.u_ddr_phy_4lanes/ddr_byte_lane_D.ddr_byte_lane_D/ddr_byte_group_io/po_oserdes_rst
    OLOGIC_X1Y88         OSERDESE2                                    r  i_dram_wrapper/i_dram/u_mig7s_mig/u_memc_ui_top_axi/mem_intfc0/ddr_phy_top0/u_ddr_mc_phy_wrapper/u_ddr_mc_phy/ddr_phy_4lanes_1.u_ddr_phy_4lanes/ddr_byte_lane_D.ddr_byte_lane_D/ddr_byte_group_io/output_[1].oserdes_dq_.sdr.oserdes_dq_i/RST
  -------------------------------------------------------------------    -------------------

                         (clock oserdes_clkdiv_7 rise edge)
                                                      5.000     5.000 r  
    AD12                                              0.000     5.000 r  sys_clk_p (IN)
                         net (fo=0)                   0.000     5.000    sys_clk_p
    AD12                 IBUFDS (Prop_ibufds_I_O)     0.803     5.803 r  i_bufds_sys_clk/O
                         net (fo=1, routed)           2.173     7.976    sys_clk
    BUFGCTRL_X0Y1        BUFG (Prop_bufg_I_O)         0.083     8.059 r  sys_clk_BUFG_inst/O
                         net (fo=63, routed)          1.626     9.685    i_dram_wrapper/i_dram/u_mig7s_mig/u_ddr3_infrastructure/plle2_i_0
    PLLE2_ADV_X1Y1       PLLE2_ADV (Prop_plle2_adv_CLKIN1_CLKOUT1)
                                                      0.073     9.758 r  i_dram_wrapper/i_dram/u_mig7s_mig/u_ddr3_infrastructure/plle2_i/CLKOUT1
                         net (fo=14, routed)          0.851    10.609    i_dram_wrapper/i_dram/u_mig7s_mig/u_memc_ui_top_axi/mem_intfc0/ddr_phy_top0/u_ddr_mc_phy_wrapper/u_ddr_mc_phy/ddr_phy_4lanes_1.u_ddr_phy_4lanes/ddr_byte_lane_D.ddr_byte_lane_D/mem_refclk
    PHASER_OUT_PHY_X1Y7  PHASER_OUT_PHY (Prop_phaser_out_phy_MEMREFCLK_OCLK)
                                                      2.027    12.636 r  i_dram_wrapper/i_dram/u_mig7s_mig/u_memc_ui_top_axi/mem_intfc0/ddr_phy_top0/u_ddr_mc_phy_wrapper/u_ddr_mc_phy/ddr_phy_4lanes_1.u_ddr_phy_4lanes/ddr_byte_lane_D.ddr_byte_lane_D/phaser_out/OCLK
    PHASER_OUT_PHY_X1Y7  PHASER_OUT_PHY (Prop_phaser_out_phy_OCLK_OCLKDIV)
                                                      0.133    12.769 r  i_dram_wrapper/i_dram/u_mig7s_mig/u_memc_ui_top_axi/mem_intfc0/ddr_phy_top0/u_ddr_mc_phy_wrapper/u_ddr_mc_phy/ddr_phy_4lanes_1.u_ddr_phy_4lanes/ddr_byte_lane_D.ddr_byte_lane_D/phaser_out/OCLKDIV
                         net (fo=10, routed)          0.309    13.078    i_dram_wrapper/i_dram/u_mig7s_mig/u_memc_ui_top_axi/mem_intfc0/ddr_phy_top0/u_ddr_mc_phy_wrapper/u_ddr_mc_phy/ddr_phy_4lanes_1.u_ddr_phy_4lanes/ddr_byte_lane_D.ddr_byte_lane_D/ddr_byte_group_io/oserdes_clkdiv
    OLOGIC_X1Y88         OSERDESE2                                    r  i_dram_wrapper/i_dram/u_mig7s_mig/u_memc_ui_top_axi/mem_intfc0/ddr_phy_top0/u_ddr_mc_phy_wrapper/u_ddr_mc_phy/ddr_phy_4lanes_1.u_ddr_phy_4lanes/ddr_byte_lane_D.ddr_byte_lane_D/ddr_byte_group_io/output_[1].oserdes_dq_.sdr.oserdes_dq_i/CLKDIV
                         clock pessimism              0.560    13.639    
                         clock uncertainty           -0.047    13.592    
    OLOGIC_X1Y88         OSERDESE2 (Setup_oserdese2_CLKDIV_RST)
                                                     -0.453    13.139    i_dram_wrapper/i_dram/u_mig7s_mig/u_memc_ui_top_axi/mem_intfc0/ddr_phy_top0/u_ddr_mc_phy_wrapper/u_ddr_mc_phy/ddr_phy_4lanes_1.u_ddr_phy_4lanes/ddr_byte_lane_D.ddr_byte_lane_D/ddr_byte_group_io/output_[1].oserdes_dq_.sdr.oserdes_dq_i
  -------------------------------------------------------------------
                         required time                         13.139    
                         arrival time                         -12.766    
  -------------------------------------------------------------------
                         slack                                  0.373    

Slack (MET) :             0.373ns  (required time - arrival time)
  Source:                 i_dram_wrapper/i_dram/u_mig7s_mig/u_memc_ui_top_axi/mem_intfc0/ddr_phy_top0/u_ddr_mc_phy_wrapper/u_ddr_mc_phy/ddr_phy_4lanes_1.u_ddr_phy_4lanes/ddr_byte_lane_D.ddr_byte_lane_D/phaser_out/OCLK
                            (rising edge-triggered cell PHASER_OUT_PHY clocked by oserdes_clk_7  {rise@0.000ns fall@0.625ns period=1.250ns})
  Destination:            i_dram_wrapper/i_dram/u_mig7s_mig/u_memc_ui_top_axi/mem_intfc0/ddr_phy_top0/u_ddr_mc_phy_wrapper/u_ddr_mc_phy/ddr_phy_4lanes_1.u_ddr_phy_4lanes/ddr_byte_lane_D.ddr_byte_lane_D/ddr_byte_group_io/output_[1].oserdes_dq_.sdr.oserdes_dq_i/RST
                            (rising edge-triggered cell OSERDESE2 clocked by oserdes_clkdiv_7  {rise@0.000ns fall@2.500ns period=5.000ns})
  Path Group:             oserdes_clkdiv_7
  Path Type:              Setup (Max at Slow Process Corner)
  Requirement:            2.500ns  (oserdes_clkdiv_7 rise@5.000ns - oserdes_clk_7 rise@2.500ns)
  Data Path Delay:        2.069ns  (logic 0.466ns (22.525%)  route 1.603ns (77.475%))
  Logic Levels:           0  
  Clock Path Skew:        0.442ns (DCD - SCD + CPR)
    Destination Clock Delay (DCD):    8.078ns = ( 13.078 - 5.000 ) 
    Source Clock Delay      (SCD):    8.197ns = ( 11.947 - 3.750 ) 
    Clock Pessimism Removal (CPR):    0.560ns
  Clock Uncertainty:      0.047ns  ((TSJ^2 + DJ^2)^1/2) / 2 + PE
    Total System Jitter     (TSJ):    0.071ns
    Discrete Jitter          (DJ):    0.061ns
    Phase Error              (PE):    0.000ns
  Timing Exception:       MultiCycle Path   Setup -start 2

    Location             Delay type                Incr(ns)  Path(ns)    Netlist Resource(s)
  -------------------------------------------------------------------    -------------------
                         (clock oserdes_clk_7 rise edge)
                                                      2.500     2.500 r  
    AD12                                              0.000     2.500 r  sys_clk_p (IN)
                         net (fo=0)                   0.000     2.500    sys_clk_p
    AD12                 IBUFDS (Prop_ibufds_I_O)     0.906     3.406 r  i_bufds_sys_clk/O
                         net (fo=1, routed)           2.299     5.705    sys_clk
    BUFGCTRL_X0Y1        BUFG (Prop_bufg_I_O)         0.093     5.798 r  sys_clk_BUFG_inst/O
                         net (fo=63, routed)          1.787     7.585    i_dram_wrapper/i_dram/u_mig7s_mig/u_ddr3_infrastructure/plle2_i_0
    PLLE2_ADV_X1Y1       PLLE2_ADV (Prop_plle2_adv_CLKIN1_CLKOUT1)
                                                      0.077     7.662 r  i_dram_wrapper/i_dram/u_mig7s_mig/u_ddr3_infrastructure/plle2_i/CLKOUT1
                         net (fo=14, routed)          0.952     8.614    i_dram_wrapper/i_dram/u_mig7s_mig/u_memc_ui_top_axi/mem_intfc0/ddr_phy_top0/u_ddr_mc_phy_wrapper/u_ddr_mc_phy/ddr_phy_4lanes_1.u_ddr_phy_4lanes/ddr_byte_lane_D.ddr_byte_lane_D/mem_refclk
    PHASER_OUT_PHY_X1Y7  PHASER_OUT_PHY (Prop_phaser_out_phy_MEMREFCLK_OCLK)
                                                      2.083    10.697 r  i_dram_wrapper/i_dram/u_mig7s_mig/u_memc_ui_top_axi/mem_intfc0/ddr_phy_top0/u_ddr_mc_phy_wrapper/u_ddr_mc_phy/ddr_phy_4lanes_1.u_ddr_phy_4lanes/ddr_byte_lane_D.ddr_byte_lane_D/phaser_out/OCLK
  -------------------------------------------------------------------    -------------------
    PHASER_OUT_PHY_X1Y7  PHASER_OUT_PHY (Prop_phaser_out_phy_OCLK_OSERDESRST)
                                                      0.466    11.163 f  i_dram_wrapper/i_dram/u_mig7s_mig/u_memc_ui_top_axi/mem_intfc0/ddr_phy_top0/u_ddr_mc_phy_wrapper/u_ddr_mc_phy/ddr_phy_4lanes_1.u_ddr_phy_4lanes/ddr_byte_lane_D.ddr_byte_lane_D/phaser_out/OSERDESRST
                         net (fo=9, routed)           1.603    12.766    i_dram_wrapper/i_dram/u_mig7s_mig/u_memc_ui_top_axi/mem_intfc0/ddr_phy_top0/u_ddr_mc_phy_wrapper/u_ddr_mc_phy/ddr_phy_4lanes_1.u_ddr_phy_4lanes/ddr_byte_lane_D.ddr_byte_lane_D/ddr_byte_group_io/po_oserdes_rst
    OLOGIC_X1Y88         OSERDESE2                                    f  i_dram_wrapper/i_dram/u_mig7s_mig/u_memc_ui_top_axi/mem_intfc0/ddr_phy_top0/u_ddr_mc_phy_wrapper/u_ddr_mc_phy/ddr_phy_4lanes_1.u_ddr_phy_4lanes/ddr_byte_lane_D.ddr_byte_lane_D/ddr_byte_group_io/output_[1].oserdes_dq_.sdr.oserdes_dq_i/RST
  -------------------------------------------------------------------    -------------------

                         (clock oserdes_clkdiv_7 rise edge)
                                                      5.000     5.000 r  
    AD12                                              0.000     5.000 r  sys_clk_p (IN)
                         net (fo=0)                   0.000     5.000    sys_clk_p
    AD12                 IBUFDS (Prop_ibufds_I_O)     0.803     5.803 r  i_bufds_sys_clk/O
                         net (fo=1, routed)           2.173     7.976    sys_clk
    BUFGCTRL_X0Y1        BUFG (Prop_bufg_I_O)         0.083     8.059 r  sys_clk_BUFG_inst/O
                         net (fo=63, routed)          1.626     9.685    i_dram_wrapper/i_dram/u_mig7s_mig/u_ddr3_infrastructure/plle2_i_0
    PLLE2_ADV_X1Y1       PLLE2_ADV (Prop_plle2_adv_CLKIN1_CLKOUT1)
                                                      0.073     9.758 r  i_dram_wrapper/i_dram/u_mig7s_mig/u_ddr3_infrastructure/plle2_i/CLKOUT1
                         net (fo=14, routed)          0.851    10.609    i_dram_wrapper/i_dram/u_mig7s_mig/u_memc_ui_top_axi/mem_intfc0/ddr_phy_top0/u_ddr_mc_phy_wrapper/u_ddr_mc_phy/ddr_phy_4lanes_1.u_ddr_phy_4lanes/ddr_byte_lane_D.ddr_byte_lane_D/mem_refclk
    PHASER_OUT_PHY_X1Y7  PHASER_OUT_PHY (Prop_phaser_out_phy_MEMREFCLK_OCLK)
                                                      2.027    12.636 r  i_dram_wrapper/i_dram/u_mig7s_mig/u_memc_ui_top_axi/mem_intfc0/ddr_phy_top0/u_ddr_mc_phy_wrapper/u_ddr_mc_phy/ddr_phy_4lanes_1.u_ddr_phy_4lanes/ddr_byte_lane_D.ddr_byte_lane_D/phaser_out/OCLK
    PHASER_OUT_PHY_X1Y7  PHASER_OUT_PHY (Prop_phaser_out_phy_OCLK_OCLKDIV)
                                                      0.133    12.769 r  i_dram_wrapper/i_dram/u_mig7s_mig/u_memc_ui_top_axi/mem_intfc0/ddr_phy_top0/u_ddr_mc_phy_wrapper/u_ddr_mc_phy/ddr_phy_4lanes_1.u_ddr_phy_4lanes/ddr_byte_lane_D.ddr_byte_lane_D/phaser_out/OCLKDIV
                         net (fo=10, routed)          0.309    13.078    i_dram_wrapper/i_dram/u_mig7s_mig/u_memc_ui_top_axi/mem_intfc0/ddr_phy_top0/u_ddr_mc_phy_wrapper/u_ddr_mc_phy/ddr_phy_4lanes_1.u_ddr_phy_4lanes/ddr_byte_lane_D.ddr_byte_lane_D/ddr_byte_group_io/oserdes_clkdiv
    OLOGIC_X1Y88         OSERDESE2                                    r  i_dram_wrapper/i_dram/u_mig7s_mig/u_memc_ui_top_axi/mem_intfc0/ddr_phy_top0/u_ddr_mc_phy_wrapper/u_ddr_mc_phy/ddr_phy_4lanes_1.u_ddr_phy_4lanes/ddr_byte_lane_D.ddr_byte_lane_D/ddr_byte_group_io/output_[1].oserdes_dq_.sdr.oserdes_dq_i/CLKDIV
                         clock pessimism              0.560    13.639    
                         clock uncertainty           -0.047    13.592    
    OLOGIC_X1Y88         OSERDESE2 (Setup_oserdese2_CLKDIV_RST)
                                                     -0.453    13.139    i_dram_wrapper/i_dram/u_mig7s_mig/u_memc_ui_top_axi/mem_intfc0/ddr_phy_top0/u_ddr_mc_phy_wrapper/u_ddr_mc_phy/ddr_phy_4lanes_1.u_ddr_phy_4lanes/ddr_byte_lane_D.ddr_byte_lane_D/ddr_byte_group_io/output_[1].oserdes_dq_.sdr.oserdes_dq_i
  -------------------------------------------------------------------
                         required time                         13.139    
                         arrival time                         -12.766    
  -------------------------------------------------------------------
                         slack                                  0.373    

Slack (MET) :             0.380ns  (required time - arrival time)
  Source:                 i_dram_wrapper/i_dram/u_mig7s_mig/u_memc_ui_top_axi/mem_intfc0/ddr_phy_top0/u_ddr_mc_phy_wrapper/u_ddr_mc_phy/ddr_phy_4lanes_0.u_ddr_phy_4lanes/ddr_byte_lane_B.ddr_byte_lane_B/phaser_out/OCLKDELAYED
                            (rising edge-triggered cell PHASER_OUT_PHY clocked by oserdes_clk_1'  {rise@0.000ns fall@0.625ns period=1.250ns})
  Destination:            i_dram_wrapper/i_dram/u_mig7s_mig/u_memc_ui_top_axi/mem_intfc0/ddr_phy_top0/u_ddr_mc_phy_wrapper/u_ddr_mc_phy/ddr_phy_4lanes_0.u_ddr_phy_4lanes/ddr_byte_lane_B.ddr_byte_lane_B/ddr_byte_group_io/dqs_gen.oddr_dqsts/D1
                            (rising edge-triggered cell ODDR clocked by oserdes_clk_1'  {rise@0.000ns fall@0.625ns period=1.250ns})
  Path Group:             oserdes_clk_1
  Path Type:              Setup (Max at Fast Process Corner)
  Requirement:            1.250ns  (oserdes_clk_1 fall@1.875ns - oserdes_clk_1 fall@0.625ns)
  Data Path Delay:        0.545ns  (logic 0.373ns (68.403%)  route 0.172ns (31.597%))
  Logic Levels:           0  
  Clock Path Skew:        0.169ns (DCD - SCD + CPR)
    Destination Clock Delay (DCD):    5.869ns = ( 7.744 - 1.875 ) 
    Source Clock Delay      (SCD):    6.255ns = ( 6.880 - 0.625 ) 
    Clock Pessimism Removal (CPR):    0.556ns
  Clock Uncertainty:      0.047ns  ((TSJ^2 + DJ^2)^1/2) / 2 + PE
    Total System Jitter     (TSJ):    0.071ns
    Discrete Jitter          (DJ):    0.061ns
    Phase Error              (PE):    0.000ns

    Location             Delay type                Incr(ns)  Path(ns)    Netlist Resource(s)
  -------------------------------------------------------------------    -------------------
                         (clock oserdes_clk_1 fall edge)
                                                      0.625     0.625 f  
    AD12                                              0.000     0.625 f  sys_clk_p (IN)
                         net (fo=0)                   0.000     0.625    sys_clk_p
    AD12                 IBUFDS (Prop_ibufds_I_O)     0.470     1.095 f  i_bufds_sys_clk/O
                         net (fo=1, routed)           1.154     2.249    sys_clk
    BUFGCTRL_X0Y1        BUFG (Prop_bufg_I_O)         0.030     2.279 f  sys_clk_BUFG_inst/O
                         net (fo=63, routed)          0.965     3.244    i_dram_wrapper/i_dram/u_mig7s_mig/u_ddr3_infrastructure/plle2_i_0
    PLLE2_ADV_X1Y1       PLLE2_ADV (Prop_plle2_adv_CLKIN1_CLKOUT1)
                                                      0.053     3.297 f  i_dram_wrapper/i_dram/u_mig7s_mig/u_ddr3_infrastructure/plle2_i/CLKOUT1
                         net (fo=14, routed)          0.586     3.883    i_dram_wrapper/i_dram/u_mig7s_mig/u_memc_ui_top_axi/mem_intfc0/ddr_phy_top0/u_ddr_mc_phy_wrapper/u_ddr_mc_phy/ddr_phy_4lanes_0.u_ddr_phy_4lanes/ddr_byte_lane_B.ddr_byte_lane_B/mem_refclk
    PHASER_OUT_PHY_X1Y9  PHASER_OUT_PHY (Prop_phaser_out_phy_MEMREFCLK_OCLK)
                                                      1.858     5.741 f  i_dram_wrapper/i_dram/u_mig7s_mig/u_memc_ui_top_axi/mem_intfc0/ddr_phy_top0/u_ddr_mc_phy_wrapper/u_ddr_mc_phy/ddr_phy_4lanes_0.u_ddr_phy_4lanes/ddr_byte_lane_B.ddr_byte_lane_B/phaser_out/OCLK
    PHASER_OUT_PHY_X1Y9  PHASER_OUT_PHY (Prop_phaser_out_phy_OCLK_OCLKDELAYED)
                                                      1.139     6.880 r  i_dram_wrapper/i_dram/u_mig7s_mig/u_memc_ui_top_axi/mem_intfc0/ddr_phy_top0/u_ddr_mc_phy_wrapper/u_ddr_mc_phy/ddr_phy_4lanes_0.u_ddr_phy_4lanes/ddr_byte_lane_B.ddr_byte_lane_B/phaser_out/OCLKDELAYED
  -------------------------------------------------------------------    -------------------
    PHASER_OUT_PHY_X1Y9  PHASER_OUT_PHY (Prop_phaser_out_phy_OCLKDELAYED_CTSBUS[0])
                                                      0.373     7.253 r  i_dram_wrapper/i_dram/u_mig7s_mig/u_memc_ui_top_axi/mem_intfc0/ddr_phy_top0/u_ddr_mc_phy_wrapper/u_ddr_mc_phy/ddr_phy_4lanes_0.u_ddr_phy_4lanes/ddr_byte_lane_B.ddr_byte_lane_B/phaser_out/CTSBUS[0]
                         net (fo=2, routed)           0.172     7.426    i_dram_wrapper/i_dram/u_mig7s_mig/u_memc_ui_top_axi/mem_intfc0/ddr_phy_top0/u_ddr_mc_phy_wrapper/u_ddr_mc_phy/ddr_phy_4lanes_0.u_ddr_phy_4lanes/ddr_byte_lane_B.ddr_byte_lane_B/ddr_byte_group_io/CTSBUS[0]
    OLOGIC_X1Y120        ODDR                                         r  i_dram_wrapper/i_dram/u_mig7s_mig/u_memc_ui_top_axi/mem_intfc0/ddr_phy_top0/u_ddr_mc_phy_wrapper/u_ddr_mc_phy/ddr_phy_4lanes_0.u_ddr_phy_4lanes/ddr_byte_lane_B.ddr_byte_lane_B/ddr_byte_group_io/dqs_gen.oddr_dqsts/D1
  -------------------------------------------------------------------    -------------------

                         (clock oserdes_clk_1 fall edge)
                                                      1.875     1.875 f  
    AD12                                              0.000     1.875 f  sys_clk_p (IN)
                         net (fo=0)                   0.000     1.875    sys_clk_p
    AD12                 IBUFDS (Prop_ibufds_I_O)     0.388     2.263 f  i_bufds_sys_clk/O
                         net (fo=1, routed)           1.083     3.346    sys_clk
    BUFGCTRL_X0Y1        BUFG (Prop_bufg_I_O)         0.026     3.372 f  sys_clk_BUFG_inst/O
                         net (fo=63, routed)          0.715     4.087    i_dram_wrapper/i_dram/u_mig7s_mig/u_ddr3_infrastructure/plle2_i_0
    PLLE2_ADV_X1Y1       PLLE2_ADV (Prop_plle2_adv_CLKIN1_CLKOUT1)
                                                      0.050     4.137 f  i_dram_wrapper/i_dram/u_mig7s_mig/u_ddr3_infrastructure/plle2_i/CLKOUT1
                         net (fo=14, routed)          0.518     4.655    i_dram_wrapper/i_dram/u_mig7s_mig/u_memc_ui_top_axi/mem_intfc0/ddr_phy_top0/u_ddr_mc_phy_wrapper/u_ddr_mc_phy/ddr_phy_4lanes_0.u_ddr_phy_4lanes/ddr_byte_lane_B.ddr_byte_lane_B/mem_refclk
    PHASER_OUT_PHY_X1Y9  PHASER_OUT_PHY (Prop_phaser_out_phy_MEMREFCLK_OCLK)
                                                      1.813     6.469 f  i_dram_wrapper/i_dram/u_mig7s_mig/u_memc_ui_top_axi/mem_intfc0/ddr_phy_top0/u_ddr_mc_phy_wrapper/u_ddr_mc_phy/ddr_phy_4lanes_0.u_ddr_phy_4lanes/ddr_byte_lane_B.ddr_byte_lane_B/phaser_out/OCLK
    PHASER_OUT_PHY_X1Y9  PHASER_OUT_PHY (Prop_phaser_out_phy_OCLK_OCLKDELAYED)
                                                      1.106     7.575 r  i_dram_wrapper/i_dram/u_mig7s_mig/u_memc_ui_top_axi/mem_intfc0/ddr_phy_top0/u_ddr_mc_phy_wrapper/u_ddr_mc_phy/ddr_phy_4lanes_0.u_ddr_phy_4lanes/ddr_byte_lane_B.ddr_byte_lane_B/phaser_out/OCLKDELAYED
                         net (fo=2, routed)           0.169     7.744    i_dram_wrapper/i_dram/u_mig7s_mig/u_memc_ui_top_axi/mem_intfc0/ddr_phy_top0/u_ddr_mc_phy_wrapper/u_ddr_mc_phy/ddr_phy_4lanes_0.u_ddr_phy_4lanes/ddr_byte_lane_B.ddr_byte_lane_B/ddr_byte_group_io/oserdes_clk_delayed
    OLOGIC_X1Y120        ODDR                                         r  i_dram_wrapper/i_dram/u_mig7s_mig/u_memc_ui_top_axi/mem_intfc0/ddr_phy_top0/u_ddr_mc_phy_wrapper/u_ddr_mc_phy/ddr_phy_4lanes_0.u_ddr_phy_4lanes/ddr_byte_lane_B.ddr_byte_lane_B/ddr_byte_group_io/dqs_gen.oddr_dqsts/C
                         clock pessimism              0.556     8.299    
                         clock uncertainty           -0.047     8.252    
    OLOGIC_X1Y120        ODDR (Setup_oddr_C_D1)      -0.447     7.805    i_dram_wrapper/i_dram/u_mig7s_mig/u_memc_ui_top_axi/mem_intfc0/ddr_phy_top0/u_ddr_mc_phy_wrapper/u_ddr_mc_phy/ddr_phy_4lanes_0.u_ddr_phy_4lanes/ddr_byte_lane_B.ddr_byte_lane_B/ddr_byte_group_io/dqs_gen.oddr_dqsts
  -------------------------------------------------------------------
                         required time                          7.805    
                         arrival time                          -7.426    
  -------------------------------------------------------------------
                         slack                                  0.380    

Slack (MET) :             0.380ns  (required time - arrival time)
  Source:                 i_dram_wrapper/i_dram/u_mig7s_mig/u_memc_ui_top_axi/mem_intfc0/ddr_phy_top0/u_ddr_mc_phy_wrapper/u_ddr_mc_phy/ddr_phy_4lanes_0.u_ddr_phy_4lanes/ddr_byte_lane_B.ddr_byte_lane_B/phaser_out/OCLKDELAYED
                            (rising edge-triggered cell PHASER_OUT_PHY clocked by oserdes_clk_1'  {rise@0.000ns fall@0.625ns period=1.250ns})
  Destination:            i_dram_wrapper/i_dram/u_mig7s_mig/u_memc_ui_top_axi/mem_intfc0/ddr_phy_top0/u_ddr_mc_phy_wrapper/u_ddr_mc_phy/ddr_phy_4lanes_0.u_ddr_phy_4lanes/ddr_byte_lane_B.ddr_byte_lane_B/ddr_byte_group_io/dqs_gen.oddr_dqsts/D1
                            (rising edge-triggered cell ODDR clocked by oserdes_clk_1'  {rise@0.000ns fall@0.625ns period=1.250ns})
  Path Group:             oserdes_clk_1
  Path Type:              Setup (Max at Fast Process Corner)
  Requirement:            1.250ns  (oserdes_clk_1 fall@1.875ns - oserdes_clk_1 fall@0.625ns)
  Data Path Delay:        0.545ns  (logic 0.373ns (68.403%)  route 0.172ns (31.597%))
  Logic Levels:           0  
  Clock Path Skew:        0.169ns (DCD - SCD + CPR)
    Destination Clock Delay (DCD):    5.869ns = ( 7.744 - 1.875 ) 
    Source Clock Delay      (SCD):    6.255ns = ( 6.880 - 0.625 ) 
    Clock Pessimism Removal (CPR):    0.556ns
  Clock Uncertainty:      0.047ns  ((TSJ^2 + DJ^2)^1/2) / 2 + PE
    Total System Jitter     (TSJ):    0.071ns
    Discrete Jitter          (DJ):    0.061ns
    Phase Error              (PE):    0.000ns

    Location             Delay type                Incr(ns)  Path(ns)    Netlist Resource(s)
  -------------------------------------------------------------------    -------------------
                         (clock oserdes_clk_1 fall edge)
                                                      0.625     0.625 f  
    AD12                                              0.000     0.625 f  sys_clk_p (IN)
                         net (fo=0)                   0.000     0.625    sys_clk_p
    AD12                 IBUFDS (Prop_ibufds_I_O)     0.470     1.095 f  i_bufds_sys_clk/O
                         net (fo=1, routed)           1.154     2.249    sys_clk
    BUFGCTRL_X0Y1        BUFG (Prop_bufg_I_O)         0.030     2.279 f  sys_clk_BUFG_inst/O
                         net (fo=63, routed)          0.965     3.244    i_dram_wrapper/i_dram/u_mig7s_mig/u_ddr3_infrastructure/plle2_i_0
    PLLE2_ADV_X1Y1       PLLE2_ADV (Prop_plle2_adv_CLKIN1_CLKOUT1)
                                                      0.053     3.297 f  i_dram_wrapper/i_dram/u_mig7s_mig/u_ddr3_infrastructure/plle2_i/CLKOUT1
                         net (fo=14, routed)          0.586     3.883    i_dram_wrapper/i_dram/u_mig7s_mig/u_memc_ui_top_axi/mem_intfc0/ddr_phy_top0/u_ddr_mc_phy_wrapper/u_ddr_mc_phy/ddr_phy_4lanes_0.u_ddr_phy_4lanes/ddr_byte_lane_B.ddr_byte_lane_B/mem_refclk
    PHASER_OUT_PHY_X1Y9  PHASER_OUT_PHY (Prop_phaser_out_phy_MEMREFCLK_OCLK)
                                                      1.858     5.741 f  i_dram_wrapper/i_dram/u_mig7s_mig/u_memc_ui_top_axi/mem_intfc0/ddr_phy_top0/u_ddr_mc_phy_wrapper/u_ddr_mc_phy/ddr_phy_4lanes_0.u_ddr_phy_4lanes/ddr_byte_lane_B.ddr_byte_lane_B/phaser_out/OCLK
    PHASER_OUT_PHY_X1Y9  PHASER_OUT_PHY (Prop_phaser_out_phy_OCLK_OCLKDELAYED)
                                                      1.139     6.880 r  i_dram_wrapper/i_dram/u_mig7s_mig/u_memc_ui_top_axi/mem_intfc0/ddr_phy_top0/u_ddr_mc_phy_wrapper/u_ddr_mc_phy/ddr_phy_4lanes_0.u_ddr_phy_4lanes/ddr_byte_lane_B.ddr_byte_lane_B/phaser_out/OCLKDELAYED
  -------------------------------------------------------------------    -------------------
    PHASER_OUT_PHY_X1Y9  PHASER_OUT_PHY (Prop_phaser_out_phy_OCLKDELAYED_CTSBUS[0])
                                                      0.373     7.253 f  i_dram_wrapper/i_dram/u_mig7s_mig/u_memc_ui_top_axi/mem_intfc0/ddr_phy_top0/u_ddr_mc_phy_wrapper/u_ddr_mc_phy/ddr_phy_4lanes_0.u_ddr_phy_4lanes/ddr_byte_lane_B.ddr_byte_lane_B/phaser_out/CTSBUS[0]
                         net (fo=2, routed)           0.172     7.426    i_dram_wrapper/i_dram/u_mig7s_mig/u_memc_ui_top_axi/mem_intfc0/ddr_phy_top0/u_ddr_mc_phy_wrapper/u_ddr_mc_phy/ddr_phy_4lanes_0.u_ddr_phy_4lanes/ddr_byte_lane_B.ddr_byte_lane_B/ddr_byte_group_io/CTSBUS[0]
    OLOGIC_X1Y120        ODDR                                         f  i_dram_wrapper/i_dram/u_mig7s_mig/u_memc_ui_top_axi/mem_intfc0/ddr_phy_top0/u_ddr_mc_phy_wrapper/u_ddr_mc_phy/ddr_phy_4lanes_0.u_ddr_phy_4lanes/ddr_byte_lane_B.ddr_byte_lane_B/ddr_byte_group_io/dqs_gen.oddr_dqsts/D1
  -------------------------------------------------------------------    -------------------

                         (clock oserdes_clk_1 fall edge)
                                                      1.875     1.875 f  
    AD12                                              0.000     1.875 f  sys_clk_p (IN)
                         net (fo=0)                   0.000     1.875    sys_clk_p
    AD12                 IBUFDS (Prop_ibufds_I_O)     0.388     2.263 f  i_bufds_sys_clk/O
                         net (fo=1, routed)           1.083     3.346    sys_clk
    BUFGCTRL_X0Y1        BUFG (Prop_bufg_I_O)         0.026     3.372 f  sys_clk_BUFG_inst/O
                         net (fo=63, routed)          0.715     4.087    i_dram_wrapper/i_dram/u_mig7s_mig/u_ddr3_infrastructure/plle2_i_0
    PLLE2_ADV_X1Y1       PLLE2_ADV (Prop_plle2_adv_CLKIN1_CLKOUT1)
                                                      0.050     4.137 f  i_dram_wrapper/i_dram/u_mig7s_mig/u_ddr3_infrastructure/plle2_i/CLKOUT1
                         net (fo=14, routed)          0.518     4.655    i_dram_wrapper/i_dram/u_mig7s_mig/u_memc_ui_top_axi/mem_intfc0/ddr_phy_top0/u_ddr_mc_phy_wrapper/u_ddr_mc_phy/ddr_phy_4lanes_0.u_ddr_phy_4lanes/ddr_byte_lane_B.ddr_byte_lane_B/mem_refclk
    PHASER_OUT_PHY_X1Y9  PHASER_OUT_PHY (Prop_phaser_out_phy_MEMREFCLK_OCLK)
                                                      1.813     6.469 f  i_dram_wrapper/i_dram/u_mig7s_mig/u_memc_ui_top_axi/mem_intfc0/ddr_phy_top0/u_ddr_mc_phy_wrapper/u_ddr_mc_phy/ddr_phy_4lanes_0.u_ddr_phy_4lanes/ddr_byte_lane_B.ddr_byte_lane_B/phaser_out/OCLK
    PHASER_OUT_PHY_X1Y9  PHASER_OUT_PHY (Prop_phaser_out_phy_OCLK_OCLKDELAYED)
                                                      1.106     7.575 r  i_dram_wrapper/i_dram/u_mig7s_mig/u_memc_ui_top_axi/mem_intfc0/ddr_phy_top0/u_ddr_mc_phy_wrapper/u_ddr_mc_phy/ddr_phy_4lanes_0.u_ddr_phy_4lanes/ddr_byte_lane_B.ddr_byte_lane_B/phaser_out/OCLKDELAYED
                         net (fo=2, routed)           0.169     7.744    i_dram_wrapper/i_dram/u_mig7s_mig/u_memc_ui_top_axi/mem_intfc0/ddr_phy_top0/u_ddr_mc_phy_wrapper/u_ddr_mc_phy/ddr_phy_4lanes_0.u_ddr_phy_4lanes/ddr_byte_lane_B.ddr_byte_lane_B/ddr_byte_group_io/oserdes_clk_delayed
    OLOGIC_X1Y120        ODDR                                         r  i_dram_wrapper/i_dram/u_mig7s_mig/u_memc_ui_top_axi/mem_intfc0/ddr_phy_top0/u_ddr_mc_phy_wrapper/u_ddr_mc_phy/ddr_phy_4lanes_0.u_ddr_phy_4lanes/ddr_byte_lane_B.ddr_byte_lane_B/ddr_byte_group_io/dqs_gen.oddr_dqsts/C
                         clock pessimism              0.556     8.299    
                         clock uncertainty           -0.047     8.252    
    OLOGIC_X1Y120        ODDR (Setup_oddr_C_D1)      -0.447     7.805    i_dram_wrapper/i_dram/u_mig7s_mig/u_memc_ui_top_axi/mem_intfc0/ddr_phy_top0/u_ddr_mc_phy_wrapper/u_ddr_mc_phy/ddr_phy_4lanes_0.u_ddr_phy_4lanes/ddr_byte_lane_B.ddr_byte_lane_B/ddr_byte_group_io/dqs_gen.oddr_dqsts
  -------------------------------------------------------------------
                         required time                          7.805    
                         arrival time                          -7.426    
  -------------------------------------------------------------------
                         slack                                  0.380    

Slack (MET) :             0.384ns  (required time - arrival time)
  Source:                 i_dram_wrapper/i_dram/u_mig7s_mig/u_ddr3_infrastructure/rstdiv0_sync_r1_reg_rep/C
                            (rising edge-triggered cell FDPE clocked by clk_pll_i  {rise@0.000ns fall@2.500ns period=5.000ns})
  Destination:            i_dram_wrapper/gen_cdc.i_axi_cdc_mig/i_axi_cdc_dst/i_cdc_fifo_gray_dst_ar/i_spill_register/spill_register_flushable_i/gen_spill_reg.a_data_q_reg[addr][23]/CLR
                            (rising edge-triggered cell FDCE clocked by clk_pll_i  {rise@0.000ns fall@2.500ns period=5.000ns})
  Path Group:             clk_pll_i
  Path Type:              Recovery (Max at Slow Process Corner)
  Requirement:            5.000ns  (MaxDelay Path 5.000ns)
  Data Path Delay:        4.133ns  (logic 0.259ns (6.267%)  route 3.874ns (93.733%))
  Logic Levels:           0  
  Clock Path Skew:        -0.277ns (DCD - SCD + CPR)
    Destination Clock Delay (DCD):    6.099ns
    Source Clock Delay      (SCD):    6.852ns
    Clock Pessimism Removal (CPR):    0.475ns
  Clock Uncertainty:      0.052ns  ((TSJ^2 + DJ^2)^1/2) / 2 + PE
    Total System Jitter     (TSJ):    0.071ns
    Discrete Jitter          (DJ):    0.077ns
    Phase Error              (PE):    0.000ns
  Timing Exception:       MaxDelay Path 5.000ns

    Location             Delay type                Incr(ns)  Path(ns)    Netlist Resource(s)
  -------------------------------------------------------------------    -------------------
                         (clock clk_pll_i rise edge)
                                                      0.000     0.000 r  
    AD12                                              0.000     0.000 r  sys_clk_p (IN)
                         net (fo=0)                   0.000     0.000    sys_clk_p
    AD12                 IBUFDS (Prop_ibufds_I_O)     0.906     0.906 r  i_bufds_sys_clk/O
                         net (fo=1, routed)           2.299     3.205    sys_clk
    BUFGCTRL_X0Y1        BUFG (Prop_bufg_I_O)         0.093     3.298 r  sys_clk_BUFG_inst/O
                         net (fo=63, routed)          1.787     5.085    i_dram_wrapper/i_dram/u_mig7s_mig/u_ddr3_infrastructure/plle2_i_0
    PLLE2_ADV_X1Y1       PLLE2_ADV (Prop_plle2_adv_CLKIN1_CLKOUT3)
                                                      0.077     5.162 r  i_dram_wrapper/i_dram/u_mig7s_mig/u_ddr3_infrastructure/plle2_i/CLKOUT3
                         net (fo=1, routed)           1.155     6.317    i_dram_wrapper/i_dram/u_mig7s_mig/u_ddr3_infrastructure/pll_clk3_out
    BUFHCE_X1Y12         BUFH (Prop_bufh_I_O)         0.103     6.420 r  i_dram_wrapper/i_dram/u_mig7s_mig/u_ddr3_infrastructure/u_bufh_pll_clk3/O
                         net (fo=1, routed)           0.790     7.210    i_dram_wrapper/i_dram/u_mig7s_mig/u_ddr3_infrastructure/pll_clk3
    MMCME2_ADV_X1Y1      MMCME2_ADV (Prop_mmcme2_adv_CLKIN1_CLKFBOUT)
                                                     -3.987     3.223 r  i_dram_wrapper/i_dram/u_mig7s_mig/u_ddr3_infrastructure/gen_mmcm.mmcm_i/CLKFBOUT
                         net (fo=1, routed)           2.130     5.353    i_dram_wrapper/i_dram/u_mig7s_mig/u_ddr3_infrastructure/clk_pll_i
    BUFGCTRL_X0Y0        BUFG (Prop_bufg_I_O)         0.093     5.446 r  i_dram_wrapper/i_dram/u_mig7s_mig/u_ddr3_infrastructure/u_bufg_clkdiv0/O
                         net (fo=13203, routed)       1.406     6.852    i_dram_wrapper/i_dram/u_mig7s_mig/u_ddr3_infrastructure/CLK
    SLICE_X102Y111       FDPE                                         r  i_dram_wrapper/i_dram/u_mig7s_mig/u_ddr3_infrastructure/rstdiv0_sync_r1_reg_rep/C
  -------------------------------------------------------------------    -------------------
    SLICE_X102Y111       FDPE (Prop_fdpe_C_Q)         0.259     7.111 f  i_dram_wrapper/i_dram/u_mig7s_mig/u_ddr3_infrastructure/rstdiv0_sync_r1_reg_rep/Q
                         net (fo=444, routed)         3.874    10.984    i_dram_wrapper/gen_cdc.i_axi_cdc_mig/i_axi_cdc_dst/i_cdc_fifo_gray_dst_ar/i_spill_register/spill_register_flushable_i/ui_clk_sync_rst
    SLICE_X118Y197       FDCE                                         f  i_dram_wrapper/gen_cdc.i_axi_cdc_mig/i_axi_cdc_dst/i_cdc_fifo_gray_dst_ar/i_spill_register/spill_register_flushable_i/gen_spill_reg.a_data_q_reg[addr][23]/CLR
  -------------------------------------------------------------------    -------------------

                         max delay                    5.000     5.000    
    AD12                                              0.000     5.000 r  sys_clk_p (IN)
                         net (fo=0)                   0.000     5.000    sys_clk_p
    AD12                 IBUFDS (Prop_ibufds_I_O)     0.803     5.803 r  i_bufds_sys_clk/O
                         net (fo=1, routed)           2.173     7.976    sys_clk
    BUFGCTRL_X0Y1        BUFG (Prop_bufg_I_O)         0.083     8.059 r  sys_clk_BUFG_inst/O
                         net (fo=63, routed)          1.626     9.685    i_dram_wrapper/i_dram/u_mig7s_mig/u_ddr3_infrastructure/plle2_i_0
    PLLE2_ADV_X1Y1       PLLE2_ADV (Prop_plle2_adv_CLKIN1_CLKOUT3)
                                                      0.073     9.758 r  i_dram_wrapper/i_dram/u_mig7s_mig/u_ddr3_infrastructure/plle2_i/CLKOUT3
                         net (fo=1, routed)           1.043    10.801    i_dram_wrapper/i_dram/u_mig7s_mig/u_ddr3_infrastructure/pll_clk3_out
    BUFHCE_X1Y12         BUFH (Prop_bufh_I_O)         0.066    10.867 r  i_dram_wrapper/i_dram/u_mig7s_mig/u_ddr3_infrastructure/u_bufh_pll_clk3/O
                         net (fo=1, routed)           0.722    11.589    i_dram_wrapper/i_dram/u_mig7s_mig/u_ddr3_infrastructure/pll_clk3
    MMCME2_ADV_X1Y1      MMCME2_ADV (Prop_mmcme2_adv_CLKIN1_CLKFBOUT)
                                                     -3.694     7.895 r  i_dram_wrapper/i_dram/u_mig7s_mig/u_ddr3_infrastructure/gen_mmcm.mmcm_i/CLKFBOUT
                         net (fo=1, routed)           2.005     9.900    i_dram_wrapper/i_dram/u_mig7s_mig/u_ddr3_infrastructure/clk_pll_i
    BUFGCTRL_X0Y0        BUFG (Prop_bufg_I_O)         0.083     9.983 r  i_dram_wrapper/i_dram/u_mig7s_mig/u_ddr3_infrastructure/u_bufg_clkdiv0/O
                         net (fo=13203, routed)       1.116    11.099    i_dram_wrapper/gen_cdc.i_axi_cdc_mig/i_axi_cdc_dst/i_cdc_fifo_gray_dst_ar/i_spill_register/spill_register_flushable_i/CLK
    SLICE_X118Y197       FDCE                                         r  i_dram_wrapper/gen_cdc.i_axi_cdc_mig/i_axi_cdc_dst/i_cdc_fifo_gray_dst_ar/i_spill_register/spill_register_flushable_i/gen_spill_reg.a_data_q_reg[addr][23]/C
                         clock pessimism              0.475    11.575    
                         clock uncertainty           -0.052    11.522    
    SLICE_X118Y197       FDCE (Recov_fdce_C_CLR)     -0.154    11.368    i_dram_wrapper/gen_cdc.i_axi_cdc_mig/i_axi_cdc_dst/i_cdc_fifo_gray_dst_ar/i_spill_register/spill_register_flushable_i/gen_spill_reg.a_data_q_reg[addr][23]
  -------------------------------------------------------------------
                         required time                         11.368    
                         arrival time                         -10.984    
  -------------------------------------------------------------------
                         slack                                  0.384    

Slack (MET) :             0.384ns  (required time - arrival time)
  Source:                 i_dram_wrapper/i_dram/u_mig7s_mig/u_memc_ui_top_axi/mem_intfc0/ddr_phy_top0/u_ddr_mc_phy_wrapper/u_ddr_mc_phy/ddr_phy_4lanes_0.u_ddr_phy_4lanes/ddr_byte_lane_C.ddr_byte_lane_C/phaser_out/OCLKDELAYED
                            (rising edge-triggered cell PHASER_OUT_PHY clocked by oserdes_clk_2'  {rise@0.000ns fall@0.625ns period=1.250ns})
  Destination:            i_dram_wrapper/i_dram/u_mig7s_mig/u_memc_ui_top_axi/mem_intfc0/ddr_phy_top0/u_ddr_mc_phy_wrapper/u_ddr_mc_phy/ddr_phy_4lanes_0.u_ddr_phy_4lanes/ddr_byte_lane_C.ddr_byte_lane_C/ddr_byte_group_io/dqs_gen.oddr_dqsts/D1
                            (rising edge-triggered cell ODDR clocked by oserdes_clk_2'  {rise@0.000ns fall@0.625ns period=1.250ns})
  Path Group:             oserdes_clk_2
  Path Type:              Setup (Max at Fast Process Corner)
  Requirement:            1.250ns  (oserdes_clk_2 fall@1.875ns - oserdes_clk_2 fall@0.625ns)
  Data Path Delay:        0.545ns  (logic 0.373ns (68.403%)  route 0.172ns (31.597%))
  Logic Levels:           0  
  Clock Path Skew:        0.173ns (DCD - SCD + CPR)
    Destination Clock Delay (DCD):    5.882ns = ( 7.757 - 1.875 ) 
    Source Clock Delay      (SCD):    6.265ns = ( 6.890 - 0.625 ) 
    Clock Pessimism Removal (CPR):    0.557ns
  Clock Uncertainty:      0.047ns  ((TSJ^2 + DJ^2)^1/2) / 2 + PE
    Total System Jitter     (TSJ):    0.071ns
    Discrete Jitter          (DJ):    0.061ns
    Phase Error              (PE):    0.000ns

    Location             Delay type                Incr(ns)  Path(ns)    Netlist Resource(s)
  -------------------------------------------------------------------    -------------------
                         (clock oserdes_clk_2 fall edge)
                                                      0.625     0.625 f  
    AD12                                              0.000     0.625 f  sys_clk_p (IN)
                         net (fo=0)                   0.000     0.625    sys_clk_p
    AD12                 IBUFDS (Prop_ibufds_I_O)     0.470     1.095 f  i_bufds_sys_clk/O
                         net (fo=1, routed)           1.154     2.249    sys_clk
    BUFGCTRL_X0Y1        BUFG (Prop_bufg_I_O)         0.030     2.279 f  sys_clk_BUFG_inst/O
                         net (fo=63, routed)          0.965     3.244    i_dram_wrapper/i_dram/u_mig7s_mig/u_ddr3_infrastructure/plle2_i_0
    PLLE2_ADV_X1Y1       PLLE2_ADV (Prop_plle2_adv_CLKIN1_CLKOUT1)
                                                      0.053     3.297 f  i_dram_wrapper/i_dram/u_mig7s_mig/u_ddr3_infrastructure/plle2_i/CLKOUT1
                         net (fo=14, routed)          0.596     3.893    i_dram_wrapper/i_dram/u_mig7s_mig/u_memc_ui_top_axi/mem_intfc0/ddr_phy_top0/u_ddr_mc_phy_wrapper/u_ddr_mc_phy/ddr_phy_4lanes_0.u_ddr_phy_4lanes/ddr_byte_lane_C.ddr_byte_lane_C/mem_refclk
    PHASER_OUT_PHY_X1Y10 PHASER_OUT_PHY (Prop_phaser_out_phy_MEMREFCLK_OCLK)
                                                      1.858     5.751 f  i_dram_wrapper/i_dram/u_mig7s_mig/u_memc_ui_top_axi/mem_intfc0/ddr_phy_top0/u_ddr_mc_phy_wrapper/u_ddr_mc_phy/ddr_phy_4lanes_0.u_ddr_phy_4lanes/ddr_byte_lane_C.ddr_byte_lane_C/phaser_out/OCLK
    PHASER_OUT_PHY_X1Y10 PHASER_OUT_PHY (Prop_phaser_out_phy_OCLK_OCLKDELAYED)
                                                      1.139     6.890 r  i_dram_wrapper/i_dram/u_mig7s_mig/u_memc_ui_top_axi/mem_intfc0/ddr_phy_top0/u_ddr_mc_phy_wrapper/u_ddr_mc_phy/ddr_phy_4lanes_0.u_ddr_phy_4lanes/ddr_byte_lane_C.ddr_byte_lane_C/phaser_out/OCLKDELAYED
  -------------------------------------------------------------------    -------------------
    PHASER_OUT_PHY_X1Y10 PHASER_OUT_PHY (Prop_phaser_out_phy_OCLKDELAYED_CTSBUS[0])
                                                      0.373     7.263 r  i_dram_wrapper/i_dram/u_mig7s_mig/u_memc_ui_top_axi/mem_intfc0/ddr_phy_top0/u_ddr_mc_phy_wrapper/u_ddr_mc_phy/ddr_phy_4lanes_0.u_ddr_phy_4lanes/ddr_byte_lane_C.ddr_byte_lane_C/phaser_out/CTSBUS[0]
                         net (fo=2, routed)           0.172     7.436    i_dram_wrapper/i_dram/u_mig7s_mig/u_memc_ui_top_axi/mem_intfc0/ddr_phy_top0/u_ddr_mc_phy_wrapper/u_ddr_mc_phy/ddr_phy_4lanes_0.u_ddr_phy_4lanes/ddr_byte_lane_C.ddr_byte_lane_C/ddr_byte_group_io/CTSBUS[0]
    OLOGIC_X1Y132        ODDR                                         r  i_dram_wrapper/i_dram/u_mig7s_mig/u_memc_ui_top_axi/mem_intfc0/ddr_phy_top0/u_ddr_mc_phy_wrapper/u_ddr_mc_phy/ddr_phy_4lanes_0.u_ddr_phy_4lanes/ddr_byte_lane_C.ddr_byte_lane_C/ddr_byte_group_io/dqs_gen.oddr_dqsts/D1
  -------------------------------------------------------------------    -------------------

                         (clock oserdes_clk_2 fall edge)
                                                      1.875     1.875 f  
    AD12                                              0.000     1.875 f  sys_clk_p (IN)
                         net (fo=0)                   0.000     1.875    sys_clk_p
    AD12                 IBUFDS (Prop_ibufds_I_O)     0.388     2.263 f  i_bufds_sys_clk/O
                         net (fo=1, routed)           1.083     3.346    sys_clk
    BUFGCTRL_X0Y1        BUFG (Prop_bufg_I_O)         0.026     3.372 f  sys_clk_BUFG_inst/O
                         net (fo=63, routed)          0.715     4.087    i_dram_wrapper/i_dram/u_mig7s_mig/u_ddr3_infrastructure/plle2_i_0
    PLLE2_ADV_X1Y1       PLLE2_ADV (Prop_plle2_adv_CLKIN1_CLKOUT1)
                                                      0.050     4.137 f  i_dram_wrapper/i_dram/u_mig7s_mig/u_ddr3_infrastructure/plle2_i/CLKOUT1
                         net (fo=14, routed)          0.527     4.664    i_dram_wrapper/i_dram/u_mig7s_mig/u_memc_ui_top_axi/mem_intfc0/ddr_phy_top0/u_ddr_mc_phy_wrapper/u_ddr_mc_phy/ddr_phy_4lanes_0.u_ddr_phy_4lanes/ddr_byte_lane_C.ddr_byte_lane_C/mem_refclk
    PHASER_OUT_PHY_X1Y10 PHASER_OUT_PHY (Prop_phaser_out_phy_MEMREFCLK_OCLK)
                                                      1.813     6.478 f  i_dram_wrapper/i_dram/u_mig7s_mig/u_memc_ui_top_axi/mem_intfc0/ddr_phy_top0/u_ddr_mc_phy_wrapper/u_ddr_mc_phy/ddr_phy_4lanes_0.u_ddr_phy_4lanes/ddr_byte_lane_C.ddr_byte_lane_C/phaser_out/OCLK
    PHASER_OUT_PHY_X1Y10 PHASER_OUT_PHY (Prop_phaser_out_phy_OCLK_OCLKDELAYED)
                                                      1.106     7.584 r  i_dram_wrapper/i_dram/u_mig7s_mig/u_memc_ui_top_axi/mem_intfc0/ddr_phy_top0/u_ddr_mc_phy_wrapper/u_ddr_mc_phy/ddr_phy_4lanes_0.u_ddr_phy_4lanes/ddr_byte_lane_C.ddr_byte_lane_C/phaser_out/OCLKDELAYED
                         net (fo=2, routed)           0.173     7.757    i_dram_wrapper/i_dram/u_mig7s_mig/u_memc_ui_top_axi/mem_intfc0/ddr_phy_top0/u_ddr_mc_phy_wrapper/u_ddr_mc_phy/ddr_phy_4lanes_0.u_ddr_phy_4lanes/ddr_byte_lane_C.ddr_byte_lane_C/ddr_byte_group_io/oserdes_clk_delayed
    OLOGIC_X1Y132        ODDR                                         r  i_dram_wrapper/i_dram/u_mig7s_mig/u_memc_ui_top_axi/mem_intfc0/ddr_phy_top0/u_ddr_mc_phy_wrapper/u_ddr_mc_phy/ddr_phy_4lanes_0.u_ddr_phy_4lanes/ddr_byte_lane_C.ddr_byte_lane_C/ddr_byte_group_io/dqs_gen.oddr_dqsts/C
                         clock pessimism              0.557     8.313    
                         clock uncertainty           -0.047     8.266    
    OLOGIC_X1Y132        ODDR (Setup_oddr_C_D1)      -0.447     7.819    i_dram_wrapper/i_dram/u_mig7s_mig/u_memc_ui_top_axi/mem_intfc0/ddr_phy_top0/u_ddr_mc_phy_wrapper/u_ddr_mc_phy/ddr_phy_4lanes_0.u_ddr_phy_4lanes/ddr_byte_lane_C.ddr_byte_lane_C/ddr_byte_group_io/dqs_gen.oddr_dqsts
  -------------------------------------------------------------------
                         required time                          7.819    
                         arrival time                          -7.436    
  -------------------------------------------------------------------
                         slack                                  0.384    

Slack (MET) :             0.384ns  (required time - arrival time)
  Source:                 i_dram_wrapper/i_dram/u_mig7s_mig/u_memc_ui_top_axi/mem_intfc0/ddr_phy_top0/u_ddr_mc_phy_wrapper/u_ddr_mc_phy/ddr_phy_4lanes_0.u_ddr_phy_4lanes/ddr_byte_lane_C.ddr_byte_lane_C/phaser_out/OCLKDELAYED
                            (rising edge-triggered cell PHASER_OUT_PHY clocked by oserdes_clk_2'  {rise@0.000ns fall@0.625ns period=1.250ns})
  Destination:            i_dram_wrapper/i_dram/u_mig7s_mig/u_memc_ui_top_axi/mem_intfc0/ddr_phy_top0/u_ddr_mc_phy_wrapper/u_ddr_mc_phy/ddr_phy_4lanes_0.u_ddr_phy_4lanes/ddr_byte_lane_C.ddr_byte_lane_C/ddr_byte_group_io/dqs_gen.oddr_dqsts/D1
                            (rising edge-triggered cell ODDR clocked by oserdes_clk_2'  {rise@0.000ns fall@0.625ns period=1.250ns})
  Path Group:             oserdes_clk_2
  Path Type:              Setup (Max at Fast Process Corner)
  Requirement:            1.250ns  (oserdes_clk_2 fall@1.875ns - oserdes_clk_2 fall@0.625ns)
  Data Path Delay:        0.545ns  (logic 0.373ns (68.403%)  route 0.172ns (31.597%))
  Logic Levels:           0  
  Clock Path Skew:        0.173ns (DCD - SCD + CPR)
    Destination Clock Delay (DCD):    5.882ns = ( 7.757 - 1.875 ) 
    Source Clock Delay      (SCD):    6.265ns = ( 6.890 - 0.625 ) 
    Clock Pessimism Removal (CPR):    0.557ns
  Clock Uncertainty:      0.047ns  ((TSJ^2 + DJ^2)^1/2) / 2 + PE
    Total System Jitter     (TSJ):    0.071ns
    Discrete Jitter          (DJ):    0.061ns
    Phase Error              (PE):    0.000ns

    Location             Delay type                Incr(ns)  Path(ns)    Netlist Resource(s)
  -------------------------------------------------------------------    -------------------
                         (clock oserdes_clk_2 fall edge)
                                                      0.625     0.625 f  
    AD12                                              0.000     0.625 f  sys_clk_p (IN)
                         net (fo=0)                   0.000     0.625    sys_clk_p
    AD12                 IBUFDS (Prop_ibufds_I_O)     0.470     1.095 f  i_bufds_sys_clk/O
                         net (fo=1, routed)           1.154     2.249    sys_clk
    BUFGCTRL_X0Y1        BUFG (Prop_bufg_I_O)         0.030     2.279 f  sys_clk_BUFG_inst/O
                         net (fo=63, routed)          0.965     3.244    i_dram_wrapper/i_dram/u_mig7s_mig/u_ddr3_infrastructure/plle2_i_0
    PLLE2_ADV_X1Y1       PLLE2_ADV (Prop_plle2_adv_CLKIN1_CLKOUT1)
                                                      0.053     3.297 f  i_dram_wrapper/i_dram/u_mig7s_mig/u_ddr3_infrastructure/plle2_i/CLKOUT1
                         net (fo=14, routed)          0.596     3.893    i_dram_wrapper/i_dram/u_mig7s_mig/u_memc_ui_top_axi/mem_intfc0/ddr_phy_top0/u_ddr_mc_phy_wrapper/u_ddr_mc_phy/ddr_phy_4lanes_0.u_ddr_phy_4lanes/ddr_byte_lane_C.ddr_byte_lane_C/mem_refclk
    PHASER_OUT_PHY_X1Y10 PHASER_OUT_PHY (Prop_phaser_out_phy_MEMREFCLK_OCLK)
                                                      1.858     5.751 f  i_dram_wrapper/i_dram/u_mig7s_mig/u_memc_ui_top_axi/mem_intfc0/ddr_phy_top0/u_ddr_mc_phy_wrapper/u_ddr_mc_phy/ddr_phy_4lanes_0.u_ddr_phy_4lanes/ddr_byte_lane_C.ddr_byte_lane_C/phaser_out/OCLK
    PHASER_OUT_PHY_X1Y10 PHASER_OUT_PHY (Prop_phaser_out_phy_OCLK_OCLKDELAYED)
                                                      1.139     6.890 r  i_dram_wrapper/i_dram/u_mig7s_mig/u_memc_ui_top_axi/mem_intfc0/ddr_phy_top0/u_ddr_mc_phy_wrapper/u_ddr_mc_phy/ddr_phy_4lanes_0.u_ddr_phy_4lanes/ddr_byte_lane_C.ddr_byte_lane_C/phaser_out/OCLKDELAYED
  -------------------------------------------------------------------    -------------------
    PHASER_OUT_PHY_X1Y10 PHASER_OUT_PHY (Prop_phaser_out_phy_OCLKDELAYED_CTSBUS[0])
                                                      0.373     7.263 f  i_dram_wrapper/i_dram/u_mig7s_mig/u_memc_ui_top_axi/mem_intfc0/ddr_phy_top0/u_ddr_mc_phy_wrapper/u_ddr_mc_phy/ddr_phy_4lanes_0.u_ddr_phy_4lanes/ddr_byte_lane_C.ddr_byte_lane_C/phaser_out/CTSBUS[0]
                         net (fo=2, routed)           0.172     7.436    i_dram_wrapper/i_dram/u_mig7s_mig/u_memc_ui_top_axi/mem_intfc0/ddr_phy_top0/u_ddr_mc_phy_wrapper/u_ddr_mc_phy/ddr_phy_4lanes_0.u_ddr_phy_4lanes/ddr_byte_lane_C.ddr_byte_lane_C/ddr_byte_group_io/CTSBUS[0]
    OLOGIC_X1Y132        ODDR                                         f  i_dram_wrapper/i_dram/u_mig7s_mig/u_memc_ui_top_axi/mem_intfc0/ddr_phy_top0/u_ddr_mc_phy_wrapper/u_ddr_mc_phy/ddr_phy_4lanes_0.u_ddr_phy_4lanes/ddr_byte_lane_C.ddr_byte_lane_C/ddr_byte_group_io/dqs_gen.oddr_dqsts/D1
  -------------------------------------------------------------------    -------------------

                         (clock oserdes_clk_2 fall edge)
                                                      1.875     1.875 f  
    AD12                                              0.000     1.875 f  sys_clk_p (IN)
                         net (fo=0)                   0.000     1.875    sys_clk_p
    AD12                 IBUFDS (Prop_ibufds_I_O)     0.388     2.263 f  i_bufds_sys_clk/O
                         net (fo=1, routed)           1.083     3.346    sys_clk
    BUFGCTRL_X0Y1        BUFG (Prop_bufg_I_O)         0.026     3.372 f  sys_clk_BUFG_inst/O
                         net (fo=63, routed)          0.715     4.087    i_dram_wrapper/i_dram/u_mig7s_mig/u_ddr3_infrastructure/plle2_i_0
    PLLE2_ADV_X1Y1       PLLE2_ADV (Prop_plle2_adv_CLKIN1_CLKOUT1)
                                                      0.050     4.137 f  i_dram_wrapper/i_dram/u_mig7s_mig/u_ddr3_infrastructure/plle2_i/CLKOUT1
                         net (fo=14, routed)          0.527     4.664    i_dram_wrapper/i_dram/u_mig7s_mig/u_memc_ui_top_axi/mem_intfc0/ddr_phy_top0/u_ddr_mc_phy_wrapper/u_ddr_mc_phy/ddr_phy_4lanes_0.u_ddr_phy_4lanes/ddr_byte_lane_C.ddr_byte_lane_C/mem_refclk
    PHASER_OUT_PHY_X1Y10 PHASER_OUT_PHY (Prop_phaser_out_phy_MEMREFCLK_OCLK)
                                                      1.813     6.478 f  i_dram_wrapper/i_dram/u_mig7s_mig/u_memc_ui_top_axi/mem_intfc0/ddr_phy_top0/u_ddr_mc_phy_wrapper/u_ddr_mc_phy/ddr_phy_4lanes_0.u_ddr_phy_4lanes/ddr_byte_lane_C.ddr_byte_lane_C/phaser_out/OCLK
    PHASER_OUT_PHY_X1Y10 PHASER_OUT_PHY (Prop_phaser_out_phy_OCLK_OCLKDELAYED)
                                                      1.106     7.584 r  i_dram_wrapper/i_dram/u_mig7s_mig/u_memc_ui_top_axi/mem_intfc0/ddr_phy_top0/u_ddr_mc_phy_wrapper/u_ddr_mc_phy/ddr_phy_4lanes_0.u_ddr_phy_4lanes/ddr_byte_lane_C.ddr_byte_lane_C/phaser_out/OCLKDELAYED
                         net (fo=2, routed)           0.173     7.757    i_dram_wrapper/i_dram/u_mig7s_mig/u_memc_ui_top_axi/mem_intfc0/ddr_phy_top0/u_ddr_mc_phy_wrapper/u_ddr_mc_phy/ddr_phy_4lanes_0.u_ddr_phy_4lanes/ddr_byte_lane_C.ddr_byte_lane_C/ddr_byte_group_io/oserdes_clk_delayed
    OLOGIC_X1Y132        ODDR                                         r  i_dram_wrapper/i_dram/u_mig7s_mig/u_memc_ui_top_axi/mem_intfc0/ddr_phy_top0/u_ddr_mc_phy_wrapper/u_ddr_mc_phy/ddr_phy_4lanes_0.u_ddr_phy_4lanes/ddr_byte_lane_C.ddr_byte_lane_C/ddr_byte_group_io/dqs_gen.oddr_dqsts/C
                         clock pessimism              0.557     8.313    
                         clock uncertainty           -0.047     8.266    
    OLOGIC_X1Y132        ODDR (Setup_oddr_C_D1)      -0.447     7.819    i_dram_wrapper/i_dram/u_mig7s_mig/u_memc_ui_top_axi/mem_intfc0/ddr_phy_top0/u_ddr_mc_phy_wrapper/u_ddr_mc_phy/ddr_phy_4lanes_0.u_ddr_phy_4lanes/ddr_byte_lane_C.ddr_byte_lane_C/ddr_byte_group_io/dqs_gen.oddr_dqsts
  -------------------------------------------------------------------
                         required time                          7.819    
                         arrival time                          -7.436    
  -------------------------------------------------------------------
                         slack                                  0.384    

Slack (MET) :             0.385ns  (required time - arrival time)
  Source:                 i_dram_wrapper/i_dram/u_mig7s_mig/u_ddr3_infrastructure/plle2_i/CLKOUT2
                            (clock source 'sync_pulse'  {rise@0.547ns fall@1.797ns period=20.000ns})
  Destination:            i_dram_wrapper/i_dram/u_mig7s_mig/u_memc_ui_top_axi/mem_intfc0/ddr_phy_top0/u_ddr_mc_phy_wrapper/u_ddr_mc_phy/ddr_phy_4lanes_0.u_ddr_phy_4lanes/phy_control_i/SYNCIN
                            (rising edge-triggered cell PHY_CONTROL clocked by mem_refclk  {rise@0.000ns fall@0.625ns period=1.250ns})
  Path Group:             mem_refclk
  Path Type:              Setup (Max at Fast Process Corner)
  Requirement:            0.703ns  (mem_refclk rise@1.250ns - sync_pulse rise@0.547ns)
  Data Path Delay:        0.593ns  (logic 0.000ns (0.000%)  route 0.593ns (100.000%))
  Logic Levels:           0  
  Clock Path Skew:        0.524ns (DCD - SCD + CPR)
    Destination Clock Delay (DCD):    2.786ns = ( 4.036 - 1.250 ) 
    Source Clock Delay      (SCD):    2.672ns = ( 3.219 - 0.547 ) 
    Clock Pessimism Removal (CPR):    0.409ns
  Clock Uncertainty:      0.183ns  ((TSJ^2 + DJ^2)^1/2) / 2 + PE
    Total System Jitter     (TSJ):    0.071ns
    Discrete Jitter          (DJ):    0.104ns
    Phase Error              (PE):    0.120ns

    Location             Delay type                Incr(ns)  Path(ns)    Netlist Resource(s)
  -------------------------------------------------------------------    -------------------
                         (clock sync_pulse rise edge)
                                                      0.547     0.547 r  
    AD12                                              0.000     0.547 r  sys_clk_p (IN)
                         net (fo=0)                   0.000     0.547    sys_clk_p
    AD12                 IBUFDS (Prop_ibufds_I_O)     0.470     1.017 r  i_bufds_sys_clk/O
                         net (fo=1, routed)           1.154     2.171    sys_clk
    BUFGCTRL_X0Y1        BUFG (Prop_bufg_I_O)         0.030     2.201 r  sys_clk_BUFG_inst/O
                         net (fo=63, routed)          0.965     3.166    i_dram_wrapper/i_dram/u_mig7s_mig/u_ddr3_infrastructure/plle2_i_0
  -------------------------------------------------------------------    -------------------
    PLLE2_ADV_X1Y1       PLLE2_ADV (Prop_plle2_adv_CLKIN1_CLKOUT2)
                                                      0.053     3.219 r  i_dram_wrapper/i_dram/u_mig7s_mig/u_ddr3_infrastructure/plle2_i/CLKOUT2
                         net (fo=14, routed)          0.593     3.812    i_dram_wrapper/i_dram/u_mig7s_mig/u_memc_ui_top_axi/mem_intfc0/ddr_phy_top0/u_ddr_mc_phy_wrapper/u_ddr_mc_phy/ddr_phy_4lanes_0.u_ddr_phy_4lanes/sync_pulse
    PHY_CONTROL_X1Y2     PHY_CONTROL                                  r  i_dram_wrapper/i_dram/u_mig7s_mig/u_memc_ui_top_axi/mem_intfc0/ddr_phy_top0/u_ddr_mc_phy_wrapper/u_ddr_mc_phy/ddr_phy_4lanes_0.u_ddr_phy_4lanes/phy_control_i/SYNCIN
  -------------------------------------------------------------------    -------------------

                         (clock mem_refclk rise edge)
                                                      1.250     1.250 r  
    AD12                                              0.000     1.250 r  sys_clk_p (IN)
                         net (fo=0)                   0.000     1.250    sys_clk_p
    AD12                 IBUFDS (Prop_ibufds_I_O)     0.388     1.638 r  i_bufds_sys_clk/O
                         net (fo=1, routed)           1.083     2.721    sys_clk
    BUFGCTRL_X0Y1        BUFG (Prop_bufg_I_O)         0.026     2.747 r  sys_clk_BUFG_inst/O
                         net (fo=63, routed)          0.715     3.462    i_dram_wrapper/i_dram/u_mig7s_mig/u_ddr3_infrastructure/plle2_i_0
    PLLE2_ADV_X1Y1       PLLE2_ADV (Prop_plle2_adv_CLKIN1_CLKOUT1)
                                                      0.050     3.512 r  i_dram_wrapper/i_dram/u_mig7s_mig/u_ddr3_infrastructure/plle2_i/CLKOUT1
                         net (fo=14, routed)          0.524     4.036    i_dram_wrapper/i_dram/u_mig7s_mig/u_memc_ui_top_axi/mem_intfc0/ddr_phy_top0/u_ddr_mc_phy_wrapper/u_ddr_mc_phy/ddr_phy_4lanes_0.u_ddr_phy_4lanes/mem_refclk
    PHY_CONTROL_X1Y2     PHY_CONTROL                                  r  i_dram_wrapper/i_dram/u_mig7s_mig/u_memc_ui_top_axi/mem_intfc0/ddr_phy_top0/u_ddr_mc_phy_wrapper/u_ddr_mc_phy/ddr_phy_4lanes_0.u_ddr_phy_4lanes/phy_control_i/MEMREFCLK
                         clock pessimism              0.409     4.446    
                         clock uncertainty           -0.183     4.263    
    PHY_CONTROL_X1Y2     PHY_CONTROL (Setup_phy_control_MEMREFCLK_SYNCIN)
                                                     -0.066     4.197    i_dram_wrapper/i_dram/u_mig7s_mig/u_memc_ui_top_axi/mem_intfc0/ddr_phy_top0/u_ddr_mc_phy_wrapper/u_ddr_mc_phy/ddr_phy_4lanes_0.u_ddr_phy_4lanes/phy_control_i
  -------------------------------------------------------------------
                         required time                          4.197    
                         arrival time                          -3.812    
  -------------------------------------------------------------------
                         slack                                  0.385    

Slack (MET) :             0.385ns  (required time - arrival time)
  Source:                 i_dram_wrapper/i_dram/u_mig7s_mig/u_ddr3_infrastructure/plle2_i/CLKOUT2
                            (clock source 'sync_pulse'  {rise@0.547ns fall@1.797ns period=20.000ns})
  Destination:            i_dram_wrapper/i_dram/u_mig7s_mig/u_memc_ui_top_axi/mem_intfc0/ddr_phy_top0/u_ddr_mc_phy_wrapper/u_ddr_mc_phy/ddr_phy_4lanes_0.u_ddr_phy_4lanes/phy_control_i/SYNCIN
                            (rising edge-triggered cell PHY_CONTROL clocked by mem_refclk  {rise@0.000ns fall@0.625ns period=1.250ns})
  Path Group:             mem_refclk
  Path Type:              Setup (Max at Fast Process Corner)
  Requirement:            0.703ns  (mem_refclk rise@2.500ns - sync_pulse fall@1.797ns)
  Data Path Delay:        0.593ns  (logic 0.000ns (0.000%)  route 0.593ns (100.000%))
  Logic Levels:           0  
  Clock Path Skew:        0.524ns (DCD - SCD + CPR)
    Destination Clock Delay (DCD):    2.786ns = ( 5.286 - 2.500 ) 
    Source Clock Delay      (SCD):    2.672ns = ( 4.469 - 1.797 ) 
    Clock Pessimism Removal (CPR):    0.409ns
  Clock Uncertainty:      0.183ns  ((TSJ^2 + DJ^2)^1/2) / 2 + PE
    Total System Jitter     (TSJ):    0.071ns
    Discrete Jitter          (DJ):    0.104ns
    Phase Error              (PE):    0.120ns

    Location             Delay type                Incr(ns)  Path(ns)    Netlist Resource(s)
  -------------------------------------------------------------------    -------------------
                         (clock sync_pulse fall edge)
                                                      1.797     1.797 f  
    AD12                                              0.000     1.797 f  sys_clk_p (IN)
                         net (fo=0)                   0.000     1.797    sys_clk_p
    AD12                 IBUFDS (Prop_ibufds_I_O)     0.470     2.267 f  i_bufds_sys_clk/O
                         net (fo=1, routed)           1.154     3.421    sys_clk
    BUFGCTRL_X0Y1        BUFG (Prop_bufg_I_O)         0.030     3.451 f  sys_clk_BUFG_inst/O
                         net (fo=63, routed)          0.965     4.416    i_dram_wrapper/i_dram/u_mig7s_mig/u_ddr3_infrastructure/plle2_i_0
  -------------------------------------------------------------------    -------------------
    PLLE2_ADV_X1Y1       PLLE2_ADV (Prop_plle2_adv_CLKIN1_CLKOUT2)
                                                      0.053     4.469 f  i_dram_wrapper/i_dram/u_mig7s_mig/u_ddr3_infrastructure/plle2_i/CLKOUT2
                         net (fo=14, routed)          0.593     5.062    i_dram_wrapper/i_dram/u_mig7s_mig/u_memc_ui_top_axi/mem_intfc0/ddr_phy_top0/u_ddr_mc_phy_wrapper/u_ddr_mc_phy/ddr_phy_4lanes_0.u_ddr_phy_4lanes/sync_pulse
    PHY_CONTROL_X1Y2     PHY_CONTROL                                  f  i_dram_wrapper/i_dram/u_mig7s_mig/u_memc_ui_top_axi/mem_intfc0/ddr_phy_top0/u_ddr_mc_phy_wrapper/u_ddr_mc_phy/ddr_phy_4lanes_0.u_ddr_phy_4lanes/phy_control_i/SYNCIN
  -------------------------------------------------------------------    -------------------

                         (clock mem_refclk rise edge)
                                                      2.500     2.500 r  
    AD12                                              0.000     2.500 r  sys_clk_p (IN)
                         net (fo=0)                   0.000     2.500    sys_clk_p
    AD12                 IBUFDS (Prop_ibufds_I_O)     0.388     2.888 r  i_bufds_sys_clk/O
                         net (fo=1, routed)           1.083     3.971    sys_clk
    BUFGCTRL_X0Y1        BUFG (Prop_bufg_I_O)         0.026     3.997 r  sys_clk_BUFG_inst/O
                         net (fo=63, routed)          0.715     4.712    i_dram_wrapper/i_dram/u_mig7s_mig/u_ddr3_infrastructure/plle2_i_0
    PLLE2_ADV_X1Y1       PLLE2_ADV (Prop_plle2_adv_CLKIN1_CLKOUT1)
                                                      0.050     4.762 r  i_dram_wrapper/i_dram/u_mig7s_mig/u_ddr3_infrastructure/plle2_i/CLKOUT1
                         net (fo=14, routed)          0.524     5.286    i_dram_wrapper/i_dram/u_mig7s_mig/u_memc_ui_top_axi/mem_intfc0/ddr_phy_top0/u_ddr_mc_phy_wrapper/u_ddr_mc_phy/ddr_phy_4lanes_0.u_ddr_phy_4lanes/mem_refclk
    PHY_CONTROL_X1Y2     PHY_CONTROL                                  r  i_dram_wrapper/i_dram/u_mig7s_mig/u_memc_ui_top_axi/mem_intfc0/ddr_phy_top0/u_ddr_mc_phy_wrapper/u_ddr_mc_phy/ddr_phy_4lanes_0.u_ddr_phy_4lanes/phy_control_i/MEMREFCLK
                         clock pessimism              0.409     5.696    
                         clock uncertainty           -0.183     5.513    
    PHY_CONTROL_X1Y2     PHY_CONTROL (Setup_phy_control_MEMREFCLK_SYNCIN)
                                                     -0.066     5.447    i_dram_wrapper/i_dram/u_mig7s_mig/u_memc_ui_top_axi/mem_intfc0/ddr_phy_top0/u_ddr_mc_phy_wrapper/u_ddr_mc_phy/ddr_phy_4lanes_0.u_ddr_phy_4lanes/phy_control_i
  -------------------------------------------------------------------
                         required time                          5.447    
                         arrival time                          -5.062    
  -------------------------------------------------------------------
                         slack                                  0.385    

Slack (MET) :             0.386ns  (required time - arrival time)
  Source:                 i_dram_wrapper/i_dram/u_mig7s_mig/u_memc_ui_top_axi/mem_intfc0/ddr_phy_top0/u_ddr_mc_phy_wrapper/u_ddr_mc_phy/ddr_phy_4lanes_0.u_ddr_phy_4lanes/ddr_byte_lane_A.ddr_byte_lane_A/phaser_out/OCLKDELAYED
                            (rising edge-triggered cell PHASER_OUT_PHY clocked by oserdes_clk'  {rise@0.000ns fall@0.625ns period=1.250ns})
  Destination:            i_dram_wrapper/i_dram/u_mig7s_mig/u_memc_ui_top_axi/mem_intfc0/ddr_phy_top0/u_ddr_mc_phy_wrapper/u_ddr_mc_phy/ddr_phy_4lanes_0.u_ddr_phy_4lanes/ddr_byte_lane_A.ddr_byte_lane_A/ddr_byte_group_io/dqs_gen.oddr_dqsts/D1
                            (rising edge-triggered cell ODDR clocked by oserdes_clk'  {rise@0.000ns fall@0.625ns period=1.250ns})
  Path Group:             oserdes_clk
  Path Type:              Setup (Max at Fast Process Corner)
  Requirement:            1.250ns  (oserdes_clk fall@1.875ns - oserdes_clk fall@0.625ns)
  Data Path Delay:        0.545ns  (logic 0.373ns (68.403%)  route 0.172ns (31.597%))
  Logic Levels:           0  
  Clock Path Skew:        0.175ns (DCD - SCD + CPR)
    Destination Clock Delay (DCD):    5.884ns = ( 7.759 - 1.875 ) 
    Source Clock Delay      (SCD):    6.265ns = ( 6.890 - 0.625 ) 
    Clock Pessimism Removal (CPR):    0.557ns
  Clock Uncertainty:      0.047ns  ((TSJ^2 + DJ^2)^1/2) / 2 + PE
    Total System Jitter     (TSJ):    0.071ns
    Discrete Jitter          (DJ):    0.061ns
    Phase Error              (PE):    0.000ns

    Location             Delay type                Incr(ns)  Path(ns)    Netlist Resource(s)
  -------------------------------------------------------------------    -------------------
                         (clock oserdes_clk fall edge)
                                                      0.625     0.625 f  
    AD12                                              0.000     0.625 f  sys_clk_p (IN)
                         net (fo=0)                   0.000     0.625    sys_clk_p
    AD12                 IBUFDS (Prop_ibufds_I_O)     0.470     1.095 f  i_bufds_sys_clk/O
                         net (fo=1, routed)           1.154     2.249    sys_clk
    BUFGCTRL_X0Y1        BUFG (Prop_bufg_I_O)         0.030     2.279 f  sys_clk_BUFG_inst/O
                         net (fo=63, routed)          0.965     3.244    i_dram_wrapper/i_dram/u_mig7s_mig/u_ddr3_infrastructure/plle2_i_0
    PLLE2_ADV_X1Y1       PLLE2_ADV (Prop_plle2_adv_CLKIN1_CLKOUT1)
                                                      0.053     3.297 f  i_dram_wrapper/i_dram/u_mig7s_mig/u_ddr3_infrastructure/plle2_i/CLKOUT1
                         net (fo=14, routed)          0.596     3.893    i_dram_wrapper/i_dram/u_mig7s_mig/u_memc_ui_top_axi/mem_intfc0/ddr_phy_top0/u_ddr_mc_phy_wrapper/u_ddr_mc_phy/ddr_phy_4lanes_0.u_ddr_phy_4lanes/ddr_byte_lane_A.ddr_byte_lane_A/mem_refclk
    PHASER_OUT_PHY_X1Y8  PHASER_OUT_PHY (Prop_phaser_out_phy_MEMREFCLK_OCLK)
                                                      1.858     5.751 f  i_dram_wrapper/i_dram/u_mig7s_mig/u_memc_ui_top_axi/mem_intfc0/ddr_phy_top0/u_ddr_mc_phy_wrapper/u_ddr_mc_phy/ddr_phy_4lanes_0.u_ddr_phy_4lanes/ddr_byte_lane_A.ddr_byte_lane_A/phaser_out/OCLK
    PHASER_OUT_PHY_X1Y8  PHASER_OUT_PHY (Prop_phaser_out_phy_OCLK_OCLKDELAYED)
                                                      1.139     6.890 r  i_dram_wrapper/i_dram/u_mig7s_mig/u_memc_ui_top_axi/mem_intfc0/ddr_phy_top0/u_ddr_mc_phy_wrapper/u_ddr_mc_phy/ddr_phy_4lanes_0.u_ddr_phy_4lanes/ddr_byte_lane_A.ddr_byte_lane_A/phaser_out/OCLKDELAYED
  -------------------------------------------------------------------    -------------------
    PHASER_OUT_PHY_X1Y8  PHASER_OUT_PHY (Prop_phaser_out_phy_OCLKDELAYED_CTSBUS[0])
                                                      0.373     7.263 r  i_dram_wrapper/i_dram/u_mig7s_mig/u_memc_ui_top_axi/mem_intfc0/ddr_phy_top0/u_ddr_mc_phy_wrapper/u_ddr_mc_phy/ddr_phy_4lanes_0.u_ddr_phy_4lanes/ddr_byte_lane_A.ddr_byte_lane_A/phaser_out/CTSBUS[0]
                         net (fo=2, routed)           0.172     7.436    i_dram_wrapper/i_dram/u_mig7s_mig/u_memc_ui_top_axi/mem_intfc0/ddr_phy_top0/u_ddr_mc_phy_wrapper/u_ddr_mc_phy/ddr_phy_4lanes_0.u_ddr_phy_4lanes/ddr_byte_lane_A.ddr_byte_lane_A/ddr_byte_group_io/CTSBUS[0]
    OLOGIC_X1Y108        ODDR                                         r  i_dram_wrapper/i_dram/u_mig7s_mig/u_memc_ui_top_axi/mem_intfc0/ddr_phy_top0/u_ddr_mc_phy_wrapper/u_ddr_mc_phy/ddr_phy_4lanes_0.u_ddr_phy_4lanes/ddr_byte_lane_A.ddr_byte_lane_A/ddr_byte_group_io/dqs_gen.oddr_dqsts/D1
  -------------------------------------------------------------------    -------------------

                         (clock oserdes_clk fall edge)
                                                      1.875     1.875 f  
    AD12                                              0.000     1.875 f  sys_clk_p (IN)
                         net (fo=0)                   0.000     1.875    sys_clk_p
    AD12                 IBUFDS (Prop_ibufds_I_O)     0.388     2.263 f  i_bufds_sys_clk/O
                         net (fo=1, routed)           1.083     3.346    sys_clk
    BUFGCTRL_X0Y1        BUFG (Prop_bufg_I_O)         0.026     3.372 f  sys_clk_BUFG_inst/O
                         net (fo=63, routed)          0.715     4.087    i_dram_wrapper/i_dram/u_mig7s_mig/u_ddr3_infrastructure/plle2_i_0
    PLLE2_ADV_X1Y1       PLLE2_ADV (Prop_plle2_adv_CLKIN1_CLKOUT1)
                                                      0.050     4.137 f  i_dram_wrapper/i_dram/u_mig7s_mig/u_ddr3_infrastructure/plle2_i/CLKOUT1
                         net (fo=14, routed)          0.527     4.664    i_dram_wrapper/i_dram/u_mig7s_mig/u_memc_ui_top_axi/mem_intfc0/ddr_phy_top0/u_ddr_mc_phy_wrapper/u_ddr_mc_phy/ddr_phy_4lanes_0.u_ddr_phy_4lanes/ddr_byte_lane_A.ddr_byte_lane_A/mem_refclk
    PHASER_OUT_PHY_X1Y8  PHASER_OUT_PHY (Prop_phaser_out_phy_MEMREFCLK_OCLK)
                                                      1.813     6.478 f  i_dram_wrapper/i_dram/u_mig7s_mig/u_memc_ui_top_axi/mem_intfc0/ddr_phy_top0/u_ddr_mc_phy_wrapper/u_ddr_mc_phy/ddr_phy_4lanes_0.u_ddr_phy_4lanes/ddr_byte_lane_A.ddr_byte_lane_A/phaser_out/OCLK
    PHASER_OUT_PHY_X1Y8  PHASER_OUT_PHY (Prop_phaser_out_phy_OCLK_OCLKDELAYED)
                                                      1.106     7.584 r  i_dram_wrapper/i_dram/u_mig7s_mig/u_memc_ui_top_axi/mem_intfc0/ddr_phy_top0/u_ddr_mc_phy_wrapper/u_ddr_mc_phy/ddr_phy_4lanes_0.u_ddr_phy_4lanes/ddr_byte_lane_A.ddr_byte_lane_A/phaser_out/OCLKDELAYED
                         net (fo=2, routed)           0.175     7.759    i_dram_wrapper/i_dram/u_mig7s_mig/u_memc_ui_top_axi/mem_intfc0/ddr_phy_top0/u_ddr_mc_phy_wrapper/u_ddr_mc_phy/ddr_phy_4lanes_0.u_ddr_phy_4lanes/ddr_byte_lane_A.ddr_byte_lane_A/ddr_byte_group_io/oserdes_clk_delayed
    OLOGIC_X1Y108        ODDR                                         r  i_dram_wrapper/i_dram/u_mig7s_mig/u_memc_ui_top_axi/mem_intfc0/ddr_phy_top0/u_ddr_mc_phy_wrapper/u_ddr_mc_phy/ddr_phy_4lanes_0.u_ddr_phy_4lanes/ddr_byte_lane_A.ddr_byte_lane_A/ddr_byte_group_io/dqs_gen.oddr_dqsts/C
                         clock pessimism              0.557     8.315    
                         clock uncertainty           -0.047     8.268    
    OLOGIC_X1Y108        ODDR (Setup_oddr_C_D1)      -0.447     7.821    i_dram_wrapper/i_dram/u_mig7s_mig/u_memc_ui_top_axi/mem_intfc0/ddr_phy_top0/u_ddr_mc_phy_wrapper/u_ddr_mc_phy/ddr_phy_4lanes_0.u_ddr_phy_4lanes/ddr_byte_lane_A.ddr_byte_lane_A/ddr_byte_group_io/dqs_gen.oddr_dqsts
  -------------------------------------------------------------------
                         required time                          7.821    
                         arrival time                          -7.436    
  -------------------------------------------------------------------
                         slack                                  0.386    

Slack (MET) :             0.386ns  (required time - arrival time)
  Source:                 i_dram_wrapper/i_dram/u_mig7s_mig/u_memc_ui_top_axi/mem_intfc0/ddr_phy_top0/u_ddr_mc_phy_wrapper/u_ddr_mc_phy/ddr_phy_4lanes_0.u_ddr_phy_4lanes/ddr_byte_lane_A.ddr_byte_lane_A/phaser_out/OCLKDELAYED
                            (rising edge-triggered cell PHASER_OUT_PHY clocked by oserdes_clk'  {rise@0.000ns fall@0.625ns period=1.250ns})
  Destination:            i_dram_wrapper/i_dram/u_mig7s_mig/u_memc_ui_top_axi/mem_intfc0/ddr_phy_top0/u_ddr_mc_phy_wrapper/u_ddr_mc_phy/ddr_phy_4lanes_0.u_ddr_phy_4lanes/ddr_byte_lane_A.ddr_byte_lane_A/ddr_byte_group_io/dqs_gen.oddr_dqsts/D1
                            (rising edge-triggered cell ODDR clocked by oserdes_clk'  {rise@0.000ns fall@0.625ns period=1.250ns})
  Path Group:             oserdes_clk
  Path Type:              Setup (Max at Fast Process Corner)
  Requirement:            1.250ns  (oserdes_clk fall@1.875ns - oserdes_clk fall@0.625ns)
  Data Path Delay:        0.545ns  (logic 0.373ns (68.403%)  route 0.172ns (31.597%))
  Logic Levels:           0  
  Clock Path Skew:        0.175ns (DCD - SCD + CPR)
    Destination Clock Delay (DCD):    5.884ns = ( 7.759 - 1.875 ) 
    Source Clock Delay      (SCD):    6.265ns = ( 6.890 - 0.625 ) 
    Clock Pessimism Removal (CPR):    0.557ns
  Clock Uncertainty:      0.047ns  ((TSJ^2 + DJ^2)^1/2) / 2 + PE
    Total System Jitter     (TSJ):    0.071ns
    Discrete Jitter          (DJ):    0.061ns
    Phase Error              (PE):    0.000ns

    Location             Delay type                Incr(ns)  Path(ns)    Netlist Resource(s)
  -------------------------------------------------------------------    -------------------
                         (clock oserdes_clk fall edge)
                                                      0.625     0.625 f  
    AD12                                              0.000     0.625 f  sys_clk_p (IN)
                         net (fo=0)                   0.000     0.625    sys_clk_p
    AD12                 IBUFDS (Prop_ibufds_I_O)     0.470     1.095 f  i_bufds_sys_clk/O
                         net (fo=1, routed)           1.154     2.249    sys_clk
    BUFGCTRL_X0Y1        BUFG (Prop_bufg_I_O)         0.030     2.279 f  sys_clk_BUFG_inst/O
                         net (fo=63, routed)          0.965     3.244    i_dram_wrapper/i_dram/u_mig7s_mig/u_ddr3_infrastructure/plle2_i_0
    PLLE2_ADV_X1Y1       PLLE2_ADV (Prop_plle2_adv_CLKIN1_CLKOUT1)
                                                      0.053     3.297 f  i_dram_wrapper/i_dram/u_mig7s_mig/u_ddr3_infrastructure/plle2_i/CLKOUT1
                         net (fo=14, routed)          0.596     3.893    i_dram_wrapper/i_dram/u_mig7s_mig/u_memc_ui_top_axi/mem_intfc0/ddr_phy_top0/u_ddr_mc_phy_wrapper/u_ddr_mc_phy/ddr_phy_4lanes_0.u_ddr_phy_4lanes/ddr_byte_lane_A.ddr_byte_lane_A/mem_refclk
    PHASER_OUT_PHY_X1Y8  PHASER_OUT_PHY (Prop_phaser_out_phy_MEMREFCLK_OCLK)
                                                      1.858     5.751 f  i_dram_wrapper/i_dram/u_mig7s_mig/u_memc_ui_top_axi/mem_intfc0/ddr_phy_top0/u_ddr_mc_phy_wrapper/u_ddr_mc_phy/ddr_phy_4lanes_0.u_ddr_phy_4lanes/ddr_byte_lane_A.ddr_byte_lane_A/phaser_out/OCLK
    PHASER_OUT_PHY_X1Y8  PHASER_OUT_PHY (Prop_phaser_out_phy_OCLK_OCLKDELAYED)
                                                      1.139     6.890 r  i_dram_wrapper/i_dram/u_mig7s_mig/u_memc_ui_top_axi/mem_intfc0/ddr_phy_top0/u_ddr_mc_phy_wrapper/u_ddr_mc_phy/ddr_phy_4lanes_0.u_ddr_phy_4lanes/ddr_byte_lane_A.ddr_byte_lane_A/phaser_out/OCLKDELAYED
  -------------------------------------------------------------------    -------------------
    PHASER_OUT_PHY_X1Y8  PHASER_OUT_PHY (Prop_phaser_out_phy_OCLKDELAYED_CTSBUS[0])
                                                      0.373     7.263 f  i_dram_wrapper/i_dram/u_mig7s_mig/u_memc_ui_top_axi/mem_intfc0/ddr_phy_top0/u_ddr_mc_phy_wrapper/u_ddr_mc_phy/ddr_phy_4lanes_0.u_ddr_phy_4lanes/ddr_byte_lane_A.ddr_byte_lane_A/phaser_out/CTSBUS[0]
                         net (fo=2, routed)           0.172     7.436    i_dram_wrapper/i_dram/u_mig7s_mig/u_memc_ui_top_axi/mem_intfc0/ddr_phy_top0/u_ddr_mc_phy_wrapper/u_ddr_mc_phy/ddr_phy_4lanes_0.u_ddr_phy_4lanes/ddr_byte_lane_A.ddr_byte_lane_A/ddr_byte_group_io/CTSBUS[0]
    OLOGIC_X1Y108        ODDR                                         f  i_dram_wrapper/i_dram/u_mig7s_mig/u_memc_ui_top_axi/mem_intfc0/ddr_phy_top0/u_ddr_mc_phy_wrapper/u_ddr_mc_phy/ddr_phy_4lanes_0.u_ddr_phy_4lanes/ddr_byte_lane_A.ddr_byte_lane_A/ddr_byte_group_io/dqs_gen.oddr_dqsts/D1
  -------------------------------------------------------------------    -------------------

                         (clock oserdes_clk fall edge)
                                                      1.875     1.875 f  
    AD12                                              0.000     1.875 f  sys_clk_p (IN)
                         net (fo=0)                   0.000     1.875    sys_clk_p
    AD12                 IBUFDS (Prop_ibufds_I_O)     0.388     2.263 f  i_bufds_sys_clk/O
                         net (fo=1, routed)           1.083     3.346    sys_clk
    BUFGCTRL_X0Y1        BUFG (Prop_bufg_I_O)         0.026     3.372 f  sys_clk_BUFG_inst/O
                         net (fo=63, routed)          0.715     4.087    i_dram_wrapper/i_dram/u_mig7s_mig/u_ddr3_infrastructure/plle2_i_0
    PLLE2_ADV_X1Y1       PLLE2_ADV (Prop_plle2_adv_CLKIN1_CLKOUT1)
                                                      0.050     4.137 f  i_dram_wrapper/i_dram/u_mig7s_mig/u_ddr3_infrastructure/plle2_i/CLKOUT1
                         net (fo=14, routed)          0.527     4.664    i_dram_wrapper/i_dram/u_mig7s_mig/u_memc_ui_top_axi/mem_intfc0/ddr_phy_top0/u_ddr_mc_phy_wrapper/u_ddr_mc_phy/ddr_phy_4lanes_0.u_ddr_phy_4lanes/ddr_byte_lane_A.ddr_byte_lane_A/mem_refclk
    PHASER_OUT_PHY_X1Y8  PHASER_OUT_PHY (Prop_phaser_out_phy_MEMREFCLK_OCLK)
                                                      1.813     6.478 f  i_dram_wrapper/i_dram/u_mig7s_mig/u_memc_ui_top_axi/mem_intfc0/ddr_phy_top0/u_ddr_mc_phy_wrapper/u_ddr_mc_phy/ddr_phy_4lanes_0.u_ddr_phy_4lanes/ddr_byte_lane_A.ddr_byte_lane_A/phaser_out/OCLK
    PHASER_OUT_PHY_X1Y8  PHASER_OUT_PHY (Prop_phaser_out_phy_OCLK_OCLKDELAYED)
                                                      1.106     7.584 r  i_dram_wrapper/i_dram/u_mig7s_mig/u_memc_ui_top_axi/mem_intfc0/ddr_phy_top0/u_ddr_mc_phy_wrapper/u_ddr_mc_phy/ddr_phy_4lanes_0.u_ddr_phy_4lanes/ddr_byte_lane_A.ddr_byte_lane_A/phaser_out/OCLKDELAYED
                         net (fo=2, routed)           0.175     7.759    i_dram_wrapper/i_dram/u_mig7s_mig/u_memc_ui_top_axi/mem_intfc0/ddr_phy_top0/u_ddr_mc_phy_wrapper/u_ddr_mc_phy/ddr_phy_4lanes_0.u_ddr_phy_4lanes/ddr_byte_lane_A.ddr_byte_lane_A/ddr_byte_group_io/oserdes_clk_delayed
    OLOGIC_X1Y108        ODDR                                         r  i_dram_wrapper/i_dram/u_mig7s_mig/u_memc_ui_top_axi/mem_intfc0/ddr_phy_top0/u_ddr_mc_phy_wrapper/u_ddr_mc_phy/ddr_phy_4lanes_0.u_ddr_phy_4lanes/ddr_byte_lane_A.ddr_byte_lane_A/ddr_byte_group_io/dqs_gen.oddr_dqsts/C
                         clock pessimism              0.557     8.315    
                         clock uncertainty           -0.047     8.268    
    OLOGIC_X1Y108        ODDR (Setup_oddr_C_D1)      -0.447     7.821    i_dram_wrapper/i_dram/u_mig7s_mig/u_memc_ui_top_axi/mem_intfc0/ddr_phy_top0/u_ddr_mc_phy_wrapper/u_ddr_mc_phy/ddr_phy_4lanes_0.u_ddr_phy_4lanes/ddr_byte_lane_A.ddr_byte_lane_A/ddr_byte_group_io/dqs_gen.oddr_dqsts
  -------------------------------------------------------------------
                         required time                          7.821    
                         arrival time                          -7.436    
  -------------------------------------------------------------------
                         slack                                  0.386    

Slack (MET) :             0.386ns  (required time - arrival time)
  Source:                 i_dram_wrapper/i_dram/u_mig7s_mig/u_ddr3_infrastructure/rstdiv0_sync_r1_reg_rep/C
                            (rising edge-triggered cell FDPE clocked by clk_pll_i  {rise@0.000ns fall@2.500ns period=5.000ns})
  Destination:            i_dram_wrapper/gen_cdc.i_axi_cdc_mig/i_axi_cdc_dst/i_cdc_fifo_gray_dst_aw/i_spill_register/spill_register_flushable_i/gen_spill_reg.a_data_q_reg[addr][9]/CLR
                            (rising edge-triggered cell FDCE clocked by clk_pll_i  {rise@0.000ns fall@2.500ns period=5.000ns})
  Path Group:             clk_pll_i
  Path Type:              Recovery (Max at Slow Process Corner)
  Requirement:            5.000ns  (MaxDelay Path 5.000ns)
  Data Path Delay:        4.035ns  (logic 0.259ns (6.419%)  route 3.776ns (93.581%))
  Logic Levels:           0  
  Clock Path Skew:        -0.315ns (DCD - SCD + CPR)
    Destination Clock Delay (DCD):    6.074ns
    Source Clock Delay      (SCD):    6.852ns
    Clock Pessimism Removal (CPR):    0.462ns
  Clock Uncertainty:      0.052ns  ((TSJ^2 + DJ^2)^1/2) / 2 + PE
    Total System Jitter     (TSJ):    0.071ns
    Discrete Jitter          (DJ):    0.077ns
    Phase Error              (PE):    0.000ns
  Timing Exception:       MaxDelay Path 5.000ns

    Location             Delay type                Incr(ns)  Path(ns)    Netlist Resource(s)
  -------------------------------------------------------------------    -------------------
                         (clock clk_pll_i rise edge)
                                                      0.000     0.000 r  
    AD12                                              0.000     0.000 r  sys_clk_p (IN)
                         net (fo=0)                   0.000     0.000    sys_clk_p
    AD12                 IBUFDS (Prop_ibufds_I_O)     0.906     0.906 r  i_bufds_sys_clk/O
                         net (fo=1, routed)           2.299     3.205    sys_clk
    BUFGCTRL_X0Y1        BUFG (Prop_bufg_I_O)         0.093     3.298 r  sys_clk_BUFG_inst/O
                         net (fo=63, routed)          1.787     5.085    i_dram_wrapper/i_dram/u_mig7s_mig/u_ddr3_infrastructure/plle2_i_0
    PLLE2_ADV_X1Y1       PLLE2_ADV (Prop_plle2_adv_CLKIN1_CLKOUT3)
                                                      0.077     5.162 r  i_dram_wrapper/i_dram/u_mig7s_mig/u_ddr3_infrastructure/plle2_i/CLKOUT3
                         net (fo=1, routed)           1.155     6.317    i_dram_wrapper/i_dram/u_mig7s_mig/u_ddr3_infrastructure/pll_clk3_out
    BUFHCE_X1Y12         BUFH (Prop_bufh_I_O)         0.103     6.420 r  i_dram_wrapper/i_dram/u_mig7s_mig/u_ddr3_infrastructure/u_bufh_pll_clk3/O
                         net (fo=1, routed)           0.790     7.210    i_dram_wrapper/i_dram/u_mig7s_mig/u_ddr3_infrastructure/pll_clk3
    MMCME2_ADV_X1Y1      MMCME2_ADV (Prop_mmcme2_adv_CLKIN1_CLKFBOUT)
                                                     -3.987     3.223 r  i_dram_wrapper/i_dram/u_mig7s_mig/u_ddr3_infrastructure/gen_mmcm.mmcm_i/CLKFBOUT
                         net (fo=1, routed)           2.130     5.353    i_dram_wrapper/i_dram/u_mig7s_mig/u_ddr3_infrastructure/clk_pll_i
    BUFGCTRL_X0Y0        BUFG (Prop_bufg_I_O)         0.093     5.446 r  i_dram_wrapper/i_dram/u_mig7s_mig/u_ddr3_infrastructure/u_bufg_clkdiv0/O
                         net (fo=13203, routed)       1.406     6.852    i_dram_wrapper/i_dram/u_mig7s_mig/u_ddr3_infrastructure/CLK
    SLICE_X102Y111       FDPE                                         r  i_dram_wrapper/i_dram/u_mig7s_mig/u_ddr3_infrastructure/rstdiv0_sync_r1_reg_rep/C
  -------------------------------------------------------------------    -------------------
    SLICE_X102Y111       FDPE (Prop_fdpe_C_Q)         0.259     7.111 f  i_dram_wrapper/i_dram/u_mig7s_mig/u_ddr3_infrastructure/rstdiv0_sync_r1_reg_rep/Q
                         net (fo=444, routed)         3.776    10.886    i_dram_wrapper/gen_cdc.i_axi_cdc_mig/i_axi_cdc_dst/i_cdc_fifo_gray_dst_aw/i_spill_register/spill_register_flushable_i/ui_clk_sync_rst
    SLICE_X109Y216       FDCE                                         f  i_dram_wrapper/gen_cdc.i_axi_cdc_mig/i_axi_cdc_dst/i_cdc_fifo_gray_dst_aw/i_spill_register/spill_register_flushable_i/gen_spill_reg.a_data_q_reg[addr][9]/CLR
  -------------------------------------------------------------------    -------------------

                         max delay                    5.000     5.000    
    AD12                                              0.000     5.000 r  sys_clk_p (IN)
                         net (fo=0)                   0.000     5.000    sys_clk_p
    AD12                 IBUFDS (Prop_ibufds_I_O)     0.803     5.803 r  i_bufds_sys_clk/O
                         net (fo=1, routed)           2.173     7.976    sys_clk
    BUFGCTRL_X0Y1        BUFG (Prop_bufg_I_O)         0.083     8.059 r  sys_clk_BUFG_inst/O
                         net (fo=63, routed)          1.626     9.685    i_dram_wrapper/i_dram/u_mig7s_mig/u_ddr3_infrastructure/plle2_i_0
    PLLE2_ADV_X1Y1       PLLE2_ADV (Prop_plle2_adv_CLKIN1_CLKOUT3)
                                                      0.073     9.758 r  i_dram_wrapper/i_dram/u_mig7s_mig/u_ddr3_infrastructure/plle2_i/CLKOUT3
                         net (fo=1, routed)           1.043    10.801    i_dram_wrapper/i_dram/u_mig7s_mig/u_ddr3_infrastructure/pll_clk3_out
    BUFHCE_X1Y12         BUFH (Prop_bufh_I_O)         0.066    10.867 r  i_dram_wrapper/i_dram/u_mig7s_mig/u_ddr3_infrastructure/u_bufh_pll_clk3/O
                         net (fo=1, routed)           0.722    11.589    i_dram_wrapper/i_dram/u_mig7s_mig/u_ddr3_infrastructure/pll_clk3
    MMCME2_ADV_X1Y1      MMCME2_ADV (Prop_mmcme2_adv_CLKIN1_CLKFBOUT)
                                                     -3.694     7.895 r  i_dram_wrapper/i_dram/u_mig7s_mig/u_ddr3_infrastructure/gen_mmcm.mmcm_i/CLKFBOUT
                         net (fo=1, routed)           2.005     9.900    i_dram_wrapper/i_dram/u_mig7s_mig/u_ddr3_infrastructure/clk_pll_i
    BUFGCTRL_X0Y0        BUFG (Prop_bufg_I_O)         0.083     9.983 r  i_dram_wrapper/i_dram/u_mig7s_mig/u_ddr3_infrastructure/u_bufg_clkdiv0/O
                         net (fo=13203, routed)       1.091    11.074    i_dram_wrapper/gen_cdc.i_axi_cdc_mig/i_axi_cdc_dst/i_cdc_fifo_gray_dst_aw/i_spill_register/spill_register_flushable_i/CLK
    SLICE_X109Y216       FDCE                                         r  i_dram_wrapper/gen_cdc.i_axi_cdc_mig/i_axi_cdc_dst/i_cdc_fifo_gray_dst_aw/i_spill_register/spill_register_flushable_i/gen_spill_reg.a_data_q_reg[addr][9]/C
                         clock pessimism              0.462    11.537    
                         clock uncertainty           -0.052    11.484    
    SLICE_X109Y216       FDCE (Recov_fdce_C_CLR)     -0.212    11.272    i_dram_wrapper/gen_cdc.i_axi_cdc_mig/i_axi_cdc_dst/i_cdc_fifo_gray_dst_aw/i_spill_register/spill_register_flushable_i/gen_spill_reg.a_data_q_reg[addr][9]
  -------------------------------------------------------------------
                         required time                         11.272    
                         arrival time                         -10.886    
  -------------------------------------------------------------------
                         slack                                  0.386    

Slack (MET) :             0.386ns  (required time - arrival time)
  Source:                 i_dram_wrapper/i_dram/u_mig7s_mig/u_ddr3_infrastructure/rstdiv0_sync_r1_reg_rep/C
                            (rising edge-triggered cell FDPE clocked by clk_pll_i  {rise@0.000ns fall@2.500ns period=5.000ns})
  Destination:            i_dram_wrapper/gen_cdc.i_axi_cdc_mig/i_axi_cdc_dst/i_cdc_fifo_gray_dst_aw/rptr_q_reg[0]/CLR
                            (rising edge-triggered cell FDCE clocked by clk_pll_i  {rise@0.000ns fall@2.500ns period=5.000ns})
  Path Group:             clk_pll_i
  Path Type:              Recovery (Max at Slow Process Corner)
  Requirement:            5.000ns  (MaxDelay Path 5.000ns)
  Data Path Delay:        4.035ns  (logic 0.259ns (6.419%)  route 3.776ns (93.581%))
  Logic Levels:           0  
  Clock Path Skew:        -0.315ns (DCD - SCD + CPR)
    Destination Clock Delay (DCD):    6.074ns
    Source Clock Delay      (SCD):    6.852ns
    Clock Pessimism Removal (CPR):    0.462ns
  Clock Uncertainty:      0.052ns  ((TSJ^2 + DJ^2)^1/2) / 2 + PE
    Total System Jitter     (TSJ):    0.071ns
    Discrete Jitter          (DJ):    0.077ns
    Phase Error              (PE):    0.000ns
  Timing Exception:       MaxDelay Path 5.000ns

    Location             Delay type                Incr(ns)  Path(ns)    Netlist Resource(s)
  -------------------------------------------------------------------    -------------------
                         (clock clk_pll_i rise edge)
                                                      0.000     0.000 r  
    AD12                                              0.000     0.000 r  sys_clk_p (IN)
                         net (fo=0)                   0.000     0.000    sys_clk_p
    AD12                 IBUFDS (Prop_ibufds_I_O)     0.906     0.906 r  i_bufds_sys_clk/O
                         net (fo=1, routed)           2.299     3.205    sys_clk
    BUFGCTRL_X0Y1        BUFG (Prop_bufg_I_O)         0.093     3.298 r  sys_clk_BUFG_inst/O
                         net (fo=63, routed)          1.787     5.085    i_dram_wrapper/i_dram/u_mig7s_mig/u_ddr3_infrastructure/plle2_i_0
    PLLE2_ADV_X1Y1       PLLE2_ADV (Prop_plle2_adv_CLKIN1_CLKOUT3)
                                                      0.077     5.162 r  i_dram_wrapper/i_dram/u_mig7s_mig/u_ddr3_infrastructure/plle2_i/CLKOUT3
                         net (fo=1, routed)           1.155     6.317    i_dram_wrapper/i_dram/u_mig7s_mig/u_ddr3_infrastructure/pll_clk3_out
    BUFHCE_X1Y12         BUFH (Prop_bufh_I_O)         0.103     6.420 r  i_dram_wrapper/i_dram/u_mig7s_mig/u_ddr3_infrastructure/u_bufh_pll_clk3/O
                         net (fo=1, routed)           0.790     7.210    i_dram_wrapper/i_dram/u_mig7s_mig/u_ddr3_infrastructure/pll_clk3
    MMCME2_ADV_X1Y1      MMCME2_ADV (Prop_mmcme2_adv_CLKIN1_CLKFBOUT)
                                                     -3.987     3.223 r  i_dram_wrapper/i_dram/u_mig7s_mig/u_ddr3_infrastructure/gen_mmcm.mmcm_i/CLKFBOUT
                         net (fo=1, routed)           2.130     5.353    i_dram_wrapper/i_dram/u_mig7s_mig/u_ddr3_infrastructure/clk_pll_i
    BUFGCTRL_X0Y0        BUFG (Prop_bufg_I_O)         0.093     5.446 r  i_dram_wrapper/i_dram/u_mig7s_mig/u_ddr3_infrastructure/u_bufg_clkdiv0/O
                         net (fo=13203, routed)       1.406     6.852    i_dram_wrapper/i_dram/u_mig7s_mig/u_ddr3_infrastructure/CLK
    SLICE_X102Y111       FDPE                                         r  i_dram_wrapper/i_dram/u_mig7s_mig/u_ddr3_infrastructure/rstdiv0_sync_r1_reg_rep/C
  -------------------------------------------------------------------    -------------------
    SLICE_X102Y111       FDPE (Prop_fdpe_C_Q)         0.259     7.111 f  i_dram_wrapper/i_dram/u_mig7s_mig/u_ddr3_infrastructure/rstdiv0_sync_r1_reg_rep/Q
                         net (fo=444, routed)         3.776    10.886    i_dram_wrapper/gen_cdc.i_axi_cdc_mig/i_axi_cdc_dst/i_cdc_fifo_gray_dst_aw/ui_clk_sync_rst
    SLICE_X109Y216       FDCE                                         f  i_dram_wrapper/gen_cdc.i_axi_cdc_mig/i_axi_cdc_dst/i_cdc_fifo_gray_dst_aw/rptr_q_reg[0]/CLR
  -------------------------------------------------------------------    -------------------

                         max delay                    5.000     5.000    
    AD12                                              0.000     5.000 r  sys_clk_p (IN)
                         net (fo=0)                   0.000     5.000    sys_clk_p
    AD12                 IBUFDS (Prop_ibufds_I_O)     0.803     5.803 r  i_bufds_sys_clk/O
                         net (fo=1, routed)           2.173     7.976    sys_clk
    BUFGCTRL_X0Y1        BUFG (Prop_bufg_I_O)         0.083     8.059 r  sys_clk_BUFG_inst/O
                         net (fo=63, routed)          1.626     9.685    i_dram_wrapper/i_dram/u_mig7s_mig/u_ddr3_infrastructure/plle2_i_0
    PLLE2_ADV_X1Y1       PLLE2_ADV (Prop_plle2_adv_CLKIN1_CLKOUT3)
                                                      0.073     9.758 r  i_dram_wrapper/i_dram/u_mig7s_mig/u_ddr3_infrastructure/plle2_i/CLKOUT3
                         net (fo=1, routed)           1.043    10.801    i_dram_wrapper/i_dram/u_mig7s_mig/u_ddr3_infrastructure/pll_clk3_out
    BUFHCE_X1Y12         BUFH (Prop_bufh_I_O)         0.066    10.867 r  i_dram_wrapper/i_dram/u_mig7s_mig/u_ddr3_infrastructure/u_bufh_pll_clk3/O
                         net (fo=1, routed)           0.722    11.589    i_dram_wrapper/i_dram/u_mig7s_mig/u_ddr3_infrastructure/pll_clk3
    MMCME2_ADV_X1Y1      MMCME2_ADV (Prop_mmcme2_adv_CLKIN1_CLKFBOUT)
                                                     -3.694     7.895 r  i_dram_wrapper/i_dram/u_mig7s_mig/u_ddr3_infrastructure/gen_mmcm.mmcm_i/CLKFBOUT
                         net (fo=1, routed)           2.005     9.900    i_dram_wrapper/i_dram/u_mig7s_mig/u_ddr3_infrastructure/clk_pll_i
    BUFGCTRL_X0Y0        BUFG (Prop_bufg_I_O)         0.083     9.983 r  i_dram_wrapper/i_dram/u_mig7s_mig/u_ddr3_infrastructure/u_bufg_clkdiv0/O
                         net (fo=13203, routed)       1.091    11.074    i_dram_wrapper/gen_cdc.i_axi_cdc_mig/i_axi_cdc_dst/i_cdc_fifo_gray_dst_aw/CLK
    SLICE_X109Y216       FDCE                                         r  i_dram_wrapper/gen_cdc.i_axi_cdc_mig/i_axi_cdc_dst/i_cdc_fifo_gray_dst_aw/rptr_q_reg[0]/C
                         clock pessimism              0.462    11.537    
                         clock uncertainty           -0.052    11.484    
    SLICE_X109Y216       FDCE (Recov_fdce_C_CLR)     -0.212    11.272    i_dram_wrapper/gen_cdc.i_axi_cdc_mig/i_axi_cdc_dst/i_cdc_fifo_gray_dst_aw/rptr_q_reg[0]
  -------------------------------------------------------------------
                         required time                         11.272    
                         arrival time                         -10.886    
  -------------------------------------------------------------------
                         slack                                  0.386    

Slack (MET) :             0.386ns  (required time - arrival time)
  Source:                 i_dram_wrapper/i_dram/u_mig7s_mig/u_ddr3_infrastructure/rstdiv0_sync_r1_reg_rep/C
                            (rising edge-triggered cell FDPE clocked by clk_pll_i  {rise@0.000ns fall@2.500ns period=5.000ns})
  Destination:            i_dram_wrapper/gen_cdc.i_axi_cdc_mig/i_axi_cdc_dst/i_cdc_fifo_gray_dst_aw/rptr_q_reg[3]/CLR
                            (rising edge-triggered cell FDCE clocked by clk_pll_i  {rise@0.000ns fall@2.500ns period=5.000ns})
  Path Group:             clk_pll_i
  Path Type:              Recovery (Max at Slow Process Corner)
  Requirement:            5.000ns  (MaxDelay Path 5.000ns)
  Data Path Delay:        4.035ns  (logic 0.259ns (6.419%)  route 3.776ns (93.581%))
  Logic Levels:           0  
  Clock Path Skew:        -0.315ns (DCD - SCD + CPR)
    Destination Clock Delay (DCD):    6.074ns
    Source Clock Delay      (SCD):    6.852ns
    Clock Pessimism Removal (CPR):    0.462ns
  Clock Uncertainty:      0.052ns  ((TSJ^2 + DJ^2)^1/2) / 2 + PE
    Total System Jitter     (TSJ):    0.071ns
    Discrete Jitter          (DJ):    0.077ns
    Phase Error              (PE):    0.000ns
  Timing Exception:       MaxDelay Path 5.000ns

    Location             Delay type                Incr(ns)  Path(ns)    Netlist Resource(s)
  -------------------------------------------------------------------    -------------------
                         (clock clk_pll_i rise edge)
                                                      0.000     0.000 r  
    AD12                                              0.000     0.000 r  sys_clk_p (IN)
                         net (fo=0)                   0.000     0.000    sys_clk_p
    AD12                 IBUFDS (Prop_ibufds_I_O)     0.906     0.906 r  i_bufds_sys_clk/O
                         net (fo=1, routed)           2.299     3.205    sys_clk
    BUFGCTRL_X0Y1        BUFG (Prop_bufg_I_O)         0.093     3.298 r  sys_clk_BUFG_inst/O
                         net (fo=63, routed)          1.787     5.085    i_dram_wrapper/i_dram/u_mig7s_mig/u_ddr3_infrastructure/plle2_i_0
    PLLE2_ADV_X1Y1       PLLE2_ADV (Prop_plle2_adv_CLKIN1_CLKOUT3)
                                                      0.077     5.162 r  i_dram_wrapper/i_dram/u_mig7s_mig/u_ddr3_infrastructure/plle2_i/CLKOUT3
                         net (fo=1, routed)           1.155     6.317    i_dram_wrapper/i_dram/u_mig7s_mig/u_ddr3_infrastructure/pll_clk3_out
    BUFHCE_X1Y12         BUFH (Prop_bufh_I_O)         0.103     6.420 r  i_dram_wrapper/i_dram/u_mig7s_mig/u_ddr3_infrastructure/u_bufh_pll_clk3/O
                         net (fo=1, routed)           0.790     7.210    i_dram_wrapper/i_dram/u_mig7s_mig/u_ddr3_infrastructure/pll_clk3
    MMCME2_ADV_X1Y1      MMCME2_ADV (Prop_mmcme2_adv_CLKIN1_CLKFBOUT)
                                                     -3.987     3.223 r  i_dram_wrapper/i_dram/u_mig7s_mig/u_ddr3_infrastructure/gen_mmcm.mmcm_i/CLKFBOUT
                         net (fo=1, routed)           2.130     5.353    i_dram_wrapper/i_dram/u_mig7s_mig/u_ddr3_infrastructure/clk_pll_i
    BUFGCTRL_X0Y0        BUFG (Prop_bufg_I_O)         0.093     5.446 r  i_dram_wrapper/i_dram/u_mig7s_mig/u_ddr3_infrastructure/u_bufg_clkdiv0/O
                         net (fo=13203, routed)       1.406     6.852    i_dram_wrapper/i_dram/u_mig7s_mig/u_ddr3_infrastructure/CLK
    SLICE_X102Y111       FDPE                                         r  i_dram_wrapper/i_dram/u_mig7s_mig/u_ddr3_infrastructure/rstdiv0_sync_r1_reg_rep/C
  -------------------------------------------------------------------    -------------------
    SLICE_X102Y111       FDPE (Prop_fdpe_C_Q)         0.259     7.111 f  i_dram_wrapper/i_dram/u_mig7s_mig/u_ddr3_infrastructure/rstdiv0_sync_r1_reg_rep/Q
                         net (fo=444, routed)         3.776    10.886    i_dram_wrapper/gen_cdc.i_axi_cdc_mig/i_axi_cdc_dst/i_cdc_fifo_gray_dst_aw/ui_clk_sync_rst
    SLICE_X109Y216       FDCE                                         f  i_dram_wrapper/gen_cdc.i_axi_cdc_mig/i_axi_cdc_dst/i_cdc_fifo_gray_dst_aw/rptr_q_reg[3]/CLR
  -------------------------------------------------------------------    -------------------

                         max delay                    5.000     5.000    
    AD12                                              0.000     5.000 r  sys_clk_p (IN)
                         net (fo=0)                   0.000     5.000    sys_clk_p
    AD12                 IBUFDS (Prop_ibufds_I_O)     0.803     5.803 r  i_bufds_sys_clk/O
                         net (fo=1, routed)           2.173     7.976    sys_clk
    BUFGCTRL_X0Y1        BUFG (Prop_bufg_I_O)         0.083     8.059 r  sys_clk_BUFG_inst/O
                         net (fo=63, routed)          1.626     9.685    i_dram_wrapper/i_dram/u_mig7s_mig/u_ddr3_infrastructure/plle2_i_0
    PLLE2_ADV_X1Y1       PLLE2_ADV (Prop_plle2_adv_CLKIN1_CLKOUT3)
                                                      0.073     9.758 r  i_dram_wrapper/i_dram/u_mig7s_mig/u_ddr3_infrastructure/plle2_i/CLKOUT3
                         net (fo=1, routed)           1.043    10.801    i_dram_wrapper/i_dram/u_mig7s_mig/u_ddr3_infrastructure/pll_clk3_out
    BUFHCE_X1Y12         BUFH (Prop_bufh_I_O)         0.066    10.867 r  i_dram_wrapper/i_dram/u_mig7s_mig/u_ddr3_infrastructure/u_bufh_pll_clk3/O
                         net (fo=1, routed)           0.722    11.589    i_dram_wrapper/i_dram/u_mig7s_mig/u_ddr3_infrastructure/pll_clk3
    MMCME2_ADV_X1Y1      MMCME2_ADV (Prop_mmcme2_adv_CLKIN1_CLKFBOUT)
                                                     -3.694     7.895 r  i_dram_wrapper/i_dram/u_mig7s_mig/u_ddr3_infrastructure/gen_mmcm.mmcm_i/CLKFBOUT
                         net (fo=1, routed)           2.005     9.900    i_dram_wrapper/i_dram/u_mig7s_mig/u_ddr3_infrastructure/clk_pll_i
    BUFGCTRL_X0Y0        BUFG (Prop_bufg_I_O)         0.083     9.983 r  i_dram_wrapper/i_dram/u_mig7s_mig/u_ddr3_infrastructure/u_bufg_clkdiv0/O
                         net (fo=13203, routed)       1.091    11.074    i_dram_wrapper/gen_cdc.i_axi_cdc_mig/i_axi_cdc_dst/i_cdc_fifo_gray_dst_aw/CLK
    SLICE_X109Y216       FDCE                                         r  i_dram_wrapper/gen_cdc.i_axi_cdc_mig/i_axi_cdc_dst/i_cdc_fifo_gray_dst_aw/rptr_q_reg[3]/C
                         clock pessimism              0.462    11.537    
                         clock uncertainty           -0.052    11.484    
    SLICE_X109Y216       FDCE (Recov_fdce_C_CLR)     -0.212    11.272    i_dram_wrapper/gen_cdc.i_axi_cdc_mig/i_axi_cdc_dst/i_cdc_fifo_gray_dst_aw/rptr_q_reg[3]
  -------------------------------------------------------------------
                         required time                         11.272    
                         arrival time                         -10.886    
  -------------------------------------------------------------------
                         slack                                  0.386    

Slack (MET) :             0.386ns  (required time - arrival time)
  Source:                 i_dram_wrapper/i_dram/u_mig7s_mig/u_ddr3_infrastructure/rstdiv0_sync_r1_reg_rep/C
                            (rising edge-triggered cell FDPE clocked by clk_pll_i  {rise@0.000ns fall@2.500ns period=5.000ns})
  Destination:            i_dram_wrapper/gen_cdc.i_axi_cdc_mig/i_axi_cdc_dst/i_cdc_fifo_gray_dst_aw/rptr_q_reg[4]/CLR
                            (rising edge-triggered cell FDCE clocked by clk_pll_i  {rise@0.000ns fall@2.500ns period=5.000ns})
  Path Group:             clk_pll_i
  Path Type:              Recovery (Max at Slow Process Corner)
  Requirement:            5.000ns  (MaxDelay Path 5.000ns)
  Data Path Delay:        4.035ns  (logic 0.259ns (6.419%)  route 3.776ns (93.581%))
  Logic Levels:           0  
  Clock Path Skew:        -0.315ns (DCD - SCD + CPR)
    Destination Clock Delay (DCD):    6.074ns
    Source Clock Delay      (SCD):    6.852ns
    Clock Pessimism Removal (CPR):    0.462ns
  Clock Uncertainty:      0.052ns  ((TSJ^2 + DJ^2)^1/2) / 2 + PE
    Total System Jitter     (TSJ):    0.071ns
    Discrete Jitter          (DJ):    0.077ns
    Phase Error              (PE):    0.000ns
  Timing Exception:       MaxDelay Path 5.000ns

    Location             Delay type                Incr(ns)  Path(ns)    Netlist Resource(s)
  -------------------------------------------------------------------    -------------------
                         (clock clk_pll_i rise edge)
                                                      0.000     0.000 r  
    AD12                                              0.000     0.000 r  sys_clk_p (IN)
                         net (fo=0)                   0.000     0.000    sys_clk_p
    AD12                 IBUFDS (Prop_ibufds_I_O)     0.906     0.906 r  i_bufds_sys_clk/O
                         net (fo=1, routed)           2.299     3.205    sys_clk
    BUFGCTRL_X0Y1        BUFG (Prop_bufg_I_O)         0.093     3.298 r  sys_clk_BUFG_inst/O
                         net (fo=63, routed)          1.787     5.085    i_dram_wrapper/i_dram/u_mig7s_mig/u_ddr3_infrastructure/plle2_i_0
    PLLE2_ADV_X1Y1       PLLE2_ADV (Prop_plle2_adv_CLKIN1_CLKOUT3)
                                                      0.077     5.162 r  i_dram_wrapper/i_dram/u_mig7s_mig/u_ddr3_infrastructure/plle2_i/CLKOUT3
                         net (fo=1, routed)           1.155     6.317    i_dram_wrapper/i_dram/u_mig7s_mig/u_ddr3_infrastructure/pll_clk3_out
    BUFHCE_X1Y12         BUFH (Prop_bufh_I_O)         0.103     6.420 r  i_dram_wrapper/i_dram/u_mig7s_mig/u_ddr3_infrastructure/u_bufh_pll_clk3/O
                         net (fo=1, routed)           0.790     7.210    i_dram_wrapper/i_dram/u_mig7s_mig/u_ddr3_infrastructure/pll_clk3
    MMCME2_ADV_X1Y1      MMCME2_ADV (Prop_mmcme2_adv_CLKIN1_CLKFBOUT)
                                                     -3.987     3.223 r  i_dram_wrapper/i_dram/u_mig7s_mig/u_ddr3_infrastructure/gen_mmcm.mmcm_i/CLKFBOUT
                         net (fo=1, routed)           2.130     5.353    i_dram_wrapper/i_dram/u_mig7s_mig/u_ddr3_infrastructure/clk_pll_i
    BUFGCTRL_X0Y0        BUFG (Prop_bufg_I_O)         0.093     5.446 r  i_dram_wrapper/i_dram/u_mig7s_mig/u_ddr3_infrastructure/u_bufg_clkdiv0/O
                         net (fo=13203, routed)       1.406     6.852    i_dram_wrapper/i_dram/u_mig7s_mig/u_ddr3_infrastructure/CLK
    SLICE_X102Y111       FDPE                                         r  i_dram_wrapper/i_dram/u_mig7s_mig/u_ddr3_infrastructure/rstdiv0_sync_r1_reg_rep/C
  -------------------------------------------------------------------    -------------------
    SLICE_X102Y111       FDPE (Prop_fdpe_C_Q)         0.259     7.111 f  i_dram_wrapper/i_dram/u_mig7s_mig/u_ddr3_infrastructure/rstdiv0_sync_r1_reg_rep/Q
                         net (fo=444, routed)         3.776    10.886    i_dram_wrapper/gen_cdc.i_axi_cdc_mig/i_axi_cdc_dst/i_cdc_fifo_gray_dst_aw/ui_clk_sync_rst
    SLICE_X109Y216       FDCE                                         f  i_dram_wrapper/gen_cdc.i_axi_cdc_mig/i_axi_cdc_dst/i_cdc_fifo_gray_dst_aw/rptr_q_reg[4]/CLR
  -------------------------------------------------------------------    -------------------

                         max delay                    5.000     5.000    
    AD12                                              0.000     5.000 r  sys_clk_p (IN)
                         net (fo=0)                   0.000     5.000    sys_clk_p
    AD12                 IBUFDS (Prop_ibufds_I_O)     0.803     5.803 r  i_bufds_sys_clk/O
                         net (fo=1, routed)           2.173     7.976    sys_clk
    BUFGCTRL_X0Y1        BUFG (Prop_bufg_I_O)         0.083     8.059 r  sys_clk_BUFG_inst/O
                         net (fo=63, routed)          1.626     9.685    i_dram_wrapper/i_dram/u_mig7s_mig/u_ddr3_infrastructure/plle2_i_0
    PLLE2_ADV_X1Y1       PLLE2_ADV (Prop_plle2_adv_CLKIN1_CLKOUT3)
                                                      0.073     9.758 r  i_dram_wrapper/i_dram/u_mig7s_mig/u_ddr3_infrastructure/plle2_i/CLKOUT3
                         net (fo=1, routed)           1.043    10.801    i_dram_wrapper/i_dram/u_mig7s_mig/u_ddr3_infrastructure/pll_clk3_out
    BUFHCE_X1Y12         BUFH (Prop_bufh_I_O)         0.066    10.867 r  i_dram_wrapper/i_dram/u_mig7s_mig/u_ddr3_infrastructure/u_bufh_pll_clk3/O
                         net (fo=1, routed)           0.722    11.589    i_dram_wrapper/i_dram/u_mig7s_mig/u_ddr3_infrastructure/pll_clk3
    MMCME2_ADV_X1Y1      MMCME2_ADV (Prop_mmcme2_adv_CLKIN1_CLKFBOUT)
                                                     -3.694     7.895 r  i_dram_wrapper/i_dram/u_mig7s_mig/u_ddr3_infrastructure/gen_mmcm.mmcm_i/CLKFBOUT
                         net (fo=1, routed)           2.005     9.900    i_dram_wrapper/i_dram/u_mig7s_mig/u_ddr3_infrastructure/clk_pll_i
    BUFGCTRL_X0Y0        BUFG (Prop_bufg_I_O)         0.083     9.983 r  i_dram_wrapper/i_dram/u_mig7s_mig/u_ddr3_infrastructure/u_bufg_clkdiv0/O
                         net (fo=13203, routed)       1.091    11.074    i_dram_wrapper/gen_cdc.i_axi_cdc_mig/i_axi_cdc_dst/i_cdc_fifo_gray_dst_aw/CLK
    SLICE_X109Y216       FDCE                                         r  i_dram_wrapper/gen_cdc.i_axi_cdc_mig/i_axi_cdc_dst/i_cdc_fifo_gray_dst_aw/rptr_q_reg[4]/C
                         clock pessimism              0.462    11.537    
                         clock uncertainty           -0.052    11.484    
    SLICE_X109Y216       FDCE (Recov_fdce_C_CLR)     -0.212    11.272    i_dram_wrapper/gen_cdc.i_axi_cdc_mig/i_axi_cdc_dst/i_cdc_fifo_gray_dst_aw/rptr_q_reg[4]
  -------------------------------------------------------------------
                         required time                         11.272    
                         arrival time                         -10.886    
  -------------------------------------------------------------------
                         slack                                  0.386    

Slack (MET) :             0.386ns  (required time - arrival time)
  Source:                 i_dram_wrapper/i_dram/u_mig7s_mig/u_ddr3_infrastructure/rstdiv0_sync_r1_reg_rep/C
                            (rising edge-triggered cell FDPE clocked by clk_pll_i  {rise@0.000ns fall@2.500ns period=5.000ns})
  Destination:            i_dram_wrapper/gen_cdc.i_axi_cdc_mig/i_axi_cdc_dst/i_cdc_fifo_gray_dst_aw/rptr_q_reg[5]/CLR
                            (rising edge-triggered cell FDCE clocked by clk_pll_i  {rise@0.000ns fall@2.500ns period=5.000ns})
  Path Group:             clk_pll_i
  Path Type:              Recovery (Max at Slow Process Corner)
  Requirement:            5.000ns  (MaxDelay Path 5.000ns)
  Data Path Delay:        4.035ns  (logic 0.259ns (6.419%)  route 3.776ns (93.581%))
  Logic Levels:           0  
  Clock Path Skew:        -0.315ns (DCD - SCD + CPR)
    Destination Clock Delay (DCD):    6.074ns
    Source Clock Delay      (SCD):    6.852ns
    Clock Pessimism Removal (CPR):    0.462ns
  Clock Uncertainty:      0.052ns  ((TSJ^2 + DJ^2)^1/2) / 2 + PE
    Total System Jitter     (TSJ):    0.071ns
    Discrete Jitter          (DJ):    0.077ns
    Phase Error              (PE):    0.000ns
  Timing Exception:       MaxDelay Path 5.000ns

    Location             Delay type                Incr(ns)  Path(ns)    Netlist Resource(s)
  -------------------------------------------------------------------    -------------------
                         (clock clk_pll_i rise edge)
                                                      0.000     0.000 r  
    AD12                                              0.000     0.000 r  sys_clk_p (IN)
                         net (fo=0)                   0.000     0.000    sys_clk_p
    AD12                 IBUFDS (Prop_ibufds_I_O)     0.906     0.906 r  i_bufds_sys_clk/O
                         net (fo=1, routed)           2.299     3.205    sys_clk
    BUFGCTRL_X0Y1        BUFG (Prop_bufg_I_O)         0.093     3.298 r  sys_clk_BUFG_inst/O
                         net (fo=63, routed)          1.787     5.085    i_dram_wrapper/i_dram/u_mig7s_mig/u_ddr3_infrastructure/plle2_i_0
    PLLE2_ADV_X1Y1       PLLE2_ADV (Prop_plle2_adv_CLKIN1_CLKOUT3)
                                                      0.077     5.162 r  i_dram_wrapper/i_dram/u_mig7s_mig/u_ddr3_infrastructure/plle2_i/CLKOUT3
                         net (fo=1, routed)           1.155     6.317    i_dram_wrapper/i_dram/u_mig7s_mig/u_ddr3_infrastructure/pll_clk3_out
    BUFHCE_X1Y12         BUFH (Prop_bufh_I_O)         0.103     6.420 r  i_dram_wrapper/i_dram/u_mig7s_mig/u_ddr3_infrastructure/u_bufh_pll_clk3/O
                         net (fo=1, routed)           0.790     7.210    i_dram_wrapper/i_dram/u_mig7s_mig/u_ddr3_infrastructure/pll_clk3
    MMCME2_ADV_X1Y1      MMCME2_ADV (Prop_mmcme2_adv_CLKIN1_CLKFBOUT)
                                                     -3.987     3.223 r  i_dram_wrapper/i_dram/u_mig7s_mig/u_ddr3_infrastructure/gen_mmcm.mmcm_i/CLKFBOUT
                         net (fo=1, routed)           2.130     5.353    i_dram_wrapper/i_dram/u_mig7s_mig/u_ddr3_infrastructure/clk_pll_i
    BUFGCTRL_X0Y0        BUFG (Prop_bufg_I_O)         0.093     5.446 r  i_dram_wrapper/i_dram/u_mig7s_mig/u_ddr3_infrastructure/u_bufg_clkdiv0/O
                         net (fo=13203, routed)       1.406     6.852    i_dram_wrapper/i_dram/u_mig7s_mig/u_ddr3_infrastructure/CLK
    SLICE_X102Y111       FDPE                                         r  i_dram_wrapper/i_dram/u_mig7s_mig/u_ddr3_infrastructure/rstdiv0_sync_r1_reg_rep/C
  -------------------------------------------------------------------    -------------------
    SLICE_X102Y111       FDPE (Prop_fdpe_C_Q)         0.259     7.111 f  i_dram_wrapper/i_dram/u_mig7s_mig/u_ddr3_infrastructure/rstdiv0_sync_r1_reg_rep/Q
                         net (fo=444, routed)         3.776    10.886    i_dram_wrapper/gen_cdc.i_axi_cdc_mig/i_axi_cdc_dst/i_cdc_fifo_gray_dst_aw/ui_clk_sync_rst
    SLICE_X109Y216       FDCE                                         f  i_dram_wrapper/gen_cdc.i_axi_cdc_mig/i_axi_cdc_dst/i_cdc_fifo_gray_dst_aw/rptr_q_reg[5]/CLR
  -------------------------------------------------------------------    -------------------

                         max delay                    5.000     5.000    
    AD12                                              0.000     5.000 r  sys_clk_p (IN)
                         net (fo=0)                   0.000     5.000    sys_clk_p
    AD12                 IBUFDS (Prop_ibufds_I_O)     0.803     5.803 r  i_bufds_sys_clk/O
                         net (fo=1, routed)           2.173     7.976    sys_clk
    BUFGCTRL_X0Y1        BUFG (Prop_bufg_I_O)         0.083     8.059 r  sys_clk_BUFG_inst/O
                         net (fo=63, routed)          1.626     9.685    i_dram_wrapper/i_dram/u_mig7s_mig/u_ddr3_infrastructure/plle2_i_0
    PLLE2_ADV_X1Y1       PLLE2_ADV (Prop_plle2_adv_CLKIN1_CLKOUT3)
                                                      0.073     9.758 r  i_dram_wrapper/i_dram/u_mig7s_mig/u_ddr3_infrastructure/plle2_i/CLKOUT3
                         net (fo=1, routed)           1.043    10.801    i_dram_wrapper/i_dram/u_mig7s_mig/u_ddr3_infrastructure/pll_clk3_out
    BUFHCE_X1Y12         BUFH (Prop_bufh_I_O)         0.066    10.867 r  i_dram_wrapper/i_dram/u_mig7s_mig/u_ddr3_infrastructure/u_bufh_pll_clk3/O
                         net (fo=1, routed)           0.722    11.589    i_dram_wrapper/i_dram/u_mig7s_mig/u_ddr3_infrastructure/pll_clk3
    MMCME2_ADV_X1Y1      MMCME2_ADV (Prop_mmcme2_adv_CLKIN1_CLKFBOUT)
                                                     -3.694     7.895 r  i_dram_wrapper/i_dram/u_mig7s_mig/u_ddr3_infrastructure/gen_mmcm.mmcm_i/CLKFBOUT
                         net (fo=1, routed)           2.005     9.900    i_dram_wrapper/i_dram/u_mig7s_mig/u_ddr3_infrastructure/clk_pll_i
    BUFGCTRL_X0Y0        BUFG (Prop_bufg_I_O)         0.083     9.983 r  i_dram_wrapper/i_dram/u_mig7s_mig/u_ddr3_infrastructure/u_bufg_clkdiv0/O
                         net (fo=13203, routed)       1.091    11.074    i_dram_wrapper/gen_cdc.i_axi_cdc_mig/i_axi_cdc_dst/i_cdc_fifo_gray_dst_aw/CLK
    SLICE_X109Y216       FDCE                                         r  i_dram_wrapper/gen_cdc.i_axi_cdc_mig/i_axi_cdc_dst/i_cdc_fifo_gray_dst_aw/rptr_q_reg[5]/C
                         clock pessimism              0.462    11.537    
                         clock uncertainty           -0.052    11.484    
    SLICE_X109Y216       FDCE (Recov_fdce_C_CLR)     -0.212    11.272    i_dram_wrapper/gen_cdc.i_axi_cdc_mig/i_axi_cdc_dst/i_cdc_fifo_gray_dst_aw/rptr_q_reg[5]
  -------------------------------------------------------------------
                         required time                         11.272    
                         arrival time                         -10.886    
  -------------------------------------------------------------------
                         slack                                  0.386    

Slack (MET) :             0.389ns  (required time - arrival time)
  Source:                 i_dram_wrapper/i_dram/u_mig7s_mig/u_ddr3_infrastructure/rstdiv0_sync_r1_reg_rep/C
                            (rising edge-triggered cell FDPE clocked by clk_pll_i  {rise@0.000ns fall@2.500ns period=5.000ns})
  Destination:            i_dram_wrapper/gen_cdc.i_axi_cdc_mig/i_axi_cdc_dst/i_cdc_fifo_gray_dst_aw/i_spill_register/spill_register_flushable_i/gen_spill_reg.a_data_q_reg[addr][11]/CLR
                            (rising edge-triggered cell FDCE clocked by clk_pll_i  {rise@0.000ns fall@2.500ns period=5.000ns})
  Path Group:             clk_pll_i
  Path Type:              Recovery (Max at Slow Process Corner)
  Requirement:            5.000ns  (MaxDelay Path 5.000ns)
  Data Path Delay:        4.039ns  (logic 0.259ns (6.413%)  route 3.780ns (93.587%))
  Logic Levels:           0  
  Clock Path Skew:        -0.308ns (DCD - SCD + CPR)
    Destination Clock Delay (DCD):    6.081ns
    Source Clock Delay      (SCD):    6.852ns
    Clock Pessimism Removal (CPR):    0.462ns
  Clock Uncertainty:      0.052ns  ((TSJ^2 + DJ^2)^1/2) / 2 + PE
    Total System Jitter     (TSJ):    0.071ns
    Discrete Jitter          (DJ):    0.077ns
    Phase Error              (PE):    0.000ns
  Timing Exception:       MaxDelay Path 5.000ns

    Location             Delay type                Incr(ns)  Path(ns)    Netlist Resource(s)
  -------------------------------------------------------------------    -------------------
                         (clock clk_pll_i rise edge)
                                                      0.000     0.000 r  
    AD12                                              0.000     0.000 r  sys_clk_p (IN)
                         net (fo=0)                   0.000     0.000    sys_clk_p
    AD12                 IBUFDS (Prop_ibufds_I_O)     0.906     0.906 r  i_bufds_sys_clk/O
                         net (fo=1, routed)           2.299     3.205    sys_clk
    BUFGCTRL_X0Y1        BUFG (Prop_bufg_I_O)         0.093     3.298 r  sys_clk_BUFG_inst/O
                         net (fo=63, routed)          1.787     5.085    i_dram_wrapper/i_dram/u_mig7s_mig/u_ddr3_infrastructure/plle2_i_0
    PLLE2_ADV_X1Y1       PLLE2_ADV (Prop_plle2_adv_CLKIN1_CLKOUT3)
                                                      0.077     5.162 r  i_dram_wrapper/i_dram/u_mig7s_mig/u_ddr3_infrastructure/plle2_i/CLKOUT3
                         net (fo=1, routed)           1.155     6.317    i_dram_wrapper/i_dram/u_mig7s_mig/u_ddr3_infrastructure/pll_clk3_out
    BUFHCE_X1Y12         BUFH (Prop_bufh_I_O)         0.103     6.420 r  i_dram_wrapper/i_dram/u_mig7s_mig/u_ddr3_infrastructure/u_bufh_pll_clk3/O
                         net (fo=1, routed)           0.790     7.210    i_dram_wrapper/i_dram/u_mig7s_mig/u_ddr3_infrastructure/pll_clk3
    MMCME2_ADV_X1Y1      MMCME2_ADV (Prop_mmcme2_adv_CLKIN1_CLKFBOUT)
                                                     -3.987     3.223 r  i_dram_wrapper/i_dram/u_mig7s_mig/u_ddr3_infrastructure/gen_mmcm.mmcm_i/CLKFBOUT
                         net (fo=1, routed)           2.130     5.353    i_dram_wrapper/i_dram/u_mig7s_mig/u_ddr3_infrastructure/clk_pll_i
    BUFGCTRL_X0Y0        BUFG (Prop_bufg_I_O)         0.093     5.446 r  i_dram_wrapper/i_dram/u_mig7s_mig/u_ddr3_infrastructure/u_bufg_clkdiv0/O
                         net (fo=13203, routed)       1.406     6.852    i_dram_wrapper/i_dram/u_mig7s_mig/u_ddr3_infrastructure/CLK
    SLICE_X102Y111       FDPE                                         r  i_dram_wrapper/i_dram/u_mig7s_mig/u_ddr3_infrastructure/rstdiv0_sync_r1_reg_rep/C
  -------------------------------------------------------------------    -------------------
    SLICE_X102Y111       FDPE (Prop_fdpe_C_Q)         0.259     7.111 f  i_dram_wrapper/i_dram/u_mig7s_mig/u_ddr3_infrastructure/rstdiv0_sync_r1_reg_rep/Q
                         net (fo=444, routed)         3.780    10.890    i_dram_wrapper/gen_cdc.i_axi_cdc_mig/i_axi_cdc_dst/i_cdc_fifo_gray_dst_aw/i_spill_register/spill_register_flushable_i/ui_clk_sync_rst
    SLICE_X121Y208       FDCE                                         f  i_dram_wrapper/gen_cdc.i_axi_cdc_mig/i_axi_cdc_dst/i_cdc_fifo_gray_dst_aw/i_spill_register/spill_register_flushable_i/gen_spill_reg.a_data_q_reg[addr][11]/CLR
  -------------------------------------------------------------------    -------------------

                         max delay                    5.000     5.000    
    AD12                                              0.000     5.000 r  sys_clk_p (IN)
                         net (fo=0)                   0.000     5.000    sys_clk_p
    AD12                 IBUFDS (Prop_ibufds_I_O)     0.803     5.803 r  i_bufds_sys_clk/O
                         net (fo=1, routed)           2.173     7.976    sys_clk
    BUFGCTRL_X0Y1        BUFG (Prop_bufg_I_O)         0.083     8.059 r  sys_clk_BUFG_inst/O
                         net (fo=63, routed)          1.626     9.685    i_dram_wrapper/i_dram/u_mig7s_mig/u_ddr3_infrastructure/plle2_i_0
    PLLE2_ADV_X1Y1       PLLE2_ADV (Prop_plle2_adv_CLKIN1_CLKOUT3)
                                                      0.073     9.758 r  i_dram_wrapper/i_dram/u_mig7s_mig/u_ddr3_infrastructure/plle2_i/CLKOUT3
                         net (fo=1, routed)           1.043    10.801    i_dram_wrapper/i_dram/u_mig7s_mig/u_ddr3_infrastructure/pll_clk3_out
    BUFHCE_X1Y12         BUFH (Prop_bufh_I_O)         0.066    10.867 r  i_dram_wrapper/i_dram/u_mig7s_mig/u_ddr3_infrastructure/u_bufh_pll_clk3/O
                         net (fo=1, routed)           0.722    11.589    i_dram_wrapper/i_dram/u_mig7s_mig/u_ddr3_infrastructure/pll_clk3
    MMCME2_ADV_X1Y1      MMCME2_ADV (Prop_mmcme2_adv_CLKIN1_CLKFBOUT)
                                                     -3.694     7.895 r  i_dram_wrapper/i_dram/u_mig7s_mig/u_ddr3_infrastructure/gen_mmcm.mmcm_i/CLKFBOUT
                         net (fo=1, routed)           2.005     9.900    i_dram_wrapper/i_dram/u_mig7s_mig/u_ddr3_infrastructure/clk_pll_i
    BUFGCTRL_X0Y0        BUFG (Prop_bufg_I_O)         0.083     9.983 r  i_dram_wrapper/i_dram/u_mig7s_mig/u_ddr3_infrastructure/u_bufg_clkdiv0/O
                         net (fo=13203, routed)       1.098    11.081    i_dram_wrapper/gen_cdc.i_axi_cdc_mig/i_axi_cdc_dst/i_cdc_fifo_gray_dst_aw/i_spill_register/spill_register_flushable_i/CLK
    SLICE_X121Y208       FDCE                                         r  i_dram_wrapper/gen_cdc.i_axi_cdc_mig/i_axi_cdc_dst/i_cdc_fifo_gray_dst_aw/i_spill_register/spill_register_flushable_i/gen_spill_reg.a_data_q_reg[addr][11]/C
                         clock pessimism              0.462    11.544    
                         clock uncertainty           -0.052    11.491    
    SLICE_X121Y208       FDCE (Recov_fdce_C_CLR)     -0.212    11.279    i_dram_wrapper/gen_cdc.i_axi_cdc_mig/i_axi_cdc_dst/i_cdc_fifo_gray_dst_aw/i_spill_register/spill_register_flushable_i/gen_spill_reg.a_data_q_reg[addr][11]
  -------------------------------------------------------------------
                         required time                         11.279    
                         arrival time                         -10.890    
  -------------------------------------------------------------------
                         slack                                  0.389    

Slack (MET) :             0.390ns  (required time - arrival time)
  Source:                 i_dram_wrapper/i_dram/u_mig7s_mig/u_memc_ui_top_axi/mem_intfc0/ddr_phy_top0/u_ddr_mc_phy_wrapper/u_ddr_mc_phy/ddr_phy_4lanes_0.u_ddr_phy_4lanes/ddr_byte_lane_D.ddr_byte_lane_D/phaser_out/OCLKDELAYED
                            (rising edge-triggered cell PHASER_OUT_PHY clocked by oserdes_clk_3'  {rise@0.000ns fall@0.625ns period=1.250ns})
  Destination:            i_dram_wrapper/i_dram/u_mig7s_mig/u_memc_ui_top_axi/mem_intfc0/ddr_phy_top0/u_ddr_mc_phy_wrapper/u_ddr_mc_phy/ddr_phy_4lanes_0.u_ddr_phy_4lanes/ddr_byte_lane_D.ddr_byte_lane_D/ddr_byte_group_io/dqs_gen.oddr_dqsts/D1
                            (rising edge-triggered cell ODDR clocked by oserdes_clk_3'  {rise@0.000ns fall@0.625ns period=1.250ns})
  Path Group:             oserdes_clk_3
  Path Type:              Setup (Max at Fast Process Corner)
  Requirement:            1.250ns  (oserdes_clk_3 fall@1.875ns - oserdes_clk_3 fall@0.625ns)
  Data Path Delay:        0.545ns  (logic 0.373ns (68.403%)  route 0.172ns (31.597%))
  Logic Levels:           0  
  Clock Path Skew:        0.179ns (DCD - SCD + CPR)
    Destination Clock Delay (DCD):    5.879ns = ( 7.754 - 1.875 ) 
    Source Clock Delay      (SCD):    6.255ns = ( 6.880 - 0.625 ) 
    Clock Pessimism Removal (CPR):    0.556ns
  Clock Uncertainty:      0.047ns  ((TSJ^2 + DJ^2)^1/2) / 2 + PE
    Total System Jitter     (TSJ):    0.071ns
    Discrete Jitter          (DJ):    0.061ns
    Phase Error              (PE):    0.000ns

    Location             Delay type                Incr(ns)  Path(ns)    Netlist Resource(s)
  -------------------------------------------------------------------    -------------------
                         (clock oserdes_clk_3 fall edge)
                                                      0.625     0.625 f  
    AD12                                              0.000     0.625 f  sys_clk_p (IN)
                         net (fo=0)                   0.000     0.625    sys_clk_p
    AD12                 IBUFDS (Prop_ibufds_I_O)     0.470     1.095 f  i_bufds_sys_clk/O
                         net (fo=1, routed)           1.154     2.249    sys_clk
    BUFGCTRL_X0Y1        BUFG (Prop_bufg_I_O)         0.030     2.279 f  sys_clk_BUFG_inst/O
                         net (fo=63, routed)          0.965     3.244    i_dram_wrapper/i_dram/u_mig7s_mig/u_ddr3_infrastructure/plle2_i_0
    PLLE2_ADV_X1Y1       PLLE2_ADV (Prop_plle2_adv_CLKIN1_CLKOUT1)
                                                      0.053     3.297 f  i_dram_wrapper/i_dram/u_mig7s_mig/u_ddr3_infrastructure/plle2_i/CLKOUT1
                         net (fo=14, routed)          0.586     3.883    i_dram_wrapper/i_dram/u_mig7s_mig/u_memc_ui_top_axi/mem_intfc0/ddr_phy_top0/u_ddr_mc_phy_wrapper/u_ddr_mc_phy/ddr_phy_4lanes_0.u_ddr_phy_4lanes/ddr_byte_lane_D.ddr_byte_lane_D/mem_refclk
    PHASER_OUT_PHY_X1Y11 PHASER_OUT_PHY (Prop_phaser_out_phy_MEMREFCLK_OCLK)
                                                      1.858     5.741 f  i_dram_wrapper/i_dram/u_mig7s_mig/u_memc_ui_top_axi/mem_intfc0/ddr_phy_top0/u_ddr_mc_phy_wrapper/u_ddr_mc_phy/ddr_phy_4lanes_0.u_ddr_phy_4lanes/ddr_byte_lane_D.ddr_byte_lane_D/phaser_out/OCLK
    PHASER_OUT_PHY_X1Y11 PHASER_OUT_PHY (Prop_phaser_out_phy_OCLK_OCLKDELAYED)
                                                      1.139     6.880 r  i_dram_wrapper/i_dram/u_mig7s_mig/u_memc_ui_top_axi/mem_intfc0/ddr_phy_top0/u_ddr_mc_phy_wrapper/u_ddr_mc_phy/ddr_phy_4lanes_0.u_ddr_phy_4lanes/ddr_byte_lane_D.ddr_byte_lane_D/phaser_out/OCLKDELAYED
  -------------------------------------------------------------------    -------------------
    PHASER_OUT_PHY_X1Y11 PHASER_OUT_PHY (Prop_phaser_out_phy_OCLKDELAYED_CTSBUS[0])
                                                      0.373     7.253 r  i_dram_wrapper/i_dram/u_mig7s_mig/u_memc_ui_top_axi/mem_intfc0/ddr_phy_top0/u_ddr_mc_phy_wrapper/u_ddr_mc_phy/ddr_phy_4lanes_0.u_ddr_phy_4lanes/ddr_byte_lane_D.ddr_byte_lane_D/phaser_out/CTSBUS[0]
                         net (fo=2, routed)           0.172     7.426    i_dram_wrapper/i_dram/u_mig7s_mig/u_memc_ui_top_axi/mem_intfc0/ddr_phy_top0/u_ddr_mc_phy_wrapper/u_ddr_mc_phy/ddr_phy_4lanes_0.u_ddr_phy_4lanes/ddr_byte_lane_D.ddr_byte_lane_D/ddr_byte_group_io/CTSBUS[0]
    OLOGIC_X1Y144        ODDR                                         r  i_dram_wrapper/i_dram/u_mig7s_mig/u_memc_ui_top_axi/mem_intfc0/ddr_phy_top0/u_ddr_mc_phy_wrapper/u_ddr_mc_phy/ddr_phy_4lanes_0.u_ddr_phy_4lanes/ddr_byte_lane_D.ddr_byte_lane_D/ddr_byte_group_io/dqs_gen.oddr_dqsts/D1
  -------------------------------------------------------------------    -------------------

                         (clock oserdes_clk_3 fall edge)
                                                      1.875     1.875 f  
    AD12                                              0.000     1.875 f  sys_clk_p (IN)
                         net (fo=0)                   0.000     1.875    sys_clk_p
    AD12                 IBUFDS (Prop_ibufds_I_O)     0.388     2.263 f  i_bufds_sys_clk/O
                         net (fo=1, routed)           1.083     3.346    sys_clk
    BUFGCTRL_X0Y1        BUFG (Prop_bufg_I_O)         0.026     3.372 f  sys_clk_BUFG_inst/O
                         net (fo=63, routed)          0.715     4.087    i_dram_wrapper/i_dram/u_mig7s_mig/u_ddr3_infrastructure/plle2_i_0
    PLLE2_ADV_X1Y1       PLLE2_ADV (Prop_plle2_adv_CLKIN1_CLKOUT1)
                                                      0.050     4.137 f  i_dram_wrapper/i_dram/u_mig7s_mig/u_ddr3_infrastructure/plle2_i/CLKOUT1
                         net (fo=14, routed)          0.518     4.655    i_dram_wrapper/i_dram/u_mig7s_mig/u_memc_ui_top_axi/mem_intfc0/ddr_phy_top0/u_ddr_mc_phy_wrapper/u_ddr_mc_phy/ddr_phy_4lanes_0.u_ddr_phy_4lanes/ddr_byte_lane_D.ddr_byte_lane_D/mem_refclk
    PHASER_OUT_PHY_X1Y11 PHASER_OUT_PHY (Prop_phaser_out_phy_MEMREFCLK_OCLK)
                                                      1.813     6.469 f  i_dram_wrapper/i_dram/u_mig7s_mig/u_memc_ui_top_axi/mem_intfc0/ddr_phy_top0/u_ddr_mc_phy_wrapper/u_ddr_mc_phy/ddr_phy_4lanes_0.u_ddr_phy_4lanes/ddr_byte_lane_D.ddr_byte_lane_D/phaser_out/OCLK
    PHASER_OUT_PHY_X1Y11 PHASER_OUT_PHY (Prop_phaser_out_phy_OCLK_OCLKDELAYED)
                                                      1.106     7.575 r  i_dram_wrapper/i_dram/u_mig7s_mig/u_memc_ui_top_axi/mem_intfc0/ddr_phy_top0/u_ddr_mc_phy_wrapper/u_ddr_mc_phy/ddr_phy_4lanes_0.u_ddr_phy_4lanes/ddr_byte_lane_D.ddr_byte_lane_D/phaser_out/OCLKDELAYED
                         net (fo=2, routed)           0.179     7.754    i_dram_wrapper/i_dram/u_mig7s_mig/u_memc_ui_top_axi/mem_intfc0/ddr_phy_top0/u_ddr_mc_phy_wrapper/u_ddr_mc_phy/ddr_phy_4lanes_0.u_ddr_phy_4lanes/ddr_byte_lane_D.ddr_byte_lane_D/ddr_byte_group_io/oserdes_clk_delayed
    OLOGIC_X1Y144        ODDR                                         r  i_dram_wrapper/i_dram/u_mig7s_mig/u_memc_ui_top_axi/mem_intfc0/ddr_phy_top0/u_ddr_mc_phy_wrapper/u_ddr_mc_phy/ddr_phy_4lanes_0.u_ddr_phy_4lanes/ddr_byte_lane_D.ddr_byte_lane_D/ddr_byte_group_io/dqs_gen.oddr_dqsts/C
                         clock pessimism              0.556     8.309    
                         clock uncertainty           -0.047     8.262    
    OLOGIC_X1Y144        ODDR (Setup_oddr_C_D1)      -0.447     7.815    i_dram_wrapper/i_dram/u_mig7s_mig/u_memc_ui_top_axi/mem_intfc0/ddr_phy_top0/u_ddr_mc_phy_wrapper/u_ddr_mc_phy/ddr_phy_4lanes_0.u_ddr_phy_4lanes/ddr_byte_lane_D.ddr_byte_lane_D/ddr_byte_group_io/dqs_gen.oddr_dqsts
  -------------------------------------------------------------------
                         required time                          7.815    
                         arrival time                          -7.426    
  -------------------------------------------------------------------
                         slack                                  0.390    

Slack (MET) :             0.390ns  (required time - arrival time)
  Source:                 i_dram_wrapper/i_dram/u_mig7s_mig/u_memc_ui_top_axi/mem_intfc0/ddr_phy_top0/u_ddr_mc_phy_wrapper/u_ddr_mc_phy/ddr_phy_4lanes_0.u_ddr_phy_4lanes/ddr_byte_lane_D.ddr_byte_lane_D/phaser_out/OCLKDELAYED
                            (rising edge-triggered cell PHASER_OUT_PHY clocked by oserdes_clk_3'  {rise@0.000ns fall@0.625ns period=1.250ns})
  Destination:            i_dram_wrapper/i_dram/u_mig7s_mig/u_memc_ui_top_axi/mem_intfc0/ddr_phy_top0/u_ddr_mc_phy_wrapper/u_ddr_mc_phy/ddr_phy_4lanes_0.u_ddr_phy_4lanes/ddr_byte_lane_D.ddr_byte_lane_D/ddr_byte_group_io/dqs_gen.oddr_dqsts/D1
                            (rising edge-triggered cell ODDR clocked by oserdes_clk_3'  {rise@0.000ns fall@0.625ns period=1.250ns})
  Path Group:             oserdes_clk_3
  Path Type:              Setup (Max at Fast Process Corner)
  Requirement:            1.250ns  (oserdes_clk_3 fall@1.875ns - oserdes_clk_3 fall@0.625ns)
  Data Path Delay:        0.545ns  (logic 0.373ns (68.403%)  route 0.172ns (31.597%))
  Logic Levels:           0  
  Clock Path Skew:        0.179ns (DCD - SCD + CPR)
    Destination Clock Delay (DCD):    5.879ns = ( 7.754 - 1.875 ) 
    Source Clock Delay      (SCD):    6.255ns = ( 6.880 - 0.625 ) 
    Clock Pessimism Removal (CPR):    0.556ns
  Clock Uncertainty:      0.047ns  ((TSJ^2 + DJ^2)^1/2) / 2 + PE
    Total System Jitter     (TSJ):    0.071ns
    Discrete Jitter          (DJ):    0.061ns
    Phase Error              (PE):    0.000ns

    Location             Delay type                Incr(ns)  Path(ns)    Netlist Resource(s)
  -------------------------------------------------------------------    -------------------
                         (clock oserdes_clk_3 fall edge)
                                                      0.625     0.625 f  
    AD12                                              0.000     0.625 f  sys_clk_p (IN)
                         net (fo=0)                   0.000     0.625    sys_clk_p
    AD12                 IBUFDS (Prop_ibufds_I_O)     0.470     1.095 f  i_bufds_sys_clk/O
                         net (fo=1, routed)           1.154     2.249    sys_clk
    BUFGCTRL_X0Y1        BUFG (Prop_bufg_I_O)         0.030     2.279 f  sys_clk_BUFG_inst/O
                         net (fo=63, routed)          0.965     3.244    i_dram_wrapper/i_dram/u_mig7s_mig/u_ddr3_infrastructure/plle2_i_0
    PLLE2_ADV_X1Y1       PLLE2_ADV (Prop_plle2_adv_CLKIN1_CLKOUT1)
                                                      0.053     3.297 f  i_dram_wrapper/i_dram/u_mig7s_mig/u_ddr3_infrastructure/plle2_i/CLKOUT1
                         net (fo=14, routed)          0.586     3.883    i_dram_wrapper/i_dram/u_mig7s_mig/u_memc_ui_top_axi/mem_intfc0/ddr_phy_top0/u_ddr_mc_phy_wrapper/u_ddr_mc_phy/ddr_phy_4lanes_0.u_ddr_phy_4lanes/ddr_byte_lane_D.ddr_byte_lane_D/mem_refclk
    PHASER_OUT_PHY_X1Y11 PHASER_OUT_PHY (Prop_phaser_out_phy_MEMREFCLK_OCLK)
                                                      1.858     5.741 f  i_dram_wrapper/i_dram/u_mig7s_mig/u_memc_ui_top_axi/mem_intfc0/ddr_phy_top0/u_ddr_mc_phy_wrapper/u_ddr_mc_phy/ddr_phy_4lanes_0.u_ddr_phy_4lanes/ddr_byte_lane_D.ddr_byte_lane_D/phaser_out/OCLK
    PHASER_OUT_PHY_X1Y11 PHASER_OUT_PHY (Prop_phaser_out_phy_OCLK_OCLKDELAYED)
                                                      1.139     6.880 r  i_dram_wrapper/i_dram/u_mig7s_mig/u_memc_ui_top_axi/mem_intfc0/ddr_phy_top0/u_ddr_mc_phy_wrapper/u_ddr_mc_phy/ddr_phy_4lanes_0.u_ddr_phy_4lanes/ddr_byte_lane_D.ddr_byte_lane_D/phaser_out/OCLKDELAYED
  -------------------------------------------------------------------    -------------------
    PHASER_OUT_PHY_X1Y11 PHASER_OUT_PHY (Prop_phaser_out_phy_OCLKDELAYED_CTSBUS[0])
                                                      0.373     7.253 f  i_dram_wrapper/i_dram/u_mig7s_mig/u_memc_ui_top_axi/mem_intfc0/ddr_phy_top0/u_ddr_mc_phy_wrapper/u_ddr_mc_phy/ddr_phy_4lanes_0.u_ddr_phy_4lanes/ddr_byte_lane_D.ddr_byte_lane_D/phaser_out/CTSBUS[0]
                         net (fo=2, routed)           0.172     7.426    i_dram_wrapper/i_dram/u_mig7s_mig/u_memc_ui_top_axi/mem_intfc0/ddr_phy_top0/u_ddr_mc_phy_wrapper/u_ddr_mc_phy/ddr_phy_4lanes_0.u_ddr_phy_4lanes/ddr_byte_lane_D.ddr_byte_lane_D/ddr_byte_group_io/CTSBUS[0]
    OLOGIC_X1Y144        ODDR                                         f  i_dram_wrapper/i_dram/u_mig7s_mig/u_memc_ui_top_axi/mem_intfc0/ddr_phy_top0/u_ddr_mc_phy_wrapper/u_ddr_mc_phy/ddr_phy_4lanes_0.u_ddr_phy_4lanes/ddr_byte_lane_D.ddr_byte_lane_D/ddr_byte_group_io/dqs_gen.oddr_dqsts/D1
  -------------------------------------------------------------------    -------------------

                         (clock oserdes_clk_3 fall edge)
                                                      1.875     1.875 f  
    AD12                                              0.000     1.875 f  sys_clk_p (IN)
                         net (fo=0)                   0.000     1.875    sys_clk_p
    AD12                 IBUFDS (Prop_ibufds_I_O)     0.388     2.263 f  i_bufds_sys_clk/O
                         net (fo=1, routed)           1.083     3.346    sys_clk
    BUFGCTRL_X0Y1        BUFG (Prop_bufg_I_O)         0.026     3.372 f  sys_clk_BUFG_inst/O
                         net (fo=63, routed)          0.715     4.087    i_dram_wrapper/i_dram/u_mig7s_mig/u_ddr3_infrastructure/plle2_i_0
    PLLE2_ADV_X1Y1       PLLE2_ADV (Prop_plle2_adv_CLKIN1_CLKOUT1)
                                                      0.050     4.137 f  i_dram_wrapper/i_dram/u_mig7s_mig/u_ddr3_infrastructure/plle2_i/CLKOUT1
                         net (fo=14, routed)          0.518     4.655    i_dram_wrapper/i_dram/u_mig7s_mig/u_memc_ui_top_axi/mem_intfc0/ddr_phy_top0/u_ddr_mc_phy_wrapper/u_ddr_mc_phy/ddr_phy_4lanes_0.u_ddr_phy_4lanes/ddr_byte_lane_D.ddr_byte_lane_D/mem_refclk
    PHASER_OUT_PHY_X1Y11 PHASER_OUT_PHY (Prop_phaser_out_phy_MEMREFCLK_OCLK)
                                                      1.813     6.469 f  i_dram_wrapper/i_dram/u_mig7s_mig/u_memc_ui_top_axi/mem_intfc0/ddr_phy_top0/u_ddr_mc_phy_wrapper/u_ddr_mc_phy/ddr_phy_4lanes_0.u_ddr_phy_4lanes/ddr_byte_lane_D.ddr_byte_lane_D/phaser_out/OCLK
    PHASER_OUT_PHY_X1Y11 PHASER_OUT_PHY (Prop_phaser_out_phy_OCLK_OCLKDELAYED)
                                                      1.106     7.575 r  i_dram_wrapper/i_dram/u_mig7s_mig/u_memc_ui_top_axi/mem_intfc0/ddr_phy_top0/u_ddr_mc_phy_wrapper/u_ddr_mc_phy/ddr_phy_4lanes_0.u_ddr_phy_4lanes/ddr_byte_lane_D.ddr_byte_lane_D/phaser_out/OCLKDELAYED
                         net (fo=2, routed)           0.179     7.754    i_dram_wrapper/i_dram/u_mig7s_mig/u_memc_ui_top_axi/mem_intfc0/ddr_phy_top0/u_ddr_mc_phy_wrapper/u_ddr_mc_phy/ddr_phy_4lanes_0.u_ddr_phy_4lanes/ddr_byte_lane_D.ddr_byte_lane_D/ddr_byte_group_io/oserdes_clk_delayed
    OLOGIC_X1Y144        ODDR                                         r  i_dram_wrapper/i_dram/u_mig7s_mig/u_memc_ui_top_axi/mem_intfc0/ddr_phy_top0/u_ddr_mc_phy_wrapper/u_ddr_mc_phy/ddr_phy_4lanes_0.u_ddr_phy_4lanes/ddr_byte_lane_D.ddr_byte_lane_D/ddr_byte_group_io/dqs_gen.oddr_dqsts/C
                         clock pessimism              0.556     8.309    
                         clock uncertainty           -0.047     8.262    
    OLOGIC_X1Y144        ODDR (Setup_oddr_C_D1)      -0.447     7.815    i_dram_wrapper/i_dram/u_mig7s_mig/u_memc_ui_top_axi/mem_intfc0/ddr_phy_top0/u_ddr_mc_phy_wrapper/u_ddr_mc_phy/ddr_phy_4lanes_0.u_ddr_phy_4lanes/ddr_byte_lane_D.ddr_byte_lane_D/ddr_byte_group_io/dqs_gen.oddr_dqsts
  -------------------------------------------------------------------
                         required time                          7.815    
                         arrival time                          -7.426    
  -------------------------------------------------------------------
                         slack                                  0.390    

Slack (MET) :             0.392ns  (required time - arrival time)
  Source:                 i_dram_wrapper/i_dram/u_mig7s_mig/u_memc_ui_top_axi/mem_intfc0/ddr_phy_top0/u_ddr_mc_phy_wrapper/u_ddr_mc_phy/ddr_phy_4lanes_1.u_ddr_phy_4lanes/ddr_byte_lane_C.ddr_byte_lane_C/phaser_out/OCLK
                            (rising edge-triggered cell PHASER_OUT_PHY clocked by oserdes_clk_6  {rise@0.000ns fall@0.625ns period=1.250ns})
  Destination:            i_dram_wrapper/i_dram/u_mig7s_mig/u_memc_ui_top_axi/mem_intfc0/ddr_phy_top0/u_ddr_mc_phy_wrapper/u_ddr_mc_phy/ddr_phy_4lanes_1.u_ddr_phy_4lanes/ddr_byte_lane_C.ddr_byte_lane_C/ddr_byte_group_io/output_[8].oserdes_dq_.sdr.oserdes_dq_i/RST
                            (rising edge-triggered cell OSERDESE2 clocked by oserdes_clkdiv_6  {rise@0.000ns fall@2.500ns period=5.000ns})
  Path Group:             oserdes_clkdiv_6
  Path Type:              Setup (Max at Slow Process Corner)
  Requirement:            2.500ns  (oserdes_clkdiv_6 rise@5.000ns - oserdes_clk_6 rise@2.500ns)
  Data Path Delay:        2.037ns  (logic 0.466ns (22.878%)  route 1.571ns (77.122%))
  Logic Levels:           0  
  Clock Path Skew:        0.429ns (DCD - SCD + CPR)
    Destination Clock Delay (DCD):    8.074ns = ( 13.074 - 5.000 ) 
    Source Clock Delay      (SCD):    8.207ns = ( 11.957 - 3.750 ) 
    Clock Pessimism Removal (CPR):    0.561ns
  Clock Uncertainty:      0.047ns  ((TSJ^2 + DJ^2)^1/2) / 2 + PE
    Total System Jitter     (TSJ):    0.071ns
    Discrete Jitter          (DJ):    0.061ns
    Phase Error              (PE):    0.000ns
  Timing Exception:       MultiCycle Path   Setup -start 2

    Location             Delay type                Incr(ns)  Path(ns)    Netlist Resource(s)
  -------------------------------------------------------------------    -------------------
                         (clock oserdes_clk_6 rise edge)
                                                      2.500     2.500 r  
    AD12                                              0.000     2.500 r  sys_clk_p (IN)
                         net (fo=0)                   0.000     2.500    sys_clk_p
    AD12                 IBUFDS (Prop_ibufds_I_O)     0.906     3.406 r  i_bufds_sys_clk/O
                         net (fo=1, routed)           2.299     5.705    sys_clk
    BUFGCTRL_X0Y1        BUFG (Prop_bufg_I_O)         0.093     5.798 r  sys_clk_BUFG_inst/O
                         net (fo=63, routed)          1.787     7.585    i_dram_wrapper/i_dram/u_mig7s_mig/u_ddr3_infrastructure/plle2_i_0
    PLLE2_ADV_X1Y1       PLLE2_ADV (Prop_plle2_adv_CLKIN1_CLKOUT1)
                                                      0.077     7.662 r  i_dram_wrapper/i_dram/u_mig7s_mig/u_ddr3_infrastructure/plle2_i/CLKOUT1
                         net (fo=14, routed)          0.962     8.624    i_dram_wrapper/i_dram/u_mig7s_mig/u_memc_ui_top_axi/mem_intfc0/ddr_phy_top0/u_ddr_mc_phy_wrapper/u_ddr_mc_phy/ddr_phy_4lanes_1.u_ddr_phy_4lanes/ddr_byte_lane_C.ddr_byte_lane_C/mem_refclk
    PHASER_OUT_PHY_X1Y6  PHASER_OUT_PHY (Prop_phaser_out_phy_MEMREFCLK_OCLK)
                                                      2.083    10.707 r  i_dram_wrapper/i_dram/u_mig7s_mig/u_memc_ui_top_axi/mem_intfc0/ddr_phy_top0/u_ddr_mc_phy_wrapper/u_ddr_mc_phy/ddr_phy_4lanes_1.u_ddr_phy_4lanes/ddr_byte_lane_C.ddr_byte_lane_C/phaser_out/OCLK
  -------------------------------------------------------------------    -------------------
    PHASER_OUT_PHY_X1Y6  PHASER_OUT_PHY (Prop_phaser_out_phy_OCLK_OSERDESRST)
                                                      0.466    11.173 r  i_dram_wrapper/i_dram/u_mig7s_mig/u_memc_ui_top_axi/mem_intfc0/ddr_phy_top0/u_ddr_mc_phy_wrapper/u_ddr_mc_phy/ddr_phy_4lanes_1.u_ddr_phy_4lanes/ddr_byte_lane_C.ddr_byte_lane_C/phaser_out/OSERDESRST
                         net (fo=10, routed)          1.571    12.744    i_dram_wrapper/i_dram/u_mig7s_mig/u_memc_ui_top_axi/mem_intfc0/ddr_phy_top0/u_ddr_mc_phy_wrapper/u_ddr_mc_phy/ddr_phy_4lanes_1.u_ddr_phy_4lanes/ddr_byte_lane_C.ddr_byte_lane_C/ddr_byte_group_io/po_oserdes_rst
    OLOGIC_X1Y85         OSERDESE2                                    r  i_dram_wrapper/i_dram/u_mig7s_mig/u_memc_ui_top_axi/mem_intfc0/ddr_phy_top0/u_ddr_mc_phy_wrapper/u_ddr_mc_phy/ddr_phy_4lanes_1.u_ddr_phy_4lanes/ddr_byte_lane_C.ddr_byte_lane_C/ddr_byte_group_io/output_[8].oserdes_dq_.sdr.oserdes_dq_i/RST
  -------------------------------------------------------------------    -------------------

                         (clock oserdes_clkdiv_6 rise edge)
                                                      5.000     5.000 r  
    AD12                                              0.000     5.000 r  sys_clk_p (IN)
                         net (fo=0)                   0.000     5.000    sys_clk_p
    AD12                 IBUFDS (Prop_ibufds_I_O)     0.803     5.803 r  i_bufds_sys_clk/O
                         net (fo=1, routed)           2.173     7.976    sys_clk
    BUFGCTRL_X0Y1        BUFG (Prop_bufg_I_O)         0.083     8.059 r  sys_clk_BUFG_inst/O
                         net (fo=63, routed)          1.626     9.685    i_dram_wrapper/i_dram/u_mig7s_mig/u_ddr3_infrastructure/plle2_i_0
    PLLE2_ADV_X1Y1       PLLE2_ADV (Prop_plle2_adv_CLKIN1_CLKOUT1)
                                                      0.073     9.758 r  i_dram_wrapper/i_dram/u_mig7s_mig/u_ddr3_infrastructure/plle2_i/CLKOUT1
                         net (fo=14, routed)          0.860    10.618    i_dram_wrapper/i_dram/u_mig7s_mig/u_memc_ui_top_axi/mem_intfc0/ddr_phy_top0/u_ddr_mc_phy_wrapper/u_ddr_mc_phy/ddr_phy_4lanes_1.u_ddr_phy_4lanes/ddr_byte_lane_C.ddr_byte_lane_C/mem_refclk
    PHASER_OUT_PHY_X1Y6  PHASER_OUT_PHY (Prop_phaser_out_phy_MEMREFCLK_OCLK)
                                                      2.027    12.645 r  i_dram_wrapper/i_dram/u_mig7s_mig/u_memc_ui_top_axi/mem_intfc0/ddr_phy_top0/u_ddr_mc_phy_wrapper/u_ddr_mc_phy/ddr_phy_4lanes_1.u_ddr_phy_4lanes/ddr_byte_lane_C.ddr_byte_lane_C/phaser_out/OCLK
    PHASER_OUT_PHY_X1Y6  PHASER_OUT_PHY (Prop_phaser_out_phy_OCLK_OCLKDIV)
                                                      0.133    12.778 r  i_dram_wrapper/i_dram/u_mig7s_mig/u_memc_ui_top_axi/mem_intfc0/ddr_phy_top0/u_ddr_mc_phy_wrapper/u_ddr_mc_phy/ddr_phy_4lanes_1.u_ddr_phy_4lanes/ddr_byte_lane_C.ddr_byte_lane_C/phaser_out/OCLKDIV
                         net (fo=11, routed)          0.296    13.074    i_dram_wrapper/i_dram/u_mig7s_mig/u_memc_ui_top_axi/mem_intfc0/ddr_phy_top0/u_ddr_mc_phy_wrapper/u_ddr_mc_phy/ddr_phy_4lanes_1.u_ddr_phy_4lanes/ddr_byte_lane_C.ddr_byte_lane_C/ddr_byte_group_io/oserdes_clkdiv
    OLOGIC_X1Y85         OSERDESE2                                    r  i_dram_wrapper/i_dram/u_mig7s_mig/u_memc_ui_top_axi/mem_intfc0/ddr_phy_top0/u_ddr_mc_phy_wrapper/u_ddr_mc_phy/ddr_phy_4lanes_1.u_ddr_phy_4lanes/ddr_byte_lane_C.ddr_byte_lane_C/ddr_byte_group_io/output_[8].oserdes_dq_.sdr.oserdes_dq_i/CLKDIV
                         clock pessimism              0.561    13.636    
                         clock uncertainty           -0.047    13.589    
    OLOGIC_X1Y85         OSERDESE2 (Setup_oserdese2_CLKDIV_RST)
                                                     -0.453    13.136    i_dram_wrapper/i_dram/u_mig7s_mig/u_memc_ui_top_axi/mem_intfc0/ddr_phy_top0/u_ddr_mc_phy_wrapper/u_ddr_mc_phy/ddr_phy_4lanes_1.u_ddr_phy_4lanes/ddr_byte_lane_C.ddr_byte_lane_C/ddr_byte_group_io/output_[8].oserdes_dq_.sdr.oserdes_dq_i
  -------------------------------------------------------------------
                         required time                         13.136    
                         arrival time                         -12.744    
  -------------------------------------------------------------------
                         slack                                  0.392    

Slack (MET) :             0.392ns  (required time - arrival time)
  Source:                 i_dram_wrapper/i_dram/u_mig7s_mig/u_memc_ui_top_axi/mem_intfc0/ddr_phy_top0/u_ddr_mc_phy_wrapper/u_ddr_mc_phy/ddr_phy_4lanes_1.u_ddr_phy_4lanes/ddr_byte_lane_C.ddr_byte_lane_C/phaser_out/OCLK
                            (rising edge-triggered cell PHASER_OUT_PHY clocked by oserdes_clk_6  {rise@0.000ns fall@0.625ns period=1.250ns})
  Destination:            i_dram_wrapper/i_dram/u_mig7s_mig/u_memc_ui_top_axi/mem_intfc0/ddr_phy_top0/u_ddr_mc_phy_wrapper/u_ddr_mc_phy/ddr_phy_4lanes_1.u_ddr_phy_4lanes/ddr_byte_lane_C.ddr_byte_lane_C/ddr_byte_group_io/output_[8].oserdes_dq_.sdr.oserdes_dq_i/RST
                            (rising edge-triggered cell OSERDESE2 clocked by oserdes_clkdiv_6  {rise@0.000ns fall@2.500ns period=5.000ns})
  Path Group:             oserdes_clkdiv_6
  Path Type:              Setup (Max at Slow Process Corner)
  Requirement:            2.500ns  (oserdes_clkdiv_6 rise@5.000ns - oserdes_clk_6 rise@2.500ns)
  Data Path Delay:        2.037ns  (logic 0.466ns (22.878%)  route 1.571ns (77.122%))
  Logic Levels:           0  
  Clock Path Skew:        0.429ns (DCD - SCD + CPR)
    Destination Clock Delay (DCD):    8.074ns = ( 13.074 - 5.000 ) 
    Source Clock Delay      (SCD):    8.207ns = ( 11.957 - 3.750 ) 
    Clock Pessimism Removal (CPR):    0.561ns
  Clock Uncertainty:      0.047ns  ((TSJ^2 + DJ^2)^1/2) / 2 + PE
    Total System Jitter     (TSJ):    0.071ns
    Discrete Jitter          (DJ):    0.061ns
    Phase Error              (PE):    0.000ns
  Timing Exception:       MultiCycle Path   Setup -start 2

    Location             Delay type                Incr(ns)  Path(ns)    Netlist Resource(s)
  -------------------------------------------------------------------    -------------------
                         (clock oserdes_clk_6 rise edge)
                                                      2.500     2.500 r  
    AD12                                              0.000     2.500 r  sys_clk_p (IN)
                         net (fo=0)                   0.000     2.500    sys_clk_p
    AD12                 IBUFDS (Prop_ibufds_I_O)     0.906     3.406 r  i_bufds_sys_clk/O
                         net (fo=1, routed)           2.299     5.705    sys_clk
    BUFGCTRL_X0Y1        BUFG (Prop_bufg_I_O)         0.093     5.798 r  sys_clk_BUFG_inst/O
                         net (fo=63, routed)          1.787     7.585    i_dram_wrapper/i_dram/u_mig7s_mig/u_ddr3_infrastructure/plle2_i_0
    PLLE2_ADV_X1Y1       PLLE2_ADV (Prop_plle2_adv_CLKIN1_CLKOUT1)
                                                      0.077     7.662 r  i_dram_wrapper/i_dram/u_mig7s_mig/u_ddr3_infrastructure/plle2_i/CLKOUT1
                         net (fo=14, routed)          0.962     8.624    i_dram_wrapper/i_dram/u_mig7s_mig/u_memc_ui_top_axi/mem_intfc0/ddr_phy_top0/u_ddr_mc_phy_wrapper/u_ddr_mc_phy/ddr_phy_4lanes_1.u_ddr_phy_4lanes/ddr_byte_lane_C.ddr_byte_lane_C/mem_refclk
    PHASER_OUT_PHY_X1Y6  PHASER_OUT_PHY (Prop_phaser_out_phy_MEMREFCLK_OCLK)
                                                      2.083    10.707 r  i_dram_wrapper/i_dram/u_mig7s_mig/u_memc_ui_top_axi/mem_intfc0/ddr_phy_top0/u_ddr_mc_phy_wrapper/u_ddr_mc_phy/ddr_phy_4lanes_1.u_ddr_phy_4lanes/ddr_byte_lane_C.ddr_byte_lane_C/phaser_out/OCLK
  -------------------------------------------------------------------    -------------------
    PHASER_OUT_PHY_X1Y6  PHASER_OUT_PHY (Prop_phaser_out_phy_OCLK_OSERDESRST)
                                                      0.466    11.173 f  i_dram_wrapper/i_dram/u_mig7s_mig/u_memc_ui_top_axi/mem_intfc0/ddr_phy_top0/u_ddr_mc_phy_wrapper/u_ddr_mc_phy/ddr_phy_4lanes_1.u_ddr_phy_4lanes/ddr_byte_lane_C.ddr_byte_lane_C/phaser_out/OSERDESRST
                         net (fo=10, routed)          1.571    12.744    i_dram_wrapper/i_dram/u_mig7s_mig/u_memc_ui_top_axi/mem_intfc0/ddr_phy_top0/u_ddr_mc_phy_wrapper/u_ddr_mc_phy/ddr_phy_4lanes_1.u_ddr_phy_4lanes/ddr_byte_lane_C.ddr_byte_lane_C/ddr_byte_group_io/po_oserdes_rst
    OLOGIC_X1Y85         OSERDESE2                                    f  i_dram_wrapper/i_dram/u_mig7s_mig/u_memc_ui_top_axi/mem_intfc0/ddr_phy_top0/u_ddr_mc_phy_wrapper/u_ddr_mc_phy/ddr_phy_4lanes_1.u_ddr_phy_4lanes/ddr_byte_lane_C.ddr_byte_lane_C/ddr_byte_group_io/output_[8].oserdes_dq_.sdr.oserdes_dq_i/RST
  -------------------------------------------------------------------    -------------------

                         (clock oserdes_clkdiv_6 rise edge)
                                                      5.000     5.000 r  
    AD12                                              0.000     5.000 r  sys_clk_p (IN)
                         net (fo=0)                   0.000     5.000    sys_clk_p
    AD12                 IBUFDS (Prop_ibufds_I_O)     0.803     5.803 r  i_bufds_sys_clk/O
                         net (fo=1, routed)           2.173     7.976    sys_clk
    BUFGCTRL_X0Y1        BUFG (Prop_bufg_I_O)         0.083     8.059 r  sys_clk_BUFG_inst/O
                         net (fo=63, routed)          1.626     9.685    i_dram_wrapper/i_dram/u_mig7s_mig/u_ddr3_infrastructure/plle2_i_0
    PLLE2_ADV_X1Y1       PLLE2_ADV (Prop_plle2_adv_CLKIN1_CLKOUT1)
                                                      0.073     9.758 r  i_dram_wrapper/i_dram/u_mig7s_mig/u_ddr3_infrastructure/plle2_i/CLKOUT1
                         net (fo=14, routed)          0.860    10.618    i_dram_wrapper/i_dram/u_mig7s_mig/u_memc_ui_top_axi/mem_intfc0/ddr_phy_top0/u_ddr_mc_phy_wrapper/u_ddr_mc_phy/ddr_phy_4lanes_1.u_ddr_phy_4lanes/ddr_byte_lane_C.ddr_byte_lane_C/mem_refclk
    PHASER_OUT_PHY_X1Y6  PHASER_OUT_PHY (Prop_phaser_out_phy_MEMREFCLK_OCLK)
                                                      2.027    12.645 r  i_dram_wrapper/i_dram/u_mig7s_mig/u_memc_ui_top_axi/mem_intfc0/ddr_phy_top0/u_ddr_mc_phy_wrapper/u_ddr_mc_phy/ddr_phy_4lanes_1.u_ddr_phy_4lanes/ddr_byte_lane_C.ddr_byte_lane_C/phaser_out/OCLK
    PHASER_OUT_PHY_X1Y6  PHASER_OUT_PHY (Prop_phaser_out_phy_OCLK_OCLKDIV)
                                                      0.133    12.778 r  i_dram_wrapper/i_dram/u_mig7s_mig/u_memc_ui_top_axi/mem_intfc0/ddr_phy_top0/u_ddr_mc_phy_wrapper/u_ddr_mc_phy/ddr_phy_4lanes_1.u_ddr_phy_4lanes/ddr_byte_lane_C.ddr_byte_lane_C/phaser_out/OCLKDIV
                         net (fo=11, routed)          0.296    13.074    i_dram_wrapper/i_dram/u_mig7s_mig/u_memc_ui_top_axi/mem_intfc0/ddr_phy_top0/u_ddr_mc_phy_wrapper/u_ddr_mc_phy/ddr_phy_4lanes_1.u_ddr_phy_4lanes/ddr_byte_lane_C.ddr_byte_lane_C/ddr_byte_group_io/oserdes_clkdiv
    OLOGIC_X1Y85         OSERDESE2                                    r  i_dram_wrapper/i_dram/u_mig7s_mig/u_memc_ui_top_axi/mem_intfc0/ddr_phy_top0/u_ddr_mc_phy_wrapper/u_ddr_mc_phy/ddr_phy_4lanes_1.u_ddr_phy_4lanes/ddr_byte_lane_C.ddr_byte_lane_C/ddr_byte_group_io/output_[8].oserdes_dq_.sdr.oserdes_dq_i/CLKDIV
                         clock pessimism              0.561    13.636    
                         clock uncertainty           -0.047    13.589    
    OLOGIC_X1Y85         OSERDESE2 (Setup_oserdese2_CLKDIV_RST)
                                                     -0.453    13.136    i_dram_wrapper/i_dram/u_mig7s_mig/u_memc_ui_top_axi/mem_intfc0/ddr_phy_top0/u_ddr_mc_phy_wrapper/u_ddr_mc_phy/ddr_phy_4lanes_1.u_ddr_phy_4lanes/ddr_byte_lane_C.ddr_byte_lane_C/ddr_byte_group_io/output_[8].oserdes_dq_.sdr.oserdes_dq_i
  -------------------------------------------------------------------
                         required time                         13.136    
                         arrival time                         -12.744    
  -------------------------------------------------------------------
                         slack                                  0.392    

Slack (MET) :             0.397ns  (required time - arrival time)
  Source:                 i_dram_wrapper/i_dram/u_mig7s_mig/u_ddr3_infrastructure/rstdiv0_sync_r1_reg_rep/C
                            (rising edge-triggered cell FDPE clocked by clk_pll_i  {rise@0.000ns fall@2.500ns period=5.000ns})
  Destination:            i_dram_wrapper/gen_cdc.i_axi_cdc_mig/i_axi_cdc_dst/i_cdc_fifo_gray_dst_w/i_spill_register/spill_register_flushable_i/gen_spill_reg.a_data_q_reg[data][33]/CLR
                            (rising edge-triggered cell FDCE clocked by clk_pll_i  {rise@0.000ns fall@2.500ns period=5.000ns})
  Path Group:             clk_pll_i
  Path Type:              Recovery (Max at Slow Process Corner)
  Requirement:            5.000ns  (MaxDelay Path 5.000ns)
  Data Path Delay:        4.050ns  (logic 0.259ns (6.395%)  route 3.791ns (93.605%))
  Logic Levels:           0  
  Clock Path Skew:        -0.289ns (DCD - SCD + CPR)
    Destination Clock Delay (DCD):    6.087ns
    Source Clock Delay      (SCD):    6.852ns
    Clock Pessimism Removal (CPR):    0.475ns
  Clock Uncertainty:      0.052ns  ((TSJ^2 + DJ^2)^1/2) / 2 + PE
    Total System Jitter     (TSJ):    0.071ns
    Discrete Jitter          (DJ):    0.077ns
    Phase Error              (PE):    0.000ns
  Timing Exception:       MaxDelay Path 5.000ns

    Location             Delay type                Incr(ns)  Path(ns)    Netlist Resource(s)
  -------------------------------------------------------------------    -------------------
                         (clock clk_pll_i rise edge)
                                                      0.000     0.000 r  
    AD12                                              0.000     0.000 r  sys_clk_p (IN)
                         net (fo=0)                   0.000     0.000    sys_clk_p
    AD12                 IBUFDS (Prop_ibufds_I_O)     0.906     0.906 r  i_bufds_sys_clk/O
                         net (fo=1, routed)           2.299     3.205    sys_clk
    BUFGCTRL_X0Y1        BUFG (Prop_bufg_I_O)         0.093     3.298 r  sys_clk_BUFG_inst/O
                         net (fo=63, routed)          1.787     5.085    i_dram_wrapper/i_dram/u_mig7s_mig/u_ddr3_infrastructure/plle2_i_0
    PLLE2_ADV_X1Y1       PLLE2_ADV (Prop_plle2_adv_CLKIN1_CLKOUT3)
                                                      0.077     5.162 r  i_dram_wrapper/i_dram/u_mig7s_mig/u_ddr3_infrastructure/plle2_i/CLKOUT3
                         net (fo=1, routed)           1.155     6.317    i_dram_wrapper/i_dram/u_mig7s_mig/u_ddr3_infrastructure/pll_clk3_out
    BUFHCE_X1Y12         BUFH (Prop_bufh_I_O)         0.103     6.420 r  i_dram_wrapper/i_dram/u_mig7s_mig/u_ddr3_infrastructure/u_bufh_pll_clk3/O
                         net (fo=1, routed)           0.790     7.210    i_dram_wrapper/i_dram/u_mig7s_mig/u_ddr3_infrastructure/pll_clk3
    MMCME2_ADV_X1Y1      MMCME2_ADV (Prop_mmcme2_adv_CLKIN1_CLKFBOUT)
                                                     -3.987     3.223 r  i_dram_wrapper/i_dram/u_mig7s_mig/u_ddr3_infrastructure/gen_mmcm.mmcm_i/CLKFBOUT
                         net (fo=1, routed)           2.130     5.353    i_dram_wrapper/i_dram/u_mig7s_mig/u_ddr3_infrastructure/clk_pll_i
    BUFGCTRL_X0Y0        BUFG (Prop_bufg_I_O)         0.093     5.446 r  i_dram_wrapper/i_dram/u_mig7s_mig/u_ddr3_infrastructure/u_bufg_clkdiv0/O
                         net (fo=13203, routed)       1.406     6.852    i_dram_wrapper/i_dram/u_mig7s_mig/u_ddr3_infrastructure/CLK
    SLICE_X102Y111       FDPE                                         r  i_dram_wrapper/i_dram/u_mig7s_mig/u_ddr3_infrastructure/rstdiv0_sync_r1_reg_rep/C
  -------------------------------------------------------------------    -------------------
    SLICE_X102Y111       FDPE (Prop_fdpe_C_Q)         0.259     7.111 f  i_dram_wrapper/i_dram/u_mig7s_mig/u_ddr3_infrastructure/rstdiv0_sync_r1_reg_rep/Q
                         net (fo=444, routed)         3.791    10.902    i_dram_wrapper/gen_cdc.i_axi_cdc_mig/i_axi_cdc_dst/i_cdc_fifo_gray_dst_w/i_spill_register/spill_register_flushable_i/ui_clk_sync_rst
    SLICE_X109Y179       FDCE                                         f  i_dram_wrapper/gen_cdc.i_axi_cdc_mig/i_axi_cdc_dst/i_cdc_fifo_gray_dst_w/i_spill_register/spill_register_flushable_i/gen_spill_reg.a_data_q_reg[data][33]/CLR
  -------------------------------------------------------------------    -------------------

                         max delay                    5.000     5.000    
    AD12                                              0.000     5.000 r  sys_clk_p (IN)
                         net (fo=0)                   0.000     5.000    sys_clk_p
    AD12                 IBUFDS (Prop_ibufds_I_O)     0.803     5.803 r  i_bufds_sys_clk/O
                         net (fo=1, routed)           2.173     7.976    sys_clk
    BUFGCTRL_X0Y1        BUFG (Prop_bufg_I_O)         0.083     8.059 r  sys_clk_BUFG_inst/O
                         net (fo=63, routed)          1.626     9.685    i_dram_wrapper/i_dram/u_mig7s_mig/u_ddr3_infrastructure/plle2_i_0
    PLLE2_ADV_X1Y1       PLLE2_ADV (Prop_plle2_adv_CLKIN1_CLKOUT3)
                                                      0.073     9.758 r  i_dram_wrapper/i_dram/u_mig7s_mig/u_ddr3_infrastructure/plle2_i/CLKOUT3
                         net (fo=1, routed)           1.043    10.801    i_dram_wrapper/i_dram/u_mig7s_mig/u_ddr3_infrastructure/pll_clk3_out
    BUFHCE_X1Y12         BUFH (Prop_bufh_I_O)         0.066    10.867 r  i_dram_wrapper/i_dram/u_mig7s_mig/u_ddr3_infrastructure/u_bufh_pll_clk3/O
                         net (fo=1, routed)           0.722    11.589    i_dram_wrapper/i_dram/u_mig7s_mig/u_ddr3_infrastructure/pll_clk3
    MMCME2_ADV_X1Y1      MMCME2_ADV (Prop_mmcme2_adv_CLKIN1_CLKFBOUT)
                                                     -3.694     7.895 r  i_dram_wrapper/i_dram/u_mig7s_mig/u_ddr3_infrastructure/gen_mmcm.mmcm_i/CLKFBOUT
                         net (fo=1, routed)           2.005     9.900    i_dram_wrapper/i_dram/u_mig7s_mig/u_ddr3_infrastructure/clk_pll_i
    BUFGCTRL_X0Y0        BUFG (Prop_bufg_I_O)         0.083     9.983 r  i_dram_wrapper/i_dram/u_mig7s_mig/u_ddr3_infrastructure/u_bufg_clkdiv0/O
                         net (fo=13203, routed)       1.104    11.087    i_dram_wrapper/gen_cdc.i_axi_cdc_mig/i_axi_cdc_dst/i_cdc_fifo_gray_dst_w/i_spill_register/spill_register_flushable_i/CLK
    SLICE_X109Y179       FDCE                                         r  i_dram_wrapper/gen_cdc.i_axi_cdc_mig/i_axi_cdc_dst/i_cdc_fifo_gray_dst_w/i_spill_register/spill_register_flushable_i/gen_spill_reg.a_data_q_reg[data][33]/C
                         clock pessimism              0.475    11.563    
                         clock uncertainty           -0.052    11.510    
    SLICE_X109Y179       FDCE (Recov_fdce_C_CLR)     -0.212    11.298    i_dram_wrapper/gen_cdc.i_axi_cdc_mig/i_axi_cdc_dst/i_cdc_fifo_gray_dst_w/i_spill_register/spill_register_flushable_i/gen_spill_reg.a_data_q_reg[data][33]
  -------------------------------------------------------------------
                         required time                         11.298    
                         arrival time                         -10.902    
  -------------------------------------------------------------------
                         slack                                  0.397    

Slack (MET) :             0.398ns  (required time - arrival time)
  Source:                 i_dram_wrapper/i_dram/u_mig7s_mig/u_memc_ui_top_axi/mem_intfc0/ddr_phy_top0/u_ddr_mc_phy_wrapper/u_ddr_mc_phy/ddr_phy_4lanes_0.u_ddr_phy_4lanes/ddr_byte_lane_A.ddr_byte_lane_A/phaser_out/OCLK
                            (rising edge-triggered cell PHASER_OUT_PHY clocked by oserdes_clk  {rise@0.000ns fall@0.625ns period=1.250ns})
  Destination:            i_dram_wrapper/i_dram/u_mig7s_mig/u_memc_ui_top_axi/mem_intfc0/ddr_phy_top0/u_ddr_mc_phy_wrapper/u_ddr_mc_phy/ddr_phy_4lanes_0.u_ddr_phy_4lanes/ddr_byte_lane_A.ddr_byte_lane_A/ddr_byte_group_io/output_[3].oserdes_dq_.ddr.oserdes_dq_i/RST
                            (rising edge-triggered cell OSERDESE2 clocked by oserdes_clkdiv  {rise@0.000ns fall@1.250ns period=2.500ns})
  Path Group:             oserdes_clkdiv
  Path Type:              Setup (Max at Slow Process Corner)
  Requirement:            2.500ns  (oserdes_clkdiv rise@2.500ns - oserdes_clk rise@0.000ns)
  Data Path Delay:        2.036ns  (logic 0.466ns (22.889%)  route 1.570ns (77.111%))
  Logic Levels:           0  
  Clock Path Skew:        0.434ns (DCD - SCD + CPR)
    Destination Clock Delay (DCD):    8.289ns = ( 10.789 - 2.500 ) 
    Source Clock Delay      (SCD):    8.443ns = ( 9.693 - 1.250 ) 
    Clock Pessimism Removal (CPR):    0.587ns
  Clock Uncertainty:      0.047ns  ((TSJ^2 + DJ^2)^1/2) / 2 + PE
    Total System Jitter     (TSJ):    0.071ns
    Discrete Jitter          (DJ):    0.061ns
    Phase Error              (PE):    0.000ns
  Timing Exception:       MultiCycle Path   Setup -start 2

    Location             Delay type                Incr(ns)  Path(ns)    Netlist Resource(s)
  -------------------------------------------------------------------    -------------------
                         (clock oserdes_clk rise edge)
                                                      0.000     0.000 r  
    AD12                                              0.000     0.000 r  sys_clk_p (IN)
                         net (fo=0)                   0.000     0.000    sys_clk_p
    AD12                 IBUFDS (Prop_ibufds_I_O)     0.906     0.906 r  i_bufds_sys_clk/O
                         net (fo=1, routed)           2.299     3.205    sys_clk
    BUFGCTRL_X0Y1        BUFG (Prop_bufg_I_O)         0.093     3.298 r  sys_clk_BUFG_inst/O
                         net (fo=63, routed)          1.787     5.085    i_dram_wrapper/i_dram/u_mig7s_mig/u_ddr3_infrastructure/plle2_i_0
    PLLE2_ADV_X1Y1       PLLE2_ADV (Prop_plle2_adv_CLKIN1_CLKOUT1)
                                                      0.077     5.162 r  i_dram_wrapper/i_dram/u_mig7s_mig/u_ddr3_infrastructure/plle2_i/CLKOUT1
                         net (fo=14, routed)          1.198     6.360    i_dram_wrapper/i_dram/u_mig7s_mig/u_memc_ui_top_axi/mem_intfc0/ddr_phy_top0/u_ddr_mc_phy_wrapper/u_ddr_mc_phy/ddr_phy_4lanes_0.u_ddr_phy_4lanes/ddr_byte_lane_A.ddr_byte_lane_A/mem_refclk
    PHASER_OUT_PHY_X1Y8  PHASER_OUT_PHY (Prop_phaser_out_phy_MEMREFCLK_OCLK)
                                                      2.083     8.443 r  i_dram_wrapper/i_dram/u_mig7s_mig/u_memc_ui_top_axi/mem_intfc0/ddr_phy_top0/u_ddr_mc_phy_wrapper/u_ddr_mc_phy/ddr_phy_4lanes_0.u_ddr_phy_4lanes/ddr_byte_lane_A.ddr_byte_lane_A/phaser_out/OCLK
  -------------------------------------------------------------------    -------------------
    PHASER_OUT_PHY_X1Y8  PHASER_OUT_PHY (Prop_phaser_out_phy_OCLK_OSERDESRST)
                                                      0.466     8.909 r  i_dram_wrapper/i_dram/u_mig7s_mig/u_memc_ui_top_axi/mem_intfc0/ddr_phy_top0/u_ddr_mc_phy_wrapper/u_ddr_mc_phy/ddr_phy_4lanes_0.u_ddr_phy_4lanes/ddr_byte_lane_A.ddr_byte_lane_A/phaser_out/OSERDESRST
                         net (fo=10, routed)          1.570    10.479    i_dram_wrapper/i_dram/u_mig7s_mig/u_memc_ui_top_axi/mem_intfc0/ddr_phy_top0/u_ddr_mc_phy_wrapper/u_ddr_mc_phy/ddr_phy_4lanes_0.u_ddr_phy_4lanes/ddr_byte_lane_A.ddr_byte_lane_A/ddr_byte_group_io/po_oserdes_rst
    OLOGIC_X1Y104        OSERDESE2                                    r  i_dram_wrapper/i_dram/u_mig7s_mig/u_memc_ui_top_axi/mem_intfc0/ddr_phy_top0/u_ddr_mc_phy_wrapper/u_ddr_mc_phy/ddr_phy_4lanes_0.u_ddr_phy_4lanes/ddr_byte_lane_A.ddr_byte_lane_A/ddr_byte_group_io/output_[3].oserdes_dq_.ddr.oserdes_dq_i/RST
  -------------------------------------------------------------------    -------------------

                         (clock oserdes_clkdiv rise edge)
                                                      2.500     2.500 r  
    AD12                                              0.000     2.500 r  sys_clk_p (IN)
                         net (fo=0)                   0.000     2.500    sys_clk_p
    AD12                 IBUFDS (Prop_ibufds_I_O)     0.803     3.303 r  i_bufds_sys_clk/O
                         net (fo=1, routed)           2.173     5.476    sys_clk
    BUFGCTRL_X0Y1        BUFG (Prop_bufg_I_O)         0.083     5.559 r  sys_clk_BUFG_inst/O
                         net (fo=63, routed)          1.626     7.185    i_dram_wrapper/i_dram/u_mig7s_mig/u_ddr3_infrastructure/plle2_i_0
    PLLE2_ADV_X1Y1       PLLE2_ADV (Prop_plle2_adv_CLKIN1_CLKOUT1)
                                                      0.073     7.258 r  i_dram_wrapper/i_dram/u_mig7s_mig/u_ddr3_infrastructure/plle2_i/CLKOUT1
                         net (fo=14, routed)          1.070     8.328    i_dram_wrapper/i_dram/u_mig7s_mig/u_memc_ui_top_axi/mem_intfc0/ddr_phy_top0/u_ddr_mc_phy_wrapper/u_ddr_mc_phy/ddr_phy_4lanes_0.u_ddr_phy_4lanes/ddr_byte_lane_A.ddr_byte_lane_A/mem_refclk
    PHASER_OUT_PHY_X1Y8  PHASER_OUT_PHY (Prop_phaser_out_phy_MEMREFCLK_OCLK)
                                                      2.027    10.355 r  i_dram_wrapper/i_dram/u_mig7s_mig/u_memc_ui_top_axi/mem_intfc0/ddr_phy_top0/u_ddr_mc_phy_wrapper/u_ddr_mc_phy/ddr_phy_4lanes_0.u_ddr_phy_4lanes/ddr_byte_lane_A.ddr_byte_lane_A/phaser_out/OCLK
    PHASER_OUT_PHY_X1Y8  PHASER_OUT_PHY (Prop_phaser_out_phy_OCLK_OCLKDIV)
                                                      0.133    10.488 r  i_dram_wrapper/i_dram/u_mig7s_mig/u_memc_ui_top_axi/mem_intfc0/ddr_phy_top0/u_ddr_mc_phy_wrapper/u_ddr_mc_phy/ddr_phy_4lanes_0.u_ddr_phy_4lanes/ddr_byte_lane_A.ddr_byte_lane_A/phaser_out/OCLKDIV
                         net (fo=11, routed)          0.301    10.789    i_dram_wrapper/i_dram/u_mig7s_mig/u_memc_ui_top_axi/mem_intfc0/ddr_phy_top0/u_ddr_mc_phy_wrapper/u_ddr_mc_phy/ddr_phy_4lanes_0.u_ddr_phy_4lanes/ddr_byte_lane_A.ddr_byte_lane_A/ddr_byte_group_io/oserdes_clkdiv
    OLOGIC_X1Y104        OSERDESE2                                    r  i_dram_wrapper/i_dram/u_mig7s_mig/u_memc_ui_top_axi/mem_intfc0/ddr_phy_top0/u_ddr_mc_phy_wrapper/u_ddr_mc_phy/ddr_phy_4lanes_0.u_ddr_phy_4lanes/ddr_byte_lane_A.ddr_byte_lane_A/ddr_byte_group_io/output_[3].oserdes_dq_.ddr.oserdes_dq_i/CLKDIV
                         clock pessimism              0.587    11.377    
                         clock uncertainty           -0.047    11.330    
    OLOGIC_X1Y104        OSERDESE2 (Setup_oserdese2_CLKDIV_RST)
                                                     -0.453    10.877    i_dram_wrapper/i_dram/u_mig7s_mig/u_memc_ui_top_axi/mem_intfc0/ddr_phy_top0/u_ddr_mc_phy_wrapper/u_ddr_mc_phy/ddr_phy_4lanes_0.u_ddr_phy_4lanes/ddr_byte_lane_A.ddr_byte_lane_A/ddr_byte_group_io/output_[3].oserdes_dq_.ddr.oserdes_dq_i
  -------------------------------------------------------------------
                         required time                         10.877    
                         arrival time                         -10.479    
  -------------------------------------------------------------------
                         slack                                  0.398    

Slack (MET) :             0.398ns  (required time - arrival time)
  Source:                 i_dram_wrapper/i_dram/u_mig7s_mig/u_memc_ui_top_axi/mem_intfc0/ddr_phy_top0/u_ddr_mc_phy_wrapper/u_ddr_mc_phy/ddr_phy_4lanes_0.u_ddr_phy_4lanes/ddr_byte_lane_A.ddr_byte_lane_A/phaser_out/OCLK
                            (rising edge-triggered cell PHASER_OUT_PHY clocked by oserdes_clk  {rise@0.000ns fall@0.625ns period=1.250ns})
  Destination:            i_dram_wrapper/i_dram/u_mig7s_mig/u_memc_ui_top_axi/mem_intfc0/ddr_phy_top0/u_ddr_mc_phy_wrapper/u_ddr_mc_phy/ddr_phy_4lanes_0.u_ddr_phy_4lanes/ddr_byte_lane_A.ddr_byte_lane_A/ddr_byte_group_io/output_[3].oserdes_dq_.ddr.oserdes_dq_i/RST
                            (rising edge-triggered cell OSERDESE2 clocked by oserdes_clkdiv  {rise@0.000ns fall@1.250ns period=2.500ns})
  Path Group:             oserdes_clkdiv
  Path Type:              Setup (Max at Slow Process Corner)
  Requirement:            2.500ns  (oserdes_clkdiv rise@2.500ns - oserdes_clk rise@0.000ns)
  Data Path Delay:        2.036ns  (logic 0.466ns (22.889%)  route 1.570ns (77.111%))
  Logic Levels:           0  
  Clock Path Skew:        0.434ns (DCD - SCD + CPR)
    Destination Clock Delay (DCD):    8.289ns = ( 10.789 - 2.500 ) 
    Source Clock Delay      (SCD):    8.443ns = ( 9.693 - 1.250 ) 
    Clock Pessimism Removal (CPR):    0.587ns
  Clock Uncertainty:      0.047ns  ((TSJ^2 + DJ^2)^1/2) / 2 + PE
    Total System Jitter     (TSJ):    0.071ns
    Discrete Jitter          (DJ):    0.061ns
    Phase Error              (PE):    0.000ns
  Timing Exception:       MultiCycle Path   Setup -start 2

    Location             Delay type                Incr(ns)  Path(ns)    Netlist Resource(s)
  -------------------------------------------------------------------    -------------------
                         (clock oserdes_clk rise edge)
                                                      0.000     0.000 r  
    AD12                                              0.000     0.000 r  sys_clk_p (IN)
                         net (fo=0)                   0.000     0.000    sys_clk_p
    AD12                 IBUFDS (Prop_ibufds_I_O)     0.906     0.906 r  i_bufds_sys_clk/O
                         net (fo=1, routed)           2.299     3.205    sys_clk
    BUFGCTRL_X0Y1        BUFG (Prop_bufg_I_O)         0.093     3.298 r  sys_clk_BUFG_inst/O
                         net (fo=63, routed)          1.787     5.085    i_dram_wrapper/i_dram/u_mig7s_mig/u_ddr3_infrastructure/plle2_i_0
    PLLE2_ADV_X1Y1       PLLE2_ADV (Prop_plle2_adv_CLKIN1_CLKOUT1)
                                                      0.077     5.162 r  i_dram_wrapper/i_dram/u_mig7s_mig/u_ddr3_infrastructure/plle2_i/CLKOUT1
                         net (fo=14, routed)          1.198     6.360    i_dram_wrapper/i_dram/u_mig7s_mig/u_memc_ui_top_axi/mem_intfc0/ddr_phy_top0/u_ddr_mc_phy_wrapper/u_ddr_mc_phy/ddr_phy_4lanes_0.u_ddr_phy_4lanes/ddr_byte_lane_A.ddr_byte_lane_A/mem_refclk
    PHASER_OUT_PHY_X1Y8  PHASER_OUT_PHY (Prop_phaser_out_phy_MEMREFCLK_OCLK)
                                                      2.083     8.443 r  i_dram_wrapper/i_dram/u_mig7s_mig/u_memc_ui_top_axi/mem_intfc0/ddr_phy_top0/u_ddr_mc_phy_wrapper/u_ddr_mc_phy/ddr_phy_4lanes_0.u_ddr_phy_4lanes/ddr_byte_lane_A.ddr_byte_lane_A/phaser_out/OCLK
  -------------------------------------------------------------------    -------------------
    PHASER_OUT_PHY_X1Y8  PHASER_OUT_PHY (Prop_phaser_out_phy_OCLK_OSERDESRST)
                                                      0.466     8.909 f  i_dram_wrapper/i_dram/u_mig7s_mig/u_memc_ui_top_axi/mem_intfc0/ddr_phy_top0/u_ddr_mc_phy_wrapper/u_ddr_mc_phy/ddr_phy_4lanes_0.u_ddr_phy_4lanes/ddr_byte_lane_A.ddr_byte_lane_A/phaser_out/OSERDESRST
                         net (fo=10, routed)          1.570    10.479    i_dram_wrapper/i_dram/u_mig7s_mig/u_memc_ui_top_axi/mem_intfc0/ddr_phy_top0/u_ddr_mc_phy_wrapper/u_ddr_mc_phy/ddr_phy_4lanes_0.u_ddr_phy_4lanes/ddr_byte_lane_A.ddr_byte_lane_A/ddr_byte_group_io/po_oserdes_rst
    OLOGIC_X1Y104        OSERDESE2                                    f  i_dram_wrapper/i_dram/u_mig7s_mig/u_memc_ui_top_axi/mem_intfc0/ddr_phy_top0/u_ddr_mc_phy_wrapper/u_ddr_mc_phy/ddr_phy_4lanes_0.u_ddr_phy_4lanes/ddr_byte_lane_A.ddr_byte_lane_A/ddr_byte_group_io/output_[3].oserdes_dq_.ddr.oserdes_dq_i/RST
  -------------------------------------------------------------------    -------------------

                         (clock oserdes_clkdiv rise edge)
                                                      2.500     2.500 r  
    AD12                                              0.000     2.500 r  sys_clk_p (IN)
                         net (fo=0)                   0.000     2.500    sys_clk_p
    AD12                 IBUFDS (Prop_ibufds_I_O)     0.803     3.303 r  i_bufds_sys_clk/O
                         net (fo=1, routed)           2.173     5.476    sys_clk
    BUFGCTRL_X0Y1        BUFG (Prop_bufg_I_O)         0.083     5.559 r  sys_clk_BUFG_inst/O
                         net (fo=63, routed)          1.626     7.185    i_dram_wrapper/i_dram/u_mig7s_mig/u_ddr3_infrastructure/plle2_i_0
    PLLE2_ADV_X1Y1       PLLE2_ADV (Prop_plle2_adv_CLKIN1_CLKOUT1)
                                                      0.073     7.258 r  i_dram_wrapper/i_dram/u_mig7s_mig/u_ddr3_infrastructure/plle2_i/CLKOUT1
                         net (fo=14, routed)          1.070     8.328    i_dram_wrapper/i_dram/u_mig7s_mig/u_memc_ui_top_axi/mem_intfc0/ddr_phy_top0/u_ddr_mc_phy_wrapper/u_ddr_mc_phy/ddr_phy_4lanes_0.u_ddr_phy_4lanes/ddr_byte_lane_A.ddr_byte_lane_A/mem_refclk
    PHASER_OUT_PHY_X1Y8  PHASER_OUT_PHY (Prop_phaser_out_phy_MEMREFCLK_OCLK)
                                                      2.027    10.355 r  i_dram_wrapper/i_dram/u_mig7s_mig/u_memc_ui_top_axi/mem_intfc0/ddr_phy_top0/u_ddr_mc_phy_wrapper/u_ddr_mc_phy/ddr_phy_4lanes_0.u_ddr_phy_4lanes/ddr_byte_lane_A.ddr_byte_lane_A/phaser_out/OCLK
    PHASER_OUT_PHY_X1Y8  PHASER_OUT_PHY (Prop_phaser_out_phy_OCLK_OCLKDIV)
                                                      0.133    10.488 r  i_dram_wrapper/i_dram/u_mig7s_mig/u_memc_ui_top_axi/mem_intfc0/ddr_phy_top0/u_ddr_mc_phy_wrapper/u_ddr_mc_phy/ddr_phy_4lanes_0.u_ddr_phy_4lanes/ddr_byte_lane_A.ddr_byte_lane_A/phaser_out/OCLKDIV
                         net (fo=11, routed)          0.301    10.789    i_dram_wrapper/i_dram/u_mig7s_mig/u_memc_ui_top_axi/mem_intfc0/ddr_phy_top0/u_ddr_mc_phy_wrapper/u_ddr_mc_phy/ddr_phy_4lanes_0.u_ddr_phy_4lanes/ddr_byte_lane_A.ddr_byte_lane_A/ddr_byte_group_io/oserdes_clkdiv
    OLOGIC_X1Y104        OSERDESE2                                    r  i_dram_wrapper/i_dram/u_mig7s_mig/u_memc_ui_top_axi/mem_intfc0/ddr_phy_top0/u_ddr_mc_phy_wrapper/u_ddr_mc_phy/ddr_phy_4lanes_0.u_ddr_phy_4lanes/ddr_byte_lane_A.ddr_byte_lane_A/ddr_byte_group_io/output_[3].oserdes_dq_.ddr.oserdes_dq_i/CLKDIV
                         clock pessimism              0.587    11.377    
                         clock uncertainty           -0.047    11.330    
    OLOGIC_X1Y104        OSERDESE2 (Setup_oserdese2_CLKDIV_RST)
                                                     -0.453    10.877    i_dram_wrapper/i_dram/u_mig7s_mig/u_memc_ui_top_axi/mem_intfc0/ddr_phy_top0/u_ddr_mc_phy_wrapper/u_ddr_mc_phy/ddr_phy_4lanes_0.u_ddr_phy_4lanes/ddr_byte_lane_A.ddr_byte_lane_A/ddr_byte_group_io/output_[3].oserdes_dq_.ddr.oserdes_dq_i
  -------------------------------------------------------------------
                         required time                         10.877    
                         arrival time                         -10.479    
  -------------------------------------------------------------------
                         slack                                  0.398    

Slack (MET) :             0.399ns  (required time - arrival time)
  Source:                 i_dram_wrapper/i_dram/u_mig7s_mig/u_memc_ui_top_axi/mem_intfc0/ddr_phy_top0/u_ddr_mc_phy_wrapper/u_ddr_mc_phy/ddr_phy_4lanes_1.u_ddr_phy_4lanes/ddr_byte_lane_D.ddr_byte_lane_D/phaser_out/OCLK
                            (rising edge-triggered cell PHASER_OUT_PHY clocked by oserdes_clk_7  {rise@0.000ns fall@0.625ns period=1.250ns})
  Destination:            i_dram_wrapper/i_dram/u_mig7s_mig/u_memc_ui_top_axi/mem_intfc0/ddr_phy_top0/u_ddr_mc_phy_wrapper/u_ddr_mc_phy/ddr_phy_4lanes_1.u_ddr_phy_4lanes/ddr_byte_lane_D.ddr_byte_lane_D/ddr_byte_group_io/output_[8].oserdes_dq_.sdr.oserdes_dq_i/RST
                            (rising edge-triggered cell OSERDESE2 clocked by oserdes_clkdiv_7  {rise@0.000ns fall@2.500ns period=5.000ns})
  Path Group:             oserdes_clkdiv_7
  Path Type:              Setup (Max at Slow Process Corner)
  Requirement:            2.500ns  (oserdes_clkdiv_7 rise@5.000ns - oserdes_clk_7 rise@2.500ns)
  Data Path Delay:        2.043ns  (logic 0.466ns (22.805%)  route 1.577ns (77.195%))
  Logic Levels:           0  
  Clock Path Skew:        0.442ns (DCD - SCD + CPR)
    Destination Clock Delay (DCD):    8.078ns = ( 13.078 - 5.000 ) 
    Source Clock Delay      (SCD):    8.197ns = ( 11.947 - 3.750 ) 
    Clock Pessimism Removal (CPR):    0.560ns
  Clock Uncertainty:      0.047ns  ((TSJ^2 + DJ^2)^1/2) / 2 + PE
    Total System Jitter     (TSJ):    0.071ns
    Discrete Jitter          (DJ):    0.061ns
    Phase Error              (PE):    0.000ns
  Timing Exception:       MultiCycle Path   Setup -start 2

    Location             Delay type                Incr(ns)  Path(ns)    Netlist Resource(s)
  -------------------------------------------------------------------    -------------------
                         (clock oserdes_clk_7 rise edge)
                                                      2.500     2.500 r  
    AD12                                              0.000     2.500 r  sys_clk_p (IN)
                         net (fo=0)                   0.000     2.500    sys_clk_p
    AD12                 IBUFDS (Prop_ibufds_I_O)     0.906     3.406 r  i_bufds_sys_clk/O
                         net (fo=1, routed)           2.299     5.705    sys_clk
    BUFGCTRL_X0Y1        BUFG (Prop_bufg_I_O)         0.093     5.798 r  sys_clk_BUFG_inst/O
                         net (fo=63, routed)          1.787     7.585    i_dram_wrapper/i_dram/u_mig7s_mig/u_ddr3_infrastructure/plle2_i_0
    PLLE2_ADV_X1Y1       PLLE2_ADV (Prop_plle2_adv_CLKIN1_CLKOUT1)
                                                      0.077     7.662 r  i_dram_wrapper/i_dram/u_mig7s_mig/u_ddr3_infrastructure/plle2_i/CLKOUT1
                         net (fo=14, routed)          0.952     8.614    i_dram_wrapper/i_dram/u_mig7s_mig/u_memc_ui_top_axi/mem_intfc0/ddr_phy_top0/u_ddr_mc_phy_wrapper/u_ddr_mc_phy/ddr_phy_4lanes_1.u_ddr_phy_4lanes/ddr_byte_lane_D.ddr_byte_lane_D/mem_refclk
    PHASER_OUT_PHY_X1Y7  PHASER_OUT_PHY (Prop_phaser_out_phy_MEMREFCLK_OCLK)
                                                      2.083    10.697 r  i_dram_wrapper/i_dram/u_mig7s_mig/u_memc_ui_top_axi/mem_intfc0/ddr_phy_top0/u_ddr_mc_phy_wrapper/u_ddr_mc_phy/ddr_phy_4lanes_1.u_ddr_phy_4lanes/ddr_byte_lane_D.ddr_byte_lane_D/phaser_out/OCLK
  -------------------------------------------------------------------    -------------------
    PHASER_OUT_PHY_X1Y7  PHASER_OUT_PHY (Prop_phaser_out_phy_OCLK_OSERDESRST)
                                                      0.466    11.163 r  i_dram_wrapper/i_dram/u_mig7s_mig/u_memc_ui_top_axi/mem_intfc0/ddr_phy_top0/u_ddr_mc_phy_wrapper/u_ddr_mc_phy/ddr_phy_4lanes_1.u_ddr_phy_4lanes/ddr_byte_lane_D.ddr_byte_lane_D/phaser_out/OSERDESRST
                         net (fo=9, routed)           1.577    12.740    i_dram_wrapper/i_dram/u_mig7s_mig/u_memc_ui_top_axi/mem_intfc0/ddr_phy_top0/u_ddr_mc_phy_wrapper/u_ddr_mc_phy/ddr_phy_4lanes_1.u_ddr_phy_4lanes/ddr_byte_lane_D.ddr_byte_lane_D/ddr_byte_group_io/po_oserdes_rst
    OLOGIC_X1Y97         OSERDESE2                                    r  i_dram_wrapper/i_dram/u_mig7s_mig/u_memc_ui_top_axi/mem_intfc0/ddr_phy_top0/u_ddr_mc_phy_wrapper/u_ddr_mc_phy/ddr_phy_4lanes_1.u_ddr_phy_4lanes/ddr_byte_lane_D.ddr_byte_lane_D/ddr_byte_group_io/output_[8].oserdes_dq_.sdr.oserdes_dq_i/RST
  -------------------------------------------------------------------    -------------------

                         (clock oserdes_clkdiv_7 rise edge)
                                                      5.000     5.000 r  
    AD12                                              0.000     5.000 r  sys_clk_p (IN)
                         net (fo=0)                   0.000     5.000    sys_clk_p
    AD12                 IBUFDS (Prop_ibufds_I_O)     0.803     5.803 r  i_bufds_sys_clk/O
                         net (fo=1, routed)           2.173     7.976    sys_clk
    BUFGCTRL_X0Y1        BUFG (Prop_bufg_I_O)         0.083     8.059 r  sys_clk_BUFG_inst/O
                         net (fo=63, routed)          1.626     9.685    i_dram_wrapper/i_dram/u_mig7s_mig/u_ddr3_infrastructure/plle2_i_0
    PLLE2_ADV_X1Y1       PLLE2_ADV (Prop_plle2_adv_CLKIN1_CLKOUT1)
                                                      0.073     9.758 r  i_dram_wrapper/i_dram/u_mig7s_mig/u_ddr3_infrastructure/plle2_i/CLKOUT1
                         net (fo=14, routed)          0.851    10.609    i_dram_wrapper/i_dram/u_mig7s_mig/u_memc_ui_top_axi/mem_intfc0/ddr_phy_top0/u_ddr_mc_phy_wrapper/u_ddr_mc_phy/ddr_phy_4lanes_1.u_ddr_phy_4lanes/ddr_byte_lane_D.ddr_byte_lane_D/mem_refclk
    PHASER_OUT_PHY_X1Y7  PHASER_OUT_PHY (Prop_phaser_out_phy_MEMREFCLK_OCLK)
                                                      2.027    12.636 r  i_dram_wrapper/i_dram/u_mig7s_mig/u_memc_ui_top_axi/mem_intfc0/ddr_phy_top0/u_ddr_mc_phy_wrapper/u_ddr_mc_phy/ddr_phy_4lanes_1.u_ddr_phy_4lanes/ddr_byte_lane_D.ddr_byte_lane_D/phaser_out/OCLK
    PHASER_OUT_PHY_X1Y7  PHASER_OUT_PHY (Prop_phaser_out_phy_OCLK_OCLKDIV)
                                                      0.133    12.769 r  i_dram_wrapper/i_dram/u_mig7s_mig/u_memc_ui_top_axi/mem_intfc0/ddr_phy_top0/u_ddr_mc_phy_wrapper/u_ddr_mc_phy/ddr_phy_4lanes_1.u_ddr_phy_4lanes/ddr_byte_lane_D.ddr_byte_lane_D/phaser_out/OCLKDIV
                         net (fo=10, routed)          0.309    13.078    i_dram_wrapper/i_dram/u_mig7s_mig/u_memc_ui_top_axi/mem_intfc0/ddr_phy_top0/u_ddr_mc_phy_wrapper/u_ddr_mc_phy/ddr_phy_4lanes_1.u_ddr_phy_4lanes/ddr_byte_lane_D.ddr_byte_lane_D/ddr_byte_group_io/oserdes_clkdiv
    OLOGIC_X1Y97         OSERDESE2                                    r  i_dram_wrapper/i_dram/u_mig7s_mig/u_memc_ui_top_axi/mem_intfc0/ddr_phy_top0/u_ddr_mc_phy_wrapper/u_ddr_mc_phy/ddr_phy_4lanes_1.u_ddr_phy_4lanes/ddr_byte_lane_D.ddr_byte_lane_D/ddr_byte_group_io/output_[8].oserdes_dq_.sdr.oserdes_dq_i/CLKDIV
                         clock pessimism              0.560    13.639    
                         clock uncertainty           -0.047    13.592    
    OLOGIC_X1Y97         OSERDESE2 (Setup_oserdese2_CLKDIV_RST)
                                                     -0.453    13.139    i_dram_wrapper/i_dram/u_mig7s_mig/u_memc_ui_top_axi/mem_intfc0/ddr_phy_top0/u_ddr_mc_phy_wrapper/u_ddr_mc_phy/ddr_phy_4lanes_1.u_ddr_phy_4lanes/ddr_byte_lane_D.ddr_byte_lane_D/ddr_byte_group_io/output_[8].oserdes_dq_.sdr.oserdes_dq_i
  -------------------------------------------------------------------
                         required time                         13.139    
                         arrival time                         -12.740    
  -------------------------------------------------------------------
                         slack                                  0.399    

Slack (MET) :             0.399ns  (required time - arrival time)
  Source:                 i_dram_wrapper/i_dram/u_mig7s_mig/u_memc_ui_top_axi/mem_intfc0/ddr_phy_top0/u_ddr_mc_phy_wrapper/u_ddr_mc_phy/ddr_phy_4lanes_1.u_ddr_phy_4lanes/ddr_byte_lane_D.ddr_byte_lane_D/phaser_out/OCLK
                            (rising edge-triggered cell PHASER_OUT_PHY clocked by oserdes_clk_7  {rise@0.000ns fall@0.625ns period=1.250ns})
  Destination:            i_dram_wrapper/i_dram/u_mig7s_mig/u_memc_ui_top_axi/mem_intfc0/ddr_phy_top0/u_ddr_mc_phy_wrapper/u_ddr_mc_phy/ddr_phy_4lanes_1.u_ddr_phy_4lanes/ddr_byte_lane_D.ddr_byte_lane_D/ddr_byte_group_io/output_[8].oserdes_dq_.sdr.oserdes_dq_i/RST
                            (rising edge-triggered cell OSERDESE2 clocked by oserdes_clkdiv_7  {rise@0.000ns fall@2.500ns period=5.000ns})
  Path Group:             oserdes_clkdiv_7
  Path Type:              Setup (Max at Slow Process Corner)
  Requirement:            2.500ns  (oserdes_clkdiv_7 rise@5.000ns - oserdes_clk_7 rise@2.500ns)
  Data Path Delay:        2.043ns  (logic 0.466ns (22.805%)  route 1.577ns (77.195%))
  Logic Levels:           0  
  Clock Path Skew:        0.442ns (DCD - SCD + CPR)
    Destination Clock Delay (DCD):    8.078ns = ( 13.078 - 5.000 ) 
    Source Clock Delay      (SCD):    8.197ns = ( 11.947 - 3.750 ) 
    Clock Pessimism Removal (CPR):    0.560ns
  Clock Uncertainty:      0.047ns  ((TSJ^2 + DJ^2)^1/2) / 2 + PE
    Total System Jitter     (TSJ):    0.071ns
    Discrete Jitter          (DJ):    0.061ns
    Phase Error              (PE):    0.000ns
  Timing Exception:       MultiCycle Path   Setup -start 2

    Location             Delay type                Incr(ns)  Path(ns)    Netlist Resource(s)
  -------------------------------------------------------------------    -------------------
                         (clock oserdes_clk_7 rise edge)
                                                      2.500     2.500 r  
    AD12                                              0.000     2.500 r  sys_clk_p (IN)
                         net (fo=0)                   0.000     2.500    sys_clk_p
    AD12                 IBUFDS (Prop_ibufds_I_O)     0.906     3.406 r  i_bufds_sys_clk/O
                         net (fo=1, routed)           2.299     5.705    sys_clk
    BUFGCTRL_X0Y1        BUFG (Prop_bufg_I_O)         0.093     5.798 r  sys_clk_BUFG_inst/O
                         net (fo=63, routed)          1.787     7.585    i_dram_wrapper/i_dram/u_mig7s_mig/u_ddr3_infrastructure/plle2_i_0
    PLLE2_ADV_X1Y1       PLLE2_ADV (Prop_plle2_adv_CLKIN1_CLKOUT1)
                                                      0.077     7.662 r  i_dram_wrapper/i_dram/u_mig7s_mig/u_ddr3_infrastructure/plle2_i/CLKOUT1
                         net (fo=14, routed)          0.952     8.614    i_dram_wrapper/i_dram/u_mig7s_mig/u_memc_ui_top_axi/mem_intfc0/ddr_phy_top0/u_ddr_mc_phy_wrapper/u_ddr_mc_phy/ddr_phy_4lanes_1.u_ddr_phy_4lanes/ddr_byte_lane_D.ddr_byte_lane_D/mem_refclk
    PHASER_OUT_PHY_X1Y7  PHASER_OUT_PHY (Prop_phaser_out_phy_MEMREFCLK_OCLK)
                                                      2.083    10.697 r  i_dram_wrapper/i_dram/u_mig7s_mig/u_memc_ui_top_axi/mem_intfc0/ddr_phy_top0/u_ddr_mc_phy_wrapper/u_ddr_mc_phy/ddr_phy_4lanes_1.u_ddr_phy_4lanes/ddr_byte_lane_D.ddr_byte_lane_D/phaser_out/OCLK
  -------------------------------------------------------------------    -------------------
    PHASER_OUT_PHY_X1Y7  PHASER_OUT_PHY (Prop_phaser_out_phy_OCLK_OSERDESRST)
                                                      0.466    11.163 f  i_dram_wrapper/i_dram/u_mig7s_mig/u_memc_ui_top_axi/mem_intfc0/ddr_phy_top0/u_ddr_mc_phy_wrapper/u_ddr_mc_phy/ddr_phy_4lanes_1.u_ddr_phy_4lanes/ddr_byte_lane_D.ddr_byte_lane_D/phaser_out/OSERDESRST
                         net (fo=9, routed)           1.577    12.740    i_dram_wrapper/i_dram/u_mig7s_mig/u_memc_ui_top_axi/mem_intfc0/ddr_phy_top0/u_ddr_mc_phy_wrapper/u_ddr_mc_phy/ddr_phy_4lanes_1.u_ddr_phy_4lanes/ddr_byte_lane_D.ddr_byte_lane_D/ddr_byte_group_io/po_oserdes_rst
    OLOGIC_X1Y97         OSERDESE2                                    f  i_dram_wrapper/i_dram/u_mig7s_mig/u_memc_ui_top_axi/mem_intfc0/ddr_phy_top0/u_ddr_mc_phy_wrapper/u_ddr_mc_phy/ddr_phy_4lanes_1.u_ddr_phy_4lanes/ddr_byte_lane_D.ddr_byte_lane_D/ddr_byte_group_io/output_[8].oserdes_dq_.sdr.oserdes_dq_i/RST
  -------------------------------------------------------------------    -------------------

                         (clock oserdes_clkdiv_7 rise edge)
                                                      5.000     5.000 r  
    AD12                                              0.000     5.000 r  sys_clk_p (IN)
                         net (fo=0)                   0.000     5.000    sys_clk_p
    AD12                 IBUFDS (Prop_ibufds_I_O)     0.803     5.803 r  i_bufds_sys_clk/O
                         net (fo=1, routed)           2.173     7.976    sys_clk
    BUFGCTRL_X0Y1        BUFG (Prop_bufg_I_O)         0.083     8.059 r  sys_clk_BUFG_inst/O
                         net (fo=63, routed)          1.626     9.685    i_dram_wrapper/i_dram/u_mig7s_mig/u_ddr3_infrastructure/plle2_i_0
    PLLE2_ADV_X1Y1       PLLE2_ADV (Prop_plle2_adv_CLKIN1_CLKOUT1)
                                                      0.073     9.758 r  i_dram_wrapper/i_dram/u_mig7s_mig/u_ddr3_infrastructure/plle2_i/CLKOUT1
                         net (fo=14, routed)          0.851    10.609    i_dram_wrapper/i_dram/u_mig7s_mig/u_memc_ui_top_axi/mem_intfc0/ddr_phy_top0/u_ddr_mc_phy_wrapper/u_ddr_mc_phy/ddr_phy_4lanes_1.u_ddr_phy_4lanes/ddr_byte_lane_D.ddr_byte_lane_D/mem_refclk
    PHASER_OUT_PHY_X1Y7  PHASER_OUT_PHY (Prop_phaser_out_phy_MEMREFCLK_OCLK)
                                                      2.027    12.636 r  i_dram_wrapper/i_dram/u_mig7s_mig/u_memc_ui_top_axi/mem_intfc0/ddr_phy_top0/u_ddr_mc_phy_wrapper/u_ddr_mc_phy/ddr_phy_4lanes_1.u_ddr_phy_4lanes/ddr_byte_lane_D.ddr_byte_lane_D/phaser_out/OCLK
    PHASER_OUT_PHY_X1Y7  PHASER_OUT_PHY (Prop_phaser_out_phy_OCLK_OCLKDIV)
                                                      0.133    12.769 r  i_dram_wrapper/i_dram/u_mig7s_mig/u_memc_ui_top_axi/mem_intfc0/ddr_phy_top0/u_ddr_mc_phy_wrapper/u_ddr_mc_phy/ddr_phy_4lanes_1.u_ddr_phy_4lanes/ddr_byte_lane_D.ddr_byte_lane_D/phaser_out/OCLKDIV
                         net (fo=10, routed)          0.309    13.078    i_dram_wrapper/i_dram/u_mig7s_mig/u_memc_ui_top_axi/mem_intfc0/ddr_phy_top0/u_ddr_mc_phy_wrapper/u_ddr_mc_phy/ddr_phy_4lanes_1.u_ddr_phy_4lanes/ddr_byte_lane_D.ddr_byte_lane_D/ddr_byte_group_io/oserdes_clkdiv
    OLOGIC_X1Y97         OSERDESE2                                    r  i_dram_wrapper/i_dram/u_mig7s_mig/u_memc_ui_top_axi/mem_intfc0/ddr_phy_top0/u_ddr_mc_phy_wrapper/u_ddr_mc_phy/ddr_phy_4lanes_1.u_ddr_phy_4lanes/ddr_byte_lane_D.ddr_byte_lane_D/ddr_byte_group_io/output_[8].oserdes_dq_.sdr.oserdes_dq_i/CLKDIV
                         clock pessimism              0.560    13.639    
                         clock uncertainty           -0.047    13.592    
    OLOGIC_X1Y97         OSERDESE2 (Setup_oserdese2_CLKDIV_RST)
                                                     -0.453    13.139    i_dram_wrapper/i_dram/u_mig7s_mig/u_memc_ui_top_axi/mem_intfc0/ddr_phy_top0/u_ddr_mc_phy_wrapper/u_ddr_mc_phy/ddr_phy_4lanes_1.u_ddr_phy_4lanes/ddr_byte_lane_D.ddr_byte_lane_D/ddr_byte_group_io/output_[8].oserdes_dq_.sdr.oserdes_dq_i
  -------------------------------------------------------------------
                         required time                         13.139    
                         arrival time                         -12.740    
  -------------------------------------------------------------------
                         slack                                  0.399    

Slack (MET) :             0.400ns  (required time - arrival time)
  Source:                 i_dram_wrapper/i_dram/u_mig7s_mig/u_memc_ui_top_axi/mem_intfc0/ddr_phy_top0/u_ddr_mc_phy_wrapper/u_ddr_mc_phy/ddr_phy_4lanes_0.u_ddr_phy_4lanes/ddr_byte_lane_B.ddr_byte_lane_B/phaser_out/OCLKDELAYED
                            (rising edge-triggered cell PHASER_OUT_PHY clocked by oserdes_clk_1'  {rise@0.000ns fall@0.625ns period=1.250ns})
  Destination:            i_dram_wrapper/i_dram/u_mig7s_mig/u_memc_ui_top_axi/mem_intfc0/ddr_phy_top0/u_ddr_mc_phy_wrapper/u_ddr_mc_phy/ddr_phy_4lanes_0.u_ddr_phy_4lanes/ddr_byte_lane_B.ddr_byte_lane_B/ddr_byte_group_io/dqs_gen.oddr_dqs/D1
                            (rising edge-triggered cell ODDR clocked by oserdes_clk_1'  {rise@0.000ns fall@0.625ns period=1.250ns})
  Path Group:             oserdes_clk_1
  Path Type:              Setup (Max at Fast Process Corner)
  Requirement:            1.250ns  (oserdes_clk_1 fall@1.875ns - oserdes_clk_1 fall@0.625ns)
  Data Path Delay:        0.533ns  (logic 0.367ns (68.827%)  route 0.166ns (31.172%))
  Logic Levels:           0  
  Clock Path Skew:        0.169ns (DCD - SCD + CPR)
    Destination Clock Delay (DCD):    5.869ns = ( 7.744 - 1.875 ) 
    Source Clock Delay      (SCD):    6.255ns = ( 6.880 - 0.625 ) 
    Clock Pessimism Removal (CPR):    0.556ns
  Clock Uncertainty:      0.047ns  ((TSJ^2 + DJ^2)^1/2) / 2 + PE
    Total System Jitter     (TSJ):    0.071ns
    Discrete Jitter          (DJ):    0.061ns
    Phase Error              (PE):    0.000ns

    Location             Delay type                Incr(ns)  Path(ns)    Netlist Resource(s)
  -------------------------------------------------------------------    -------------------
                         (clock oserdes_clk_1 fall edge)
                                                      0.625     0.625 f  
    AD12                                              0.000     0.625 f  sys_clk_p (IN)
                         net (fo=0)                   0.000     0.625    sys_clk_p
    AD12                 IBUFDS (Prop_ibufds_I_O)     0.470     1.095 f  i_bufds_sys_clk/O
                         net (fo=1, routed)           1.154     2.249    sys_clk
    BUFGCTRL_X0Y1        BUFG (Prop_bufg_I_O)         0.030     2.279 f  sys_clk_BUFG_inst/O
                         net (fo=63, routed)          0.965     3.244    i_dram_wrapper/i_dram/u_mig7s_mig/u_ddr3_infrastructure/plle2_i_0
    PLLE2_ADV_X1Y1       PLLE2_ADV (Prop_plle2_adv_CLKIN1_CLKOUT1)
                                                      0.053     3.297 f  i_dram_wrapper/i_dram/u_mig7s_mig/u_ddr3_infrastructure/plle2_i/CLKOUT1
                         net (fo=14, routed)          0.586     3.883    i_dram_wrapper/i_dram/u_mig7s_mig/u_memc_ui_top_axi/mem_intfc0/ddr_phy_top0/u_ddr_mc_phy_wrapper/u_ddr_mc_phy/ddr_phy_4lanes_0.u_ddr_phy_4lanes/ddr_byte_lane_B.ddr_byte_lane_B/mem_refclk
    PHASER_OUT_PHY_X1Y9  PHASER_OUT_PHY (Prop_phaser_out_phy_MEMREFCLK_OCLK)
                                                      1.858     5.741 f  i_dram_wrapper/i_dram/u_mig7s_mig/u_memc_ui_top_axi/mem_intfc0/ddr_phy_top0/u_ddr_mc_phy_wrapper/u_ddr_mc_phy/ddr_phy_4lanes_0.u_ddr_phy_4lanes/ddr_byte_lane_B.ddr_byte_lane_B/phaser_out/OCLK
    PHASER_OUT_PHY_X1Y9  PHASER_OUT_PHY (Prop_phaser_out_phy_OCLK_OCLKDELAYED)
                                                      1.139     6.880 r  i_dram_wrapper/i_dram/u_mig7s_mig/u_memc_ui_top_axi/mem_intfc0/ddr_phy_top0/u_ddr_mc_phy_wrapper/u_ddr_mc_phy/ddr_phy_4lanes_0.u_ddr_phy_4lanes/ddr_byte_lane_B.ddr_byte_lane_B/phaser_out/OCLKDELAYED
  -------------------------------------------------------------------    -------------------
    PHASER_OUT_PHY_X1Y9  PHASER_OUT_PHY (Prop_phaser_out_phy_OCLKDELAYED_DQSBUS[0])
                                                      0.367     7.247 r  i_dram_wrapper/i_dram/u_mig7s_mig/u_memc_ui_top_axi/mem_intfc0/ddr_phy_top0/u_ddr_mc_phy_wrapper/u_ddr_mc_phy/ddr_phy_4lanes_0.u_ddr_phy_4lanes/ddr_byte_lane_B.ddr_byte_lane_B/phaser_out/DQSBUS[0]
                         net (fo=1, routed)           0.166     7.413    i_dram_wrapper/i_dram/u_mig7s_mig/u_memc_ui_top_axi/mem_intfc0/ddr_phy_top0/u_ddr_mc_phy_wrapper/u_ddr_mc_phy/ddr_phy_4lanes_0.u_ddr_phy_4lanes/ddr_byte_lane_B.ddr_byte_lane_B/ddr_byte_group_io/DQSBUS[0]
    OLOGIC_X1Y120        ODDR                                         r  i_dram_wrapper/i_dram/u_mig7s_mig/u_memc_ui_top_axi/mem_intfc0/ddr_phy_top0/u_ddr_mc_phy_wrapper/u_ddr_mc_phy/ddr_phy_4lanes_0.u_ddr_phy_4lanes/ddr_byte_lane_B.ddr_byte_lane_B/ddr_byte_group_io/dqs_gen.oddr_dqs/D1
  -------------------------------------------------------------------    -------------------

                         (clock oserdes_clk_1 fall edge)
                                                      1.875     1.875 f  
    AD12                                              0.000     1.875 f  sys_clk_p (IN)
                         net (fo=0)                   0.000     1.875    sys_clk_p
    AD12                 IBUFDS (Prop_ibufds_I_O)     0.388     2.263 f  i_bufds_sys_clk/O
                         net (fo=1, routed)           1.083     3.346    sys_clk
    BUFGCTRL_X0Y1        BUFG (Prop_bufg_I_O)         0.026     3.372 f  sys_clk_BUFG_inst/O
                         net (fo=63, routed)          0.715     4.087    i_dram_wrapper/i_dram/u_mig7s_mig/u_ddr3_infrastructure/plle2_i_0
    PLLE2_ADV_X1Y1       PLLE2_ADV (Prop_plle2_adv_CLKIN1_CLKOUT1)
                                                      0.050     4.137 f  i_dram_wrapper/i_dram/u_mig7s_mig/u_ddr3_infrastructure/plle2_i/CLKOUT1
                         net (fo=14, routed)          0.518     4.655    i_dram_wrapper/i_dram/u_mig7s_mig/u_memc_ui_top_axi/mem_intfc0/ddr_phy_top0/u_ddr_mc_phy_wrapper/u_ddr_mc_phy/ddr_phy_4lanes_0.u_ddr_phy_4lanes/ddr_byte_lane_B.ddr_byte_lane_B/mem_refclk
    PHASER_OUT_PHY_X1Y9  PHASER_OUT_PHY (Prop_phaser_out_phy_MEMREFCLK_OCLK)
                                                      1.813     6.469 f  i_dram_wrapper/i_dram/u_mig7s_mig/u_memc_ui_top_axi/mem_intfc0/ddr_phy_top0/u_ddr_mc_phy_wrapper/u_ddr_mc_phy/ddr_phy_4lanes_0.u_ddr_phy_4lanes/ddr_byte_lane_B.ddr_byte_lane_B/phaser_out/OCLK
    PHASER_OUT_PHY_X1Y9  PHASER_OUT_PHY (Prop_phaser_out_phy_OCLK_OCLKDELAYED)
                                                      1.106     7.575 r  i_dram_wrapper/i_dram/u_mig7s_mig/u_memc_ui_top_axi/mem_intfc0/ddr_phy_top0/u_ddr_mc_phy_wrapper/u_ddr_mc_phy/ddr_phy_4lanes_0.u_ddr_phy_4lanes/ddr_byte_lane_B.ddr_byte_lane_B/phaser_out/OCLKDELAYED
                         net (fo=2, routed)           0.169     7.744    i_dram_wrapper/i_dram/u_mig7s_mig/u_memc_ui_top_axi/mem_intfc0/ddr_phy_top0/u_ddr_mc_phy_wrapper/u_ddr_mc_phy/ddr_phy_4lanes_0.u_ddr_phy_4lanes/ddr_byte_lane_B.ddr_byte_lane_B/ddr_byte_group_io/oserdes_clk_delayed
    OLOGIC_X1Y120        ODDR                                         r  i_dram_wrapper/i_dram/u_mig7s_mig/u_memc_ui_top_axi/mem_intfc0/ddr_phy_top0/u_ddr_mc_phy_wrapper/u_ddr_mc_phy/ddr_phy_4lanes_0.u_ddr_phy_4lanes/ddr_byte_lane_B.ddr_byte_lane_B/ddr_byte_group_io/dqs_gen.oddr_dqs/C
                         clock pessimism              0.556     8.299    
                         clock uncertainty           -0.047     8.252    
    OLOGIC_X1Y120        ODDR (Setup_oddr_C_D1)      -0.439     7.813    i_dram_wrapper/i_dram/u_mig7s_mig/u_memc_ui_top_axi/mem_intfc0/ddr_phy_top0/u_ddr_mc_phy_wrapper/u_ddr_mc_phy/ddr_phy_4lanes_0.u_ddr_phy_4lanes/ddr_byte_lane_B.ddr_byte_lane_B/ddr_byte_group_io/dqs_gen.oddr_dqs
  -------------------------------------------------------------------
                         required time                          7.813    
                         arrival time                          -7.413    
  -------------------------------------------------------------------
                         slack                                  0.400    

Slack (MET) :             0.400ns  (required time - arrival time)
  Source:                 i_dram_wrapper/i_dram/u_mig7s_mig/u_memc_ui_top_axi/mem_intfc0/ddr_phy_top0/u_ddr_mc_phy_wrapper/u_ddr_mc_phy/ddr_phy_4lanes_0.u_ddr_phy_4lanes/ddr_byte_lane_B.ddr_byte_lane_B/phaser_out/OCLKDELAYED
                            (rising edge-triggered cell PHASER_OUT_PHY clocked by oserdes_clk_1'  {rise@0.000ns fall@0.625ns period=1.250ns})
  Destination:            i_dram_wrapper/i_dram/u_mig7s_mig/u_memc_ui_top_axi/mem_intfc0/ddr_phy_top0/u_ddr_mc_phy_wrapper/u_ddr_mc_phy/ddr_phy_4lanes_0.u_ddr_phy_4lanes/ddr_byte_lane_B.ddr_byte_lane_B/ddr_byte_group_io/dqs_gen.oddr_dqs/D1
                            (rising edge-triggered cell ODDR clocked by oserdes_clk_1'  {rise@0.000ns fall@0.625ns period=1.250ns})
  Path Group:             oserdes_clk_1
  Path Type:              Setup (Max at Fast Process Corner)
  Requirement:            1.250ns  (oserdes_clk_1 fall@1.875ns - oserdes_clk_1 fall@0.625ns)
  Data Path Delay:        0.533ns  (logic 0.367ns (68.827%)  route 0.166ns (31.172%))
  Logic Levels:           0  
  Clock Path Skew:        0.169ns (DCD - SCD + CPR)
    Destination Clock Delay (DCD):    5.869ns = ( 7.744 - 1.875 ) 
    Source Clock Delay      (SCD):    6.255ns = ( 6.880 - 0.625 ) 
    Clock Pessimism Removal (CPR):    0.556ns
  Clock Uncertainty:      0.047ns  ((TSJ^2 + DJ^2)^1/2) / 2 + PE
    Total System Jitter     (TSJ):    0.071ns
    Discrete Jitter          (DJ):    0.061ns
    Phase Error              (PE):    0.000ns

    Location             Delay type                Incr(ns)  Path(ns)    Netlist Resource(s)
  -------------------------------------------------------------------    -------------------
                         (clock oserdes_clk_1 fall edge)
                                                      0.625     0.625 f  
    AD12                                              0.000     0.625 f  sys_clk_p (IN)
                         net (fo=0)                   0.000     0.625    sys_clk_p
    AD12                 IBUFDS (Prop_ibufds_I_O)     0.470     1.095 f  i_bufds_sys_clk/O
                         net (fo=1, routed)           1.154     2.249    sys_clk
    BUFGCTRL_X0Y1        BUFG (Prop_bufg_I_O)         0.030     2.279 f  sys_clk_BUFG_inst/O
                         net (fo=63, routed)          0.965     3.244    i_dram_wrapper/i_dram/u_mig7s_mig/u_ddr3_infrastructure/plle2_i_0
    PLLE2_ADV_X1Y1       PLLE2_ADV (Prop_plle2_adv_CLKIN1_CLKOUT1)
                                                      0.053     3.297 f  i_dram_wrapper/i_dram/u_mig7s_mig/u_ddr3_infrastructure/plle2_i/CLKOUT1
                         net (fo=14, routed)          0.586     3.883    i_dram_wrapper/i_dram/u_mig7s_mig/u_memc_ui_top_axi/mem_intfc0/ddr_phy_top0/u_ddr_mc_phy_wrapper/u_ddr_mc_phy/ddr_phy_4lanes_0.u_ddr_phy_4lanes/ddr_byte_lane_B.ddr_byte_lane_B/mem_refclk
    PHASER_OUT_PHY_X1Y9  PHASER_OUT_PHY (Prop_phaser_out_phy_MEMREFCLK_OCLK)
                                                      1.858     5.741 f  i_dram_wrapper/i_dram/u_mig7s_mig/u_memc_ui_top_axi/mem_intfc0/ddr_phy_top0/u_ddr_mc_phy_wrapper/u_ddr_mc_phy/ddr_phy_4lanes_0.u_ddr_phy_4lanes/ddr_byte_lane_B.ddr_byte_lane_B/phaser_out/OCLK
    PHASER_OUT_PHY_X1Y9  PHASER_OUT_PHY (Prop_phaser_out_phy_OCLK_OCLKDELAYED)
                                                      1.139     6.880 r  i_dram_wrapper/i_dram/u_mig7s_mig/u_memc_ui_top_axi/mem_intfc0/ddr_phy_top0/u_ddr_mc_phy_wrapper/u_ddr_mc_phy/ddr_phy_4lanes_0.u_ddr_phy_4lanes/ddr_byte_lane_B.ddr_byte_lane_B/phaser_out/OCLKDELAYED
  -------------------------------------------------------------------    -------------------
    PHASER_OUT_PHY_X1Y9  PHASER_OUT_PHY (Prop_phaser_out_phy_OCLKDELAYED_DQSBUS[0])
                                                      0.367     7.247 f  i_dram_wrapper/i_dram/u_mig7s_mig/u_memc_ui_top_axi/mem_intfc0/ddr_phy_top0/u_ddr_mc_phy_wrapper/u_ddr_mc_phy/ddr_phy_4lanes_0.u_ddr_phy_4lanes/ddr_byte_lane_B.ddr_byte_lane_B/phaser_out/DQSBUS[0]
                         net (fo=1, routed)           0.166     7.413    i_dram_wrapper/i_dram/u_mig7s_mig/u_memc_ui_top_axi/mem_intfc0/ddr_phy_top0/u_ddr_mc_phy_wrapper/u_ddr_mc_phy/ddr_phy_4lanes_0.u_ddr_phy_4lanes/ddr_byte_lane_B.ddr_byte_lane_B/ddr_byte_group_io/DQSBUS[0]
    OLOGIC_X1Y120        ODDR                                         f  i_dram_wrapper/i_dram/u_mig7s_mig/u_memc_ui_top_axi/mem_intfc0/ddr_phy_top0/u_ddr_mc_phy_wrapper/u_ddr_mc_phy/ddr_phy_4lanes_0.u_ddr_phy_4lanes/ddr_byte_lane_B.ddr_byte_lane_B/ddr_byte_group_io/dqs_gen.oddr_dqs/D1
  -------------------------------------------------------------------    -------------------

                         (clock oserdes_clk_1 fall edge)
                                                      1.875     1.875 f  
    AD12                                              0.000     1.875 f  sys_clk_p (IN)
                         net (fo=0)                   0.000     1.875    sys_clk_p
    AD12                 IBUFDS (Prop_ibufds_I_O)     0.388     2.263 f  i_bufds_sys_clk/O
                         net (fo=1, routed)           1.083     3.346    sys_clk
    BUFGCTRL_X0Y1        BUFG (Prop_bufg_I_O)         0.026     3.372 f  sys_clk_BUFG_inst/O
                         net (fo=63, routed)          0.715     4.087    i_dram_wrapper/i_dram/u_mig7s_mig/u_ddr3_infrastructure/plle2_i_0
    PLLE2_ADV_X1Y1       PLLE2_ADV (Prop_plle2_adv_CLKIN1_CLKOUT1)
                                                      0.050     4.137 f  i_dram_wrapper/i_dram/u_mig7s_mig/u_ddr3_infrastructure/plle2_i/CLKOUT1
                         net (fo=14, routed)          0.518     4.655    i_dram_wrapper/i_dram/u_mig7s_mig/u_memc_ui_top_axi/mem_intfc0/ddr_phy_top0/u_ddr_mc_phy_wrapper/u_ddr_mc_phy/ddr_phy_4lanes_0.u_ddr_phy_4lanes/ddr_byte_lane_B.ddr_byte_lane_B/mem_refclk
    PHASER_OUT_PHY_X1Y9  PHASER_OUT_PHY (Prop_phaser_out_phy_MEMREFCLK_OCLK)
                                                      1.813     6.469 f  i_dram_wrapper/i_dram/u_mig7s_mig/u_memc_ui_top_axi/mem_intfc0/ddr_phy_top0/u_ddr_mc_phy_wrapper/u_ddr_mc_phy/ddr_phy_4lanes_0.u_ddr_phy_4lanes/ddr_byte_lane_B.ddr_byte_lane_B/phaser_out/OCLK
    PHASER_OUT_PHY_X1Y9  PHASER_OUT_PHY (Prop_phaser_out_phy_OCLK_OCLKDELAYED)
                                                      1.106     7.575 r  i_dram_wrapper/i_dram/u_mig7s_mig/u_memc_ui_top_axi/mem_intfc0/ddr_phy_top0/u_ddr_mc_phy_wrapper/u_ddr_mc_phy/ddr_phy_4lanes_0.u_ddr_phy_4lanes/ddr_byte_lane_B.ddr_byte_lane_B/phaser_out/OCLKDELAYED
                         net (fo=2, routed)           0.169     7.744    i_dram_wrapper/i_dram/u_mig7s_mig/u_memc_ui_top_axi/mem_intfc0/ddr_phy_top0/u_ddr_mc_phy_wrapper/u_ddr_mc_phy/ddr_phy_4lanes_0.u_ddr_phy_4lanes/ddr_byte_lane_B.ddr_byte_lane_B/ddr_byte_group_io/oserdes_clk_delayed
    OLOGIC_X1Y120        ODDR                                         r  i_dram_wrapper/i_dram/u_mig7s_mig/u_memc_ui_top_axi/mem_intfc0/ddr_phy_top0/u_ddr_mc_phy_wrapper/u_ddr_mc_phy/ddr_phy_4lanes_0.u_ddr_phy_4lanes/ddr_byte_lane_B.ddr_byte_lane_B/ddr_byte_group_io/dqs_gen.oddr_dqs/C
                         clock pessimism              0.556     8.299    
                         clock uncertainty           -0.047     8.252    
    OLOGIC_X1Y120        ODDR (Setup_oddr_C_D1)      -0.439     7.813    i_dram_wrapper/i_dram/u_mig7s_mig/u_memc_ui_top_axi/mem_intfc0/ddr_phy_top0/u_ddr_mc_phy_wrapper/u_ddr_mc_phy/ddr_phy_4lanes_0.u_ddr_phy_4lanes/ddr_byte_lane_B.ddr_byte_lane_B/ddr_byte_group_io/dqs_gen.oddr_dqs
  -------------------------------------------------------------------
                         required time                          7.813    
                         arrival time                          -7.413    
  -------------------------------------------------------------------
                         slack                                  0.400    

Slack (MET) :             0.401ns  (required time - arrival time)
  Source:                 i_dram_wrapper/i_dram/u_mig7s_mig/u_memc_ui_top_axi/mem_intfc0/ddr_phy_top0/u_ddr_mc_phy_wrapper/u_ddr_mc_phy/ddr_phy_4lanes_0.u_ddr_phy_4lanes/ddr_byte_lane_B.ddr_byte_lane_B/phaser_out/OCLK
                            (rising edge-triggered cell PHASER_OUT_PHY clocked by oserdes_clk_1  {rise@0.000ns fall@0.625ns period=1.250ns})
  Destination:            i_dram_wrapper/i_dram/u_mig7s_mig/u_memc_ui_top_axi/mem_intfc0/ddr_phy_top0/u_ddr_mc_phy_wrapper/u_ddr_mc_phy/ddr_phy_4lanes_0.u_ddr_phy_4lanes/ddr_byte_lane_B.ddr_byte_lane_B/ddr_byte_group_io/output_[1].oserdes_dq_.ddr.oserdes_dq_i/RST
                            (rising edge-triggered cell OSERDESE2 clocked by oserdes_clkdiv_1  {rise@0.000ns fall@1.250ns period=2.500ns})
  Path Group:             oserdes_clkdiv_1
  Path Type:              Setup (Max at Slow Process Corner)
  Requirement:            2.500ns  (oserdes_clkdiv_1 rise@2.500ns - oserdes_clk_1 rise@0.000ns)
  Data Path Delay:        2.024ns  (logic 0.466ns (23.028%)  route 1.558ns (76.972%))
  Logic Levels:           0  
  Clock Path Skew:        0.424ns (DCD - SCD + CPR)
    Destination Clock Delay (DCD):    8.270ns = ( 10.770 - 2.500 ) 
    Source Clock Delay      (SCD):    8.433ns = ( 9.683 - 1.250 ) 
    Clock Pessimism Removal (CPR):    0.586ns
  Clock Uncertainty:      0.047ns  ((TSJ^2 + DJ^2)^1/2) / 2 + PE
    Total System Jitter     (TSJ):    0.071ns
    Discrete Jitter          (DJ):    0.061ns
    Phase Error              (PE):    0.000ns
  Timing Exception:       MultiCycle Path   Setup -start 2

    Location             Delay type                Incr(ns)  Path(ns)    Netlist Resource(s)
  -------------------------------------------------------------------    -------------------
                         (clock oserdes_clk_1 rise edge)
                                                      0.000     0.000 r  
    AD12                                              0.000     0.000 r  sys_clk_p (IN)
                         net (fo=0)                   0.000     0.000    sys_clk_p
    AD12                 IBUFDS (Prop_ibufds_I_O)     0.906     0.906 r  i_bufds_sys_clk/O
                         net (fo=1, routed)           2.299     3.205    sys_clk
    BUFGCTRL_X0Y1        BUFG (Prop_bufg_I_O)         0.093     3.298 r  sys_clk_BUFG_inst/O
                         net (fo=63, routed)          1.787     5.085    i_dram_wrapper/i_dram/u_mig7s_mig/u_ddr3_infrastructure/plle2_i_0
    PLLE2_ADV_X1Y1       PLLE2_ADV (Prop_plle2_adv_CLKIN1_CLKOUT1)
                                                      0.077     5.162 r  i_dram_wrapper/i_dram/u_mig7s_mig/u_ddr3_infrastructure/plle2_i/CLKOUT1
                         net (fo=14, routed)          1.188     6.350    i_dram_wrapper/i_dram/u_mig7s_mig/u_memc_ui_top_axi/mem_intfc0/ddr_phy_top0/u_ddr_mc_phy_wrapper/u_ddr_mc_phy/ddr_phy_4lanes_0.u_ddr_phy_4lanes/ddr_byte_lane_B.ddr_byte_lane_B/mem_refclk
    PHASER_OUT_PHY_X1Y9  PHASER_OUT_PHY (Prop_phaser_out_phy_MEMREFCLK_OCLK)
                                                      2.083     8.433 r  i_dram_wrapper/i_dram/u_mig7s_mig/u_memc_ui_top_axi/mem_intfc0/ddr_phy_top0/u_ddr_mc_phy_wrapper/u_ddr_mc_phy/ddr_phy_4lanes_0.u_ddr_phy_4lanes/ddr_byte_lane_B.ddr_byte_lane_B/phaser_out/OCLK
  -------------------------------------------------------------------    -------------------
    PHASER_OUT_PHY_X1Y9  PHASER_OUT_PHY (Prop_phaser_out_phy_OCLK_OSERDESRST)
                                                      0.466     8.899 r  i_dram_wrapper/i_dram/u_mig7s_mig/u_memc_ui_top_axi/mem_intfc0/ddr_phy_top0/u_ddr_mc_phy_wrapper/u_ddr_mc_phy/ddr_phy_4lanes_0.u_ddr_phy_4lanes/ddr_byte_lane_B.ddr_byte_lane_B/phaser_out/OSERDESRST
                         net (fo=10, routed)          1.558    10.456    i_dram_wrapper/i_dram/u_mig7s_mig/u_memc_ui_top_axi/mem_intfc0/ddr_phy_top0/u_ddr_mc_phy_wrapper/u_ddr_mc_phy/ddr_phy_4lanes_0.u_ddr_phy_4lanes/ddr_byte_lane_B.ddr_byte_lane_B/ddr_byte_group_io/po_oserdes_rst
    OLOGIC_X1Y114        OSERDESE2                                    r  i_dram_wrapper/i_dram/u_mig7s_mig/u_memc_ui_top_axi/mem_intfc0/ddr_phy_top0/u_ddr_mc_phy_wrapper/u_ddr_mc_phy/ddr_phy_4lanes_0.u_ddr_phy_4lanes/ddr_byte_lane_B.ddr_byte_lane_B/ddr_byte_group_io/output_[1].oserdes_dq_.ddr.oserdes_dq_i/RST
  -------------------------------------------------------------------    -------------------

                         (clock oserdes_clkdiv_1 rise edge)
                                                      2.500     2.500 r  
    AD12                                              0.000     2.500 r  sys_clk_p (IN)
                         net (fo=0)                   0.000     2.500    sys_clk_p
    AD12                 IBUFDS (Prop_ibufds_I_O)     0.803     3.303 r  i_bufds_sys_clk/O
                         net (fo=1, routed)           2.173     5.476    sys_clk
    BUFGCTRL_X0Y1        BUFG (Prop_bufg_I_O)         0.083     5.559 r  sys_clk_BUFG_inst/O
                         net (fo=63, routed)          1.626     7.185    i_dram_wrapper/i_dram/u_mig7s_mig/u_ddr3_infrastructure/plle2_i_0
    PLLE2_ADV_X1Y1       PLLE2_ADV (Prop_plle2_adv_CLKIN1_CLKOUT1)
                                                      0.073     7.258 r  i_dram_wrapper/i_dram/u_mig7s_mig/u_ddr3_infrastructure/plle2_i/CLKOUT1
                         net (fo=14, routed)          1.061     8.319    i_dram_wrapper/i_dram/u_mig7s_mig/u_memc_ui_top_axi/mem_intfc0/ddr_phy_top0/u_ddr_mc_phy_wrapper/u_ddr_mc_phy/ddr_phy_4lanes_0.u_ddr_phy_4lanes/ddr_byte_lane_B.ddr_byte_lane_B/mem_refclk
    PHASER_OUT_PHY_X1Y9  PHASER_OUT_PHY (Prop_phaser_out_phy_MEMREFCLK_OCLK)
                                                      2.027    10.346 r  i_dram_wrapper/i_dram/u_mig7s_mig/u_memc_ui_top_axi/mem_intfc0/ddr_phy_top0/u_ddr_mc_phy_wrapper/u_ddr_mc_phy/ddr_phy_4lanes_0.u_ddr_phy_4lanes/ddr_byte_lane_B.ddr_byte_lane_B/phaser_out/OCLK
    PHASER_OUT_PHY_X1Y9  PHASER_OUT_PHY (Prop_phaser_out_phy_OCLK_OCLKDIV)
                                                      0.133    10.479 r  i_dram_wrapper/i_dram/u_mig7s_mig/u_memc_ui_top_axi/mem_intfc0/ddr_phy_top0/u_ddr_mc_phy_wrapper/u_ddr_mc_phy/ddr_phy_4lanes_0.u_ddr_phy_4lanes/ddr_byte_lane_B.ddr_byte_lane_B/phaser_out/OCLKDIV
                         net (fo=11, routed)          0.291    10.770    i_dram_wrapper/i_dram/u_mig7s_mig/u_memc_ui_top_axi/mem_intfc0/ddr_phy_top0/u_ddr_mc_phy_wrapper/u_ddr_mc_phy/ddr_phy_4lanes_0.u_ddr_phy_4lanes/ddr_byte_lane_B.ddr_byte_lane_B/ddr_byte_group_io/oserdes_clkdiv
    OLOGIC_X1Y114        OSERDESE2                                    r  i_dram_wrapper/i_dram/u_mig7s_mig/u_memc_ui_top_axi/mem_intfc0/ddr_phy_top0/u_ddr_mc_phy_wrapper/u_ddr_mc_phy/ddr_phy_4lanes_0.u_ddr_phy_4lanes/ddr_byte_lane_B.ddr_byte_lane_B/ddr_byte_group_io/output_[1].oserdes_dq_.ddr.oserdes_dq_i/CLKDIV
                         clock pessimism              0.586    11.357    
                         clock uncertainty           -0.047    11.310    
    OLOGIC_X1Y114        OSERDESE2 (Setup_oserdese2_CLKDIV_RST)
                                                     -0.453    10.857    i_dram_wrapper/i_dram/u_mig7s_mig/u_memc_ui_top_axi/mem_intfc0/ddr_phy_top0/u_ddr_mc_phy_wrapper/u_ddr_mc_phy/ddr_phy_4lanes_0.u_ddr_phy_4lanes/ddr_byte_lane_B.ddr_byte_lane_B/ddr_byte_group_io/output_[1].oserdes_dq_.ddr.oserdes_dq_i
  -------------------------------------------------------------------
                         required time                         10.857    
                         arrival time                         -10.456    
  -------------------------------------------------------------------
                         slack                                  0.401    

Slack (MET) :             0.401ns  (required time - arrival time)
  Source:                 i_dram_wrapper/i_dram/u_mig7s_mig/u_memc_ui_top_axi/mem_intfc0/ddr_phy_top0/u_ddr_mc_phy_wrapper/u_ddr_mc_phy/ddr_phy_4lanes_0.u_ddr_phy_4lanes/ddr_byte_lane_B.ddr_byte_lane_B/phaser_out/OCLK
                            (rising edge-triggered cell PHASER_OUT_PHY clocked by oserdes_clk_1  {rise@0.000ns fall@0.625ns period=1.250ns})
  Destination:            i_dram_wrapper/i_dram/u_mig7s_mig/u_memc_ui_top_axi/mem_intfc0/ddr_phy_top0/u_ddr_mc_phy_wrapper/u_ddr_mc_phy/ddr_phy_4lanes_0.u_ddr_phy_4lanes/ddr_byte_lane_B.ddr_byte_lane_B/ddr_byte_group_io/output_[1].oserdes_dq_.ddr.oserdes_dq_i/RST
                            (rising edge-triggered cell OSERDESE2 clocked by oserdes_clkdiv_1  {rise@0.000ns fall@1.250ns period=2.500ns})
  Path Group:             oserdes_clkdiv_1
  Path Type:              Setup (Max at Slow Process Corner)
  Requirement:            2.500ns  (oserdes_clkdiv_1 rise@2.500ns - oserdes_clk_1 rise@0.000ns)
  Data Path Delay:        2.024ns  (logic 0.466ns (23.028%)  route 1.558ns (76.972%))
  Logic Levels:           0  
  Clock Path Skew:        0.424ns (DCD - SCD + CPR)
    Destination Clock Delay (DCD):    8.270ns = ( 10.770 - 2.500 ) 
    Source Clock Delay      (SCD):    8.433ns = ( 9.683 - 1.250 ) 
    Clock Pessimism Removal (CPR):    0.586ns
  Clock Uncertainty:      0.047ns  ((TSJ^2 + DJ^2)^1/2) / 2 + PE
    Total System Jitter     (TSJ):    0.071ns
    Discrete Jitter          (DJ):    0.061ns
    Phase Error              (PE):    0.000ns
  Timing Exception:       MultiCycle Path   Setup -start 2

    Location             Delay type                Incr(ns)  Path(ns)    Netlist Resource(s)
  -------------------------------------------------------------------    -------------------
                         (clock oserdes_clk_1 rise edge)
                                                      0.000     0.000 r  
    AD12                                              0.000     0.000 r  sys_clk_p (IN)
                         net (fo=0)                   0.000     0.000    sys_clk_p
    AD12                 IBUFDS (Prop_ibufds_I_O)     0.906     0.906 r  i_bufds_sys_clk/O
                         net (fo=1, routed)           2.299     3.205    sys_clk
    BUFGCTRL_X0Y1        BUFG (Prop_bufg_I_O)         0.093     3.298 r  sys_clk_BUFG_inst/O
                         net (fo=63, routed)          1.787     5.085    i_dram_wrapper/i_dram/u_mig7s_mig/u_ddr3_infrastructure/plle2_i_0
    PLLE2_ADV_X1Y1       PLLE2_ADV (Prop_plle2_adv_CLKIN1_CLKOUT1)
                                                      0.077     5.162 r  i_dram_wrapper/i_dram/u_mig7s_mig/u_ddr3_infrastructure/plle2_i/CLKOUT1
                         net (fo=14, routed)          1.188     6.350    i_dram_wrapper/i_dram/u_mig7s_mig/u_memc_ui_top_axi/mem_intfc0/ddr_phy_top0/u_ddr_mc_phy_wrapper/u_ddr_mc_phy/ddr_phy_4lanes_0.u_ddr_phy_4lanes/ddr_byte_lane_B.ddr_byte_lane_B/mem_refclk
    PHASER_OUT_PHY_X1Y9  PHASER_OUT_PHY (Prop_phaser_out_phy_MEMREFCLK_OCLK)
                                                      2.083     8.433 r  i_dram_wrapper/i_dram/u_mig7s_mig/u_memc_ui_top_axi/mem_intfc0/ddr_phy_top0/u_ddr_mc_phy_wrapper/u_ddr_mc_phy/ddr_phy_4lanes_0.u_ddr_phy_4lanes/ddr_byte_lane_B.ddr_byte_lane_B/phaser_out/OCLK
  -------------------------------------------------------------------    -------------------
    PHASER_OUT_PHY_X1Y9  PHASER_OUT_PHY (Prop_phaser_out_phy_OCLK_OSERDESRST)
                                                      0.466     8.899 f  i_dram_wrapper/i_dram/u_mig7s_mig/u_memc_ui_top_axi/mem_intfc0/ddr_phy_top0/u_ddr_mc_phy_wrapper/u_ddr_mc_phy/ddr_phy_4lanes_0.u_ddr_phy_4lanes/ddr_byte_lane_B.ddr_byte_lane_B/phaser_out/OSERDESRST
                         net (fo=10, routed)          1.558    10.456    i_dram_wrapper/i_dram/u_mig7s_mig/u_memc_ui_top_axi/mem_intfc0/ddr_phy_top0/u_ddr_mc_phy_wrapper/u_ddr_mc_phy/ddr_phy_4lanes_0.u_ddr_phy_4lanes/ddr_byte_lane_B.ddr_byte_lane_B/ddr_byte_group_io/po_oserdes_rst
    OLOGIC_X1Y114        OSERDESE2                                    f  i_dram_wrapper/i_dram/u_mig7s_mig/u_memc_ui_top_axi/mem_intfc0/ddr_phy_top0/u_ddr_mc_phy_wrapper/u_ddr_mc_phy/ddr_phy_4lanes_0.u_ddr_phy_4lanes/ddr_byte_lane_B.ddr_byte_lane_B/ddr_byte_group_io/output_[1].oserdes_dq_.ddr.oserdes_dq_i/RST
  -------------------------------------------------------------------    -------------------

                         (clock oserdes_clkdiv_1 rise edge)
                                                      2.500     2.500 r  
    AD12                                              0.000     2.500 r  sys_clk_p (IN)
                         net (fo=0)                   0.000     2.500    sys_clk_p
    AD12                 IBUFDS (Prop_ibufds_I_O)     0.803     3.303 r  i_bufds_sys_clk/O
                         net (fo=1, routed)           2.173     5.476    sys_clk
    BUFGCTRL_X0Y1        BUFG (Prop_bufg_I_O)         0.083     5.559 r  sys_clk_BUFG_inst/O
                         net (fo=63, routed)          1.626     7.185    i_dram_wrapper/i_dram/u_mig7s_mig/u_ddr3_infrastructure/plle2_i_0
    PLLE2_ADV_X1Y1       PLLE2_ADV (Prop_plle2_adv_CLKIN1_CLKOUT1)
                                                      0.073     7.258 r  i_dram_wrapper/i_dram/u_mig7s_mig/u_ddr3_infrastructure/plle2_i/CLKOUT1
                         net (fo=14, routed)          1.061     8.319    i_dram_wrapper/i_dram/u_mig7s_mig/u_memc_ui_top_axi/mem_intfc0/ddr_phy_top0/u_ddr_mc_phy_wrapper/u_ddr_mc_phy/ddr_phy_4lanes_0.u_ddr_phy_4lanes/ddr_byte_lane_B.ddr_byte_lane_B/mem_refclk
    PHASER_OUT_PHY_X1Y9  PHASER_OUT_PHY (Prop_phaser_out_phy_MEMREFCLK_OCLK)
                                                      2.027    10.346 r  i_dram_wrapper/i_dram/u_mig7s_mig/u_memc_ui_top_axi/mem_intfc0/ddr_phy_top0/u_ddr_mc_phy_wrapper/u_ddr_mc_phy/ddr_phy_4lanes_0.u_ddr_phy_4lanes/ddr_byte_lane_B.ddr_byte_lane_B/phaser_out/OCLK
    PHASER_OUT_PHY_X1Y9  PHASER_OUT_PHY (Prop_phaser_out_phy_OCLK_OCLKDIV)
                                                      0.133    10.479 r  i_dram_wrapper/i_dram/u_mig7s_mig/u_memc_ui_top_axi/mem_intfc0/ddr_phy_top0/u_ddr_mc_phy_wrapper/u_ddr_mc_phy/ddr_phy_4lanes_0.u_ddr_phy_4lanes/ddr_byte_lane_B.ddr_byte_lane_B/phaser_out/OCLKDIV
                         net (fo=11, routed)          0.291    10.770    i_dram_wrapper/i_dram/u_mig7s_mig/u_memc_ui_top_axi/mem_intfc0/ddr_phy_top0/u_ddr_mc_phy_wrapper/u_ddr_mc_phy/ddr_phy_4lanes_0.u_ddr_phy_4lanes/ddr_byte_lane_B.ddr_byte_lane_B/ddr_byte_group_io/oserdes_clkdiv
    OLOGIC_X1Y114        OSERDESE2                                    r  i_dram_wrapper/i_dram/u_mig7s_mig/u_memc_ui_top_axi/mem_intfc0/ddr_phy_top0/u_ddr_mc_phy_wrapper/u_ddr_mc_phy/ddr_phy_4lanes_0.u_ddr_phy_4lanes/ddr_byte_lane_B.ddr_byte_lane_B/ddr_byte_group_io/output_[1].oserdes_dq_.ddr.oserdes_dq_i/CLKDIV
                         clock pessimism              0.586    11.357    
                         clock uncertainty           -0.047    11.310    
    OLOGIC_X1Y114        OSERDESE2 (Setup_oserdese2_CLKDIV_RST)
                                                     -0.453    10.857    i_dram_wrapper/i_dram/u_mig7s_mig/u_memc_ui_top_axi/mem_intfc0/ddr_phy_top0/u_ddr_mc_phy_wrapper/u_ddr_mc_phy/ddr_phy_4lanes_0.u_ddr_phy_4lanes/ddr_byte_lane_B.ddr_byte_lane_B/ddr_byte_group_io/output_[1].oserdes_dq_.ddr.oserdes_dq_i
  -------------------------------------------------------------------
                         required time                         10.857    
                         arrival time                         -10.456    
  -------------------------------------------------------------------
                         slack                                  0.401    

Slack (MET) :             0.401ns  (required time - arrival time)
  Source:                 i_dram_wrapper/i_dram/u_mig7s_mig/u_memc_ui_top_axi/mem_intfc0/ddr_phy_top0/u_ddr_mc_phy_wrapper/u_ddr_mc_phy/ddr_phy_4lanes_0.u_ddr_phy_4lanes/ddr_byte_lane_B.ddr_byte_lane_B/phaser_out/OCLKDELAYED
                            (rising edge-triggered cell PHASER_OUT_PHY clocked by oserdes_clk_1'  {rise@0.000ns fall@0.625ns period=1.250ns})
  Destination:            i_dram_wrapper/i_dram/u_mig7s_mig/u_memc_ui_top_axi/mem_intfc0/ddr_phy_top0/u_ddr_mc_phy_wrapper/u_ddr_mc_phy/ddr_phy_4lanes_0.u_ddr_phy_4lanes/ddr_byte_lane_B.ddr_byte_lane_B/ddr_byte_group_io/dqs_gen.oddr_dqs/D2
                            (rising edge-triggered cell ODDR clocked by oserdes_clk_1'  {rise@0.000ns fall@0.625ns period=1.250ns})
  Path Group:             oserdes_clk_1
  Path Type:              Setup (Max at Fast Process Corner)
  Requirement:            1.250ns  (oserdes_clk_1 fall@1.875ns - oserdes_clk_1 fall@0.625ns)
  Data Path Delay:        0.532ns  (logic 0.367ns (68.957%)  route 0.165ns (31.043%))
  Logic Levels:           0  
  Clock Path Skew:        0.169ns (DCD - SCD + CPR)
    Destination Clock Delay (DCD):    5.869ns = ( 7.744 - 1.875 ) 
    Source Clock Delay      (SCD):    6.255ns = ( 6.880 - 0.625 ) 
    Clock Pessimism Removal (CPR):    0.556ns
  Clock Uncertainty:      0.047ns  ((TSJ^2 + DJ^2)^1/2) / 2 + PE
    Total System Jitter     (TSJ):    0.071ns
    Discrete Jitter          (DJ):    0.061ns
    Phase Error              (PE):    0.000ns

    Location             Delay type                Incr(ns)  Path(ns)    Netlist Resource(s)
  -------------------------------------------------------------------    -------------------
                         (clock oserdes_clk_1 fall edge)
                                                      0.625     0.625 f  
    AD12                                              0.000     0.625 f  sys_clk_p (IN)
                         net (fo=0)                   0.000     0.625    sys_clk_p
    AD12                 IBUFDS (Prop_ibufds_I_O)     0.470     1.095 f  i_bufds_sys_clk/O
                         net (fo=1, routed)           1.154     2.249    sys_clk
    BUFGCTRL_X0Y1        BUFG (Prop_bufg_I_O)         0.030     2.279 f  sys_clk_BUFG_inst/O
                         net (fo=63, routed)          0.965     3.244    i_dram_wrapper/i_dram/u_mig7s_mig/u_ddr3_infrastructure/plle2_i_0
    PLLE2_ADV_X1Y1       PLLE2_ADV (Prop_plle2_adv_CLKIN1_CLKOUT1)
                                                      0.053     3.297 f  i_dram_wrapper/i_dram/u_mig7s_mig/u_ddr3_infrastructure/plle2_i/CLKOUT1
                         net (fo=14, routed)          0.586     3.883    i_dram_wrapper/i_dram/u_mig7s_mig/u_memc_ui_top_axi/mem_intfc0/ddr_phy_top0/u_ddr_mc_phy_wrapper/u_ddr_mc_phy/ddr_phy_4lanes_0.u_ddr_phy_4lanes/ddr_byte_lane_B.ddr_byte_lane_B/mem_refclk
    PHASER_OUT_PHY_X1Y9  PHASER_OUT_PHY (Prop_phaser_out_phy_MEMREFCLK_OCLK)
                                                      1.858     5.741 f  i_dram_wrapper/i_dram/u_mig7s_mig/u_memc_ui_top_axi/mem_intfc0/ddr_phy_top0/u_ddr_mc_phy_wrapper/u_ddr_mc_phy/ddr_phy_4lanes_0.u_ddr_phy_4lanes/ddr_byte_lane_B.ddr_byte_lane_B/phaser_out/OCLK
    PHASER_OUT_PHY_X1Y9  PHASER_OUT_PHY (Prop_phaser_out_phy_OCLK_OCLKDELAYED)
                                                      1.139     6.880 r  i_dram_wrapper/i_dram/u_mig7s_mig/u_memc_ui_top_axi/mem_intfc0/ddr_phy_top0/u_ddr_mc_phy_wrapper/u_ddr_mc_phy/ddr_phy_4lanes_0.u_ddr_phy_4lanes/ddr_byte_lane_B.ddr_byte_lane_B/phaser_out/OCLKDELAYED
  -------------------------------------------------------------------    -------------------
    PHASER_OUT_PHY_X1Y9  PHASER_OUT_PHY (Prop_phaser_out_phy_OCLKDELAYED_DQSBUS[1])
                                                      0.367     7.247 r  i_dram_wrapper/i_dram/u_mig7s_mig/u_memc_ui_top_axi/mem_intfc0/ddr_phy_top0/u_ddr_mc_phy_wrapper/u_ddr_mc_phy/ddr_phy_4lanes_0.u_ddr_phy_4lanes/ddr_byte_lane_B.ddr_byte_lane_B/phaser_out/DQSBUS[1]
                         net (fo=1, routed)           0.165     7.412    i_dram_wrapper/i_dram/u_mig7s_mig/u_memc_ui_top_axi/mem_intfc0/ddr_phy_top0/u_ddr_mc_phy_wrapper/u_ddr_mc_phy/ddr_phy_4lanes_0.u_ddr_phy_4lanes/ddr_byte_lane_B.ddr_byte_lane_B/ddr_byte_group_io/DQSBUS[1]
    OLOGIC_X1Y120        ODDR                                         r  i_dram_wrapper/i_dram/u_mig7s_mig/u_memc_ui_top_axi/mem_intfc0/ddr_phy_top0/u_ddr_mc_phy_wrapper/u_ddr_mc_phy/ddr_phy_4lanes_0.u_ddr_phy_4lanes/ddr_byte_lane_B.ddr_byte_lane_B/ddr_byte_group_io/dqs_gen.oddr_dqs/D2
  -------------------------------------------------------------------    -------------------

                         (clock oserdes_clk_1 fall edge)
                                                      1.875     1.875 f  
    AD12                                              0.000     1.875 f  sys_clk_p (IN)
                         net (fo=0)                   0.000     1.875    sys_clk_p
    AD12                 IBUFDS (Prop_ibufds_I_O)     0.388     2.263 f  i_bufds_sys_clk/O
                         net (fo=1, routed)           1.083     3.346    sys_clk
    BUFGCTRL_X0Y1        BUFG (Prop_bufg_I_O)         0.026     3.372 f  sys_clk_BUFG_inst/O
                         net (fo=63, routed)          0.715     4.087    i_dram_wrapper/i_dram/u_mig7s_mig/u_ddr3_infrastructure/plle2_i_0
    PLLE2_ADV_X1Y1       PLLE2_ADV (Prop_plle2_adv_CLKIN1_CLKOUT1)
                                                      0.050     4.137 f  i_dram_wrapper/i_dram/u_mig7s_mig/u_ddr3_infrastructure/plle2_i/CLKOUT1
                         net (fo=14, routed)          0.518     4.655    i_dram_wrapper/i_dram/u_mig7s_mig/u_memc_ui_top_axi/mem_intfc0/ddr_phy_top0/u_ddr_mc_phy_wrapper/u_ddr_mc_phy/ddr_phy_4lanes_0.u_ddr_phy_4lanes/ddr_byte_lane_B.ddr_byte_lane_B/mem_refclk
    PHASER_OUT_PHY_X1Y9  PHASER_OUT_PHY (Prop_phaser_out_phy_MEMREFCLK_OCLK)
                                                      1.813     6.469 f  i_dram_wrapper/i_dram/u_mig7s_mig/u_memc_ui_top_axi/mem_intfc0/ddr_phy_top0/u_ddr_mc_phy_wrapper/u_ddr_mc_phy/ddr_phy_4lanes_0.u_ddr_phy_4lanes/ddr_byte_lane_B.ddr_byte_lane_B/phaser_out/OCLK
    PHASER_OUT_PHY_X1Y9  PHASER_OUT_PHY (Prop_phaser_out_phy_OCLK_OCLKDELAYED)
                                                      1.106     7.575 r  i_dram_wrapper/i_dram/u_mig7s_mig/u_memc_ui_top_axi/mem_intfc0/ddr_phy_top0/u_ddr_mc_phy_wrapper/u_ddr_mc_phy/ddr_phy_4lanes_0.u_ddr_phy_4lanes/ddr_byte_lane_B.ddr_byte_lane_B/phaser_out/OCLKDELAYED
                         net (fo=2, routed)           0.169     7.744    i_dram_wrapper/i_dram/u_mig7s_mig/u_memc_ui_top_axi/mem_intfc0/ddr_phy_top0/u_ddr_mc_phy_wrapper/u_ddr_mc_phy/ddr_phy_4lanes_0.u_ddr_phy_4lanes/ddr_byte_lane_B.ddr_byte_lane_B/ddr_byte_group_io/oserdes_clk_delayed
    OLOGIC_X1Y120        ODDR                                         r  i_dram_wrapper/i_dram/u_mig7s_mig/u_memc_ui_top_axi/mem_intfc0/ddr_phy_top0/u_ddr_mc_phy_wrapper/u_ddr_mc_phy/ddr_phy_4lanes_0.u_ddr_phy_4lanes/ddr_byte_lane_B.ddr_byte_lane_B/ddr_byte_group_io/dqs_gen.oddr_dqs/C
                         clock pessimism              0.556     8.299    
                         clock uncertainty           -0.047     8.252    
    OLOGIC_X1Y120        ODDR (Setup_oddr_C_D2)      -0.439     7.813    i_dram_wrapper/i_dram/u_mig7s_mig/u_memc_ui_top_axi/mem_intfc0/ddr_phy_top0/u_ddr_mc_phy_wrapper/u_ddr_mc_phy/ddr_phy_4lanes_0.u_ddr_phy_4lanes/ddr_byte_lane_B.ddr_byte_lane_B/ddr_byte_group_io/dqs_gen.oddr_dqs
  -------------------------------------------------------------------
                         required time                          7.813    
                         arrival time                          -7.412    
  -------------------------------------------------------------------
                         slack                                  0.401    

Slack (MET) :             0.401ns  (required time - arrival time)
  Source:                 i_dram_wrapper/i_dram/u_mig7s_mig/u_memc_ui_top_axi/mem_intfc0/ddr_phy_top0/u_ddr_mc_phy_wrapper/u_ddr_mc_phy/ddr_phy_4lanes_0.u_ddr_phy_4lanes/ddr_byte_lane_B.ddr_byte_lane_B/phaser_out/OCLKDELAYED
                            (rising edge-triggered cell PHASER_OUT_PHY clocked by oserdes_clk_1'  {rise@0.000ns fall@0.625ns period=1.250ns})
  Destination:            i_dram_wrapper/i_dram/u_mig7s_mig/u_memc_ui_top_axi/mem_intfc0/ddr_phy_top0/u_ddr_mc_phy_wrapper/u_ddr_mc_phy/ddr_phy_4lanes_0.u_ddr_phy_4lanes/ddr_byte_lane_B.ddr_byte_lane_B/ddr_byte_group_io/dqs_gen.oddr_dqs/D2
                            (rising edge-triggered cell ODDR clocked by oserdes_clk_1'  {rise@0.000ns fall@0.625ns period=1.250ns})
  Path Group:             oserdes_clk_1
  Path Type:              Setup (Max at Fast Process Corner)
  Requirement:            1.250ns  (oserdes_clk_1 fall@1.875ns - oserdes_clk_1 fall@0.625ns)
  Data Path Delay:        0.532ns  (logic 0.367ns (68.957%)  route 0.165ns (31.043%))
  Logic Levels:           0  
  Clock Path Skew:        0.169ns (DCD - SCD + CPR)
    Destination Clock Delay (DCD):    5.869ns = ( 7.744 - 1.875 ) 
    Source Clock Delay      (SCD):    6.255ns = ( 6.880 - 0.625 ) 
    Clock Pessimism Removal (CPR):    0.556ns
  Clock Uncertainty:      0.047ns  ((TSJ^2 + DJ^2)^1/2) / 2 + PE
    Total System Jitter     (TSJ):    0.071ns
    Discrete Jitter          (DJ):    0.061ns
    Phase Error              (PE):    0.000ns

    Location             Delay type                Incr(ns)  Path(ns)    Netlist Resource(s)
  -------------------------------------------------------------------    -------------------
                         (clock oserdes_clk_1 fall edge)
                                                      0.625     0.625 f  
    AD12                                              0.000     0.625 f  sys_clk_p (IN)
                         net (fo=0)                   0.000     0.625    sys_clk_p
    AD12                 IBUFDS (Prop_ibufds_I_O)     0.470     1.095 f  i_bufds_sys_clk/O
                         net (fo=1, routed)           1.154     2.249    sys_clk
    BUFGCTRL_X0Y1        BUFG (Prop_bufg_I_O)         0.030     2.279 f  sys_clk_BUFG_inst/O
                         net (fo=63, routed)          0.965     3.244    i_dram_wrapper/i_dram/u_mig7s_mig/u_ddr3_infrastructure/plle2_i_0
    PLLE2_ADV_X1Y1       PLLE2_ADV (Prop_plle2_adv_CLKIN1_CLKOUT1)
                                                      0.053     3.297 f  i_dram_wrapper/i_dram/u_mig7s_mig/u_ddr3_infrastructure/plle2_i/CLKOUT1
                         net (fo=14, routed)          0.586     3.883    i_dram_wrapper/i_dram/u_mig7s_mig/u_memc_ui_top_axi/mem_intfc0/ddr_phy_top0/u_ddr_mc_phy_wrapper/u_ddr_mc_phy/ddr_phy_4lanes_0.u_ddr_phy_4lanes/ddr_byte_lane_B.ddr_byte_lane_B/mem_refclk
    PHASER_OUT_PHY_X1Y9  PHASER_OUT_PHY (Prop_phaser_out_phy_MEMREFCLK_OCLK)
                                                      1.858     5.741 f  i_dram_wrapper/i_dram/u_mig7s_mig/u_memc_ui_top_axi/mem_intfc0/ddr_phy_top0/u_ddr_mc_phy_wrapper/u_ddr_mc_phy/ddr_phy_4lanes_0.u_ddr_phy_4lanes/ddr_byte_lane_B.ddr_byte_lane_B/phaser_out/OCLK
    PHASER_OUT_PHY_X1Y9  PHASER_OUT_PHY (Prop_phaser_out_phy_OCLK_OCLKDELAYED)
                                                      1.139     6.880 r  i_dram_wrapper/i_dram/u_mig7s_mig/u_memc_ui_top_axi/mem_intfc0/ddr_phy_top0/u_ddr_mc_phy_wrapper/u_ddr_mc_phy/ddr_phy_4lanes_0.u_ddr_phy_4lanes/ddr_byte_lane_B.ddr_byte_lane_B/phaser_out/OCLKDELAYED
  -------------------------------------------------------------------    -------------------
    PHASER_OUT_PHY_X1Y9  PHASER_OUT_PHY (Prop_phaser_out_phy_OCLKDELAYED_DQSBUS[1])
                                                      0.367     7.247 f  i_dram_wrapper/i_dram/u_mig7s_mig/u_memc_ui_top_axi/mem_intfc0/ddr_phy_top0/u_ddr_mc_phy_wrapper/u_ddr_mc_phy/ddr_phy_4lanes_0.u_ddr_phy_4lanes/ddr_byte_lane_B.ddr_byte_lane_B/phaser_out/DQSBUS[1]
                         net (fo=1, routed)           0.165     7.412    i_dram_wrapper/i_dram/u_mig7s_mig/u_memc_ui_top_axi/mem_intfc0/ddr_phy_top0/u_ddr_mc_phy_wrapper/u_ddr_mc_phy/ddr_phy_4lanes_0.u_ddr_phy_4lanes/ddr_byte_lane_B.ddr_byte_lane_B/ddr_byte_group_io/DQSBUS[1]
    OLOGIC_X1Y120        ODDR                                         f  i_dram_wrapper/i_dram/u_mig7s_mig/u_memc_ui_top_axi/mem_intfc0/ddr_phy_top0/u_ddr_mc_phy_wrapper/u_ddr_mc_phy/ddr_phy_4lanes_0.u_ddr_phy_4lanes/ddr_byte_lane_B.ddr_byte_lane_B/ddr_byte_group_io/dqs_gen.oddr_dqs/D2
  -------------------------------------------------------------------    -------------------

                         (clock oserdes_clk_1 fall edge)
                                                      1.875     1.875 f  
    AD12                                              0.000     1.875 f  sys_clk_p (IN)
                         net (fo=0)                   0.000     1.875    sys_clk_p
    AD12                 IBUFDS (Prop_ibufds_I_O)     0.388     2.263 f  i_bufds_sys_clk/O
                         net (fo=1, routed)           1.083     3.346    sys_clk
    BUFGCTRL_X0Y1        BUFG (Prop_bufg_I_O)         0.026     3.372 f  sys_clk_BUFG_inst/O
                         net (fo=63, routed)          0.715     4.087    i_dram_wrapper/i_dram/u_mig7s_mig/u_ddr3_infrastructure/plle2_i_0
    PLLE2_ADV_X1Y1       PLLE2_ADV (Prop_plle2_adv_CLKIN1_CLKOUT1)
                                                      0.050     4.137 f  i_dram_wrapper/i_dram/u_mig7s_mig/u_ddr3_infrastructure/plle2_i/CLKOUT1
                         net (fo=14, routed)          0.518     4.655    i_dram_wrapper/i_dram/u_mig7s_mig/u_memc_ui_top_axi/mem_intfc0/ddr_phy_top0/u_ddr_mc_phy_wrapper/u_ddr_mc_phy/ddr_phy_4lanes_0.u_ddr_phy_4lanes/ddr_byte_lane_B.ddr_byte_lane_B/mem_refclk
    PHASER_OUT_PHY_X1Y9  PHASER_OUT_PHY (Prop_phaser_out_phy_MEMREFCLK_OCLK)
                                                      1.813     6.469 f  i_dram_wrapper/i_dram/u_mig7s_mig/u_memc_ui_top_axi/mem_intfc0/ddr_phy_top0/u_ddr_mc_phy_wrapper/u_ddr_mc_phy/ddr_phy_4lanes_0.u_ddr_phy_4lanes/ddr_byte_lane_B.ddr_byte_lane_B/phaser_out/OCLK
    PHASER_OUT_PHY_X1Y9  PHASER_OUT_PHY (Prop_phaser_out_phy_OCLK_OCLKDELAYED)
                                                      1.106     7.575 r  i_dram_wrapper/i_dram/u_mig7s_mig/u_memc_ui_top_axi/mem_intfc0/ddr_phy_top0/u_ddr_mc_phy_wrapper/u_ddr_mc_phy/ddr_phy_4lanes_0.u_ddr_phy_4lanes/ddr_byte_lane_B.ddr_byte_lane_B/phaser_out/OCLKDELAYED
                         net (fo=2, routed)           0.169     7.744    i_dram_wrapper/i_dram/u_mig7s_mig/u_memc_ui_top_axi/mem_intfc0/ddr_phy_top0/u_ddr_mc_phy_wrapper/u_ddr_mc_phy/ddr_phy_4lanes_0.u_ddr_phy_4lanes/ddr_byte_lane_B.ddr_byte_lane_B/ddr_byte_group_io/oserdes_clk_delayed
    OLOGIC_X1Y120        ODDR                                         r  i_dram_wrapper/i_dram/u_mig7s_mig/u_memc_ui_top_axi/mem_intfc0/ddr_phy_top0/u_ddr_mc_phy_wrapper/u_ddr_mc_phy/ddr_phy_4lanes_0.u_ddr_phy_4lanes/ddr_byte_lane_B.ddr_byte_lane_B/ddr_byte_group_io/dqs_gen.oddr_dqs/C
                         clock pessimism              0.556     8.299    
                         clock uncertainty           -0.047     8.252    
    OLOGIC_X1Y120        ODDR (Setup_oddr_C_D2)      -0.439     7.813    i_dram_wrapper/i_dram/u_mig7s_mig/u_memc_ui_top_axi/mem_intfc0/ddr_phy_top0/u_ddr_mc_phy_wrapper/u_ddr_mc_phy/ddr_phy_4lanes_0.u_ddr_phy_4lanes/ddr_byte_lane_B.ddr_byte_lane_B/ddr_byte_group_io/dqs_gen.oddr_dqs
  -------------------------------------------------------------------
                         required time                          7.813    
                         arrival time                          -7.412    
  -------------------------------------------------------------------
                         slack                                  0.401    

Slack (MET) :             0.402ns  (required time - arrival time)
  Source:                 i_dram_wrapper/i_dram/u_mig7s_mig/u_ddr3_infrastructure/plle2_i/CLKOUT2
                            (clock source 'sync_pulse'  {rise@0.547ns fall@1.797ns period=20.000ns})
  Destination:            i_dram_wrapper/i_dram/u_mig7s_mig/u_memc_ui_top_axi/mem_intfc0/ddr_phy_top0/u_ddr_mc_phy_wrapper/u_ddr_mc_phy/ddr_phy_4lanes_1.u_ddr_phy_4lanes/phy_control_i/SYNCIN
                            (rising edge-triggered cell PHY_CONTROL clocked by mem_refclk  {rise@0.000ns fall@0.625ns period=1.250ns})
  Path Group:             mem_refclk
  Path Type:              Setup (Max at Fast Process Corner)
  Requirement:            0.703ns  (mem_refclk rise@1.250ns - sync_pulse rise@0.547ns)
  Data Path Delay:        0.453ns  (logic 0.000ns (0.000%)  route 0.453ns (100.000%))
  Logic Levels:           0  
  Clock Path Skew:        0.401ns (DCD - SCD + CPR)
    Destination Clock Delay (DCD):    2.663ns = ( 3.913 - 1.250 ) 
    Source Clock Delay      (SCD):    2.672ns = ( 3.219 - 0.547 ) 
    Clock Pessimism Removal (CPR):    0.409ns
  Clock Uncertainty:      0.183ns  ((TSJ^2 + DJ^2)^1/2) / 2 + PE
    Total System Jitter     (TSJ):    0.071ns
    Discrete Jitter          (DJ):    0.104ns
    Phase Error              (PE):    0.120ns

    Location             Delay type                Incr(ns)  Path(ns)    Netlist Resource(s)
  -------------------------------------------------------------------    -------------------
                         (clock sync_pulse rise edge)
                                                      0.547     0.547 r  
    AD12                                              0.000     0.547 r  sys_clk_p (IN)
                         net (fo=0)                   0.000     0.547    sys_clk_p
    AD12                 IBUFDS (Prop_ibufds_I_O)     0.470     1.017 r  i_bufds_sys_clk/O
                         net (fo=1, routed)           1.154     2.171    sys_clk
    BUFGCTRL_X0Y1        BUFG (Prop_bufg_I_O)         0.030     2.201 r  sys_clk_BUFG_inst/O
                         net (fo=63, routed)          0.965     3.166    i_dram_wrapper/i_dram/u_mig7s_mig/u_ddr3_infrastructure/plle2_i_0
  -------------------------------------------------------------------    -------------------
    PLLE2_ADV_X1Y1       PLLE2_ADV (Prop_plle2_adv_CLKIN1_CLKOUT2)
                                                      0.053     3.219 r  i_dram_wrapper/i_dram/u_mig7s_mig/u_ddr3_infrastructure/plle2_i/CLKOUT2
                         net (fo=14, routed)          0.453     3.672    i_dram_wrapper/i_dram/u_mig7s_mig/u_memc_ui_top_axi/mem_intfc0/ddr_phy_top0/u_ddr_mc_phy_wrapper/u_ddr_mc_phy/ddr_phy_4lanes_1.u_ddr_phy_4lanes/sync_pulse
    PHY_CONTROL_X1Y1     PHY_CONTROL                                  r  i_dram_wrapper/i_dram/u_mig7s_mig/u_memc_ui_top_axi/mem_intfc0/ddr_phy_top0/u_ddr_mc_phy_wrapper/u_ddr_mc_phy/ddr_phy_4lanes_1.u_ddr_phy_4lanes/phy_control_i/SYNCIN
  -------------------------------------------------------------------    -------------------

                         (clock mem_refclk rise edge)
                                                      1.250     1.250 r  
    AD12                                              0.000     1.250 r  sys_clk_p (IN)
                         net (fo=0)                   0.000     1.250    sys_clk_p
    AD12                 IBUFDS (Prop_ibufds_I_O)     0.388     1.638 r  i_bufds_sys_clk/O
                         net (fo=1, routed)           1.083     2.721    sys_clk
    BUFGCTRL_X0Y1        BUFG (Prop_bufg_I_O)         0.026     2.747 r  sys_clk_BUFG_inst/O
                         net (fo=63, routed)          0.715     3.462    i_dram_wrapper/i_dram/u_mig7s_mig/u_ddr3_infrastructure/plle2_i_0
    PLLE2_ADV_X1Y1       PLLE2_ADV (Prop_plle2_adv_CLKIN1_CLKOUT1)
                                                      0.050     3.512 r  i_dram_wrapper/i_dram/u_mig7s_mig/u_ddr3_infrastructure/plle2_i/CLKOUT1
                         net (fo=14, routed)          0.401     3.913    i_dram_wrapper/i_dram/u_mig7s_mig/u_memc_ui_top_axi/mem_intfc0/ddr_phy_top0/u_ddr_mc_phy_wrapper/u_ddr_mc_phy/ddr_phy_4lanes_1.u_ddr_phy_4lanes/mem_refclk
    PHY_CONTROL_X1Y1     PHY_CONTROL                                  r  i_dram_wrapper/i_dram/u_mig7s_mig/u_memc_ui_top_axi/mem_intfc0/ddr_phy_top0/u_ddr_mc_phy_wrapper/u_ddr_mc_phy/ddr_phy_4lanes_1.u_ddr_phy_4lanes/phy_control_i/MEMREFCLK
                         clock pessimism              0.409     4.323    
                         clock uncertainty           -0.183     4.140    
    PHY_CONTROL_X1Y1     PHY_CONTROL (Setup_phy_control_MEMREFCLK_SYNCIN)
                                                     -0.066     4.074    i_dram_wrapper/i_dram/u_mig7s_mig/u_memc_ui_top_axi/mem_intfc0/ddr_phy_top0/u_ddr_mc_phy_wrapper/u_ddr_mc_phy/ddr_phy_4lanes_1.u_ddr_phy_4lanes/phy_control_i
  -------------------------------------------------------------------
                         required time                          4.074    
                         arrival time                          -3.672    
  -------------------------------------------------------------------
                         slack                                  0.402    

Slack (MET) :             0.402ns  (required time - arrival time)
  Source:                 i_dram_wrapper/i_dram/u_mig7s_mig/u_ddr3_infrastructure/plle2_i/CLKOUT2
                            (clock source 'sync_pulse'  {rise@0.547ns fall@1.797ns period=20.000ns})
  Destination:            i_dram_wrapper/i_dram/u_mig7s_mig/u_memc_ui_top_axi/mem_intfc0/ddr_phy_top0/u_ddr_mc_phy_wrapper/u_ddr_mc_phy/ddr_phy_4lanes_1.u_ddr_phy_4lanes/phy_control_i/SYNCIN
                            (rising edge-triggered cell PHY_CONTROL clocked by mem_refclk  {rise@0.000ns fall@0.625ns period=1.250ns})
  Path Group:             mem_refclk
  Path Type:              Setup (Max at Fast Process Corner)
  Requirement:            0.703ns  (mem_refclk rise@2.500ns - sync_pulse fall@1.797ns)
  Data Path Delay:        0.453ns  (logic 0.000ns (0.000%)  route 0.453ns (100.000%))
  Logic Levels:           0  
  Clock Path Skew:        0.401ns (DCD - SCD + CPR)
    Destination Clock Delay (DCD):    2.663ns = ( 5.163 - 2.500 ) 
    Source Clock Delay      (SCD):    2.672ns = ( 4.469 - 1.797 ) 
    Clock Pessimism Removal (CPR):    0.409ns
  Clock Uncertainty:      0.183ns  ((TSJ^2 + DJ^2)^1/2) / 2 + PE
    Total System Jitter     (TSJ):    0.071ns
    Discrete Jitter          (DJ):    0.104ns
    Phase Error              (PE):    0.120ns

    Location             Delay type                Incr(ns)  Path(ns)    Netlist Resource(s)
  -------------------------------------------------------------------    -------------------
                         (clock sync_pulse fall edge)
                                                      1.797     1.797 f  
    AD12                                              0.000     1.797 f  sys_clk_p (IN)
                         net (fo=0)                   0.000     1.797    sys_clk_p
    AD12                 IBUFDS (Prop_ibufds_I_O)     0.470     2.267 f  i_bufds_sys_clk/O
                         net (fo=1, routed)           1.154     3.421    sys_clk
    BUFGCTRL_X0Y1        BUFG (Prop_bufg_I_O)         0.030     3.451 f  sys_clk_BUFG_inst/O
                         net (fo=63, routed)          0.965     4.416    i_dram_wrapper/i_dram/u_mig7s_mig/u_ddr3_infrastructure/plle2_i_0
  -------------------------------------------------------------------    -------------------
    PLLE2_ADV_X1Y1       PLLE2_ADV (Prop_plle2_adv_CLKIN1_CLKOUT2)
                                                      0.053     4.469 f  i_dram_wrapper/i_dram/u_mig7s_mig/u_ddr3_infrastructure/plle2_i/CLKOUT2
                         net (fo=14, routed)          0.453     4.922    i_dram_wrapper/i_dram/u_mig7s_mig/u_memc_ui_top_axi/mem_intfc0/ddr_phy_top0/u_ddr_mc_phy_wrapper/u_ddr_mc_phy/ddr_phy_4lanes_1.u_ddr_phy_4lanes/sync_pulse
    PHY_CONTROL_X1Y1     PHY_CONTROL                                  f  i_dram_wrapper/i_dram/u_mig7s_mig/u_memc_ui_top_axi/mem_intfc0/ddr_phy_top0/u_ddr_mc_phy_wrapper/u_ddr_mc_phy/ddr_phy_4lanes_1.u_ddr_phy_4lanes/phy_control_i/SYNCIN
  -------------------------------------------------------------------    -------------------

                         (clock mem_refclk rise edge)
                                                      2.500     2.500 r  
    AD12                                              0.000     2.500 r  sys_clk_p (IN)
                         net (fo=0)                   0.000     2.500    sys_clk_p
    AD12                 IBUFDS (Prop_ibufds_I_O)     0.388     2.888 r  i_bufds_sys_clk/O
                         net (fo=1, routed)           1.083     3.971    sys_clk
    BUFGCTRL_X0Y1        BUFG (Prop_bufg_I_O)         0.026     3.997 r  sys_clk_BUFG_inst/O
                         net (fo=63, routed)          0.715     4.712    i_dram_wrapper/i_dram/u_mig7s_mig/u_ddr3_infrastructure/plle2_i_0
    PLLE2_ADV_X1Y1       PLLE2_ADV (Prop_plle2_adv_CLKIN1_CLKOUT1)
                                                      0.050     4.762 r  i_dram_wrapper/i_dram/u_mig7s_mig/u_ddr3_infrastructure/plle2_i/CLKOUT1
                         net (fo=14, routed)          0.401     5.163    i_dram_wrapper/i_dram/u_mig7s_mig/u_memc_ui_top_axi/mem_intfc0/ddr_phy_top0/u_ddr_mc_phy_wrapper/u_ddr_mc_phy/ddr_phy_4lanes_1.u_ddr_phy_4lanes/mem_refclk
    PHY_CONTROL_X1Y1     PHY_CONTROL                                  r  i_dram_wrapper/i_dram/u_mig7s_mig/u_memc_ui_top_axi/mem_intfc0/ddr_phy_top0/u_ddr_mc_phy_wrapper/u_ddr_mc_phy/ddr_phy_4lanes_1.u_ddr_phy_4lanes/phy_control_i/MEMREFCLK
                         clock pessimism              0.409     5.573    
                         clock uncertainty           -0.183     5.390    
    PHY_CONTROL_X1Y1     PHY_CONTROL (Setup_phy_control_MEMREFCLK_SYNCIN)
                                                     -0.066     5.324    i_dram_wrapper/i_dram/u_mig7s_mig/u_memc_ui_top_axi/mem_intfc0/ddr_phy_top0/u_ddr_mc_phy_wrapper/u_ddr_mc_phy/ddr_phy_4lanes_1.u_ddr_phy_4lanes/phy_control_i
  -------------------------------------------------------------------
                         required time                          5.324    
                         arrival time                          -4.922    
  -------------------------------------------------------------------
                         slack                                  0.402    

Slack (MET) :             0.402ns  (required time - arrival time)
  Source:                 i_dram_wrapper/i_dram/u_mig7s_mig/u_ddr3_infrastructure/rstdiv0_sync_r1_reg_rep/C
                            (rising edge-triggered cell FDPE clocked by clk_pll_i  {rise@0.000ns fall@2.500ns period=5.000ns})
  Destination:            i_dram_wrapper/gen_cdc.i_axi_cdc_mig/i_axi_cdc_dst/i_cdc_fifo_gray_dst_aw/i_spill_register/spill_register_flushable_i/gen_spill_reg.a_data_q_reg[size][1]/CLR
                            (rising edge-triggered cell FDCE clocked by clk_pll_i  {rise@0.000ns fall@2.500ns period=5.000ns})
  Path Group:             clk_pll_i
  Path Type:              Recovery (Max at Slow Process Corner)
  Requirement:            5.000ns  (MaxDelay Path 5.000ns)
  Data Path Delay:        4.082ns  (logic 0.259ns (6.344%)  route 3.823ns (93.656%))
  Logic Levels:           0  
  Clock Path Skew:        -0.309ns (DCD - SCD + CPR)
    Destination Clock Delay (DCD):    6.080ns
    Source Clock Delay      (SCD):    6.852ns
    Clock Pessimism Removal (CPR):    0.462ns
  Clock Uncertainty:      0.052ns  ((TSJ^2 + DJ^2)^1/2) / 2 + PE
    Total System Jitter     (TSJ):    0.071ns
    Discrete Jitter          (DJ):    0.077ns
    Phase Error              (PE):    0.000ns
  Timing Exception:       MaxDelay Path 5.000ns

    Location             Delay type                Incr(ns)  Path(ns)    Netlist Resource(s)
  -------------------------------------------------------------------    -------------------
                         (clock clk_pll_i rise edge)
                                                      0.000     0.000 r  
    AD12                                              0.000     0.000 r  sys_clk_p (IN)
                         net (fo=0)                   0.000     0.000    sys_clk_p
    AD12                 IBUFDS (Prop_ibufds_I_O)     0.906     0.906 r  i_bufds_sys_clk/O
                         net (fo=1, routed)           2.299     3.205    sys_clk
    BUFGCTRL_X0Y1        BUFG (Prop_bufg_I_O)         0.093     3.298 r  sys_clk_BUFG_inst/O
                         net (fo=63, routed)          1.787     5.085    i_dram_wrapper/i_dram/u_mig7s_mig/u_ddr3_infrastructure/plle2_i_0
    PLLE2_ADV_X1Y1       PLLE2_ADV (Prop_plle2_adv_CLKIN1_CLKOUT3)
                                                      0.077     5.162 r  i_dram_wrapper/i_dram/u_mig7s_mig/u_ddr3_infrastructure/plle2_i/CLKOUT3
                         net (fo=1, routed)           1.155     6.317    i_dram_wrapper/i_dram/u_mig7s_mig/u_ddr3_infrastructure/pll_clk3_out
    BUFHCE_X1Y12         BUFH (Prop_bufh_I_O)         0.103     6.420 r  i_dram_wrapper/i_dram/u_mig7s_mig/u_ddr3_infrastructure/u_bufh_pll_clk3/O
                         net (fo=1, routed)           0.790     7.210    i_dram_wrapper/i_dram/u_mig7s_mig/u_ddr3_infrastructure/pll_clk3
    MMCME2_ADV_X1Y1      MMCME2_ADV (Prop_mmcme2_adv_CLKIN1_CLKFBOUT)
                                                     -3.987     3.223 r  i_dram_wrapper/i_dram/u_mig7s_mig/u_ddr3_infrastructure/gen_mmcm.mmcm_i/CLKFBOUT
                         net (fo=1, routed)           2.130     5.353    i_dram_wrapper/i_dram/u_mig7s_mig/u_ddr3_infrastructure/clk_pll_i
    BUFGCTRL_X0Y0        BUFG (Prop_bufg_I_O)         0.093     5.446 r  i_dram_wrapper/i_dram/u_mig7s_mig/u_ddr3_infrastructure/u_bufg_clkdiv0/O
                         net (fo=13203, routed)       1.406     6.852    i_dram_wrapper/i_dram/u_mig7s_mig/u_ddr3_infrastructure/CLK
    SLICE_X102Y111       FDPE                                         r  i_dram_wrapper/i_dram/u_mig7s_mig/u_ddr3_infrastructure/rstdiv0_sync_r1_reg_rep/C
  -------------------------------------------------------------------    -------------------
    SLICE_X102Y111       FDPE (Prop_fdpe_C_Q)         0.259     7.111 f  i_dram_wrapper/i_dram/u_mig7s_mig/u_ddr3_infrastructure/rstdiv0_sync_r1_reg_rep/Q
                         net (fo=444, routed)         3.823    10.934    i_dram_wrapper/gen_cdc.i_axi_cdc_mig/i_axi_cdc_dst/i_cdc_fifo_gray_dst_aw/i_spill_register/spill_register_flushable_i/ui_clk_sync_rst
    SLICE_X114Y208       FDCE                                         f  i_dram_wrapper/gen_cdc.i_axi_cdc_mig/i_axi_cdc_dst/i_cdc_fifo_gray_dst_aw/i_spill_register/spill_register_flushable_i/gen_spill_reg.a_data_q_reg[size][1]/CLR
  -------------------------------------------------------------------    -------------------

                         max delay                    5.000     5.000    
    AD12                                              0.000     5.000 r  sys_clk_p (IN)
                         net (fo=0)                   0.000     5.000    sys_clk_p
    AD12                 IBUFDS (Prop_ibufds_I_O)     0.803     5.803 r  i_bufds_sys_clk/O
                         net (fo=1, routed)           2.173     7.976    sys_clk
    BUFGCTRL_X0Y1        BUFG (Prop_bufg_I_O)         0.083     8.059 r  sys_clk_BUFG_inst/O
                         net (fo=63, routed)          1.626     9.685    i_dram_wrapper/i_dram/u_mig7s_mig/u_ddr3_infrastructure/plle2_i_0
    PLLE2_ADV_X1Y1       PLLE2_ADV (Prop_plle2_adv_CLKIN1_CLKOUT3)
                                                      0.073     9.758 r  i_dram_wrapper/i_dram/u_mig7s_mig/u_ddr3_infrastructure/plle2_i/CLKOUT3
                         net (fo=1, routed)           1.043    10.801    i_dram_wrapper/i_dram/u_mig7s_mig/u_ddr3_infrastructure/pll_clk3_out
    BUFHCE_X1Y12         BUFH (Prop_bufh_I_O)         0.066    10.867 r  i_dram_wrapper/i_dram/u_mig7s_mig/u_ddr3_infrastructure/u_bufh_pll_clk3/O
                         net (fo=1, routed)           0.722    11.589    i_dram_wrapper/i_dram/u_mig7s_mig/u_ddr3_infrastructure/pll_clk3
    MMCME2_ADV_X1Y1      MMCME2_ADV (Prop_mmcme2_adv_CLKIN1_CLKFBOUT)
                                                     -3.694     7.895 r  i_dram_wrapper/i_dram/u_mig7s_mig/u_ddr3_infrastructure/gen_mmcm.mmcm_i/CLKFBOUT
                         net (fo=1, routed)           2.005     9.900    i_dram_wrapper/i_dram/u_mig7s_mig/u_ddr3_infrastructure/clk_pll_i
    BUFGCTRL_X0Y0        BUFG (Prop_bufg_I_O)         0.083     9.983 r  i_dram_wrapper/i_dram/u_mig7s_mig/u_ddr3_infrastructure/u_bufg_clkdiv0/O
                         net (fo=13203, routed)       1.097    11.080    i_dram_wrapper/gen_cdc.i_axi_cdc_mig/i_axi_cdc_dst/i_cdc_fifo_gray_dst_aw/i_spill_register/spill_register_flushable_i/CLK
    SLICE_X114Y208       FDCE                                         r  i_dram_wrapper/gen_cdc.i_axi_cdc_mig/i_axi_cdc_dst/i_cdc_fifo_gray_dst_aw/i_spill_register/spill_register_flushable_i/gen_spill_reg.a_data_q_reg[size][1]/C
                         clock pessimism              0.462    11.543    
                         clock uncertainty           -0.052    11.490    
    SLICE_X114Y208       FDCE (Recov_fdce_C_CLR)     -0.154    11.336    i_dram_wrapper/gen_cdc.i_axi_cdc_mig/i_axi_cdc_dst/i_cdc_fifo_gray_dst_aw/i_spill_register/spill_register_flushable_i/gen_spill_reg.a_data_q_reg[size][1]
  -------------------------------------------------------------------
                         required time                         11.336    
                         arrival time                         -10.934    
  -------------------------------------------------------------------
                         slack                                  0.402    

Slack (MET) :             0.404ns  (required time - arrival time)
  Source:                 i_dram_wrapper/i_dram/u_mig7s_mig/u_memc_ui_top_axi/mem_intfc0/ddr_phy_top0/u_ddr_mc_phy_wrapper/u_ddr_mc_phy/ddr_phy_4lanes_0.u_ddr_phy_4lanes/ddr_byte_lane_C.ddr_byte_lane_C/phaser_out/OCLKDELAYED
                            (rising edge-triggered cell PHASER_OUT_PHY clocked by oserdes_clk_2'  {rise@0.000ns fall@0.625ns period=1.250ns})
  Destination:            i_dram_wrapper/i_dram/u_mig7s_mig/u_memc_ui_top_axi/mem_intfc0/ddr_phy_top0/u_ddr_mc_phy_wrapper/u_ddr_mc_phy/ddr_phy_4lanes_0.u_ddr_phy_4lanes/ddr_byte_lane_C.ddr_byte_lane_C/ddr_byte_group_io/dqs_gen.oddr_dqs/D1
                            (rising edge-triggered cell ODDR clocked by oserdes_clk_2'  {rise@0.000ns fall@0.625ns period=1.250ns})
  Path Group:             oserdes_clk_2
  Path Type:              Setup (Max at Fast Process Corner)
  Requirement:            1.250ns  (oserdes_clk_2 fall@1.875ns - oserdes_clk_2 fall@0.625ns)
  Data Path Delay:        0.533ns  (logic 0.367ns (68.827%)  route 0.166ns (31.172%))
  Logic Levels:           0  
  Clock Path Skew:        0.173ns (DCD - SCD + CPR)
    Destination Clock Delay (DCD):    5.882ns = ( 7.757 - 1.875 ) 
    Source Clock Delay      (SCD):    6.265ns = ( 6.890 - 0.625 ) 
    Clock Pessimism Removal (CPR):    0.557ns
  Clock Uncertainty:      0.047ns  ((TSJ^2 + DJ^2)^1/2) / 2 + PE
    Total System Jitter     (TSJ):    0.071ns
    Discrete Jitter          (DJ):    0.061ns
    Phase Error              (PE):    0.000ns

    Location             Delay type                Incr(ns)  Path(ns)    Netlist Resource(s)
  -------------------------------------------------------------------    -------------------
                         (clock oserdes_clk_2 fall edge)
                                                      0.625     0.625 f  
    AD12                                              0.000     0.625 f  sys_clk_p (IN)
                         net (fo=0)                   0.000     0.625    sys_clk_p
    AD12                 IBUFDS (Prop_ibufds_I_O)     0.470     1.095 f  i_bufds_sys_clk/O
                         net (fo=1, routed)           1.154     2.249    sys_clk
    BUFGCTRL_X0Y1        BUFG (Prop_bufg_I_O)         0.030     2.279 f  sys_clk_BUFG_inst/O
                         net (fo=63, routed)          0.965     3.244    i_dram_wrapper/i_dram/u_mig7s_mig/u_ddr3_infrastructure/plle2_i_0
    PLLE2_ADV_X1Y1       PLLE2_ADV (Prop_plle2_adv_CLKIN1_CLKOUT1)
                                                      0.053     3.297 f  i_dram_wrapper/i_dram/u_mig7s_mig/u_ddr3_infrastructure/plle2_i/CLKOUT1
                         net (fo=14, routed)          0.596     3.893    i_dram_wrapper/i_dram/u_mig7s_mig/u_memc_ui_top_axi/mem_intfc0/ddr_phy_top0/u_ddr_mc_phy_wrapper/u_ddr_mc_phy/ddr_phy_4lanes_0.u_ddr_phy_4lanes/ddr_byte_lane_C.ddr_byte_lane_C/mem_refclk
    PHASER_OUT_PHY_X1Y10 PHASER_OUT_PHY (Prop_phaser_out_phy_MEMREFCLK_OCLK)
                                                      1.858     5.751 f  i_dram_wrapper/i_dram/u_mig7s_mig/u_memc_ui_top_axi/mem_intfc0/ddr_phy_top0/u_ddr_mc_phy_wrapper/u_ddr_mc_phy/ddr_phy_4lanes_0.u_ddr_phy_4lanes/ddr_byte_lane_C.ddr_byte_lane_C/phaser_out/OCLK
    PHASER_OUT_PHY_X1Y10 PHASER_OUT_PHY (Prop_phaser_out_phy_OCLK_OCLKDELAYED)
                                                      1.139     6.890 r  i_dram_wrapper/i_dram/u_mig7s_mig/u_memc_ui_top_axi/mem_intfc0/ddr_phy_top0/u_ddr_mc_phy_wrapper/u_ddr_mc_phy/ddr_phy_4lanes_0.u_ddr_phy_4lanes/ddr_byte_lane_C.ddr_byte_lane_C/phaser_out/OCLKDELAYED
  -------------------------------------------------------------------    -------------------
    PHASER_OUT_PHY_X1Y10 PHASER_OUT_PHY (Prop_phaser_out_phy_OCLKDELAYED_DQSBUS[0])
                                                      0.367     7.257 r  i_dram_wrapper/i_dram/u_mig7s_mig/u_memc_ui_top_axi/mem_intfc0/ddr_phy_top0/u_ddr_mc_phy_wrapper/u_ddr_mc_phy/ddr_phy_4lanes_0.u_ddr_phy_4lanes/ddr_byte_lane_C.ddr_byte_lane_C/phaser_out/DQSBUS[0]
                         net (fo=1, routed)           0.166     7.423    i_dram_wrapper/i_dram/u_mig7s_mig/u_memc_ui_top_axi/mem_intfc0/ddr_phy_top0/u_ddr_mc_phy_wrapper/u_ddr_mc_phy/ddr_phy_4lanes_0.u_ddr_phy_4lanes/ddr_byte_lane_C.ddr_byte_lane_C/ddr_byte_group_io/DQSBUS[0]
    OLOGIC_X1Y132        ODDR                                         r  i_dram_wrapper/i_dram/u_mig7s_mig/u_memc_ui_top_axi/mem_intfc0/ddr_phy_top0/u_ddr_mc_phy_wrapper/u_ddr_mc_phy/ddr_phy_4lanes_0.u_ddr_phy_4lanes/ddr_byte_lane_C.ddr_byte_lane_C/ddr_byte_group_io/dqs_gen.oddr_dqs/D1
  -------------------------------------------------------------------    -------------------

                         (clock oserdes_clk_2 fall edge)
                                                      1.875     1.875 f  
    AD12                                              0.000     1.875 f  sys_clk_p (IN)
                         net (fo=0)                   0.000     1.875    sys_clk_p
    AD12                 IBUFDS (Prop_ibufds_I_O)     0.388     2.263 f  i_bufds_sys_clk/O
                         net (fo=1, routed)           1.083     3.346    sys_clk
    BUFGCTRL_X0Y1        BUFG (Prop_bufg_I_O)         0.026     3.372 f  sys_clk_BUFG_inst/O
                         net (fo=63, routed)          0.715     4.087    i_dram_wrapper/i_dram/u_mig7s_mig/u_ddr3_infrastructure/plle2_i_0
    PLLE2_ADV_X1Y1       PLLE2_ADV (Prop_plle2_adv_CLKIN1_CLKOUT1)
                                                      0.050     4.137 f  i_dram_wrapper/i_dram/u_mig7s_mig/u_ddr3_infrastructure/plle2_i/CLKOUT1
                         net (fo=14, routed)          0.527     4.664    i_dram_wrapper/i_dram/u_mig7s_mig/u_memc_ui_top_axi/mem_intfc0/ddr_phy_top0/u_ddr_mc_phy_wrapper/u_ddr_mc_phy/ddr_phy_4lanes_0.u_ddr_phy_4lanes/ddr_byte_lane_C.ddr_byte_lane_C/mem_refclk
    PHASER_OUT_PHY_X1Y10 PHASER_OUT_PHY (Prop_phaser_out_phy_MEMREFCLK_OCLK)
                                                      1.813     6.478 f  i_dram_wrapper/i_dram/u_mig7s_mig/u_memc_ui_top_axi/mem_intfc0/ddr_phy_top0/u_ddr_mc_phy_wrapper/u_ddr_mc_phy/ddr_phy_4lanes_0.u_ddr_phy_4lanes/ddr_byte_lane_C.ddr_byte_lane_C/phaser_out/OCLK
    PHASER_OUT_PHY_X1Y10 PHASER_OUT_PHY (Prop_phaser_out_phy_OCLK_OCLKDELAYED)
                                                      1.106     7.584 r  i_dram_wrapper/i_dram/u_mig7s_mig/u_memc_ui_top_axi/mem_intfc0/ddr_phy_top0/u_ddr_mc_phy_wrapper/u_ddr_mc_phy/ddr_phy_4lanes_0.u_ddr_phy_4lanes/ddr_byte_lane_C.ddr_byte_lane_C/phaser_out/OCLKDELAYED
                         net (fo=2, routed)           0.173     7.757    i_dram_wrapper/i_dram/u_mig7s_mig/u_memc_ui_top_axi/mem_intfc0/ddr_phy_top0/u_ddr_mc_phy_wrapper/u_ddr_mc_phy/ddr_phy_4lanes_0.u_ddr_phy_4lanes/ddr_byte_lane_C.ddr_byte_lane_C/ddr_byte_group_io/oserdes_clk_delayed
    OLOGIC_X1Y132        ODDR                                         r  i_dram_wrapper/i_dram/u_mig7s_mig/u_memc_ui_top_axi/mem_intfc0/ddr_phy_top0/u_ddr_mc_phy_wrapper/u_ddr_mc_phy/ddr_phy_4lanes_0.u_ddr_phy_4lanes/ddr_byte_lane_C.ddr_byte_lane_C/ddr_byte_group_io/dqs_gen.oddr_dqs/C
                         clock pessimism              0.557     8.313    
                         clock uncertainty           -0.047     8.266    
    OLOGIC_X1Y132        ODDR (Setup_oddr_C_D1)      -0.439     7.827    i_dram_wrapper/i_dram/u_mig7s_mig/u_memc_ui_top_axi/mem_intfc0/ddr_phy_top0/u_ddr_mc_phy_wrapper/u_ddr_mc_phy/ddr_phy_4lanes_0.u_ddr_phy_4lanes/ddr_byte_lane_C.ddr_byte_lane_C/ddr_byte_group_io/dqs_gen.oddr_dqs
  -------------------------------------------------------------------
                         required time                          7.827    
                         arrival time                          -7.423    
  -------------------------------------------------------------------
                         slack                                  0.404    

Slack (MET) :             0.404ns  (required time - arrival time)
  Source:                 i_dram_wrapper/i_dram/u_mig7s_mig/u_memc_ui_top_axi/mem_intfc0/ddr_phy_top0/u_ddr_mc_phy_wrapper/u_ddr_mc_phy/ddr_phy_4lanes_0.u_ddr_phy_4lanes/ddr_byte_lane_C.ddr_byte_lane_C/phaser_out/OCLKDELAYED
                            (rising edge-triggered cell PHASER_OUT_PHY clocked by oserdes_clk_2'  {rise@0.000ns fall@0.625ns period=1.250ns})
  Destination:            i_dram_wrapper/i_dram/u_mig7s_mig/u_memc_ui_top_axi/mem_intfc0/ddr_phy_top0/u_ddr_mc_phy_wrapper/u_ddr_mc_phy/ddr_phy_4lanes_0.u_ddr_phy_4lanes/ddr_byte_lane_C.ddr_byte_lane_C/ddr_byte_group_io/dqs_gen.oddr_dqs/D1
                            (rising edge-triggered cell ODDR clocked by oserdes_clk_2'  {rise@0.000ns fall@0.625ns period=1.250ns})
  Path Group:             oserdes_clk_2
  Path Type:              Setup (Max at Fast Process Corner)
  Requirement:            1.250ns  (oserdes_clk_2 fall@1.875ns - oserdes_clk_2 fall@0.625ns)
  Data Path Delay:        0.533ns  (logic 0.367ns (68.827%)  route 0.166ns (31.172%))
  Logic Levels:           0  
  Clock Path Skew:        0.173ns (DCD - SCD + CPR)
    Destination Clock Delay (DCD):    5.882ns = ( 7.757 - 1.875 ) 
    Source Clock Delay      (SCD):    6.265ns = ( 6.890 - 0.625 ) 
    Clock Pessimism Removal (CPR):    0.557ns
  Clock Uncertainty:      0.047ns  ((TSJ^2 + DJ^2)^1/2) / 2 + PE
    Total System Jitter     (TSJ):    0.071ns
    Discrete Jitter          (DJ):    0.061ns
    Phase Error              (PE):    0.000ns

    Location             Delay type                Incr(ns)  Path(ns)    Netlist Resource(s)
  -------------------------------------------------------------------    -------------------
                         (clock oserdes_clk_2 fall edge)
                                                      0.625     0.625 f  
    AD12                                              0.000     0.625 f  sys_clk_p (IN)
                         net (fo=0)                   0.000     0.625    sys_clk_p
    AD12                 IBUFDS (Prop_ibufds_I_O)     0.470     1.095 f  i_bufds_sys_clk/O
                         net (fo=1, routed)           1.154     2.249    sys_clk
    BUFGCTRL_X0Y1        BUFG (Prop_bufg_I_O)         0.030     2.279 f  sys_clk_BUFG_inst/O
                         net (fo=63, routed)          0.965     3.244    i_dram_wrapper/i_dram/u_mig7s_mig/u_ddr3_infrastructure/plle2_i_0
    PLLE2_ADV_X1Y1       PLLE2_ADV (Prop_plle2_adv_CLKIN1_CLKOUT1)
                                                      0.053     3.297 f  i_dram_wrapper/i_dram/u_mig7s_mig/u_ddr3_infrastructure/plle2_i/CLKOUT1
                         net (fo=14, routed)          0.596     3.893    i_dram_wrapper/i_dram/u_mig7s_mig/u_memc_ui_top_axi/mem_intfc0/ddr_phy_top0/u_ddr_mc_phy_wrapper/u_ddr_mc_phy/ddr_phy_4lanes_0.u_ddr_phy_4lanes/ddr_byte_lane_C.ddr_byte_lane_C/mem_refclk
    PHASER_OUT_PHY_X1Y10 PHASER_OUT_PHY (Prop_phaser_out_phy_MEMREFCLK_OCLK)
                                                      1.858     5.751 f  i_dram_wrapper/i_dram/u_mig7s_mig/u_memc_ui_top_axi/mem_intfc0/ddr_phy_top0/u_ddr_mc_phy_wrapper/u_ddr_mc_phy/ddr_phy_4lanes_0.u_ddr_phy_4lanes/ddr_byte_lane_C.ddr_byte_lane_C/phaser_out/OCLK
    PHASER_OUT_PHY_X1Y10 PHASER_OUT_PHY (Prop_phaser_out_phy_OCLK_OCLKDELAYED)
                                                      1.139     6.890 r  i_dram_wrapper/i_dram/u_mig7s_mig/u_memc_ui_top_axi/mem_intfc0/ddr_phy_top0/u_ddr_mc_phy_wrapper/u_ddr_mc_phy/ddr_phy_4lanes_0.u_ddr_phy_4lanes/ddr_byte_lane_C.ddr_byte_lane_C/phaser_out/OCLKDELAYED
  -------------------------------------------------------------------    -------------------
    PHASER_OUT_PHY_X1Y10 PHASER_OUT_PHY (Prop_phaser_out_phy_OCLKDELAYED_DQSBUS[0])
                                                      0.367     7.257 f  i_dram_wrapper/i_dram/u_mig7s_mig/u_memc_ui_top_axi/mem_intfc0/ddr_phy_top0/u_ddr_mc_phy_wrapper/u_ddr_mc_phy/ddr_phy_4lanes_0.u_ddr_phy_4lanes/ddr_byte_lane_C.ddr_byte_lane_C/phaser_out/DQSBUS[0]
                         net (fo=1, routed)           0.166     7.423    i_dram_wrapper/i_dram/u_mig7s_mig/u_memc_ui_top_axi/mem_intfc0/ddr_phy_top0/u_ddr_mc_phy_wrapper/u_ddr_mc_phy/ddr_phy_4lanes_0.u_ddr_phy_4lanes/ddr_byte_lane_C.ddr_byte_lane_C/ddr_byte_group_io/DQSBUS[0]
    OLOGIC_X1Y132        ODDR                                         f  i_dram_wrapper/i_dram/u_mig7s_mig/u_memc_ui_top_axi/mem_intfc0/ddr_phy_top0/u_ddr_mc_phy_wrapper/u_ddr_mc_phy/ddr_phy_4lanes_0.u_ddr_phy_4lanes/ddr_byte_lane_C.ddr_byte_lane_C/ddr_byte_group_io/dqs_gen.oddr_dqs/D1
  -------------------------------------------------------------------    -------------------

                         (clock oserdes_clk_2 fall edge)
                                                      1.875     1.875 f  
    AD12                                              0.000     1.875 f  sys_clk_p (IN)
                         net (fo=0)                   0.000     1.875    sys_clk_p
    AD12                 IBUFDS (Prop_ibufds_I_O)     0.388     2.263 f  i_bufds_sys_clk/O
                         net (fo=1, routed)           1.083     3.346    sys_clk
    BUFGCTRL_X0Y1        BUFG (Prop_bufg_I_O)         0.026     3.372 f  sys_clk_BUFG_inst/O
                         net (fo=63, routed)          0.715     4.087    i_dram_wrapper/i_dram/u_mig7s_mig/u_ddr3_infrastructure/plle2_i_0
    PLLE2_ADV_X1Y1       PLLE2_ADV (Prop_plle2_adv_CLKIN1_CLKOUT1)
                                                      0.050     4.137 f  i_dram_wrapper/i_dram/u_mig7s_mig/u_ddr3_infrastructure/plle2_i/CLKOUT1
                         net (fo=14, routed)          0.527     4.664    i_dram_wrapper/i_dram/u_mig7s_mig/u_memc_ui_top_axi/mem_intfc0/ddr_phy_top0/u_ddr_mc_phy_wrapper/u_ddr_mc_phy/ddr_phy_4lanes_0.u_ddr_phy_4lanes/ddr_byte_lane_C.ddr_byte_lane_C/mem_refclk
    PHASER_OUT_PHY_X1Y10 PHASER_OUT_PHY (Prop_phaser_out_phy_MEMREFCLK_OCLK)
                                                      1.813     6.478 f  i_dram_wrapper/i_dram/u_mig7s_mig/u_memc_ui_top_axi/mem_intfc0/ddr_phy_top0/u_ddr_mc_phy_wrapper/u_ddr_mc_phy/ddr_phy_4lanes_0.u_ddr_phy_4lanes/ddr_byte_lane_C.ddr_byte_lane_C/phaser_out/OCLK
    PHASER_OUT_PHY_X1Y10 PHASER_OUT_PHY (Prop_phaser_out_phy_OCLK_OCLKDELAYED)
                                                      1.106     7.584 r  i_dram_wrapper/i_dram/u_mig7s_mig/u_memc_ui_top_axi/mem_intfc0/ddr_phy_top0/u_ddr_mc_phy_wrapper/u_ddr_mc_phy/ddr_phy_4lanes_0.u_ddr_phy_4lanes/ddr_byte_lane_C.ddr_byte_lane_C/phaser_out/OCLKDELAYED
                         net (fo=2, routed)           0.173     7.757    i_dram_wrapper/i_dram/u_mig7s_mig/u_memc_ui_top_axi/mem_intfc0/ddr_phy_top0/u_ddr_mc_phy_wrapper/u_ddr_mc_phy/ddr_phy_4lanes_0.u_ddr_phy_4lanes/ddr_byte_lane_C.ddr_byte_lane_C/ddr_byte_group_io/oserdes_clk_delayed
    OLOGIC_X1Y132        ODDR                                         r  i_dram_wrapper/i_dram/u_mig7s_mig/u_memc_ui_top_axi/mem_intfc0/ddr_phy_top0/u_ddr_mc_phy_wrapper/u_ddr_mc_phy/ddr_phy_4lanes_0.u_ddr_phy_4lanes/ddr_byte_lane_C.ddr_byte_lane_C/ddr_byte_group_io/dqs_gen.oddr_dqs/C
                         clock pessimism              0.557     8.313    
                         clock uncertainty           -0.047     8.266    
    OLOGIC_X1Y132        ODDR (Setup_oddr_C_D1)      -0.439     7.827    i_dram_wrapper/i_dram/u_mig7s_mig/u_memc_ui_top_axi/mem_intfc0/ddr_phy_top0/u_ddr_mc_phy_wrapper/u_ddr_mc_phy/ddr_phy_4lanes_0.u_ddr_phy_4lanes/ddr_byte_lane_C.ddr_byte_lane_C/ddr_byte_group_io/dqs_gen.oddr_dqs
  -------------------------------------------------------------------
                         required time                          7.827    
                         arrival time                          -7.423    
  -------------------------------------------------------------------
                         slack                                  0.404    

Slack (MET) :             0.404ns  (required time - arrival time)
  Source:                 i_dram_wrapper/i_dram/u_mig7s_mig/u_ddr3_infrastructure/rstdiv0_sync_r1_reg_rep/C
                            (rising edge-triggered cell FDPE clocked by clk_pll_i  {rise@0.000ns fall@2.500ns period=5.000ns})
  Destination:            i_dram_wrapper/gen_cdc.i_axi_cdc_mig/i_axi_cdc_dst/i_cdc_fifo_gray_dst_aw/i_spill_register/spill_register_flushable_i/gen_spill_reg.a_data_q_reg[addr][17]/CLR
                            (rising edge-triggered cell FDCE clocked by clk_pll_i  {rise@0.000ns fall@2.500ns period=5.000ns})
  Path Group:             clk_pll_i
  Path Type:              Recovery (Max at Slow Process Corner)
  Requirement:            5.000ns  (MaxDelay Path 5.000ns)
  Data Path Delay:        4.067ns  (logic 0.259ns (6.368%)  route 3.808ns (93.632%))
  Logic Levels:           0  
  Clock Path Skew:        -0.264ns (DCD - SCD + CPR)
    Destination Clock Delay (DCD):    6.125ns
    Source Clock Delay      (SCD):    6.852ns
    Clock Pessimism Removal (CPR):    0.462ns
  Clock Uncertainty:      0.052ns  ((TSJ^2 + DJ^2)^1/2) / 2 + PE
    Total System Jitter     (TSJ):    0.071ns
    Discrete Jitter          (DJ):    0.077ns
    Phase Error              (PE):    0.000ns
  Timing Exception:       MaxDelay Path 5.000ns

    Location             Delay type                Incr(ns)  Path(ns)    Netlist Resource(s)
  -------------------------------------------------------------------    -------------------
                         (clock clk_pll_i rise edge)
                                                      0.000     0.000 r  
    AD12                                              0.000     0.000 r  sys_clk_p (IN)
                         net (fo=0)                   0.000     0.000    sys_clk_p
    AD12                 IBUFDS (Prop_ibufds_I_O)     0.906     0.906 r  i_bufds_sys_clk/O
                         net (fo=1, routed)           2.299     3.205    sys_clk
    BUFGCTRL_X0Y1        BUFG (Prop_bufg_I_O)         0.093     3.298 r  sys_clk_BUFG_inst/O
                         net (fo=63, routed)          1.787     5.085    i_dram_wrapper/i_dram/u_mig7s_mig/u_ddr3_infrastructure/plle2_i_0
    PLLE2_ADV_X1Y1       PLLE2_ADV (Prop_plle2_adv_CLKIN1_CLKOUT3)
                                                      0.077     5.162 r  i_dram_wrapper/i_dram/u_mig7s_mig/u_ddr3_infrastructure/plle2_i/CLKOUT3
                         net (fo=1, routed)           1.155     6.317    i_dram_wrapper/i_dram/u_mig7s_mig/u_ddr3_infrastructure/pll_clk3_out
    BUFHCE_X1Y12         BUFH (Prop_bufh_I_O)         0.103     6.420 r  i_dram_wrapper/i_dram/u_mig7s_mig/u_ddr3_infrastructure/u_bufh_pll_clk3/O
                         net (fo=1, routed)           0.790     7.210    i_dram_wrapper/i_dram/u_mig7s_mig/u_ddr3_infrastructure/pll_clk3
    MMCME2_ADV_X1Y1      MMCME2_ADV (Prop_mmcme2_adv_CLKIN1_CLKFBOUT)
                                                     -3.987     3.223 r  i_dram_wrapper/i_dram/u_mig7s_mig/u_ddr3_infrastructure/gen_mmcm.mmcm_i/CLKFBOUT
                         net (fo=1, routed)           2.130     5.353    i_dram_wrapper/i_dram/u_mig7s_mig/u_ddr3_infrastructure/clk_pll_i
    BUFGCTRL_X0Y0        BUFG (Prop_bufg_I_O)         0.093     5.446 r  i_dram_wrapper/i_dram/u_mig7s_mig/u_ddr3_infrastructure/u_bufg_clkdiv0/O
                         net (fo=13203, routed)       1.406     6.852    i_dram_wrapper/i_dram/u_mig7s_mig/u_ddr3_infrastructure/CLK
    SLICE_X102Y111       FDPE                                         r  i_dram_wrapper/i_dram/u_mig7s_mig/u_ddr3_infrastructure/rstdiv0_sync_r1_reg_rep/C
  -------------------------------------------------------------------    -------------------
    SLICE_X102Y111       FDPE (Prop_fdpe_C_Q)         0.259     7.111 f  i_dram_wrapper/i_dram/u_mig7s_mig/u_ddr3_infrastructure/rstdiv0_sync_r1_reg_rep/Q
                         net (fo=444, routed)         3.808    10.919    i_dram_wrapper/gen_cdc.i_axi_cdc_mig/i_axi_cdc_dst/i_cdc_fifo_gray_dst_aw/i_spill_register/spill_register_flushable_i/ui_clk_sync_rst
    SLICE_X128Y214       FDCE                                         f  i_dram_wrapper/gen_cdc.i_axi_cdc_mig/i_axi_cdc_dst/i_cdc_fifo_gray_dst_aw/i_spill_register/spill_register_flushable_i/gen_spill_reg.a_data_q_reg[addr][17]/CLR
  -------------------------------------------------------------------    -------------------

                         max delay                    5.000     5.000    
    AD12                                              0.000     5.000 r  sys_clk_p (IN)
                         net (fo=0)                   0.000     5.000    sys_clk_p
    AD12                 IBUFDS (Prop_ibufds_I_O)     0.803     5.803 r  i_bufds_sys_clk/O
                         net (fo=1, routed)           2.173     7.976    sys_clk
    BUFGCTRL_X0Y1        BUFG (Prop_bufg_I_O)         0.083     8.059 r  sys_clk_BUFG_inst/O
                         net (fo=63, routed)          1.626     9.685    i_dram_wrapper/i_dram/u_mig7s_mig/u_ddr3_infrastructure/plle2_i_0
    PLLE2_ADV_X1Y1       PLLE2_ADV (Prop_plle2_adv_CLKIN1_CLKOUT3)
                                                      0.073     9.758 r  i_dram_wrapper/i_dram/u_mig7s_mig/u_ddr3_infrastructure/plle2_i/CLKOUT3
                         net (fo=1, routed)           1.043    10.801    i_dram_wrapper/i_dram/u_mig7s_mig/u_ddr3_infrastructure/pll_clk3_out
    BUFHCE_X1Y12         BUFH (Prop_bufh_I_O)         0.066    10.867 r  i_dram_wrapper/i_dram/u_mig7s_mig/u_ddr3_infrastructure/u_bufh_pll_clk3/O
                         net (fo=1, routed)           0.722    11.589    i_dram_wrapper/i_dram/u_mig7s_mig/u_ddr3_infrastructure/pll_clk3
    MMCME2_ADV_X1Y1      MMCME2_ADV (Prop_mmcme2_adv_CLKIN1_CLKFBOUT)
                                                     -3.694     7.895 r  i_dram_wrapper/i_dram/u_mig7s_mig/u_ddr3_infrastructure/gen_mmcm.mmcm_i/CLKFBOUT
                         net (fo=1, routed)           2.005     9.900    i_dram_wrapper/i_dram/u_mig7s_mig/u_ddr3_infrastructure/clk_pll_i
    BUFGCTRL_X0Y0        BUFG (Prop_bufg_I_O)         0.083     9.983 r  i_dram_wrapper/i_dram/u_mig7s_mig/u_ddr3_infrastructure/u_bufg_clkdiv0/O
                         net (fo=13203, routed)       1.142    11.125    i_dram_wrapper/gen_cdc.i_axi_cdc_mig/i_axi_cdc_dst/i_cdc_fifo_gray_dst_aw/i_spill_register/spill_register_flushable_i/CLK
    SLICE_X128Y214       FDCE                                         r  i_dram_wrapper/gen_cdc.i_axi_cdc_mig/i_axi_cdc_dst/i_cdc_fifo_gray_dst_aw/i_spill_register/spill_register_flushable_i/gen_spill_reg.a_data_q_reg[addr][17]/C
                         clock pessimism              0.462    11.588    
                         clock uncertainty           -0.052    11.535    
    SLICE_X128Y214       FDCE (Recov_fdce_C_CLR)     -0.212    11.323    i_dram_wrapper/gen_cdc.i_axi_cdc_mig/i_axi_cdc_dst/i_cdc_fifo_gray_dst_aw/i_spill_register/spill_register_flushable_i/gen_spill_reg.a_data_q_reg[addr][17]
  -------------------------------------------------------------------
                         required time                         11.323    
                         arrival time                         -10.919    
  -------------------------------------------------------------------
                         slack                                  0.404    

Slack (MET) :             0.404ns  (required time - arrival time)
  Source:                 i_dram_wrapper/i_dram/u_mig7s_mig/u_ddr3_infrastructure/rstdiv0_sync_r1_reg_rep/C
                            (rising edge-triggered cell FDPE clocked by clk_pll_i  {rise@0.000ns fall@2.500ns period=5.000ns})
  Destination:            i_dram_wrapper/gen_cdc.i_axi_cdc_mig/i_axi_cdc_dst/i_cdc_fifo_gray_dst_aw/i_spill_register/spill_register_flushable_i/gen_spill_reg.a_data_q_reg[addr][19]/CLR
                            (rising edge-triggered cell FDCE clocked by clk_pll_i  {rise@0.000ns fall@2.500ns period=5.000ns})
  Path Group:             clk_pll_i
  Path Type:              Recovery (Max at Slow Process Corner)
  Requirement:            5.000ns  (MaxDelay Path 5.000ns)
  Data Path Delay:        4.067ns  (logic 0.259ns (6.368%)  route 3.808ns (93.632%))
  Logic Levels:           0  
  Clock Path Skew:        -0.264ns (DCD - SCD + CPR)
    Destination Clock Delay (DCD):    6.125ns
    Source Clock Delay      (SCD):    6.852ns
    Clock Pessimism Removal (CPR):    0.462ns
  Clock Uncertainty:      0.052ns  ((TSJ^2 + DJ^2)^1/2) / 2 + PE
    Total System Jitter     (TSJ):    0.071ns
    Discrete Jitter          (DJ):    0.077ns
    Phase Error              (PE):    0.000ns
  Timing Exception:       MaxDelay Path 5.000ns

    Location             Delay type                Incr(ns)  Path(ns)    Netlist Resource(s)
  -------------------------------------------------------------------    -------------------
                         (clock clk_pll_i rise edge)
                                                      0.000     0.000 r  
    AD12                                              0.000     0.000 r  sys_clk_p (IN)
                         net (fo=0)                   0.000     0.000    sys_clk_p
    AD12                 IBUFDS (Prop_ibufds_I_O)     0.906     0.906 r  i_bufds_sys_clk/O
                         net (fo=1, routed)           2.299     3.205    sys_clk
    BUFGCTRL_X0Y1        BUFG (Prop_bufg_I_O)         0.093     3.298 r  sys_clk_BUFG_inst/O
                         net (fo=63, routed)          1.787     5.085    i_dram_wrapper/i_dram/u_mig7s_mig/u_ddr3_infrastructure/plle2_i_0
    PLLE2_ADV_X1Y1       PLLE2_ADV (Prop_plle2_adv_CLKIN1_CLKOUT3)
                                                      0.077     5.162 r  i_dram_wrapper/i_dram/u_mig7s_mig/u_ddr3_infrastructure/plle2_i/CLKOUT3
                         net (fo=1, routed)           1.155     6.317    i_dram_wrapper/i_dram/u_mig7s_mig/u_ddr3_infrastructure/pll_clk3_out
    BUFHCE_X1Y12         BUFH (Prop_bufh_I_O)         0.103     6.420 r  i_dram_wrapper/i_dram/u_mig7s_mig/u_ddr3_infrastructure/u_bufh_pll_clk3/O
                         net (fo=1, routed)           0.790     7.210    i_dram_wrapper/i_dram/u_mig7s_mig/u_ddr3_infrastructure/pll_clk3
    MMCME2_ADV_X1Y1      MMCME2_ADV (Prop_mmcme2_adv_CLKIN1_CLKFBOUT)
                                                     -3.987     3.223 r  i_dram_wrapper/i_dram/u_mig7s_mig/u_ddr3_infrastructure/gen_mmcm.mmcm_i/CLKFBOUT
                         net (fo=1, routed)           2.130     5.353    i_dram_wrapper/i_dram/u_mig7s_mig/u_ddr3_infrastructure/clk_pll_i
    BUFGCTRL_X0Y0        BUFG (Prop_bufg_I_O)         0.093     5.446 r  i_dram_wrapper/i_dram/u_mig7s_mig/u_ddr3_infrastructure/u_bufg_clkdiv0/O
                         net (fo=13203, routed)       1.406     6.852    i_dram_wrapper/i_dram/u_mig7s_mig/u_ddr3_infrastructure/CLK
    SLICE_X102Y111       FDPE                                         r  i_dram_wrapper/i_dram/u_mig7s_mig/u_ddr3_infrastructure/rstdiv0_sync_r1_reg_rep/C
  -------------------------------------------------------------------    -------------------
    SLICE_X102Y111       FDPE (Prop_fdpe_C_Q)         0.259     7.111 f  i_dram_wrapper/i_dram/u_mig7s_mig/u_ddr3_infrastructure/rstdiv0_sync_r1_reg_rep/Q
                         net (fo=444, routed)         3.808    10.919    i_dram_wrapper/gen_cdc.i_axi_cdc_mig/i_axi_cdc_dst/i_cdc_fifo_gray_dst_aw/i_spill_register/spill_register_flushable_i/ui_clk_sync_rst
    SLICE_X128Y214       FDCE                                         f  i_dram_wrapper/gen_cdc.i_axi_cdc_mig/i_axi_cdc_dst/i_cdc_fifo_gray_dst_aw/i_spill_register/spill_register_flushable_i/gen_spill_reg.a_data_q_reg[addr][19]/CLR
  -------------------------------------------------------------------    -------------------

                         max delay                    5.000     5.000    
    AD12                                              0.000     5.000 r  sys_clk_p (IN)
                         net (fo=0)                   0.000     5.000    sys_clk_p
    AD12                 IBUFDS (Prop_ibufds_I_O)     0.803     5.803 r  i_bufds_sys_clk/O
                         net (fo=1, routed)           2.173     7.976    sys_clk
    BUFGCTRL_X0Y1        BUFG (Prop_bufg_I_O)         0.083     8.059 r  sys_clk_BUFG_inst/O
                         net (fo=63, routed)          1.626     9.685    i_dram_wrapper/i_dram/u_mig7s_mig/u_ddr3_infrastructure/plle2_i_0
    PLLE2_ADV_X1Y1       PLLE2_ADV (Prop_plle2_adv_CLKIN1_CLKOUT3)
                                                      0.073     9.758 r  i_dram_wrapper/i_dram/u_mig7s_mig/u_ddr3_infrastructure/plle2_i/CLKOUT3
                         net (fo=1, routed)           1.043    10.801    i_dram_wrapper/i_dram/u_mig7s_mig/u_ddr3_infrastructure/pll_clk3_out
    BUFHCE_X1Y12         BUFH (Prop_bufh_I_O)         0.066    10.867 r  i_dram_wrapper/i_dram/u_mig7s_mig/u_ddr3_infrastructure/u_bufh_pll_clk3/O
                         net (fo=1, routed)           0.722    11.589    i_dram_wrapper/i_dram/u_mig7s_mig/u_ddr3_infrastructure/pll_clk3
    MMCME2_ADV_X1Y1      MMCME2_ADV (Prop_mmcme2_adv_CLKIN1_CLKFBOUT)
                                                     -3.694     7.895 r  i_dram_wrapper/i_dram/u_mig7s_mig/u_ddr3_infrastructure/gen_mmcm.mmcm_i/CLKFBOUT
                         net (fo=1, routed)           2.005     9.900    i_dram_wrapper/i_dram/u_mig7s_mig/u_ddr3_infrastructure/clk_pll_i
    BUFGCTRL_X0Y0        BUFG (Prop_bufg_I_O)         0.083     9.983 r  i_dram_wrapper/i_dram/u_mig7s_mig/u_ddr3_infrastructure/u_bufg_clkdiv0/O
                         net (fo=13203, routed)       1.142    11.125    i_dram_wrapper/gen_cdc.i_axi_cdc_mig/i_axi_cdc_dst/i_cdc_fifo_gray_dst_aw/i_spill_register/spill_register_flushable_i/CLK
    SLICE_X128Y214       FDCE                                         r  i_dram_wrapper/gen_cdc.i_axi_cdc_mig/i_axi_cdc_dst/i_cdc_fifo_gray_dst_aw/i_spill_register/spill_register_flushable_i/gen_spill_reg.a_data_q_reg[addr][19]/C
                         clock pessimism              0.462    11.588    
                         clock uncertainty           -0.052    11.535    
    SLICE_X128Y214       FDCE (Recov_fdce_C_CLR)     -0.212    11.323    i_dram_wrapper/gen_cdc.i_axi_cdc_mig/i_axi_cdc_dst/i_cdc_fifo_gray_dst_aw/i_spill_register/spill_register_flushable_i/gen_spill_reg.a_data_q_reg[addr][19]
  -------------------------------------------------------------------
                         required time                         11.323    
                         arrival time                         -10.919    
  -------------------------------------------------------------------
                         slack                                  0.404    




