Copyright 1986-2022 Xilinx, Inc. All Rights Reserved.
-------------------------------------------------------------------------------------------------------------------------------------------------------------------------------------------
| Tool Version : Vivado v.2022.2 (lin64) Build 3671981 Fri Oct 14 04:59:54 MDT 2022
| Date         : Mon Mar  2 16:57:09 2026
| Host         : karpuz running 64-bit Ubuntu 22.04.5 LTS
| Command      : report_timing -file /home/shc/projects/cheshire-env-nvdla-g2/target/xilinx/build/genesys2.cheshire/reports.impl/timing_worst.rpt -nworst 1 -delay_type max -sort_by group
| Design       : cheshire_top_xilinx
| Device       : 7k325t-ffg900
| Speed File   : -2  PRODUCTION 1.12 2017-02-17
-------------------------------------------------------------------------------------------------------------------------------------------------------------------------------------------

Timing Report

Slack (MET) :             0.032ns  (required time - arrival time)
  Source:                 i_dram_wrapper/i_dram/u_mig7s_mig/u_ddr3_infrastructure/rstdiv0_sync_r1_reg_rep/C
                            (rising edge-triggered cell FDPE clocked by clk_pll_i  {rise@0.000ns fall@2.500ns period=5.000ns})
  Destination:            i_dram_wrapper/gen_cdc.i_axi_cdc_mig/i_axi_cdc_dst/i_cdc_fifo_gray_dst_aw/i_spill_register/spill_register_flushable_i/gen_spill_reg.a_data_q_reg[len][0]/CLR
                            (rising edge-triggered cell FDCE clocked by clk_pll_i  {rise@0.000ns fall@2.500ns period=5.000ns})
  Path Group:             clk_pll_i
  Path Type:              Recovery (Max at Slow Process Corner)
  Requirement:            5.000ns  (MaxDelay Path 5.000ns)
  Data Path Delay:        4.738ns  (logic 0.223ns (4.707%)  route 4.515ns (95.293%))
  Logic Levels:           0  
  Clock Path Skew:        0.034ns (DCD - SCD + CPR)
    Destination Clock Delay (DCD):    6.641ns
    Source Clock Delay      (SCD):    7.087ns
    Clock Pessimism Removal (CPR):    0.479ns
  Clock Uncertainty:      0.052ns  ((TSJ^2 + DJ^2)^1/2) / 2 + PE
    Total System Jitter     (TSJ):    0.071ns
    Discrete Jitter          (DJ):    0.077ns
    Phase Error              (PE):    0.000ns
  Timing Exception:       MaxDelay Path 5.000ns

    Location             Delay type                Incr(ns)  Path(ns)    Netlist Resource(s)
  -------------------------------------------------------------------    -------------------
                         (clock clk_pll_i rise edge)
                                                      0.000     0.000 r  
    AD12                                              0.000     0.000 r  sys_clk_p (IN)
                         net (fo=0)                   0.000     0.000    sys_clk_p
    AD12                 IBUFDS (Prop_ibufds_I_O)     0.906     0.906 r  i_bufds_sys_clk/O
                         net (fo=1, routed)           2.299     3.205    sys_clk
    BUFGCTRL_X0Y1        BUFG (Prop_bufg_I_O)         0.093     3.298 r  sys_clk_BUFG_inst/O
                         net (fo=63, routed)          1.787     5.085    i_dram_wrapper/i_dram/u_mig7s_mig/u_ddr3_infrastructure/plle2_i_0
    PLLE2_ADV_X1Y1       PLLE2_ADV (Prop_plle2_adv_CLKIN1_CLKOUT3)
                                                      0.077     5.162 r  i_dram_wrapper/i_dram/u_mig7s_mig/u_ddr3_infrastructure/plle2_i/CLKOUT3
                         net (fo=1, routed)           1.155     6.317    i_dram_wrapper/i_dram/u_mig7s_mig/u_ddr3_infrastructure/pll_clk3_out
    BUFHCE_X1Y12         BUFH (Prop_bufh_I_O)         0.103     6.420 r  i_dram_wrapper/i_dram/u_mig7s_mig/u_ddr3_infrastructure/u_bufh_pll_clk3/O
                         net (fo=1, routed)           0.790     7.210    i_dram_wrapper/i_dram/u_mig7s_mig/u_ddr3_infrastructure/pll_clk3
    MMCME2_ADV_X1Y1      MMCME2_ADV (Prop_mmcme2_adv_CLKIN1_CLKFBOUT)
                                                     -3.987     3.223 r  i_dram_wrapper/i_dram/u_mig7s_mig/u_ddr3_infrastructure/gen_mmcm.mmcm_i/CLKFBOUT
                         net (fo=1, routed)           2.130     5.353    i_dram_wrapper/i_dram/u_mig7s_mig/u_ddr3_infrastructure/clk_pll_i
    BUFGCTRL_X0Y0        BUFG (Prop_bufg_I_O)         0.093     5.446 r  i_dram_wrapper/i_dram/u_mig7s_mig/u_ddr3_infrastructure/u_bufg_clkdiv0/O
                         net (fo=13317, routed)       1.641     7.087    i_dram_wrapper/i_dram/u_mig7s_mig/u_ddr3_infrastructure/CLK
    SLICE_X128Y93        FDPE                                         r  i_dram_wrapper/i_dram/u_mig7s_mig/u_ddr3_infrastructure/rstdiv0_sync_r1_reg_rep/C
  -------------------------------------------------------------------    -------------------
    SLICE_X128Y93        FDPE (Prop_fdpe_C_Q)         0.223     7.310 f  i_dram_wrapper/i_dram/u_mig7s_mig/u_ddr3_infrastructure/rstdiv0_sync_r1_reg_rep/Q
                         net (fo=468, routed)         4.515    11.824    i_dram_wrapper/gen_cdc.i_axi_cdc_mig/i_axi_cdc_dst/i_cdc_fifo_gray_dst_aw/i_spill_register/spill_register_flushable_i/ui_clk_sync_rst
    SLICE_X123Y24        FDCE                                         f  i_dram_wrapper/gen_cdc.i_axi_cdc_mig/i_axi_cdc_dst/i_cdc_fifo_gray_dst_aw/i_spill_register/spill_register_flushable_i/gen_spill_reg.a_data_q_reg[len][0]/CLR
  -------------------------------------------------------------------    -------------------

                         max delay                    5.000     5.000    
    AD12                                              0.000     5.000 r  sys_clk_p (IN)
                         net (fo=0)                   0.000     5.000    sys_clk_p
    AD12                 IBUFDS (Prop_ibufds_I_O)     0.803     5.803 r  i_bufds_sys_clk/O
                         net (fo=1, routed)           2.173     7.976    sys_clk
    BUFGCTRL_X0Y1        BUFG (Prop_bufg_I_O)         0.083     8.059 r  sys_clk_BUFG_inst/O
                         net (fo=63, routed)          1.626     9.685    i_dram_wrapper/i_dram/u_mig7s_mig/u_ddr3_infrastructure/plle2_i_0
    PLLE2_ADV_X1Y1       PLLE2_ADV (Prop_plle2_adv_CLKIN1_CLKOUT3)
                                                      0.073     9.758 r  i_dram_wrapper/i_dram/u_mig7s_mig/u_ddr3_infrastructure/plle2_i/CLKOUT3
                         net (fo=1, routed)           1.043    10.801    i_dram_wrapper/i_dram/u_mig7s_mig/u_ddr3_infrastructure/pll_clk3_out
    BUFHCE_X1Y12         BUFH (Prop_bufh_I_O)         0.066    10.867 r  i_dram_wrapper/i_dram/u_mig7s_mig/u_ddr3_infrastructure/u_bufh_pll_clk3/O
                         net (fo=1, routed)           0.722    11.589    i_dram_wrapper/i_dram/u_mig7s_mig/u_ddr3_infrastructure/pll_clk3
    MMCME2_ADV_X1Y1      MMCME2_ADV (Prop_mmcme2_adv_CLKIN1_CLKFBOUT)
                                                     -3.694     7.895 r  i_dram_wrapper/i_dram/u_mig7s_mig/u_ddr3_infrastructure/gen_mmcm.mmcm_i/CLKFBOUT
                         net (fo=1, routed)           2.005     9.900    i_dram_wrapper/i_dram/u_mig7s_mig/u_ddr3_infrastructure/clk_pll_i
    BUFGCTRL_X0Y0        BUFG (Prop_bufg_I_O)         0.083     9.983 r  i_dram_wrapper/i_dram/u_mig7s_mig/u_ddr3_infrastructure/u_bufg_clkdiv0/O
                         net (fo=13317, routed)       1.658    11.641    i_dram_wrapper/gen_cdc.i_axi_cdc_mig/i_axi_cdc_dst/i_cdc_fifo_gray_dst_aw/i_spill_register/spill_register_flushable_i/gen_spill_reg.b_data_q_reg[cache][1]_0
    SLICE_X123Y24        FDCE                                         r  i_dram_wrapper/gen_cdc.i_axi_cdc_mig/i_axi_cdc_dst/i_cdc_fifo_gray_dst_aw/i_spill_register/spill_register_flushable_i/gen_spill_reg.a_data_q_reg[len][0]/C
                         clock pessimism              0.479    12.121    
                         clock uncertainty           -0.052    12.068    
    SLICE_X123Y24        FDCE (Recov_fdce_C_CLR)     -0.212    11.856    i_dram_wrapper/gen_cdc.i_axi_cdc_mig/i_axi_cdc_dst/i_cdc_fifo_gray_dst_aw/i_spill_register/spill_register_flushable_i/gen_spill_reg.a_data_q_reg[len][0]
  -------------------------------------------------------------------
                         required time                         11.856    
                         arrival time                         -11.824    
  -------------------------------------------------------------------
                         slack                                  0.032    

Slack (MET) :             0.177ns  (required time - arrival time)
  Source:                 i_dram_wrapper/i_dram/u_mig7s_mig/u_memc_ui_top_axi/mem_intfc0/ddr_phy_top0/u_ddr_mc_phy_wrapper/u_ddr_mc_phy/ddr_phy_4lanes_1.u_ddr_phy_4lanes/phy_control_i/MEMREFCLK
                            (rising edge-triggered cell PHY_CONTROL clocked by mem_refclk  {rise@0.000ns fall@0.625ns period=1.250ns})
  Destination:            i_dram_wrapper/i_dram/u_mig7s_mig/u_memc_ui_top_axi/mem_intfc0/ddr_phy_top0/u_ddr_mc_phy_wrapper/u_ddr_mc_phy/ddr_phy_4lanes_0.u_ddr_phy_4lanes/phy_control_i/PHYCTLMSTREMPTY
                            (rising edge-triggered cell PHY_CONTROL clocked by mem_refclk  {rise@0.000ns fall@0.625ns period=1.250ns})
  Path Group:             mem_refclk
  Path Type:              Setup (Max at Slow Process Corner)
  Requirement:            1.250ns  (mem_refclk rise@1.250ns - mem_refclk rise@0.000ns)
  Data Path Delay:        1.183ns  (logic 0.576ns (48.690%)  route 0.607ns (51.310%))
  Logic Levels:           0  
  Clock Path Skew:        0.165ns (DCD - SCD + CPR)
    Destination Clock Delay (DCD):    5.833ns = ( 7.083 - 1.250 ) 
    Source Clock Delay      (SCD):    6.130ns
    Clock Pessimism Removal (CPR):    0.461ns
  Clock Uncertainty:      0.047ns  ((TSJ^2 + DJ^2)^1/2) / 2 + PE
    Total System Jitter     (TSJ):    0.071ns
    Discrete Jitter          (DJ):    0.061ns
    Phase Error              (PE):    0.000ns

    Location             Delay type                Incr(ns)  Path(ns)    Netlist Resource(s)
  -------------------------------------------------------------------    -------------------
                         (clock mem_refclk rise edge)
                                                      0.000     0.000 r  
    AD12                                              0.000     0.000 r  sys_clk_p (IN)
                         net (fo=0)                   0.000     0.000    sys_clk_p
    AD12                 IBUFDS (Prop_ibufds_I_O)     0.906     0.906 r  i_bufds_sys_clk/O
                         net (fo=1, routed)           2.299     3.205    sys_clk
    BUFGCTRL_X0Y1        BUFG (Prop_bufg_I_O)         0.093     3.298 r  sys_clk_BUFG_inst/O
                         net (fo=63, routed)          1.787     5.085    i_dram_wrapper/i_dram/u_mig7s_mig/u_ddr3_infrastructure/plle2_i_0
    PLLE2_ADV_X1Y1       PLLE2_ADV (Prop_plle2_adv_CLKIN1_CLKOUT1)
                                                      0.077     5.162 r  i_dram_wrapper/i_dram/u_mig7s_mig/u_ddr3_infrastructure/plle2_i/CLKOUT1
                         net (fo=14, routed)          0.968     6.130    i_dram_wrapper/i_dram/u_mig7s_mig/u_memc_ui_top_axi/mem_intfc0/ddr_phy_top0/u_ddr_mc_phy_wrapper/u_ddr_mc_phy/ddr_phy_4lanes_1.u_ddr_phy_4lanes/mem_refclk
    PHY_CONTROL_X1Y1     PHY_CONTROL                                  r  i_dram_wrapper/i_dram/u_mig7s_mig/u_memc_ui_top_axi/mem_intfc0/ddr_phy_top0/u_ddr_mc_phy_wrapper/u_ddr_mc_phy/ddr_phy_4lanes_1.u_ddr_phy_4lanes/phy_control_i/MEMREFCLK
  -------------------------------------------------------------------    -------------------
    PHY_CONTROL_X1Y1     PHY_CONTROL (Prop_phy_control_MEMREFCLK_PHYCTLEMPTY)
                                                      0.576     6.706 r  i_dram_wrapper/i_dram/u_mig7s_mig/u_memc_ui_top_axi/mem_intfc0/ddr_phy_top0/u_ddr_mc_phy_wrapper/u_ddr_mc_phy/ddr_phy_4lanes_1.u_ddr_phy_4lanes/phy_control_i/PHYCTLEMPTY
                         net (fo=2, routed)           0.607     7.313    i_dram_wrapper/i_dram/u_mig7s_mig/u_memc_ui_top_axi/mem_intfc0/ddr_phy_top0/u_ddr_mc_phy_wrapper/u_ddr_mc_phy/ddr_phy_4lanes_0.u_ddr_phy_4lanes/phy_ctl_mstr_empty
    PHY_CONTROL_X1Y2     PHY_CONTROL                                  r  i_dram_wrapper/i_dram/u_mig7s_mig/u_memc_ui_top_axi/mem_intfc0/ddr_phy_top0/u_ddr_mc_phy_wrapper/u_ddr_mc_phy/ddr_phy_4lanes_0.u_ddr_phy_4lanes/phy_control_i/PHYCTLMSTREMPTY
  -------------------------------------------------------------------    -------------------

                         (clock mem_refclk rise edge)
                                                      1.250     1.250 r  
    AD12                                              0.000     1.250 r  sys_clk_p (IN)
                         net (fo=0)                   0.000     1.250    sys_clk_p
    AD12                 IBUFDS (Prop_ibufds_I_O)     0.803     2.053 r  i_bufds_sys_clk/O
                         net (fo=1, routed)           2.173     4.226    sys_clk
    BUFGCTRL_X0Y1        BUFG (Prop_bufg_I_O)         0.083     4.309 r  sys_clk_BUFG_inst/O
                         net (fo=63, routed)          1.626     5.935    i_dram_wrapper/i_dram/u_mig7s_mig/u_ddr3_infrastructure/plle2_i_0
    PLLE2_ADV_X1Y1       PLLE2_ADV (Prop_plle2_adv_CLKIN1_CLKOUT1)
                                                      0.073     6.008 r  i_dram_wrapper/i_dram/u_mig7s_mig/u_ddr3_infrastructure/plle2_i/CLKOUT1
                         net (fo=14, routed)          1.075     7.083    i_dram_wrapper/i_dram/u_mig7s_mig/u_memc_ui_top_axi/mem_intfc0/ddr_phy_top0/u_ddr_mc_phy_wrapper/u_ddr_mc_phy/ddr_phy_4lanes_0.u_ddr_phy_4lanes/mem_refclk
    PHY_CONTROL_X1Y2     PHY_CONTROL                                  r  i_dram_wrapper/i_dram/u_mig7s_mig/u_memc_ui_top_axi/mem_intfc0/ddr_phy_top0/u_ddr_mc_phy_wrapper/u_ddr_mc_phy/ddr_phy_4lanes_0.u_ddr_phy_4lanes/phy_control_i/MEMREFCLK
                         clock pessimism              0.461     7.545    
                         clock uncertainty           -0.047     7.498    
    PHY_CONTROL_X1Y2     PHY_CONTROL (Setup_phy_control_MEMREFCLK_PHYCTLMSTREMPTY)
                                                     -0.008     7.490    i_dram_wrapper/i_dram/u_mig7s_mig/u_memc_ui_top_axi/mem_intfc0/ddr_phy_top0/u_ddr_mc_phy_wrapper/u_ddr_mc_phy/ddr_phy_4lanes_0.u_ddr_phy_4lanes/phy_control_i
  -------------------------------------------------------------------
                         required time                          7.490    
                         arrival time                          -7.313    
  -------------------------------------------------------------------
                         slack                                  0.177    

Slack (MET) :             0.183ns  (required time - arrival time)
  Source:                 i_dram_wrapper/i_dram/u_mig7s_mig/u_memc_ui_top_axi/mem_intfc0/ddr_phy_top0/u_ddr_mc_phy_wrapper/u_ddr_mc_phy/ddr_phy_4lanes_0.u_ddr_phy_4lanes/ddr_byte_lane_B.ddr_byte_lane_B/phaser_out/OCLKDELAYED
                            (rising edge-triggered cell PHASER_OUT_PHY clocked by oserdes_clk_1'  {rise@0.000ns fall@0.625ns period=1.250ns})
  Destination:            i_dram_wrapper/i_dram/u_mig7s_mig/u_memc_ui_top_axi/mem_intfc0/ddr_phy_top0/u_ddr_mc_phy_wrapper/u_ddr_mc_phy/ddr_phy_4lanes_0.u_ddr_phy_4lanes/ddr_byte_lane_B.ddr_byte_lane_B/ddr_byte_group_io/dqs_gen.oddr_dqsts/D1
                            (rising edge-triggered cell ODDR clocked by oserdes_clk_1'  {rise@0.000ns fall@0.625ns period=1.250ns})
  Path Group:             oserdes_clk_1
  Path Type:              Setup (Max at Slow Process Corner)
  Requirement:            1.250ns  (oserdes_clk_1 fall@1.875ns - oserdes_clk_1 fall@0.625ns)
  Data Path Delay:        0.750ns  (logic 0.459ns (61.176%)  route 0.291ns (38.824%))
  Logic Levels:           0  
  Clock Path Skew:        0.288ns (DCD - SCD + CPR)
    Destination Clock Delay (DCD):    9.325ns = ( 11.200 - 1.875 ) 
    Source Clock Delay      (SCD):    9.661ns = ( 10.286 - 0.625 ) 
    Clock Pessimism Removal (CPR):    0.624ns
  Clock Uncertainty:      0.047ns  ((TSJ^2 + DJ^2)^1/2) / 2 + PE
    Total System Jitter     (TSJ):    0.071ns
    Discrete Jitter          (DJ):    0.061ns
    Phase Error              (PE):    0.000ns

    Location             Delay type                Incr(ns)  Path(ns)    Netlist Resource(s)
  -------------------------------------------------------------------    -------------------
                         (clock oserdes_clk_1 fall edge)
                                                      0.625     0.625 f  
    AD12                                              0.000     0.625 f  sys_clk_p (IN)
                         net (fo=0)                   0.000     0.625    sys_clk_p
    AD12                 IBUFDS (Prop_ibufds_I_O)     0.906     1.531 f  i_bufds_sys_clk/O
                         net (fo=1, routed)           2.299     3.830    sys_clk
    BUFGCTRL_X0Y1        BUFG (Prop_bufg_I_O)         0.093     3.923 f  sys_clk_BUFG_inst/O
                         net (fo=63, routed)          1.787     5.710    i_dram_wrapper/i_dram/u_mig7s_mig/u_ddr3_infrastructure/plle2_i_0
    PLLE2_ADV_X1Y1       PLLE2_ADV (Prop_plle2_adv_CLKIN1_CLKOUT1)
                                                      0.077     5.787 f  i_dram_wrapper/i_dram/u_mig7s_mig/u_ddr3_infrastructure/plle2_i/CLKOUT1
                         net (fo=14, routed)          1.188     6.975    i_dram_wrapper/i_dram/u_mig7s_mig/u_memc_ui_top_axi/mem_intfc0/ddr_phy_top0/u_ddr_mc_phy_wrapper/u_ddr_mc_phy/ddr_phy_4lanes_0.u_ddr_phy_4lanes/ddr_byte_lane_B.ddr_byte_lane_B/mem_refclk
    PHASER_OUT_PHY_X1Y9  PHASER_OUT_PHY (Prop_phaser_out_phy_MEMREFCLK_OCLK)
                                                      2.083     9.058 f  i_dram_wrapper/i_dram/u_mig7s_mig/u_memc_ui_top_axi/mem_intfc0/ddr_phy_top0/u_ddr_mc_phy_wrapper/u_ddr_mc_phy/ddr_phy_4lanes_0.u_ddr_phy_4lanes/ddr_byte_lane_B.ddr_byte_lane_B/phaser_out/OCLK
    PHASER_OUT_PHY_X1Y9  PHASER_OUT_PHY (Prop_phaser_out_phy_OCLK_OCLKDELAYED)
                                                      1.229    10.286 r  i_dram_wrapper/i_dram/u_mig7s_mig/u_memc_ui_top_axi/mem_intfc0/ddr_phy_top0/u_ddr_mc_phy_wrapper/u_ddr_mc_phy/ddr_phy_4lanes_0.u_ddr_phy_4lanes/ddr_byte_lane_B.ddr_byte_lane_B/phaser_out/OCLKDELAYED
  -------------------------------------------------------------------    -------------------
    PHASER_OUT_PHY_X1Y9  PHASER_OUT_PHY (Prop_phaser_out_phy_OCLKDELAYED_CTSBUS[0])
                                                      0.459    10.745 r  i_dram_wrapper/i_dram/u_mig7s_mig/u_memc_ui_top_axi/mem_intfc0/ddr_phy_top0/u_ddr_mc_phy_wrapper/u_ddr_mc_phy/ddr_phy_4lanes_0.u_ddr_phy_4lanes/ddr_byte_lane_B.ddr_byte_lane_B/phaser_out/CTSBUS[0]
                         net (fo=2, routed)           0.291    11.037    i_dram_wrapper/i_dram/u_mig7s_mig/u_memc_ui_top_axi/mem_intfc0/ddr_phy_top0/u_ddr_mc_phy_wrapper/u_ddr_mc_phy/ddr_phy_4lanes_0.u_ddr_phy_4lanes/ddr_byte_lane_B.ddr_byte_lane_B/ddr_byte_group_io/CTSBUS[0]
    OLOGIC_X1Y120        ODDR                                         r  i_dram_wrapper/i_dram/u_mig7s_mig/u_memc_ui_top_axi/mem_intfc0/ddr_phy_top0/u_ddr_mc_phy_wrapper/u_ddr_mc_phy/ddr_phy_4lanes_0.u_ddr_phy_4lanes/ddr_byte_lane_B.ddr_byte_lane_B/ddr_byte_group_io/dqs_gen.oddr_dqsts/D1
  -------------------------------------------------------------------    -------------------

                         (clock oserdes_clk_1 fall edge)
                                                      1.875     1.875 f  
    AD12                                              0.000     1.875 f  sys_clk_p (IN)
                         net (fo=0)                   0.000     1.875    sys_clk_p
    AD12                 IBUFDS (Prop_ibufds_I_O)     0.803     2.678 f  i_bufds_sys_clk/O
                         net (fo=1, routed)           2.173     4.851    sys_clk
    BUFGCTRL_X0Y1        BUFG (Prop_bufg_I_O)         0.083     4.934 f  sys_clk_BUFG_inst/O
                         net (fo=63, routed)          1.626     6.560    i_dram_wrapper/i_dram/u_mig7s_mig/u_ddr3_infrastructure/plle2_i_0
    PLLE2_ADV_X1Y1       PLLE2_ADV (Prop_plle2_adv_CLKIN1_CLKOUT1)
                                                      0.073     6.633 f  i_dram_wrapper/i_dram/u_mig7s_mig/u_ddr3_infrastructure/plle2_i/CLKOUT1
                         net (fo=14, routed)          1.061     7.694    i_dram_wrapper/i_dram/u_mig7s_mig/u_memc_ui_top_axi/mem_intfc0/ddr_phy_top0/u_ddr_mc_phy_wrapper/u_ddr_mc_phy/ddr_phy_4lanes_0.u_ddr_phy_4lanes/ddr_byte_lane_B.ddr_byte_lane_B/mem_refclk
    PHASER_OUT_PHY_X1Y9  PHASER_OUT_PHY (Prop_phaser_out_phy_MEMREFCLK_OCLK)
                                                      2.027     9.721 f  i_dram_wrapper/i_dram/u_mig7s_mig/u_memc_ui_top_axi/mem_intfc0/ddr_phy_top0/u_ddr_mc_phy_wrapper/u_ddr_mc_phy/ddr_phy_4lanes_0.u_ddr_phy_4lanes/ddr_byte_lane_B.ddr_byte_lane_B/phaser_out/OCLK
    PHASER_OUT_PHY_X1Y9  PHASER_OUT_PHY (Prop_phaser_out_phy_OCLK_OCLKDELAYED)
                                                      1.191    10.912 r  i_dram_wrapper/i_dram/u_mig7s_mig/u_memc_ui_top_axi/mem_intfc0/ddr_phy_top0/u_ddr_mc_phy_wrapper/u_ddr_mc_phy/ddr_phy_4lanes_0.u_ddr_phy_4lanes/ddr_byte_lane_B.ddr_byte_lane_B/phaser_out/OCLKDELAYED
                         net (fo=2, routed)           0.288    11.200    i_dram_wrapper/i_dram/u_mig7s_mig/u_memc_ui_top_axi/mem_intfc0/ddr_phy_top0/u_ddr_mc_phy_wrapper/u_ddr_mc_phy/ddr_phy_4lanes_0.u_ddr_phy_4lanes/ddr_byte_lane_B.ddr_byte_lane_B/ddr_byte_group_io/oserdes_clk_delayed
    OLOGIC_X1Y120        ODDR                                         r  i_dram_wrapper/i_dram/u_mig7s_mig/u_memc_ui_top_axi/mem_intfc0/ddr_phy_top0/u_ddr_mc_phy_wrapper/u_ddr_mc_phy/ddr_phy_4lanes_0.u_ddr_phy_4lanes/ddr_byte_lane_B.ddr_byte_lane_B/ddr_byte_group_io/dqs_gen.oddr_dqsts/C
                         clock pessimism              0.624    11.824    
                         clock uncertainty           -0.047    11.778    
    OLOGIC_X1Y120        ODDR (Setup_oddr_C_D1)      -0.558    11.220    i_dram_wrapper/i_dram/u_mig7s_mig/u_memc_ui_top_axi/mem_intfc0/ddr_phy_top0/u_ddr_mc_phy_wrapper/u_ddr_mc_phy/ddr_phy_4lanes_0.u_ddr_phy_4lanes/ddr_byte_lane_B.ddr_byte_lane_B/ddr_byte_group_io/dqs_gen.oddr_dqsts
  -------------------------------------------------------------------
                         required time                         11.220    
                         arrival time                         -11.037    
  -------------------------------------------------------------------
                         slack                                  0.183    

Slack (MET) :             0.191ns  (required time - arrival time)
  Source:                 i_dram_wrapper/i_dram/u_mig7s_mig/u_memc_ui_top_axi/mem_intfc0/ddr_phy_top0/u_ddr_mc_phy_wrapper/u_ddr_mc_phy/ddr_phy_4lanes_0.u_ddr_phy_4lanes/ddr_byte_lane_C.ddr_byte_lane_C/phaser_out/OCLKDELAYED
                            (rising edge-triggered cell PHASER_OUT_PHY clocked by oserdes_clk_2'  {rise@0.000ns fall@0.625ns period=1.250ns})
  Destination:            i_dram_wrapper/i_dram/u_mig7s_mig/u_memc_ui_top_axi/mem_intfc0/ddr_phy_top0/u_ddr_mc_phy_wrapper/u_ddr_mc_phy/ddr_phy_4lanes_0.u_ddr_phy_4lanes/ddr_byte_lane_C.ddr_byte_lane_C/ddr_byte_group_io/dqs_gen.oddr_dqsts/D1
                            (rising edge-triggered cell ODDR clocked by oserdes_clk_2'  {rise@0.000ns fall@0.625ns period=1.250ns})
  Path Group:             oserdes_clk_2
  Path Type:              Setup (Max at Slow Process Corner)
  Requirement:            1.250ns  (oserdes_clk_2 fall@1.875ns - oserdes_clk_2 fall@0.625ns)
  Data Path Delay:        0.750ns  (logic 0.459ns (61.176%)  route 0.291ns (38.824%))
  Logic Levels:           0  
  Clock Path Skew:        0.296ns (DCD - SCD + CPR)
    Destination Clock Delay (DCD):    9.342ns = ( 11.217 - 1.875 ) 
    Source Clock Delay      (SCD):    9.671ns = ( 10.296 - 0.625 ) 
    Clock Pessimism Removal (CPR):    0.625ns
  Clock Uncertainty:      0.047ns  ((TSJ^2 + DJ^2)^1/2) / 2 + PE
    Total System Jitter     (TSJ):    0.071ns
    Discrete Jitter          (DJ):    0.061ns
    Phase Error              (PE):    0.000ns

    Location             Delay type                Incr(ns)  Path(ns)    Netlist Resource(s)
  -------------------------------------------------------------------    -------------------
                         (clock oserdes_clk_2 fall edge)
                                                      0.625     0.625 f  
    AD12                                              0.000     0.625 f  sys_clk_p (IN)
                         net (fo=0)                   0.000     0.625    sys_clk_p
    AD12                 IBUFDS (Prop_ibufds_I_O)     0.906     1.531 f  i_bufds_sys_clk/O
                         net (fo=1, routed)           2.299     3.830    sys_clk
    BUFGCTRL_X0Y1        BUFG (Prop_bufg_I_O)         0.093     3.923 f  sys_clk_BUFG_inst/O
                         net (fo=63, routed)          1.787     5.710    i_dram_wrapper/i_dram/u_mig7s_mig/u_ddr3_infrastructure/plle2_i_0
    PLLE2_ADV_X1Y1       PLLE2_ADV (Prop_plle2_adv_CLKIN1_CLKOUT1)
                                                      0.077     5.787 f  i_dram_wrapper/i_dram/u_mig7s_mig/u_ddr3_infrastructure/plle2_i/CLKOUT1
                         net (fo=14, routed)          1.198     6.985    i_dram_wrapper/i_dram/u_mig7s_mig/u_memc_ui_top_axi/mem_intfc0/ddr_phy_top0/u_ddr_mc_phy_wrapper/u_ddr_mc_phy/ddr_phy_4lanes_0.u_ddr_phy_4lanes/ddr_byte_lane_C.ddr_byte_lane_C/mem_refclk
    PHASER_OUT_PHY_X1Y10 PHASER_OUT_PHY (Prop_phaser_out_phy_MEMREFCLK_OCLK)
                                                      2.083     9.068 f  i_dram_wrapper/i_dram/u_mig7s_mig/u_memc_ui_top_axi/mem_intfc0/ddr_phy_top0/u_ddr_mc_phy_wrapper/u_ddr_mc_phy/ddr_phy_4lanes_0.u_ddr_phy_4lanes/ddr_byte_lane_C.ddr_byte_lane_C/phaser_out/OCLK
    PHASER_OUT_PHY_X1Y10 PHASER_OUT_PHY (Prop_phaser_out_phy_OCLK_OCLKDELAYED)
                                                      1.229    10.296 r  i_dram_wrapper/i_dram/u_mig7s_mig/u_memc_ui_top_axi/mem_intfc0/ddr_phy_top0/u_ddr_mc_phy_wrapper/u_ddr_mc_phy/ddr_phy_4lanes_0.u_ddr_phy_4lanes/ddr_byte_lane_C.ddr_byte_lane_C/phaser_out/OCLKDELAYED
  -------------------------------------------------------------------    -------------------
    PHASER_OUT_PHY_X1Y10 PHASER_OUT_PHY (Prop_phaser_out_phy_OCLKDELAYED_CTSBUS[0])
                                                      0.459    10.755 r  i_dram_wrapper/i_dram/u_mig7s_mig/u_memc_ui_top_axi/mem_intfc0/ddr_phy_top0/u_ddr_mc_phy_wrapper/u_ddr_mc_phy/ddr_phy_4lanes_0.u_ddr_phy_4lanes/ddr_byte_lane_C.ddr_byte_lane_C/phaser_out/CTSBUS[0]
                         net (fo=2, routed)           0.291    11.047    i_dram_wrapper/i_dram/u_mig7s_mig/u_memc_ui_top_axi/mem_intfc0/ddr_phy_top0/u_ddr_mc_phy_wrapper/u_ddr_mc_phy/ddr_phy_4lanes_0.u_ddr_phy_4lanes/ddr_byte_lane_C.ddr_byte_lane_C/ddr_byte_group_io/CTSBUS[0]
    OLOGIC_X1Y132        ODDR                                         r  i_dram_wrapper/i_dram/u_mig7s_mig/u_memc_ui_top_axi/mem_intfc0/ddr_phy_top0/u_ddr_mc_phy_wrapper/u_ddr_mc_phy/ddr_phy_4lanes_0.u_ddr_phy_4lanes/ddr_byte_lane_C.ddr_byte_lane_C/ddr_byte_group_io/dqs_gen.oddr_dqsts/D1
  -------------------------------------------------------------------    -------------------

                         (clock oserdes_clk_2 fall edge)
                                                      1.875     1.875 f  
    AD12                                              0.000     1.875 f  sys_clk_p (IN)
                         net (fo=0)                   0.000     1.875    sys_clk_p
    AD12                 IBUFDS (Prop_ibufds_I_O)     0.803     2.678 f  i_bufds_sys_clk/O
                         net (fo=1, routed)           2.173     4.851    sys_clk
    BUFGCTRL_X0Y1        BUFG (Prop_bufg_I_O)         0.083     4.934 f  sys_clk_BUFG_inst/O
                         net (fo=63, routed)          1.626     6.560    i_dram_wrapper/i_dram/u_mig7s_mig/u_ddr3_infrastructure/plle2_i_0
    PLLE2_ADV_X1Y1       PLLE2_ADV (Prop_plle2_adv_CLKIN1_CLKOUT1)
                                                      0.073     6.633 f  i_dram_wrapper/i_dram/u_mig7s_mig/u_ddr3_infrastructure/plle2_i/CLKOUT1
                         net (fo=14, routed)          1.070     7.703    i_dram_wrapper/i_dram/u_mig7s_mig/u_memc_ui_top_axi/mem_intfc0/ddr_phy_top0/u_ddr_mc_phy_wrapper/u_ddr_mc_phy/ddr_phy_4lanes_0.u_ddr_phy_4lanes/ddr_byte_lane_C.ddr_byte_lane_C/mem_refclk
    PHASER_OUT_PHY_X1Y10 PHASER_OUT_PHY (Prop_phaser_out_phy_MEMREFCLK_OCLK)
                                                      2.027     9.730 f  i_dram_wrapper/i_dram/u_mig7s_mig/u_memc_ui_top_axi/mem_intfc0/ddr_phy_top0/u_ddr_mc_phy_wrapper/u_ddr_mc_phy/ddr_phy_4lanes_0.u_ddr_phy_4lanes/ddr_byte_lane_C.ddr_byte_lane_C/phaser_out/OCLK
    PHASER_OUT_PHY_X1Y10 PHASER_OUT_PHY (Prop_phaser_out_phy_OCLK_OCLKDELAYED)
                                                      1.191    10.921 r  i_dram_wrapper/i_dram/u_mig7s_mig/u_memc_ui_top_axi/mem_intfc0/ddr_phy_top0/u_ddr_mc_phy_wrapper/u_ddr_mc_phy/ddr_phy_4lanes_0.u_ddr_phy_4lanes/ddr_byte_lane_C.ddr_byte_lane_C/phaser_out/OCLKDELAYED
                         net (fo=2, routed)           0.296    11.217    i_dram_wrapper/i_dram/u_mig7s_mig/u_memc_ui_top_axi/mem_intfc0/ddr_phy_top0/u_ddr_mc_phy_wrapper/u_ddr_mc_phy/ddr_phy_4lanes_0.u_ddr_phy_4lanes/ddr_byte_lane_C.ddr_byte_lane_C/ddr_byte_group_io/oserdes_clk_delayed
    OLOGIC_X1Y132        ODDR                                         r  i_dram_wrapper/i_dram/u_mig7s_mig/u_memc_ui_top_axi/mem_intfc0/ddr_phy_top0/u_ddr_mc_phy_wrapper/u_ddr_mc_phy/ddr_phy_4lanes_0.u_ddr_phy_4lanes/ddr_byte_lane_C.ddr_byte_lane_C/ddr_byte_group_io/dqs_gen.oddr_dqsts/C
                         clock pessimism              0.625    11.842    
                         clock uncertainty           -0.047    11.796    
    OLOGIC_X1Y132        ODDR (Setup_oddr_C_D1)      -0.558    11.238    i_dram_wrapper/i_dram/u_mig7s_mig/u_memc_ui_top_axi/mem_intfc0/ddr_phy_top0/u_ddr_mc_phy_wrapper/u_ddr_mc_phy/ddr_phy_4lanes_0.u_ddr_phy_4lanes/ddr_byte_lane_C.ddr_byte_lane_C/ddr_byte_group_io/dqs_gen.oddr_dqsts
  -------------------------------------------------------------------
                         required time                         11.238    
                         arrival time                         -11.047    
  -------------------------------------------------------------------
                         slack                                  0.191    

Slack (MET) :             0.196ns  (required time - arrival time)
  Source:                 i_dram_wrapper/i_dram/u_mig7s_mig/u_memc_ui_top_axi/mem_intfc0/ddr_phy_top0/u_ddr_mc_phy_wrapper/u_ddr_mc_phy/ddr_phy_4lanes_0.u_ddr_phy_4lanes/ddr_byte_lane_A.ddr_byte_lane_A/phaser_out/OCLKDELAYED
                            (rising edge-triggered cell PHASER_OUT_PHY clocked by oserdes_clk'  {rise@0.000ns fall@0.625ns period=1.250ns})
  Destination:            i_dram_wrapper/i_dram/u_mig7s_mig/u_memc_ui_top_axi/mem_intfc0/ddr_phy_top0/u_ddr_mc_phy_wrapper/u_ddr_mc_phy/ddr_phy_4lanes_0.u_ddr_phy_4lanes/ddr_byte_lane_A.ddr_byte_lane_A/ddr_byte_group_io/dqs_gen.oddr_dqsts/D1
                            (rising edge-triggered cell ODDR clocked by oserdes_clk'  {rise@0.000ns fall@0.625ns period=1.250ns})
  Path Group:             oserdes_clk
  Path Type:              Setup (Max at Slow Process Corner)
  Requirement:            1.250ns  (oserdes_clk fall@1.875ns - oserdes_clk fall@0.625ns)
  Data Path Delay:        0.750ns  (logic 0.459ns (61.176%)  route 0.291ns (38.824%))
  Logic Levels:           0  
  Clock Path Skew:        0.301ns (DCD - SCD + CPR)
    Destination Clock Delay (DCD):    9.347ns = ( 11.222 - 1.875 ) 
    Source Clock Delay      (SCD):    9.671ns = ( 10.296 - 0.625 ) 
    Clock Pessimism Removal (CPR):    0.625ns
  Clock Uncertainty:      0.047ns  ((TSJ^2 + DJ^2)^1/2) / 2 + PE
    Total System Jitter     (TSJ):    0.071ns
    Discrete Jitter          (DJ):    0.061ns
    Phase Error              (PE):    0.000ns

    Location             Delay type                Incr(ns)  Path(ns)    Netlist Resource(s)
  -------------------------------------------------------------------    -------------------
                         (clock oserdes_clk fall edge)
                                                      0.625     0.625 f  
    AD12                                              0.000     0.625 f  sys_clk_p (IN)
                         net (fo=0)                   0.000     0.625    sys_clk_p
    AD12                 IBUFDS (Prop_ibufds_I_O)     0.906     1.531 f  i_bufds_sys_clk/O
                         net (fo=1, routed)           2.299     3.830    sys_clk
    BUFGCTRL_X0Y1        BUFG (Prop_bufg_I_O)         0.093     3.923 f  sys_clk_BUFG_inst/O
                         net (fo=63, routed)          1.787     5.710    i_dram_wrapper/i_dram/u_mig7s_mig/u_ddr3_infrastructure/plle2_i_0
    PLLE2_ADV_X1Y1       PLLE2_ADV (Prop_plle2_adv_CLKIN1_CLKOUT1)
                                                      0.077     5.787 f  i_dram_wrapper/i_dram/u_mig7s_mig/u_ddr3_infrastructure/plle2_i/CLKOUT1
                         net (fo=14, routed)          1.198     6.985    i_dram_wrapper/i_dram/u_mig7s_mig/u_memc_ui_top_axi/mem_intfc0/ddr_phy_top0/u_ddr_mc_phy_wrapper/u_ddr_mc_phy/ddr_phy_4lanes_0.u_ddr_phy_4lanes/ddr_byte_lane_A.ddr_byte_lane_A/mem_refclk
    PHASER_OUT_PHY_X1Y8  PHASER_OUT_PHY (Prop_phaser_out_phy_MEMREFCLK_OCLK)
                                                      2.083     9.068 f  i_dram_wrapper/i_dram/u_mig7s_mig/u_memc_ui_top_axi/mem_intfc0/ddr_phy_top0/u_ddr_mc_phy_wrapper/u_ddr_mc_phy/ddr_phy_4lanes_0.u_ddr_phy_4lanes/ddr_byte_lane_A.ddr_byte_lane_A/phaser_out/OCLK
    PHASER_OUT_PHY_X1Y8  PHASER_OUT_PHY (Prop_phaser_out_phy_OCLK_OCLKDELAYED)
                                                      1.229    10.296 r  i_dram_wrapper/i_dram/u_mig7s_mig/u_memc_ui_top_axi/mem_intfc0/ddr_phy_top0/u_ddr_mc_phy_wrapper/u_ddr_mc_phy/ddr_phy_4lanes_0.u_ddr_phy_4lanes/ddr_byte_lane_A.ddr_byte_lane_A/phaser_out/OCLKDELAYED
  -------------------------------------------------------------------    -------------------
    PHASER_OUT_PHY_X1Y8  PHASER_OUT_PHY (Prop_phaser_out_phy_OCLKDELAYED_CTSBUS[0])
                                                      0.459    10.755 r  i_dram_wrapper/i_dram/u_mig7s_mig/u_memc_ui_top_axi/mem_intfc0/ddr_phy_top0/u_ddr_mc_phy_wrapper/u_ddr_mc_phy/ddr_phy_4lanes_0.u_ddr_phy_4lanes/ddr_byte_lane_A.ddr_byte_lane_A/phaser_out/CTSBUS[0]
                         net (fo=2, routed)           0.291    11.047    i_dram_wrapper/i_dram/u_mig7s_mig/u_memc_ui_top_axi/mem_intfc0/ddr_phy_top0/u_ddr_mc_phy_wrapper/u_ddr_mc_phy/ddr_phy_4lanes_0.u_ddr_phy_4lanes/ddr_byte_lane_A.ddr_byte_lane_A/ddr_byte_group_io/CTSBUS[0]
    OLOGIC_X1Y108        ODDR                                         r  i_dram_wrapper/i_dram/u_mig7s_mig/u_memc_ui_top_axi/mem_intfc0/ddr_phy_top0/u_ddr_mc_phy_wrapper/u_ddr_mc_phy/ddr_phy_4lanes_0.u_ddr_phy_4lanes/ddr_byte_lane_A.ddr_byte_lane_A/ddr_byte_group_io/dqs_gen.oddr_dqsts/D1
  -------------------------------------------------------------------    -------------------

                         (clock oserdes_clk fall edge)
                                                      1.875     1.875 f  
    AD12                                              0.000     1.875 f  sys_clk_p (IN)
                         net (fo=0)                   0.000     1.875    sys_clk_p
    AD12                 IBUFDS (Prop_ibufds_I_O)     0.803     2.678 f  i_bufds_sys_clk/O
                         net (fo=1, routed)           2.173     4.851    sys_clk
    BUFGCTRL_X0Y1        BUFG (Prop_bufg_I_O)         0.083     4.934 f  sys_clk_BUFG_inst/O
                         net (fo=63, routed)          1.626     6.560    i_dram_wrapper/i_dram/u_mig7s_mig/u_ddr3_infrastructure/plle2_i_0
    PLLE2_ADV_X1Y1       PLLE2_ADV (Prop_plle2_adv_CLKIN1_CLKOUT1)
                                                      0.073     6.633 f  i_dram_wrapper/i_dram/u_mig7s_mig/u_ddr3_infrastructure/plle2_i/CLKOUT1
                         net (fo=14, routed)          1.070     7.703    i_dram_wrapper/i_dram/u_mig7s_mig/u_memc_ui_top_axi/mem_intfc0/ddr_phy_top0/u_ddr_mc_phy_wrapper/u_ddr_mc_phy/ddr_phy_4lanes_0.u_ddr_phy_4lanes/ddr_byte_lane_A.ddr_byte_lane_A/mem_refclk
    PHASER_OUT_PHY_X1Y8  PHASER_OUT_PHY (Prop_phaser_out_phy_MEMREFCLK_OCLK)
                                                      2.027     9.730 f  i_dram_wrapper/i_dram/u_mig7s_mig/u_memc_ui_top_axi/mem_intfc0/ddr_phy_top0/u_ddr_mc_phy_wrapper/u_ddr_mc_phy/ddr_phy_4lanes_0.u_ddr_phy_4lanes/ddr_byte_lane_A.ddr_byte_lane_A/phaser_out/OCLK
    PHASER_OUT_PHY_X1Y8  PHASER_OUT_PHY (Prop_phaser_out_phy_OCLK_OCLKDELAYED)
                                                      1.191    10.921 r  i_dram_wrapper/i_dram/u_mig7s_mig/u_memc_ui_top_axi/mem_intfc0/ddr_phy_top0/u_ddr_mc_phy_wrapper/u_ddr_mc_phy/ddr_phy_4lanes_0.u_ddr_phy_4lanes/ddr_byte_lane_A.ddr_byte_lane_A/phaser_out/OCLKDELAYED
                         net (fo=2, routed)           0.301    11.222    i_dram_wrapper/i_dram/u_mig7s_mig/u_memc_ui_top_axi/mem_intfc0/ddr_phy_top0/u_ddr_mc_phy_wrapper/u_ddr_mc_phy/ddr_phy_4lanes_0.u_ddr_phy_4lanes/ddr_byte_lane_A.ddr_byte_lane_A/ddr_byte_group_io/oserdes_clk_delayed
    OLOGIC_X1Y108        ODDR                                         r  i_dram_wrapper/i_dram/u_mig7s_mig/u_memc_ui_top_axi/mem_intfc0/ddr_phy_top0/u_ddr_mc_phy_wrapper/u_ddr_mc_phy/ddr_phy_4lanes_0.u_ddr_phy_4lanes/ddr_byte_lane_A.ddr_byte_lane_A/ddr_byte_group_io/dqs_gen.oddr_dqsts/C
                         clock pessimism              0.625    11.847    
                         clock uncertainty           -0.047    11.801    
    OLOGIC_X1Y108        ODDR (Setup_oddr_C_D1)      -0.558    11.243    i_dram_wrapper/i_dram/u_mig7s_mig/u_memc_ui_top_axi/mem_intfc0/ddr_phy_top0/u_ddr_mc_phy_wrapper/u_ddr_mc_phy/ddr_phy_4lanes_0.u_ddr_phy_4lanes/ddr_byte_lane_A.ddr_byte_lane_A/ddr_byte_group_io/dqs_gen.oddr_dqsts
  -------------------------------------------------------------------
                         required time                         11.243    
                         arrival time                         -11.047    
  -------------------------------------------------------------------
                         slack                                  0.196    

Slack (MET) :             0.203ns  (required time - arrival time)
  Source:                 i_dram_wrapper/i_dram/u_mig7s_mig/u_memc_ui_top_axi/mem_intfc0/ddr_phy_top0/u_ddr_mc_phy_wrapper/u_ddr_mc_phy/ddr_phy_4lanes_0.u_ddr_phy_4lanes/ddr_byte_lane_D.ddr_byte_lane_D/phaser_out/OCLKDELAYED
                            (rising edge-triggered cell PHASER_OUT_PHY clocked by oserdes_clk_3'  {rise@0.000ns fall@0.625ns period=1.250ns})
  Destination:            i_dram_wrapper/i_dram/u_mig7s_mig/u_memc_ui_top_axi/mem_intfc0/ddr_phy_top0/u_ddr_mc_phy_wrapper/u_ddr_mc_phy/ddr_phy_4lanes_0.u_ddr_phy_4lanes/ddr_byte_lane_D.ddr_byte_lane_D/ddr_byte_group_io/dqs_gen.oddr_dqsts/D1
                            (rising edge-triggered cell ODDR clocked by oserdes_clk_3'  {rise@0.000ns fall@0.625ns period=1.250ns})
  Path Group:             oserdes_clk_3
  Path Type:              Setup (Max at Slow Process Corner)
  Requirement:            1.250ns  (oserdes_clk_3 fall@1.875ns - oserdes_clk_3 fall@0.625ns)
  Data Path Delay:        0.750ns  (logic 0.459ns (61.176%)  route 0.291ns (38.824%))
  Logic Levels:           0  
  Clock Path Skew:        0.308ns (DCD - SCD + CPR)
    Destination Clock Delay (DCD):    9.345ns = ( 11.220 - 1.875 ) 
    Source Clock Delay      (SCD):    9.661ns = ( 10.286 - 0.625 ) 
    Clock Pessimism Removal (CPR):    0.624ns
  Clock Uncertainty:      0.047ns  ((TSJ^2 + DJ^2)^1/2) / 2 + PE
    Total System Jitter     (TSJ):    0.071ns
    Discrete Jitter          (DJ):    0.061ns
    Phase Error              (PE):    0.000ns

    Location             Delay type                Incr(ns)  Path(ns)    Netlist Resource(s)
  -------------------------------------------------------------------    -------------------
                         (clock oserdes_clk_3 fall edge)
                                                      0.625     0.625 f  
    AD12                                              0.000     0.625 f  sys_clk_p (IN)
                         net (fo=0)                   0.000     0.625    sys_clk_p
    AD12                 IBUFDS (Prop_ibufds_I_O)     0.906     1.531 f  i_bufds_sys_clk/O
                         net (fo=1, routed)           2.299     3.830    sys_clk
    BUFGCTRL_X0Y1        BUFG (Prop_bufg_I_O)         0.093     3.923 f  sys_clk_BUFG_inst/O
                         net (fo=63, routed)          1.787     5.710    i_dram_wrapper/i_dram/u_mig7s_mig/u_ddr3_infrastructure/plle2_i_0
    PLLE2_ADV_X1Y1       PLLE2_ADV (Prop_plle2_adv_CLKIN1_CLKOUT1)
                                                      0.077     5.787 f  i_dram_wrapper/i_dram/u_mig7s_mig/u_ddr3_infrastructure/plle2_i/CLKOUT1
                         net (fo=14, routed)          1.188     6.975    i_dram_wrapper/i_dram/u_mig7s_mig/u_memc_ui_top_axi/mem_intfc0/ddr_phy_top0/u_ddr_mc_phy_wrapper/u_ddr_mc_phy/ddr_phy_4lanes_0.u_ddr_phy_4lanes/ddr_byte_lane_D.ddr_byte_lane_D/mem_refclk
    PHASER_OUT_PHY_X1Y11 PHASER_OUT_PHY (Prop_phaser_out_phy_MEMREFCLK_OCLK)
                                                      2.083     9.058 f  i_dram_wrapper/i_dram/u_mig7s_mig/u_memc_ui_top_axi/mem_intfc0/ddr_phy_top0/u_ddr_mc_phy_wrapper/u_ddr_mc_phy/ddr_phy_4lanes_0.u_ddr_phy_4lanes/ddr_byte_lane_D.ddr_byte_lane_D/phaser_out/OCLK
    PHASER_OUT_PHY_X1Y11 PHASER_OUT_PHY (Prop_phaser_out_phy_OCLK_OCLKDELAYED)
                                                      1.229    10.286 r  i_dram_wrapper/i_dram/u_mig7s_mig/u_memc_ui_top_axi/mem_intfc0/ddr_phy_top0/u_ddr_mc_phy_wrapper/u_ddr_mc_phy/ddr_phy_4lanes_0.u_ddr_phy_4lanes/ddr_byte_lane_D.ddr_byte_lane_D/phaser_out/OCLKDELAYED
  -------------------------------------------------------------------    -------------------
    PHASER_OUT_PHY_X1Y11 PHASER_OUT_PHY (Prop_phaser_out_phy_OCLKDELAYED_CTSBUS[0])
                                                      0.459    10.745 r  i_dram_wrapper/i_dram/u_mig7s_mig/u_memc_ui_top_axi/mem_intfc0/ddr_phy_top0/u_ddr_mc_phy_wrapper/u_ddr_mc_phy/ddr_phy_4lanes_0.u_ddr_phy_4lanes/ddr_byte_lane_D.ddr_byte_lane_D/phaser_out/CTSBUS[0]
                         net (fo=2, routed)           0.291    11.037    i_dram_wrapper/i_dram/u_mig7s_mig/u_memc_ui_top_axi/mem_intfc0/ddr_phy_top0/u_ddr_mc_phy_wrapper/u_ddr_mc_phy/ddr_phy_4lanes_0.u_ddr_phy_4lanes/ddr_byte_lane_D.ddr_byte_lane_D/ddr_byte_group_io/CTSBUS[0]
    OLOGIC_X1Y144        ODDR                                         r  i_dram_wrapper/i_dram/u_mig7s_mig/u_memc_ui_top_axi/mem_intfc0/ddr_phy_top0/u_ddr_mc_phy_wrapper/u_ddr_mc_phy/ddr_phy_4lanes_0.u_ddr_phy_4lanes/ddr_byte_lane_D.ddr_byte_lane_D/ddr_byte_group_io/dqs_gen.oddr_dqsts/D1
  -------------------------------------------------------------------    -------------------

                         (clock oserdes_clk_3 fall edge)
                                                      1.875     1.875 f  
    AD12                                              0.000     1.875 f  sys_clk_p (IN)
                         net (fo=0)                   0.000     1.875    sys_clk_p
    AD12                 IBUFDS (Prop_ibufds_I_O)     0.803     2.678 f  i_bufds_sys_clk/O
                         net (fo=1, routed)           2.173     4.851    sys_clk
    BUFGCTRL_X0Y1        BUFG (Prop_bufg_I_O)         0.083     4.934 f  sys_clk_BUFG_inst/O
                         net (fo=63, routed)          1.626     6.560    i_dram_wrapper/i_dram/u_mig7s_mig/u_ddr3_infrastructure/plle2_i_0
    PLLE2_ADV_X1Y1       PLLE2_ADV (Prop_plle2_adv_CLKIN1_CLKOUT1)
                                                      0.073     6.633 f  i_dram_wrapper/i_dram/u_mig7s_mig/u_ddr3_infrastructure/plle2_i/CLKOUT1
                         net (fo=14, routed)          1.061     7.694    i_dram_wrapper/i_dram/u_mig7s_mig/u_memc_ui_top_axi/mem_intfc0/ddr_phy_top0/u_ddr_mc_phy_wrapper/u_ddr_mc_phy/ddr_phy_4lanes_0.u_ddr_phy_4lanes/ddr_byte_lane_D.ddr_byte_lane_D/mem_refclk
    PHASER_OUT_PHY_X1Y11 PHASER_OUT_PHY (Prop_phaser_out_phy_MEMREFCLK_OCLK)
                                                      2.027     9.721 f  i_dram_wrapper/i_dram/u_mig7s_mig/u_memc_ui_top_axi/mem_intfc0/ddr_phy_top0/u_ddr_mc_phy_wrapper/u_ddr_mc_phy/ddr_phy_4lanes_0.u_ddr_phy_4lanes/ddr_byte_lane_D.ddr_byte_lane_D/phaser_out/OCLK
    PHASER_OUT_PHY_X1Y11 PHASER_OUT_PHY (Prop_phaser_out_phy_OCLK_OCLKDELAYED)
                                                      1.191    10.912 r  i_dram_wrapper/i_dram/u_mig7s_mig/u_memc_ui_top_axi/mem_intfc0/ddr_phy_top0/u_ddr_mc_phy_wrapper/u_ddr_mc_phy/ddr_phy_4lanes_0.u_ddr_phy_4lanes/ddr_byte_lane_D.ddr_byte_lane_D/phaser_out/OCLKDELAYED
                         net (fo=2, routed)           0.308    11.220    i_dram_wrapper/i_dram/u_mig7s_mig/u_memc_ui_top_axi/mem_intfc0/ddr_phy_top0/u_ddr_mc_phy_wrapper/u_ddr_mc_phy/ddr_phy_4lanes_0.u_ddr_phy_4lanes/ddr_byte_lane_D.ddr_byte_lane_D/ddr_byte_group_io/oserdes_clk_delayed
    OLOGIC_X1Y144        ODDR                                         r  i_dram_wrapper/i_dram/u_mig7s_mig/u_memc_ui_top_axi/mem_intfc0/ddr_phy_top0/u_ddr_mc_phy_wrapper/u_ddr_mc_phy/ddr_phy_4lanes_0.u_ddr_phy_4lanes/ddr_byte_lane_D.ddr_byte_lane_D/ddr_byte_group_io/dqs_gen.oddr_dqsts/C
                         clock pessimism              0.624    11.844    
                         clock uncertainty           -0.047    11.798    
    OLOGIC_X1Y144        ODDR (Setup_oddr_C_D1)      -0.558    11.240    i_dram_wrapper/i_dram/u_mig7s_mig/u_memc_ui_top_axi/mem_intfc0/ddr_phy_top0/u_ddr_mc_phy_wrapper/u_ddr_mc_phy/ddr_phy_4lanes_0.u_ddr_phy_4lanes/ddr_byte_lane_D.ddr_byte_lane_D/ddr_byte_group_io/dqs_gen.oddr_dqsts
  -------------------------------------------------------------------
                         required time                         11.240    
                         arrival time                         -11.037    
  -------------------------------------------------------------------
                         slack                                  0.203    

Slack (MET) :             0.211ns  (required time - arrival time)
  Source:                 i_cheshire_soc/gen_cva6_cores[0].i_core_cva6/csr_regfile_i/vsatp_q_reg[mode][0]/C
                            (rising edge-triggered cell FDCE clocked by clk_50_clkwiz  {rise@0.000ns fall@10.000ns period=20.000ns})
  Destination:            i_cheshire_soc/gen_cva6_cores[0].i_core_cva6/gen_cache_wb.i_cache_subsystem/i_nbdcache/valid_dirty_sram/i_tc_sram/gen_1_ports.i_xpm_memory_spram/xpm_memory_base_inst/gen_wr_a.gen_byte_narrow.for_mem_cols[1].mem_reg_17/ENARDEN
                            (rising edge-triggered cell RAMB36E1 clocked by clk_50_clkwiz  {rise@0.000ns fall@10.000ns period=20.000ns})
  Path Group:             clk_50_clkwiz
  Path Type:              Setup (Max at Slow Process Corner)
  Requirement:            20.000ns  (clk_50_clkwiz rise@20.000ns - clk_50_clkwiz rise@0.000ns)
  Data Path Delay:        19.632ns  (logic 2.237ns (11.395%)  route 17.395ns (88.605%))
  Logic Levels:           34  (CARRY4=4 LUT3=1 LUT4=6 LUT5=3 LUT6=20)
  Clock Path Skew:        0.241ns (DCD - SCD + CPR)
    Destination Clock Delay (DCD):    4.518ns = ( 24.518 - 20.000 ) 
    Source Clock Delay      (SCD):    4.516ns
    Clock Pessimism Removal (CPR):    0.238ns
  Clock Uncertainty:      0.070ns  ((TSJ^2 + DJ^2)^1/2) / 2 + PE
    Total System Jitter     (TSJ):    0.071ns
    Discrete Jitter          (DJ):    0.121ns
    Phase Error              (PE):    0.000ns

    Location             Delay type                Incr(ns)  Path(ns)    Netlist Resource(s)
  -------------------------------------------------------------------    -------------------
                         (clock clk_50_clkwiz rise edge)
                                                      0.000     0.000 r  
    AD12                                              0.000     0.000 r  sys_clk_p (IN)
                         net (fo=0)                   0.000     0.000    sys_clk_p
    AD12                 IBUFDS (Prop_ibufds_I_O)     0.906     0.906 r  i_bufds_sys_clk/O
                         net (fo=1, routed)           2.299     3.205    sys_clk
    BUFGCTRL_X0Y1        BUFG (Prop_bufg_I_O)         0.093     3.298 r  sys_clk_BUFG_inst/O
                         net (fo=63, routed)          1.419     4.717    i_clkwiz/inst/clk_in1
    MMCME2_ADV_X0Y3      MMCME2_ADV (Prop_mmcme2_adv_CLKIN1_CLKOUT0)
                                                     -2.977     1.740 r  i_clkwiz/inst/mmcm_adv_inst/CLKOUT0
                         net (fo=1, routed)           1.465     3.205    i_clkwiz/inst/clk_50_clkwiz
    BUFGCTRL_X0Y4        BUFG (Prop_bufg_I_O)         0.093     3.298 r  i_clkwiz/inst/clkout1_buf/O
                         net (fo=86134, routed)       1.218     4.516    i_cheshire_soc/gen_cva6_cores[0].i_core_cva6/csr_regfile_i/clk_50
    SLICE_X108Y225       FDCE                                         r  i_cheshire_soc/gen_cva6_cores[0].i_core_cva6/csr_regfile_i/vsatp_q_reg[mode][0]/C
  -------------------------------------------------------------------    -------------------
    SLICE_X108Y225       FDCE (Prop_fdce_C_Q)         0.259     4.775 f  i_cheshire_soc/gen_cva6_cores[0].i_core_cva6/csr_regfile_i/vsatp_q_reg[mode][0]/Q
                         net (fo=10, routed)          0.628     5.403    i_cheshire_soc/gen_cva6_cores[0].i_core_cva6/csr_regfile_i/vsatp_q_reg[mode_n_0_][0]
    SLICE_X115Y226       LUT4 (Prop_lut4_I0_O)        0.043     5.446 r  i_cheshire_soc/gen_cva6_cores[0].i_core_cva6/csr_regfile_i/tags_q[0][s_st_enbl]_i_3/O
                         net (fo=2, routed)           0.351     5.797    i_cheshire_soc/gen_cva6_cores[0].i_core_cva6/csr_regfile_i/tags_q[0][s_st_enbl]_i_3_n_0
    SLICE_X115Y226       LUT6 (Prop_lut6_I5_O)        0.043     5.840 r  i_cheshire_soc/gen_cva6_cores[0].i_core_cva6/csr_regfile_i/tags_q[0][s_st_enbl]_i_1/O
                         net (fo=588, routed)         0.773     6.613    i_cheshire_soc/gen_cva6_cores[0].i_core_cva6/gen_cache_wb.i_cache_subsystem/i_cva6_icache_axi_wrapper/i_cva6_icache/enable_translation_csr_ex
    SLICE_X121Y234       LUT5 (Prop_lut5_I0_O)        0.043     6.656 r  i_cheshire_soc/gen_cva6_cores[0].i_core_cva6/gen_cache_wb.i_cache_subsystem/i_cva6_icache_axi_wrapper/i_cva6_icache/i___273_i_14/O
                         net (fo=1, routed)           0.000     6.656    i_cheshire_soc/gen_cva6_cores[0].i_core_cva6/ex_stage_i/lsu_i/gen_mmu_sv39x4.i_cva6_mmu/i_itlb/S[0]
    SLICE_X121Y234       CARRY4 (Prop_carry4_S[3]_CO[3])
                                                      0.193     6.849 r  i_cheshire_soc/gen_cva6_cores[0].i_core_cva6/ex_stage_i/lsu_i/gen_mmu_sv39x4.i_cva6_mmu/i_itlb/i___273_i_11/CO[3]
                         net (fo=1, routed)           0.383     7.231    i_cheshire_soc/gen_cva6_cores[0].i_core_cva6/ex_stage_i/lsu_i/gen_mmu_sv39x4.i_cva6_mmu/i_itlb/lu_hit_o2
    SLICE_X122Y234       LUT4 (Prop_lut4_I0_O)        0.043     7.274 f  i_cheshire_soc/gen_cva6_cores[0].i_core_cva6/ex_stage_i/lsu_i/gen_mmu_sv39x4.i_cva6_mmu/i_itlb/i___273_i_6/O
                         net (fo=6, routed)           0.458     7.733    i_cheshire_soc/gen_cva6_cores[0].i_core_cva6/ex_stage_i/lsu_i/gen_mmu_sv39x4.i_cva6_mmu/i_itlb/i___273_i_6_n_0
    SLICE_X128Y236       LUT6 (Prop_lut6_I5_O)        0.043     7.776 f  i_cheshire_soc/gen_cva6_cores[0].i_core_cva6/ex_stage_i/lsu_i/gen_mmu_sv39x4.i_cva6_mmu/i_itlb/i___227_i_2/O
                         net (fo=13, routed)          0.444     8.220    i_cheshire_soc/gen_cva6_cores[0].i_core_cva6/ex_stage_i/lsu_i/gen_mmu_sv39x4.i_cva6_mmu/i_itlb/i___227_i_2_n_0
    SLICE_X132Y233       LUT6 (Prop_lut6_I1_O)        0.043     8.263 f  i_cheshire_soc/gen_cva6_cores[0].i_core_cva6/ex_stage_i/lsu_i/gen_mmu_sv39x4.i_cva6_mmu/i_itlb/i___49_i_2/O
                         net (fo=74, routed)          0.763     9.025    i_cheshire_soc/gen_cva6_cores[0].i_core_cva6/ex_stage_i/lsu_i/gen_mmu_sv39x4.i_cva6_mmu/i_itlb/i___49_i_2_n_0
    SLICE_X130Y234       LUT6 (Prop_lut6_I2_O)        0.043     9.068 r  i_cheshire_soc/gen_cva6_cores[0].i_core_cva6/ex_stage_i/lsu_i/gen_mmu_sv39x4.i_cva6_mmu/i_itlb/cl_tag_q[14]_i_17/O
                         net (fo=1, routed)           0.419     9.488    i_cheshire_soc/gen_cva6_cores[0].i_core_cva6/ex_stage_i/lsu_i/gen_mmu_sv39x4.i_cva6_mmu/i_itlb/cl_tag_q[14]_i_17_n_0
    SLICE_X126Y227       LUT6 (Prop_lut6_I2_O)        0.043     9.531 r  i_cheshire_soc/gen_cva6_cores[0].i_core_cva6/ex_stage_i/lsu_i/gen_mmu_sv39x4.i_cva6_mmu/i_itlb/cl_tag_q[14]_i_16/O
                         net (fo=1, routed)           0.385     9.916    i_cheshire_soc/gen_cva6_cores[0].i_core_cva6/ex_stage_i/lsu_i/gen_mmu_sv39x4.i_cva6_mmu/i_itlb/cl_tag_q[14]_i_16_n_0
    SLICE_X122Y224       LUT6 (Prop_lut6_I2_O)        0.043     9.959 r  i_cheshire_soc/gen_cva6_cores[0].i_core_cva6/ex_stage_i/lsu_i/gen_mmu_sv39x4.i_cva6_mmu/i_itlb/cl_tag_q[14]_i_13/O
                         net (fo=1, routed)           0.597    10.556    i_cheshire_soc/gen_cva6_cores[0].i_core_cva6/ex_stage_i/lsu_i/gen_mmu_sv39x4.i_cva6_mmu/i_itlb/cl_tag_q[14]_i_13_n_0
    SLICE_X120Y220       LUT6 (Prop_lut6_I3_O)        0.043    10.599 r  i_cheshire_soc/gen_cva6_cores[0].i_core_cva6/ex_stage_i/lsu_i/gen_mmu_sv39x4.i_cva6_mmu/i_itlb/cl_tag_q[14]_i_9/O
                         net (fo=1, routed)           0.577    11.175    i_cheshire_soc/gen_cva6_cores[0].i_core_cva6/ex_stage_i/lsu_i/gen_mmu_sv39x4.i_cva6_mmu/i_itlb/cl_tag_q[14]_i_9_n_0
    SLICE_X117Y216       LUT6 (Prop_lut6_I2_O)        0.043    11.218 r  i_cheshire_soc/gen_cva6_cores[0].i_core_cva6/ex_stage_i/lsu_i/gen_mmu_sv39x4.i_cva6_mmu/i_itlb/cl_tag_q[14]_i_4/O
                         net (fo=1, routed)           0.438    11.656    i_cheshire_soc/gen_cva6_cores[0].i_core_cva6/ex_stage_i/lsu_i/gen_mmu_sv39x4.i_cva6_mmu/i_itlb/itlb_content[ppn][14]
    SLICE_X117Y213       LUT6 (Prop_lut6_I5_O)        0.043    11.699 r  i_cheshire_soc/gen_cva6_cores[0].i_core_cva6/ex_stage_i/lsu_i/gen_mmu_sv39x4.i_cva6_mmu/i_itlb/cl_tag_q[14]_i_2/O
                         net (fo=5, routed)           0.420    12.119    i_cheshire_soc/gen_cva6_cores[0].i_core_cva6/ex_stage_i/lsu_i/gen_mmu_sv39x4.i_cva6_mmu/i_itlb/icache_areq_ex_cache[fetch_paddr][26]
    SLICE_X120Y209       LUT3 (Prop_lut3_I0_O)        0.043    12.162 r  i_cheshire_soc/gen_cva6_cores[0].i_core_cva6/ex_stage_i/lsu_i/gen_mmu_sv39x4.i_cva6_mmu/i_itlb/cl_tag_q[14]_i_1/O
                         net (fo=13, routed)          0.686    12.848    i_cheshire_soc/gen_cva6_cores[0].i_core_cva6/gen_cache_wb.i_cache_subsystem/i_cva6_icache_axi_wrapper/i_cva6_icache/gen_sram[0].tag_sram/i_tc_sram/gen_1_ports.i_xpm_memory_spram/xpm_memory_base_inst_i_50__8_0[14]
    SLICE_X122Y208       LUT6 (Prop_lut6_I1_O)        0.043    12.891 r  i_cheshire_soc/gen_cva6_cores[0].i_core_cva6/gen_cache_wb.i_cache_subsystem/i_cva6_icache_axi_wrapper/i_cva6_icache/gen_sram[0].tag_sram/i_tc_sram/gen_1_ports.i_xpm_memory_spram/xpm_memory_base_inst_i_212__1/O
                         net (fo=1, routed)           0.000    12.891    i_cheshire_soc/gen_cva6_cores[0].i_core_cva6/gen_cache_wb.i_cache_subsystem/i_cva6_icache_axi_wrapper/i_cva6_icache/gen_sram[0].tag_sram/i_tc_sram/gen_1_ports.i_xpm_memory_spram/xpm_memory_base_inst_i_212__1_n_0
    SLICE_X122Y208       CARRY4 (Prop_carry4_S[0]_CO[3])
                                                      0.246    13.137 r  i_cheshire_soc/gen_cva6_cores[0].i_core_cva6/gen_cache_wb.i_cache_subsystem/i_cva6_icache_axi_wrapper/i_cva6_icache/gen_sram[0].tag_sram/i_tc_sram/gen_1_ports.i_xpm_memory_spram/xpm_memory_base_inst_i_146__1/CO[3]
                         net (fo=1, routed)           0.000    13.137    i_cheshire_soc/gen_cva6_cores[0].i_core_cva6/gen_cache_wb.i_cache_subsystem/i_cva6_icache_axi_wrapper/i_cva6_icache/gen_sram[0].tag_sram/i_tc_sram/gen_1_ports.i_xpm_memory_spram/xpm_memory_base_inst_i_146__1_n_0
    SLICE_X122Y209       CARRY4 (Prop_carry4_CI_CO[3])
                                                      0.054    13.191 r  i_cheshire_soc/gen_cva6_cores[0].i_core_cva6/gen_cache_wb.i_cache_subsystem/i_cva6_icache_axi_wrapper/i_cva6_icache/gen_sram[0].tag_sram/i_tc_sram/gen_1_ports.i_xpm_memory_spram/xpm_memory_base_inst_i_87__8/CO[3]
                         net (fo=1, routed)           0.000    13.191    i_cheshire_soc/gen_cva6_cores[0].i_core_cva6/gen_cache_wb.i_cache_subsystem/i_cva6_icache_axi_wrapper/i_cva6_icache/gen_sram[0].tag_sram/i_tc_sram/gen_1_ports.i_xpm_memory_spram/xpm_memory_base_inst_i_87__8_n_0
    SLICE_X122Y210       CARRY4 (Prop_carry4_CI_CO[2])
                                                      0.110    13.301 r  i_cheshire_soc/gen_cva6_cores[0].i_core_cva6/gen_cache_wb.i_cache_subsystem/i_cva6_icache_axi_wrapper/i_cva6_icache/gen_sram[0].tag_sram/i_tc_sram/gen_1_ports.i_xpm_memory_spram/xpm_memory_base_inst_i_50__8/CO[2]
                         net (fo=34, routed)          0.524    13.824    i_cheshire_soc/gen_cva6_cores[0].i_core_cva6/gen_cache_wb.i_cache_subsystem/i_cva6_icache_axi_wrapper/i_cva6_icache/gen_sram[0].tag_sram/i_tc_sram/gen_1_ports.i_xpm_memory_spram/CO[0]
    SLICE_X121Y203       LUT6 (Prop_lut6_I0_O)        0.128    13.952 r  i_cheshire_soc/gen_cva6_cores[0].i_core_cva6/gen_cache_wb.i_cache_subsystem/i_cva6_icache_axi_wrapper/i_cva6_icache/gen_sram[0].tag_sram/i_tc_sram/gen_1_ports.i_xpm_memory_spram/xpm_memory_base_inst_i_38__8/O
                         net (fo=33, routed)          0.358    14.310    i_cheshire_soc/gen_cva6_cores[0].i_core_cva6/gen_cache_wb.i_cache_subsystem/i_cva6_icache_axi_wrapper/i_cva6_icache/gen_sram[0].tag_sram/i_tc_sram/gen_1_ports.i_xpm_memory_spram/xpm_memory_base_inst_i_38__8_n_0
    SLICE_X115Y202       LUT4 (Prop_lut4_I1_O)        0.043    14.353 r  i_cheshire_soc/gen_cva6_cores[0].i_core_cva6/gen_cache_wb.i_cache_subsystem/i_cva6_icache_axi_wrapper/i_cva6_icache/gen_sram[0].tag_sram/i_tc_sram/gen_1_ports.i_xpm_memory_spram/xpm_memory_base_inst_i_31__8/O
                         net (fo=6, routed)           0.857    15.210    i_cheshire_soc/gen_cva6_cores[0].i_core_cva6/gen_cache_wb.i_cache_subsystem/i_cva6_icache_axi_wrapper/i_cva6_icache/gen_sram[0].tag_sram/i_tc_sram/gen_1_ports.i_xpm_memory_spram/cache_en_q_reg
    SLICE_X93Y190        LUT6 (Prop_lut6_I2_O)        0.043    15.253 r  i_cheshire_soc/gen_cva6_cores[0].i_core_cva6/gen_cache_wb.i_cache_subsystem/i_cva6_icache_axi_wrapper/i_cva6_icache/gen_sram[0].tag_sram/i_tc_sram/gen_1_ports.i_xpm_memory_spram/cl_offset_q[3]_i_2/O
                         net (fo=54, routed)          0.883    16.136    i_cheshire_soc/gen_cva6_cores[0].i_core_cva6/gen_cache_wb.i_cache_subsystem/i_stream_arbiter_ar/i_arb/gen_rr_arb.i_arbiter/gen_spill_reg.a_full_q_reg
    SLICE_X60Y168        LUT5 (Prop_lut5_I0_O)        0.043    16.179 f  i_cheshire_soc/gen_cva6_cores[0].i_core_cva6/gen_cache_wb.i_cache_subsystem/i_stream_arbiter_ar/i_arb/gen_rr_arb.i_arbiter/mem_q[7][6]_i_4__0/O
                         net (fo=1, routed)           0.562    16.742    i_cheshire_soc/gen_cva6_cores[0].i_core_cva6/gen_cache_wb.i_cache_subsystem/i_stream_arbiter_ar/i_arb/gen_rr_arb.i_arbiter/mem_q[7][6]_i_4__0_n_0
    SLICE_X61Y152        LUT6 (Prop_lut6_I5_O)        0.043    16.785 r  i_cheshire_soc/gen_cva6_cores[0].i_core_cva6/gen_cache_wb.i_cache_subsystem/i_stream_arbiter_ar/i_arb/gen_rr_arb.i_arbiter/mem_q[7][6]_i_2__0/O
                         net (fo=108, routed)         0.277    17.061    i_cheshire_soc/gen_cva6_cores[0].i_core_cva6/gen_cache_wb.i_cache_subsystem/i_stream_arbiter_ar/i_arb/gen_rr_arb.i_arbiter/gen_arbiter.gen_int_rr.gen_lock.req_q_reg[1]_0
    SLICE_X61Y152        LUT4 (Prop_lut4_I2_O)        0.043    17.104 r  i_cheshire_soc/gen_cva6_cores[0].i_core_cva6/gen_cache_wb.i_cache_subsystem/i_stream_arbiter_ar/i_arb/gen_rr_arb.i_arbiter/addr_offset_q[0]_i_2/O
                         net (fo=4, routed)           0.322    17.427    i_cheshire_soc/gen_cva6_cores[0].i_core_cva6/gen_cache_wb.i_cache_subsystem/i_nbdcache/i_miss_handler/i_miss_axi_adapter/addr_offset_d
    SLICE_X59Y152        LUT5 (Prop_lut5_I0_O)        0.043    17.470 r  i_cheshire_soc/gen_cva6_cores[0].i_core_cva6/gen_cache_wb.i_cache_subsystem/i_nbdcache/i_miss_handler/i_miss_axi_adapter/i___2_i_18__3/O
                         net (fo=2, routed)           0.440    17.910    i_cheshire_soc/gen_cva6_cores[0].i_core_cva6/gen_cache_wb.i_cache_subsystem/i_nbdcache/i_miss_handler/i_miss_axi_adapter/i___2_i_18__3_n_0
    SLICE_X60Y152        LUT6 (Prop_lut6_I2_O)        0.043    17.953 r  i_cheshire_soc/gen_cva6_cores[0].i_core_cva6/gen_cache_wb.i_cache_subsystem/i_nbdcache/i_miss_handler/i_miss_axi_adapter/i___2_i_11__1/O
                         net (fo=1, routed)           0.597    18.550    i_cheshire_soc/gen_cva6_cores[0].i_core_cva6/gen_cache_wb.i_cache_subsystem/i_nbdcache/i_miss_handler/i_miss_axi_adapter/i___2_i_11__1_n_0
    SLICE_X61Y134        LUT6 (Prop_lut6_I4_O)        0.043    18.593 f  i_cheshire_soc/gen_cva6_cores[0].i_core_cva6/gen_cache_wb.i_cache_subsystem/i_nbdcache/i_miss_handler/i_miss_axi_adapter/i___2_i_3__3/O
                         net (fo=270, routed)         0.373    18.966    i_cheshire_soc/gen_cva6_cores[0].i_core_cva6/gen_cache_wb.i_cache_subsystem/i_nbdcache/master_ports[0].i_cache_ctrl/id_q_reg[1]
    SLICE_X60Y132        LUT6 (Prop_lut6_I4_O)        0.043    19.009 f  i_cheshire_soc/gen_cva6_cores[0].i_core_cva6/gen_cache_wb.i_cache_subsystem/i_nbdcache/master_ports[0].i_cache_ctrl/xpm_memory_base_inst_i_209__0/O
                         net (fo=2, routed)           0.576    19.585    i_cheshire_soc/gen_cva6_cores[0].i_core_cva6/gen_cache_wb.i_cache_subsystem/i_nbdcache/i_miss_handler/i_miss_axi_adapter/gen_wr_a.gen_byte_narrow.for_mem_cols[1].mem_reg_0_8
    SLICE_X59Y126        LUT6 (Prop_lut6_I3_O)        0.043    19.628 f  i_cheshire_soc/gen_cva6_cores[0].i_core_cva6/gen_cache_wb.i_cache_subsystem/i_nbdcache/i_miss_handler/i_miss_axi_adapter/xpm_memory_base_inst_i_57__10/O
                         net (fo=153, routed)         0.636    20.263    i_cheshire_soc/gen_cva6_cores[0].i_core_cva6/gen_cache_wb.i_cache_subsystem/i_nbdcache/i_miss_handler/i_miss_axi_adapter/FSM_sequential_state_q_reg[0]_1
    SLICE_X61Y121        LUT4 (Prop_lut4_I3_O)        0.043    20.306 f  i_cheshire_soc/gen_cva6_cores[0].i_core_cva6/gen_cache_wb.i_cache_subsystem/i_nbdcache/i_miss_handler/i_miss_axi_adapter/xpm_memory_base_inst_i_120__1/O
                         net (fo=3, routed)           0.570    20.876    i_cheshire_soc/gen_cva6_cores[0].i_core_cva6/gen_cache_wb.i_cache_subsystem/i_nbdcache/valid_dirty_sram/i_tc_sram/gen_1_ports.i_xpm_memory_spram/xpm_memory_base_inst/wea[17]
    SLICE_X61Y116        LUT4 (Prop_lut4_I0_O)        0.043    20.919 f  i_cheshire_soc/gen_cva6_cores[0].i_core_cva6/gen_cache_wb.i_cache_subsystem/i_nbdcache/valid_dirty_sram/i_tc_sram/gen_1_ports.i_xpm_memory_spram/xpm_memory_base_inst/gen_wr_a.gen_byte_narrow.for_mem_cols[1].mem_reg_3_i_7/O
                         net (fo=4, routed)           0.680    21.599    i_cheshire_soc/gen_cva6_cores[0].i_core_cva6/gen_cache_wb.i_cache_subsystem/i_nbdcache/valid_dirty_sram/i_tc_sram/gen_1_ports.i_xpm_memory_spram/xpm_memory_base_inst/gen_wr_a.gen_byte_narrow.for_mem_cols[1].mem_reg_3_i_7_n_0
    SLICE_X55Y115        LUT6 (Prop_lut6_I3_O)        0.043    21.642 r  i_cheshire_soc/gen_cva6_cores[0].i_core_cva6/gen_cache_wb.i_cache_subsystem/i_nbdcache/valid_dirty_sram/i_tc_sram/gen_1_ports.i_xpm_memory_spram/xpm_memory_base_inst/gen_wr_a.gen_byte_narrow.for_mem_cols[1].mem_reg_28_i_12/O
                         net (fo=3, routed)           0.556    22.198    i_cheshire_soc/gen_cva6_cores[0].i_core_cva6/gen_cache_wb.i_cache_subsystem/i_nbdcache/valid_dirty_sram/i_tc_sram/gen_1_ports.i_xpm_memory_spram/xpm_memory_base_inst/gen_wr_a.gen_byte_narrow.for_mem_cols[1].mem_reg_28_i_12_n_0
    SLICE_X52Y115        LUT6 (Prop_lut6_I2_O)        0.043    22.241 r  i_cheshire_soc/gen_cva6_cores[0].i_core_cva6/gen_cache_wb.i_cache_subsystem/i_nbdcache/valid_dirty_sram/i_tc_sram/gen_1_ports.i_xpm_memory_spram/xpm_memory_base_inst/gen_wr_a.gen_byte_narrow.for_mem_cols[1].mem_reg_20_i_7/O
                         net (fo=8, routed)           1.658    23.900    i_cheshire_soc/gen_cva6_cores[0].i_core_cva6/gen_cache_wb.i_cache_subsystem/i_nbdcache/valid_dirty_sram/i_tc_sram/gen_1_ports.i_xpm_memory_spram/xpm_memory_base_inst/gen_wr_a.gen_byte_narrow.for_mem_cols[1].mem_reg_20_i_7_n_0
    SLICE_X51Y57         LUT6 (Prop_lut6_I1_O)        0.043    23.943 r  i_cheshire_soc/gen_cva6_cores[0].i_core_cva6/gen_cache_wb.i_cache_subsystem/i_nbdcache/valid_dirty_sram/i_tc_sram/gen_1_ports.i_xpm_memory_spram/xpm_memory_base_inst/gen_wr_a.gen_byte_narrow.for_mem_cols[1].mem_reg_17_i_1/O
                         net (fo=1, routed)           0.205    24.147    i_cheshire_soc/gen_cva6_cores[0].i_core_cva6/gen_cache_wb.i_cache_subsystem/i_nbdcache/valid_dirty_sram/i_tc_sram/gen_1_ports.i_xpm_memory_spram/xpm_memory_base_inst/gen_wr_a.gen_byte_narrow.for_mem_cols[1].mem_reg_17_i_1_n_0
    RAMB36_X2Y11         RAMB36E1                                     r  i_cheshire_soc/gen_cva6_cores[0].i_core_cva6/gen_cache_wb.i_cache_subsystem/i_nbdcache/valid_dirty_sram/i_tc_sram/gen_1_ports.i_xpm_memory_spram/xpm_memory_base_inst/gen_wr_a.gen_byte_narrow.for_mem_cols[1].mem_reg_17/ENARDEN
  -------------------------------------------------------------------    -------------------

                         (clock clk_50_clkwiz rise edge)
                                                     20.000    20.000 r  
    AD12                                              0.000    20.000 r  sys_clk_p (IN)
                         net (fo=0)                   0.000    20.000    sys_clk_p
    AD12                 IBUFDS (Prop_ibufds_I_O)     0.803    20.803 r  i_bufds_sys_clk/O
                         net (fo=1, routed)           2.173    22.976    sys_clk
    BUFGCTRL_X0Y1        BUFG (Prop_bufg_I_O)         0.083    23.059 r  sys_clk_BUFG_inst/O
                         net (fo=63, routed)          1.265    24.324    i_clkwiz/inst/clk_in1
    MMCME2_ADV_X0Y3      MMCME2_ADV (Prop_mmcme2_adv_CLKIN1_CLKOUT0)
                                                     -2.703    21.621 r  i_clkwiz/inst/mmcm_adv_inst/CLKOUT0
                         net (fo=1, routed)           1.355    22.976    i_clkwiz/inst/clk_50_clkwiz
    BUFGCTRL_X0Y4        BUFG (Prop_bufg_I_O)         0.083    23.059 r  i_clkwiz/inst/clkout1_buf/O
                         net (fo=86134, routed)       1.459    24.518    i_cheshire_soc/gen_cva6_cores[0].i_core_cva6/gen_cache_wb.i_cache_subsystem/i_nbdcache/valid_dirty_sram/i_tc_sram/gen_1_ports.i_xpm_memory_spram/xpm_memory_base_inst/clka
    RAMB36_X2Y11         RAMB36E1                                     r  i_cheshire_soc/gen_cva6_cores[0].i_core_cva6/gen_cache_wb.i_cache_subsystem/i_nbdcache/valid_dirty_sram/i_tc_sram/gen_1_ports.i_xpm_memory_spram/xpm_memory_base_inst/gen_wr_a.gen_byte_narrow.for_mem_cols[1].mem_reg_17/CLKARDCLK
                         clock pessimism              0.238    24.756    
                         clock uncertainty           -0.070    24.686    
    RAMB36_X2Y11         RAMB36E1 (Setup_ramb36e1_CLKARDCLK_ENARDEN)
                                                     -0.328    24.358    i_cheshire_soc/gen_cva6_cores[0].i_core_cva6/gen_cache_wb.i_cache_subsystem/i_nbdcache/valid_dirty_sram/i_tc_sram/gen_1_ports.i_xpm_memory_spram/xpm_memory_base_inst/gen_wr_a.gen_byte_narrow.for_mem_cols[1].mem_reg_17
  -------------------------------------------------------------------
                         required time                         24.358    
                         arrival time                         -24.147    
  -------------------------------------------------------------------
                         slack                                  0.211    

Slack (MET) :             0.327ns  (required time - arrival time)
  Source:                 i_dram_wrapper/i_dram/u_mig7s_mig/u_memc_ui_top_axi/mem_intfc0/ddr_phy_top0/u_ddr_mc_phy_wrapper/u_ddr_mc_phy/ddr_phy_4lanes_0.u_ddr_phy_4lanes/ddr_byte_lane_B.ddr_byte_lane_B/phaser_out/OCLK
                            (rising edge-triggered cell PHASER_OUT_PHY clocked by oserdes_clk_1  {rise@0.000ns fall@0.625ns period=1.250ns})
  Destination:            i_dram_wrapper/i_dram/u_mig7s_mig/u_memc_ui_top_axi/mem_intfc0/ddr_phy_top0/u_ddr_mc_phy_wrapper/u_ddr_mc_phy/ddr_phy_4lanes_0.u_ddr_phy_4lanes/ddr_byte_lane_B.ddr_byte_lane_B/ddr_byte_group_io/output_[2].oserdes_dq_.ddr.oserdes_dq_i/RST
                            (rising edge-triggered cell OSERDESE2 clocked by oserdes_clkdiv_1  {rise@0.000ns fall@1.250ns period=2.500ns})
  Path Group:             oserdes_clkdiv_1
  Path Type:              Setup (Max at Slow Process Corner)
  Requirement:            2.500ns  (oserdes_clkdiv_1 rise@2.500ns - oserdes_clk_1 rise@0.000ns)
  Data Path Delay:        2.097ns  (logic 0.466ns (22.217%)  route 1.631ns (77.783%))
  Logic Levels:           0  
  Clock Path Skew:        0.424ns (DCD - SCD + CPR)
    Destination Clock Delay (DCD):    8.270ns = ( 10.770 - 2.500 ) 
    Source Clock Delay      (SCD):    8.433ns = ( 9.683 - 1.250 ) 
    Clock Pessimism Removal (CPR):    0.586ns
  Clock Uncertainty:      0.047ns  ((TSJ^2 + DJ^2)^1/2) / 2 + PE
    Total System Jitter     (TSJ):    0.071ns
    Discrete Jitter          (DJ):    0.061ns
    Phase Error              (PE):    0.000ns
  Timing Exception:       MultiCycle Path   Setup -start 2

    Location             Delay type                Incr(ns)  Path(ns)    Netlist Resource(s)
  -------------------------------------------------------------------    -------------------
                         (clock oserdes_clk_1 rise edge)
                                                      0.000     0.000 r  
    AD12                                              0.000     0.000 r  sys_clk_p (IN)
                         net (fo=0)                   0.000     0.000    sys_clk_p
    AD12                 IBUFDS (Prop_ibufds_I_O)     0.906     0.906 r  i_bufds_sys_clk/O
                         net (fo=1, routed)           2.299     3.205    sys_clk
    BUFGCTRL_X0Y1        BUFG (Prop_bufg_I_O)         0.093     3.298 r  sys_clk_BUFG_inst/O
                         net (fo=63, routed)          1.787     5.085    i_dram_wrapper/i_dram/u_mig7s_mig/u_ddr3_infrastructure/plle2_i_0
    PLLE2_ADV_X1Y1       PLLE2_ADV (Prop_plle2_adv_CLKIN1_CLKOUT1)
                                                      0.077     5.162 r  i_dram_wrapper/i_dram/u_mig7s_mig/u_ddr3_infrastructure/plle2_i/CLKOUT1
                         net (fo=14, routed)          1.188     6.350    i_dram_wrapper/i_dram/u_mig7s_mig/u_memc_ui_top_axi/mem_intfc0/ddr_phy_top0/u_ddr_mc_phy_wrapper/u_ddr_mc_phy/ddr_phy_4lanes_0.u_ddr_phy_4lanes/ddr_byte_lane_B.ddr_byte_lane_B/mem_refclk
    PHASER_OUT_PHY_X1Y9  PHASER_OUT_PHY (Prop_phaser_out_phy_MEMREFCLK_OCLK)
                                                      2.083     8.433 r  i_dram_wrapper/i_dram/u_mig7s_mig/u_memc_ui_top_axi/mem_intfc0/ddr_phy_top0/u_ddr_mc_phy_wrapper/u_ddr_mc_phy/ddr_phy_4lanes_0.u_ddr_phy_4lanes/ddr_byte_lane_B.ddr_byte_lane_B/phaser_out/OCLK
  -------------------------------------------------------------------    -------------------
    PHASER_OUT_PHY_X1Y9  PHASER_OUT_PHY (Prop_phaser_out_phy_OCLK_OSERDESRST)
                                                      0.466     8.899 r  i_dram_wrapper/i_dram/u_mig7s_mig/u_memc_ui_top_axi/mem_intfc0/ddr_phy_top0/u_ddr_mc_phy_wrapper/u_ddr_mc_phy/ddr_phy_4lanes_0.u_ddr_phy_4lanes/ddr_byte_lane_B.ddr_byte_lane_B/phaser_out/OSERDESRST
                         net (fo=10, routed)          1.631    10.530    i_dram_wrapper/i_dram/u_mig7s_mig/u_memc_ui_top_axi/mem_intfc0/ddr_phy_top0/u_ddr_mc_phy_wrapper/u_ddr_mc_phy/ddr_phy_4lanes_0.u_ddr_phy_4lanes/ddr_byte_lane_B.ddr_byte_lane_B/ddr_byte_group_io/po_oserdes_rst
    OLOGIC_X1Y115        OSERDESE2                                    r  i_dram_wrapper/i_dram/u_mig7s_mig/u_memc_ui_top_axi/mem_intfc0/ddr_phy_top0/u_ddr_mc_phy_wrapper/u_ddr_mc_phy/ddr_phy_4lanes_0.u_ddr_phy_4lanes/ddr_byte_lane_B.ddr_byte_lane_B/ddr_byte_group_io/output_[2].oserdes_dq_.ddr.oserdes_dq_i/RST
  -------------------------------------------------------------------    -------------------

                         (clock oserdes_clkdiv_1 rise edge)
                                                      2.500     2.500 r  
    AD12                                              0.000     2.500 r  sys_clk_p (IN)
                         net (fo=0)                   0.000     2.500    sys_clk_p
    AD12                 IBUFDS (Prop_ibufds_I_O)     0.803     3.303 r  i_bufds_sys_clk/O
                         net (fo=1, routed)           2.173     5.476    sys_clk
    BUFGCTRL_X0Y1        BUFG (Prop_bufg_I_O)         0.083     5.559 r  sys_clk_BUFG_inst/O
                         net (fo=63, routed)          1.626     7.185    i_dram_wrapper/i_dram/u_mig7s_mig/u_ddr3_infrastructure/plle2_i_0
    PLLE2_ADV_X1Y1       PLLE2_ADV (Prop_plle2_adv_CLKIN1_CLKOUT1)
                                                      0.073     7.258 r  i_dram_wrapper/i_dram/u_mig7s_mig/u_ddr3_infrastructure/plle2_i/CLKOUT1
                         net (fo=14, routed)          1.061     8.319    i_dram_wrapper/i_dram/u_mig7s_mig/u_memc_ui_top_axi/mem_intfc0/ddr_phy_top0/u_ddr_mc_phy_wrapper/u_ddr_mc_phy/ddr_phy_4lanes_0.u_ddr_phy_4lanes/ddr_byte_lane_B.ddr_byte_lane_B/mem_refclk
    PHASER_OUT_PHY_X1Y9  PHASER_OUT_PHY (Prop_phaser_out_phy_MEMREFCLK_OCLK)
                                                      2.027    10.346 r  i_dram_wrapper/i_dram/u_mig7s_mig/u_memc_ui_top_axi/mem_intfc0/ddr_phy_top0/u_ddr_mc_phy_wrapper/u_ddr_mc_phy/ddr_phy_4lanes_0.u_ddr_phy_4lanes/ddr_byte_lane_B.ddr_byte_lane_B/phaser_out/OCLK
    PHASER_OUT_PHY_X1Y9  PHASER_OUT_PHY (Prop_phaser_out_phy_OCLK_OCLKDIV)
                                                      0.133    10.479 r  i_dram_wrapper/i_dram/u_mig7s_mig/u_memc_ui_top_axi/mem_intfc0/ddr_phy_top0/u_ddr_mc_phy_wrapper/u_ddr_mc_phy/ddr_phy_4lanes_0.u_ddr_phy_4lanes/ddr_byte_lane_B.ddr_byte_lane_B/phaser_out/OCLKDIV
                         net (fo=11, routed)          0.291    10.770    i_dram_wrapper/i_dram/u_mig7s_mig/u_memc_ui_top_axi/mem_intfc0/ddr_phy_top0/u_ddr_mc_phy_wrapper/u_ddr_mc_phy/ddr_phy_4lanes_0.u_ddr_phy_4lanes/ddr_byte_lane_B.ddr_byte_lane_B/ddr_byte_group_io/oserdes_clkdiv
    OLOGIC_X1Y115        OSERDESE2                                    r  i_dram_wrapper/i_dram/u_mig7s_mig/u_memc_ui_top_axi/mem_intfc0/ddr_phy_top0/u_ddr_mc_phy_wrapper/u_ddr_mc_phy/ddr_phy_4lanes_0.u_ddr_phy_4lanes/ddr_byte_lane_B.ddr_byte_lane_B/ddr_byte_group_io/output_[2].oserdes_dq_.ddr.oserdes_dq_i/CLKDIV
                         clock pessimism              0.586    11.357    
                         clock uncertainty           -0.047    11.310    
    OLOGIC_X1Y115        OSERDESE2 (Setup_oserdese2_CLKDIV_RST)
                                                     -0.453    10.857    i_dram_wrapper/i_dram/u_mig7s_mig/u_memc_ui_top_axi/mem_intfc0/ddr_phy_top0/u_ddr_mc_phy_wrapper/u_ddr_mc_phy/ddr_phy_4lanes_0.u_ddr_phy_4lanes/ddr_byte_lane_B.ddr_byte_lane_B/ddr_byte_group_io/output_[2].oserdes_dq_.ddr.oserdes_dq_i
  -------------------------------------------------------------------
                         required time                         10.857    
                         arrival time                         -10.530    
  -------------------------------------------------------------------
                         slack                                  0.327    

Slack (MET) :             0.344ns  (required time - arrival time)
  Source:                 i_dram_wrapper/i_dram/u_mig7s_mig/u_memc_ui_top_axi/mem_intfc0/ddr_phy_top0/u_ddr_mc_phy_wrapper/u_ddr_mc_phy/ddr_phy_4lanes_0.u_ddr_phy_4lanes/ddr_byte_lane_D.ddr_byte_lane_D/phaser_out/OCLK
                            (rising edge-triggered cell PHASER_OUT_PHY clocked by oserdes_clk_3  {rise@0.000ns fall@0.625ns period=1.250ns})
  Destination:            i_dram_wrapper/i_dram/u_mig7s_mig/u_memc_ui_top_axi/mem_intfc0/ddr_phy_top0/u_ddr_mc_phy_wrapper/u_ddr_mc_phy/ddr_phy_4lanes_0.u_ddr_phy_4lanes/ddr_byte_lane_D.ddr_byte_lane_D/ddr_byte_group_io/output_[7].oserdes_dq_.ddr.oserdes_dq_i/RST
                            (rising edge-triggered cell OSERDESE2 clocked by oserdes_clkdiv_3  {rise@0.000ns fall@1.250ns period=2.500ns})
  Path Group:             oserdes_clkdiv_3
  Path Type:              Setup (Max at Slow Process Corner)
  Requirement:            2.500ns  (oserdes_clkdiv_3 rise@2.500ns - oserdes_clk_3 rise@0.000ns)
  Data Path Delay:        2.099ns  (logic 0.466ns (22.206%)  route 1.633ns (77.794%))
  Logic Levels:           0  
  Clock Path Skew:        0.442ns (DCD - SCD + CPR)
    Destination Clock Delay (DCD):    8.288ns = ( 10.788 - 2.500 ) 
    Source Clock Delay      (SCD):    8.433ns = ( 9.683 - 1.250 ) 
    Clock Pessimism Removal (CPR):    0.586ns
  Clock Uncertainty:      0.047ns  ((TSJ^2 + DJ^2)^1/2) / 2 + PE
    Total System Jitter     (TSJ):    0.071ns
    Discrete Jitter          (DJ):    0.061ns
    Phase Error              (PE):    0.000ns
  Timing Exception:       MultiCycle Path   Setup -start 2

    Location             Delay type                Incr(ns)  Path(ns)    Netlist Resource(s)
  -------------------------------------------------------------------    -------------------
                         (clock oserdes_clk_3 rise edge)
                                                      0.000     0.000 r  
    AD12                                              0.000     0.000 r  sys_clk_p (IN)
                         net (fo=0)                   0.000     0.000    sys_clk_p
    AD12                 IBUFDS (Prop_ibufds_I_O)     0.906     0.906 r  i_bufds_sys_clk/O
                         net (fo=1, routed)           2.299     3.205    sys_clk
    BUFGCTRL_X0Y1        BUFG (Prop_bufg_I_O)         0.093     3.298 r  sys_clk_BUFG_inst/O
                         net (fo=63, routed)          1.787     5.085    i_dram_wrapper/i_dram/u_mig7s_mig/u_ddr3_infrastructure/plle2_i_0
    PLLE2_ADV_X1Y1       PLLE2_ADV (Prop_plle2_adv_CLKIN1_CLKOUT1)
                                                      0.077     5.162 r  i_dram_wrapper/i_dram/u_mig7s_mig/u_ddr3_infrastructure/plle2_i/CLKOUT1
                         net (fo=14, routed)          1.188     6.350    i_dram_wrapper/i_dram/u_mig7s_mig/u_memc_ui_top_axi/mem_intfc0/ddr_phy_top0/u_ddr_mc_phy_wrapper/u_ddr_mc_phy/ddr_phy_4lanes_0.u_ddr_phy_4lanes/ddr_byte_lane_D.ddr_byte_lane_D/mem_refclk
    PHASER_OUT_PHY_X1Y11 PHASER_OUT_PHY (Prop_phaser_out_phy_MEMREFCLK_OCLK)
                                                      2.083     8.433 r  i_dram_wrapper/i_dram/u_mig7s_mig/u_memc_ui_top_axi/mem_intfc0/ddr_phy_top0/u_ddr_mc_phy_wrapper/u_ddr_mc_phy/ddr_phy_4lanes_0.u_ddr_phy_4lanes/ddr_byte_lane_D.ddr_byte_lane_D/phaser_out/OCLK
  -------------------------------------------------------------------    -------------------
    PHASER_OUT_PHY_X1Y11 PHASER_OUT_PHY (Prop_phaser_out_phy_OCLK_OSERDESRST)
                                                      0.466     8.899 r  i_dram_wrapper/i_dram/u_mig7s_mig/u_memc_ui_top_axi/mem_intfc0/ddr_phy_top0/u_ddr_mc_phy_wrapper/u_ddr_mc_phy/ddr_phy_4lanes_0.u_ddr_phy_4lanes/ddr_byte_lane_D.ddr_byte_lane_D/phaser_out/OSERDESRST
                         net (fo=10, routed)          1.633    10.531    i_dram_wrapper/i_dram/u_mig7s_mig/u_memc_ui_top_axi/mem_intfc0/ddr_phy_top0/u_ddr_mc_phy_wrapper/u_ddr_mc_phy/ddr_phy_4lanes_0.u_ddr_phy_4lanes/ddr_byte_lane_D.ddr_byte_lane_D/ddr_byte_group_io/po_oserdes_rst
    OLOGIC_X1Y146        OSERDESE2                                    r  i_dram_wrapper/i_dram/u_mig7s_mig/u_memc_ui_top_axi/mem_intfc0/ddr_phy_top0/u_ddr_mc_phy_wrapper/u_ddr_mc_phy/ddr_phy_4lanes_0.u_ddr_phy_4lanes/ddr_byte_lane_D.ddr_byte_lane_D/ddr_byte_group_io/output_[7].oserdes_dq_.ddr.oserdes_dq_i/RST
  -------------------------------------------------------------------    -------------------

                         (clock oserdes_clkdiv_3 rise edge)
                                                      2.500     2.500 r  
    AD12                                              0.000     2.500 r  sys_clk_p (IN)
                         net (fo=0)                   0.000     2.500    sys_clk_p
    AD12                 IBUFDS (Prop_ibufds_I_O)     0.803     3.303 r  i_bufds_sys_clk/O
                         net (fo=1, routed)           2.173     5.476    sys_clk
    BUFGCTRL_X0Y1        BUFG (Prop_bufg_I_O)         0.083     5.559 r  sys_clk_BUFG_inst/O
                         net (fo=63, routed)          1.626     7.185    i_dram_wrapper/i_dram/u_mig7s_mig/u_ddr3_infrastructure/plle2_i_0
    PLLE2_ADV_X1Y1       PLLE2_ADV (Prop_plle2_adv_CLKIN1_CLKOUT1)
                                                      0.073     7.258 r  i_dram_wrapper/i_dram/u_mig7s_mig/u_ddr3_infrastructure/plle2_i/CLKOUT1
                         net (fo=14, routed)          1.061     8.319    i_dram_wrapper/i_dram/u_mig7s_mig/u_memc_ui_top_axi/mem_intfc0/ddr_phy_top0/u_ddr_mc_phy_wrapper/u_ddr_mc_phy/ddr_phy_4lanes_0.u_ddr_phy_4lanes/ddr_byte_lane_D.ddr_byte_lane_D/mem_refclk
    PHASER_OUT_PHY_X1Y11 PHASER_OUT_PHY (Prop_phaser_out_phy_MEMREFCLK_OCLK)
                                                      2.027    10.346 r  i_dram_wrapper/i_dram/u_mig7s_mig/u_memc_ui_top_axi/mem_intfc0/ddr_phy_top0/u_ddr_mc_phy_wrapper/u_ddr_mc_phy/ddr_phy_4lanes_0.u_ddr_phy_4lanes/ddr_byte_lane_D.ddr_byte_lane_D/phaser_out/OCLK
    PHASER_OUT_PHY_X1Y11 PHASER_OUT_PHY (Prop_phaser_out_phy_OCLK_OCLKDIV)
                                                      0.133    10.479 r  i_dram_wrapper/i_dram/u_mig7s_mig/u_memc_ui_top_axi/mem_intfc0/ddr_phy_top0/u_ddr_mc_phy_wrapper/u_ddr_mc_phy/ddr_phy_4lanes_0.u_ddr_phy_4lanes/ddr_byte_lane_D.ddr_byte_lane_D/phaser_out/OCLKDIV
                         net (fo=11, routed)          0.309    10.788    i_dram_wrapper/i_dram/u_mig7s_mig/u_memc_ui_top_axi/mem_intfc0/ddr_phy_top0/u_ddr_mc_phy_wrapper/u_ddr_mc_phy/ddr_phy_4lanes_0.u_ddr_phy_4lanes/ddr_byte_lane_D.ddr_byte_lane_D/ddr_byte_group_io/oserdes_clkdiv
    OLOGIC_X1Y146        OSERDESE2                                    r  i_dram_wrapper/i_dram/u_mig7s_mig/u_memc_ui_top_axi/mem_intfc0/ddr_phy_top0/u_ddr_mc_phy_wrapper/u_ddr_mc_phy/ddr_phy_4lanes_0.u_ddr_phy_4lanes/ddr_byte_lane_D.ddr_byte_lane_D/ddr_byte_group_io/output_[7].oserdes_dq_.ddr.oserdes_dq_i/CLKDIV
                         clock pessimism              0.586    11.375    
                         clock uncertainty           -0.047    11.328    
    OLOGIC_X1Y146        OSERDESE2 (Setup_oserdese2_CLKDIV_RST)
                                                     -0.453    10.875    i_dram_wrapper/i_dram/u_mig7s_mig/u_memc_ui_top_axi/mem_intfc0/ddr_phy_top0/u_ddr_mc_phy_wrapper/u_ddr_mc_phy/ddr_phy_4lanes_0.u_ddr_phy_4lanes/ddr_byte_lane_D.ddr_byte_lane_D/ddr_byte_group_io/output_[7].oserdes_dq_.ddr.oserdes_dq_i
  -------------------------------------------------------------------
                         required time                         10.875    
                         arrival time                         -10.531    
  -------------------------------------------------------------------
                         slack                                  0.344    

Slack (MET) :             0.345ns  (required time - arrival time)
  Source:                 i_dram_wrapper/i_dram/u_mig7s_mig/u_memc_ui_top_axi/mem_intfc0/ddr_phy_top0/u_ddr_mc_phy_wrapper/u_ddr_mc_phy/ddr_phy_4lanes_0.u_ddr_phy_4lanes/ddr_byte_lane_A.ddr_byte_lane_A/phaser_out/OCLK
                            (rising edge-triggered cell PHASER_OUT_PHY clocked by oserdes_clk  {rise@0.000ns fall@0.625ns period=1.250ns})
  Destination:            i_dram_wrapper/i_dram/u_mig7s_mig/u_memc_ui_top_axi/mem_intfc0/ddr_phy_top0/u_ddr_mc_phy_wrapper/u_ddr_mc_phy/ddr_phy_4lanes_0.u_ddr_phy_4lanes/ddr_byte_lane_A.ddr_byte_lane_A/ddr_byte_group_io/output_[2].oserdes_dq_.ddr.oserdes_dq_i/RST
                            (rising edge-triggered cell OSERDESE2 clocked by oserdes_clkdiv  {rise@0.000ns fall@1.250ns period=2.500ns})
  Path Group:             oserdes_clkdiv
  Path Type:              Setup (Max at Slow Process Corner)
  Requirement:            2.500ns  (oserdes_clkdiv rise@2.500ns - oserdes_clk rise@0.000ns)
  Data Path Delay:        2.089ns  (logic 0.466ns (22.310%)  route 1.623ns (77.690%))
  Logic Levels:           0  
  Clock Path Skew:        0.434ns (DCD - SCD + CPR)
    Destination Clock Delay (DCD):    8.289ns = ( 10.789 - 2.500 ) 
    Source Clock Delay      (SCD):    8.443ns = ( 9.693 - 1.250 ) 
    Clock Pessimism Removal (CPR):    0.587ns
  Clock Uncertainty:      0.047ns  ((TSJ^2 + DJ^2)^1/2) / 2 + PE
    Total System Jitter     (TSJ):    0.071ns
    Discrete Jitter          (DJ):    0.061ns
    Phase Error              (PE):    0.000ns
  Timing Exception:       MultiCycle Path   Setup -start 2

    Location             Delay type                Incr(ns)  Path(ns)    Netlist Resource(s)
  -------------------------------------------------------------------    -------------------
                         (clock oserdes_clk rise edge)
                                                      0.000     0.000 r  
    AD12                                              0.000     0.000 r  sys_clk_p (IN)
                         net (fo=0)                   0.000     0.000    sys_clk_p
    AD12                 IBUFDS (Prop_ibufds_I_O)     0.906     0.906 r  i_bufds_sys_clk/O
                         net (fo=1, routed)           2.299     3.205    sys_clk
    BUFGCTRL_X0Y1        BUFG (Prop_bufg_I_O)         0.093     3.298 r  sys_clk_BUFG_inst/O
                         net (fo=63, routed)          1.787     5.085    i_dram_wrapper/i_dram/u_mig7s_mig/u_ddr3_infrastructure/plle2_i_0
    PLLE2_ADV_X1Y1       PLLE2_ADV (Prop_plle2_adv_CLKIN1_CLKOUT1)
                                                      0.077     5.162 r  i_dram_wrapper/i_dram/u_mig7s_mig/u_ddr3_infrastructure/plle2_i/CLKOUT1
                         net (fo=14, routed)          1.198     6.360    i_dram_wrapper/i_dram/u_mig7s_mig/u_memc_ui_top_axi/mem_intfc0/ddr_phy_top0/u_ddr_mc_phy_wrapper/u_ddr_mc_phy/ddr_phy_4lanes_0.u_ddr_phy_4lanes/ddr_byte_lane_A.ddr_byte_lane_A/mem_refclk
    PHASER_OUT_PHY_X1Y8  PHASER_OUT_PHY (Prop_phaser_out_phy_MEMREFCLK_OCLK)
                                                      2.083     8.443 r  i_dram_wrapper/i_dram/u_mig7s_mig/u_memc_ui_top_axi/mem_intfc0/ddr_phy_top0/u_ddr_mc_phy_wrapper/u_ddr_mc_phy/ddr_phy_4lanes_0.u_ddr_phy_4lanes/ddr_byte_lane_A.ddr_byte_lane_A/phaser_out/OCLK
  -------------------------------------------------------------------    -------------------
    PHASER_OUT_PHY_X1Y8  PHASER_OUT_PHY (Prop_phaser_out_phy_OCLK_OSERDESRST)
                                                      0.466     8.909 r  i_dram_wrapper/i_dram/u_mig7s_mig/u_memc_ui_top_axi/mem_intfc0/ddr_phy_top0/u_ddr_mc_phy_wrapper/u_ddr_mc_phy/ddr_phy_4lanes_0.u_ddr_phy_4lanes/ddr_byte_lane_A.ddr_byte_lane_A/phaser_out/OSERDESRST
                         net (fo=10, routed)          1.623    10.532    i_dram_wrapper/i_dram/u_mig7s_mig/u_memc_ui_top_axi/mem_intfc0/ddr_phy_top0/u_ddr_mc_phy_wrapper/u_ddr_mc_phy/ddr_phy_4lanes_0.u_ddr_phy_4lanes/ddr_byte_lane_A.ddr_byte_lane_A/ddr_byte_group_io/po_oserdes_rst
    OLOGIC_X1Y103        OSERDESE2                                    r  i_dram_wrapper/i_dram/u_mig7s_mig/u_memc_ui_top_axi/mem_intfc0/ddr_phy_top0/u_ddr_mc_phy_wrapper/u_ddr_mc_phy/ddr_phy_4lanes_0.u_ddr_phy_4lanes/ddr_byte_lane_A.ddr_byte_lane_A/ddr_byte_group_io/output_[2].oserdes_dq_.ddr.oserdes_dq_i/RST
  -------------------------------------------------------------------    -------------------

                         (clock oserdes_clkdiv rise edge)
                                                      2.500     2.500 r  
    AD12                                              0.000     2.500 r  sys_clk_p (IN)
                         net (fo=0)                   0.000     2.500    sys_clk_p
    AD12                 IBUFDS (Prop_ibufds_I_O)     0.803     3.303 r  i_bufds_sys_clk/O
                         net (fo=1, routed)           2.173     5.476    sys_clk
    BUFGCTRL_X0Y1        BUFG (Prop_bufg_I_O)         0.083     5.559 r  sys_clk_BUFG_inst/O
                         net (fo=63, routed)          1.626     7.185    i_dram_wrapper/i_dram/u_mig7s_mig/u_ddr3_infrastructure/plle2_i_0
    PLLE2_ADV_X1Y1       PLLE2_ADV (Prop_plle2_adv_CLKIN1_CLKOUT1)
                                                      0.073     7.258 r  i_dram_wrapper/i_dram/u_mig7s_mig/u_ddr3_infrastructure/plle2_i/CLKOUT1
                         net (fo=14, routed)          1.070     8.328    i_dram_wrapper/i_dram/u_mig7s_mig/u_memc_ui_top_axi/mem_intfc0/ddr_phy_top0/u_ddr_mc_phy_wrapper/u_ddr_mc_phy/ddr_phy_4lanes_0.u_ddr_phy_4lanes/ddr_byte_lane_A.ddr_byte_lane_A/mem_refclk
    PHASER_OUT_PHY_X1Y8  PHASER_OUT_PHY (Prop_phaser_out_phy_MEMREFCLK_OCLK)
                                                      2.027    10.355 r  i_dram_wrapper/i_dram/u_mig7s_mig/u_memc_ui_top_axi/mem_intfc0/ddr_phy_top0/u_ddr_mc_phy_wrapper/u_ddr_mc_phy/ddr_phy_4lanes_0.u_ddr_phy_4lanes/ddr_byte_lane_A.ddr_byte_lane_A/phaser_out/OCLK
    PHASER_OUT_PHY_X1Y8  PHASER_OUT_PHY (Prop_phaser_out_phy_OCLK_OCLKDIV)
                                                      0.133    10.488 r  i_dram_wrapper/i_dram/u_mig7s_mig/u_memc_ui_top_axi/mem_intfc0/ddr_phy_top0/u_ddr_mc_phy_wrapper/u_ddr_mc_phy/ddr_phy_4lanes_0.u_ddr_phy_4lanes/ddr_byte_lane_A.ddr_byte_lane_A/phaser_out/OCLKDIV
                         net (fo=11, routed)          0.301    10.789    i_dram_wrapper/i_dram/u_mig7s_mig/u_memc_ui_top_axi/mem_intfc0/ddr_phy_top0/u_ddr_mc_phy_wrapper/u_ddr_mc_phy/ddr_phy_4lanes_0.u_ddr_phy_4lanes/ddr_byte_lane_A.ddr_byte_lane_A/ddr_byte_group_io/oserdes_clkdiv
    OLOGIC_X1Y103        OSERDESE2                                    r  i_dram_wrapper/i_dram/u_mig7s_mig/u_memc_ui_top_axi/mem_intfc0/ddr_phy_top0/u_ddr_mc_phy_wrapper/u_ddr_mc_phy/ddr_phy_4lanes_0.u_ddr_phy_4lanes/ddr_byte_lane_A.ddr_byte_lane_A/ddr_byte_group_io/output_[2].oserdes_dq_.ddr.oserdes_dq_i/CLKDIV
                         clock pessimism              0.587    11.377    
                         clock uncertainty           -0.047    11.330    
    OLOGIC_X1Y103        OSERDESE2 (Setup_oserdese2_CLKDIV_RST)
                                                     -0.453    10.877    i_dram_wrapper/i_dram/u_mig7s_mig/u_memc_ui_top_axi/mem_intfc0/ddr_phy_top0/u_ddr_mc_phy_wrapper/u_ddr_mc_phy/ddr_phy_4lanes_0.u_ddr_phy_4lanes/ddr_byte_lane_A.ddr_byte_lane_A/ddr_byte_group_io/output_[2].oserdes_dq_.ddr.oserdes_dq_i
  -------------------------------------------------------------------
                         required time                         10.877    
                         arrival time                         -10.532    
  -------------------------------------------------------------------
                         slack                                  0.345    

Slack (MET) :             0.354ns  (required time - arrival time)
  Source:                 i_dram_wrapper/i_dram/u_mig7s_mig/u_memc_ui_top_axi/mem_intfc0/ddr_phy_top0/u_ddr_mc_phy_wrapper/u_ddr_mc_phy/ddr_phy_4lanes_1.u_ddr_phy_4lanes/ddr_byte_lane_C.ddr_byte_lane_C/phaser_out/OCLK
                            (rising edge-triggered cell PHASER_OUT_PHY clocked by oserdes_clk_6  {rise@0.000ns fall@0.625ns period=1.250ns})
  Destination:            i_dram_wrapper/i_dram/u_mig7s_mig/u_memc_ui_top_axi/mem_intfc0/ddr_phy_top0/u_ddr_mc_phy_wrapper/u_ddr_mc_phy/ddr_phy_4lanes_1.u_ddr_phy_4lanes/ddr_byte_lane_C.ddr_byte_lane_C/ddr_byte_group_io/output_[5].oserdes_dq_.sdr.oserdes_dq_i/RST
                            (rising edge-triggered cell OSERDESE2 clocked by oserdes_clkdiv_6  {rise@0.000ns fall@2.500ns period=5.000ns})
  Path Group:             oserdes_clkdiv_6
  Path Type:              Setup (Max at Slow Process Corner)
  Requirement:            2.500ns  (oserdes_clkdiv_6 rise@5.000ns - oserdes_clk_6 rise@2.500ns)
  Data Path Delay:        2.074ns  (logic 0.466ns (22.472%)  route 1.608ns (77.528%))
  Logic Levels:           0  
  Clock Path Skew:        0.428ns (DCD - SCD + CPR)
    Destination Clock Delay (DCD):    8.073ns = ( 13.073 - 5.000 ) 
    Source Clock Delay      (SCD):    8.207ns = ( 11.957 - 3.750 ) 
    Clock Pessimism Removal (CPR):    0.561ns
  Clock Uncertainty:      0.047ns  ((TSJ^2 + DJ^2)^1/2) / 2 + PE
    Total System Jitter     (TSJ):    0.071ns
    Discrete Jitter          (DJ):    0.061ns
    Phase Error              (PE):    0.000ns
  Timing Exception:       MultiCycle Path   Setup -start 2

    Location             Delay type                Incr(ns)  Path(ns)    Netlist Resource(s)
  -------------------------------------------------------------------    -------------------
                         (clock oserdes_clk_6 rise edge)
                                                      2.500     2.500 r  
    AD12                                              0.000     2.500 r  sys_clk_p (IN)
                         net (fo=0)                   0.000     2.500    sys_clk_p
    AD12                 IBUFDS (Prop_ibufds_I_O)     0.906     3.406 r  i_bufds_sys_clk/O
                         net (fo=1, routed)           2.299     5.705    sys_clk
    BUFGCTRL_X0Y1        BUFG (Prop_bufg_I_O)         0.093     5.798 r  sys_clk_BUFG_inst/O
                         net (fo=63, routed)          1.787     7.585    i_dram_wrapper/i_dram/u_mig7s_mig/u_ddr3_infrastructure/plle2_i_0
    PLLE2_ADV_X1Y1       PLLE2_ADV (Prop_plle2_adv_CLKIN1_CLKOUT1)
                                                      0.077     7.662 r  i_dram_wrapper/i_dram/u_mig7s_mig/u_ddr3_infrastructure/plle2_i/CLKOUT1
                         net (fo=14, routed)          0.962     8.624    i_dram_wrapper/i_dram/u_mig7s_mig/u_memc_ui_top_axi/mem_intfc0/ddr_phy_top0/u_ddr_mc_phy_wrapper/u_ddr_mc_phy/ddr_phy_4lanes_1.u_ddr_phy_4lanes/ddr_byte_lane_C.ddr_byte_lane_C/mem_refclk
    PHASER_OUT_PHY_X1Y6  PHASER_OUT_PHY (Prop_phaser_out_phy_MEMREFCLK_OCLK)
                                                      2.083    10.707 r  i_dram_wrapper/i_dram/u_mig7s_mig/u_memc_ui_top_axi/mem_intfc0/ddr_phy_top0/u_ddr_mc_phy_wrapper/u_ddr_mc_phy/ddr_phy_4lanes_1.u_ddr_phy_4lanes/ddr_byte_lane_C.ddr_byte_lane_C/phaser_out/OCLK
  -------------------------------------------------------------------    -------------------
    PHASER_OUT_PHY_X1Y6  PHASER_OUT_PHY (Prop_phaser_out_phy_OCLK_OSERDESRST)
                                                      0.466    11.173 r  i_dram_wrapper/i_dram/u_mig7s_mig/u_memc_ui_top_axi/mem_intfc0/ddr_phy_top0/u_ddr_mc_phy_wrapper/u_ddr_mc_phy/ddr_phy_4lanes_1.u_ddr_phy_4lanes/ddr_byte_lane_C.ddr_byte_lane_C/phaser_out/OSERDESRST
                         net (fo=10, routed)          1.608    12.781    i_dram_wrapper/i_dram/u_mig7s_mig/u_memc_ui_top_axi/mem_intfc0/ddr_phy_top0/u_ddr_mc_phy_wrapper/u_ddr_mc_phy/ddr_phy_4lanes_1.u_ddr_phy_4lanes/ddr_byte_lane_C.ddr_byte_lane_C/ddr_byte_group_io/po_oserdes_rst
    OLOGIC_X1Y80         OSERDESE2                                    r  i_dram_wrapper/i_dram/u_mig7s_mig/u_memc_ui_top_axi/mem_intfc0/ddr_phy_top0/u_ddr_mc_phy_wrapper/u_ddr_mc_phy/ddr_phy_4lanes_1.u_ddr_phy_4lanes/ddr_byte_lane_C.ddr_byte_lane_C/ddr_byte_group_io/output_[5].oserdes_dq_.sdr.oserdes_dq_i/RST
  -------------------------------------------------------------------    -------------------

                         (clock oserdes_clkdiv_6 rise edge)
                                                      5.000     5.000 r  
    AD12                                              0.000     5.000 r  sys_clk_p (IN)
                         net (fo=0)                   0.000     5.000    sys_clk_p
    AD12                 IBUFDS (Prop_ibufds_I_O)     0.803     5.803 r  i_bufds_sys_clk/O
                         net (fo=1, routed)           2.173     7.976    sys_clk
    BUFGCTRL_X0Y1        BUFG (Prop_bufg_I_O)         0.083     8.059 r  sys_clk_BUFG_inst/O
                         net (fo=63, routed)          1.626     9.685    i_dram_wrapper/i_dram/u_mig7s_mig/u_ddr3_infrastructure/plle2_i_0
    PLLE2_ADV_X1Y1       PLLE2_ADV (Prop_plle2_adv_CLKIN1_CLKOUT1)
                                                      0.073     9.758 r  i_dram_wrapper/i_dram/u_mig7s_mig/u_ddr3_infrastructure/plle2_i/CLKOUT1
                         net (fo=14, routed)          0.860    10.618    i_dram_wrapper/i_dram/u_mig7s_mig/u_memc_ui_top_axi/mem_intfc0/ddr_phy_top0/u_ddr_mc_phy_wrapper/u_ddr_mc_phy/ddr_phy_4lanes_1.u_ddr_phy_4lanes/ddr_byte_lane_C.ddr_byte_lane_C/mem_refclk
    PHASER_OUT_PHY_X1Y6  PHASER_OUT_PHY (Prop_phaser_out_phy_MEMREFCLK_OCLK)
                                                      2.027    12.645 r  i_dram_wrapper/i_dram/u_mig7s_mig/u_memc_ui_top_axi/mem_intfc0/ddr_phy_top0/u_ddr_mc_phy_wrapper/u_ddr_mc_phy/ddr_phy_4lanes_1.u_ddr_phy_4lanes/ddr_byte_lane_C.ddr_byte_lane_C/phaser_out/OCLK
    PHASER_OUT_PHY_X1Y6  PHASER_OUT_PHY (Prop_phaser_out_phy_OCLK_OCLKDIV)
                                                      0.133    12.778 r  i_dram_wrapper/i_dram/u_mig7s_mig/u_memc_ui_top_axi/mem_intfc0/ddr_phy_top0/u_ddr_mc_phy_wrapper/u_ddr_mc_phy/ddr_phy_4lanes_1.u_ddr_phy_4lanes/ddr_byte_lane_C.ddr_byte_lane_C/phaser_out/OCLKDIV
                         net (fo=11, routed)          0.295    13.073    i_dram_wrapper/i_dram/u_mig7s_mig/u_memc_ui_top_axi/mem_intfc0/ddr_phy_top0/u_ddr_mc_phy_wrapper/u_ddr_mc_phy/ddr_phy_4lanes_1.u_ddr_phy_4lanes/ddr_byte_lane_C.ddr_byte_lane_C/ddr_byte_group_io/oserdes_clkdiv
    OLOGIC_X1Y80         OSERDESE2                                    r  i_dram_wrapper/i_dram/u_mig7s_mig/u_memc_ui_top_axi/mem_intfc0/ddr_phy_top0/u_ddr_mc_phy_wrapper/u_ddr_mc_phy/ddr_phy_4lanes_1.u_ddr_phy_4lanes/ddr_byte_lane_C.ddr_byte_lane_C/ddr_byte_group_io/output_[5].oserdes_dq_.sdr.oserdes_dq_i/CLKDIV
                         clock pessimism              0.561    13.635    
                         clock uncertainty           -0.047    13.588    
    OLOGIC_X1Y80         OSERDESE2 (Setup_oserdese2_CLKDIV_RST)
                                                     -0.453    13.135    i_dram_wrapper/i_dram/u_mig7s_mig/u_memc_ui_top_axi/mem_intfc0/ddr_phy_top0/u_ddr_mc_phy_wrapper/u_ddr_mc_phy/ddr_phy_4lanes_1.u_ddr_phy_4lanes/ddr_byte_lane_C.ddr_byte_lane_C/ddr_byte_group_io/output_[5].oserdes_dq_.sdr.oserdes_dq_i
  -------------------------------------------------------------------
                         required time                         13.135    
                         arrival time                         -12.781    
  -------------------------------------------------------------------
                         slack                                  0.354    

Slack (MET) :             0.362ns  (required time - arrival time)
  Source:                 i_dram_wrapper/i_dram/u_mig7s_mig/u_memc_ui_top_axi/mem_intfc0/ddr_phy_top0/u_ddr_mc_phy_wrapper/u_ddr_mc_phy/ddr_phy_4lanes_0.u_ddr_phy_4lanes/ddr_byte_lane_C.ddr_byte_lane_C/phaser_out/OCLK
                            (rising edge-triggered cell PHASER_OUT_PHY clocked by oserdes_clk_2  {rise@0.000ns fall@0.625ns period=1.250ns})
  Destination:            i_dram_wrapper/i_dram/u_mig7s_mig/u_memc_ui_top_axi/mem_intfc0/ddr_phy_top0/u_ddr_mc_phy_wrapper/u_ddr_mc_phy/ddr_phy_4lanes_0.u_ddr_phy_4lanes/ddr_byte_lane_C.ddr_byte_lane_C/ddr_byte_group_io/output_[4].oserdes_dq_.ddr.oserdes_dq_i/RST
                            (rising edge-triggered cell OSERDESE2 clocked by oserdes_clkdiv_2  {rise@0.000ns fall@1.250ns period=2.500ns})
  Path Group:             oserdes_clkdiv_2
  Path Type:              Setup (Max at Slow Process Corner)
  Requirement:            2.500ns  (oserdes_clkdiv_2 rise@2.500ns - oserdes_clk_2 rise@0.000ns)
  Data Path Delay:        2.066ns  (logic 0.466ns (22.555%)  route 1.600ns (77.445%))
  Logic Levels:           0  
  Clock Path Skew:        0.428ns (DCD - SCD + CPR)
    Destination Clock Delay (DCD):    8.283ns = ( 10.783 - 2.500 ) 
    Source Clock Delay      (SCD):    8.443ns = ( 9.693 - 1.250 ) 
    Clock Pessimism Removal (CPR):    0.587ns
  Clock Uncertainty:      0.047ns  ((TSJ^2 + DJ^2)^1/2) / 2 + PE
    Total System Jitter     (TSJ):    0.071ns
    Discrete Jitter          (DJ):    0.061ns
    Phase Error              (PE):    0.000ns
  Timing Exception:       MultiCycle Path   Setup -start 2

    Location             Delay type                Incr(ns)  Path(ns)    Netlist Resource(s)
  -------------------------------------------------------------------    -------------------
                         (clock oserdes_clk_2 rise edge)
                                                      0.000     0.000 r  
    AD12                                              0.000     0.000 r  sys_clk_p (IN)
                         net (fo=0)                   0.000     0.000    sys_clk_p
    AD12                 IBUFDS (Prop_ibufds_I_O)     0.906     0.906 r  i_bufds_sys_clk/O
                         net (fo=1, routed)           2.299     3.205    sys_clk
    BUFGCTRL_X0Y1        BUFG (Prop_bufg_I_O)         0.093     3.298 r  sys_clk_BUFG_inst/O
                         net (fo=63, routed)          1.787     5.085    i_dram_wrapper/i_dram/u_mig7s_mig/u_ddr3_infrastructure/plle2_i_0
    PLLE2_ADV_X1Y1       PLLE2_ADV (Prop_plle2_adv_CLKIN1_CLKOUT1)
                                                      0.077     5.162 r  i_dram_wrapper/i_dram/u_mig7s_mig/u_ddr3_infrastructure/plle2_i/CLKOUT1
                         net (fo=14, routed)          1.198     6.360    i_dram_wrapper/i_dram/u_mig7s_mig/u_memc_ui_top_axi/mem_intfc0/ddr_phy_top0/u_ddr_mc_phy_wrapper/u_ddr_mc_phy/ddr_phy_4lanes_0.u_ddr_phy_4lanes/ddr_byte_lane_C.ddr_byte_lane_C/mem_refclk
    PHASER_OUT_PHY_X1Y10 PHASER_OUT_PHY (Prop_phaser_out_phy_MEMREFCLK_OCLK)
                                                      2.083     8.443 r  i_dram_wrapper/i_dram/u_mig7s_mig/u_memc_ui_top_axi/mem_intfc0/ddr_phy_top0/u_ddr_mc_phy_wrapper/u_ddr_mc_phy/ddr_phy_4lanes_0.u_ddr_phy_4lanes/ddr_byte_lane_C.ddr_byte_lane_C/phaser_out/OCLK
  -------------------------------------------------------------------    -------------------
    PHASER_OUT_PHY_X1Y10 PHASER_OUT_PHY (Prop_phaser_out_phy_OCLK_OSERDESRST)
                                                      0.466     8.909 r  i_dram_wrapper/i_dram/u_mig7s_mig/u_memc_ui_top_axi/mem_intfc0/ddr_phy_top0/u_ddr_mc_phy_wrapper/u_ddr_mc_phy/ddr_phy_4lanes_0.u_ddr_phy_4lanes/ddr_byte_lane_C.ddr_byte_lane_C/phaser_out/OSERDESRST
                         net (fo=10, routed)          1.600    10.509    i_dram_wrapper/i_dram/u_mig7s_mig/u_memc_ui_top_axi/mem_intfc0/ddr_phy_top0/u_ddr_mc_phy_wrapper/u_ddr_mc_phy/ddr_phy_4lanes_0.u_ddr_phy_4lanes/ddr_byte_lane_C.ddr_byte_lane_C/ddr_byte_group_io/po_oserdes_rst
    OLOGIC_X1Y129        OSERDESE2                                    r  i_dram_wrapper/i_dram/u_mig7s_mig/u_memc_ui_top_axi/mem_intfc0/ddr_phy_top0/u_ddr_mc_phy_wrapper/u_ddr_mc_phy/ddr_phy_4lanes_0.u_ddr_phy_4lanes/ddr_byte_lane_C.ddr_byte_lane_C/ddr_byte_group_io/output_[4].oserdes_dq_.ddr.oserdes_dq_i/RST
  -------------------------------------------------------------------    -------------------

                         (clock oserdes_clkdiv_2 rise edge)
                                                      2.500     2.500 r  
    AD12                                              0.000     2.500 r  sys_clk_p (IN)
                         net (fo=0)                   0.000     2.500    sys_clk_p
    AD12                 IBUFDS (Prop_ibufds_I_O)     0.803     3.303 r  i_bufds_sys_clk/O
                         net (fo=1, routed)           2.173     5.476    sys_clk
    BUFGCTRL_X0Y1        BUFG (Prop_bufg_I_O)         0.083     5.559 r  sys_clk_BUFG_inst/O
                         net (fo=63, routed)          1.626     7.185    i_dram_wrapper/i_dram/u_mig7s_mig/u_ddr3_infrastructure/plle2_i_0
    PLLE2_ADV_X1Y1       PLLE2_ADV (Prop_plle2_adv_CLKIN1_CLKOUT1)
                                                      0.073     7.258 r  i_dram_wrapper/i_dram/u_mig7s_mig/u_ddr3_infrastructure/plle2_i/CLKOUT1
                         net (fo=14, routed)          1.070     8.328    i_dram_wrapper/i_dram/u_mig7s_mig/u_memc_ui_top_axi/mem_intfc0/ddr_phy_top0/u_ddr_mc_phy_wrapper/u_ddr_mc_phy/ddr_phy_4lanes_0.u_ddr_phy_4lanes/ddr_byte_lane_C.ddr_byte_lane_C/mem_refclk
    PHASER_OUT_PHY_X1Y10 PHASER_OUT_PHY (Prop_phaser_out_phy_MEMREFCLK_OCLK)
                                                      2.027    10.355 r  i_dram_wrapper/i_dram/u_mig7s_mig/u_memc_ui_top_axi/mem_intfc0/ddr_phy_top0/u_ddr_mc_phy_wrapper/u_ddr_mc_phy/ddr_phy_4lanes_0.u_ddr_phy_4lanes/ddr_byte_lane_C.ddr_byte_lane_C/phaser_out/OCLK
    PHASER_OUT_PHY_X1Y10 PHASER_OUT_PHY (Prop_phaser_out_phy_OCLK_OCLKDIV)
                                                      0.133    10.488 r  i_dram_wrapper/i_dram/u_mig7s_mig/u_memc_ui_top_axi/mem_intfc0/ddr_phy_top0/u_ddr_mc_phy_wrapper/u_ddr_mc_phy/ddr_phy_4lanes_0.u_ddr_phy_4lanes/ddr_byte_lane_C.ddr_byte_lane_C/phaser_out/OCLKDIV
                         net (fo=11, routed)          0.295    10.783    i_dram_wrapper/i_dram/u_mig7s_mig/u_memc_ui_top_axi/mem_intfc0/ddr_phy_top0/u_ddr_mc_phy_wrapper/u_ddr_mc_phy/ddr_phy_4lanes_0.u_ddr_phy_4lanes/ddr_byte_lane_C.ddr_byte_lane_C/ddr_byte_group_io/oserdes_clkdiv
    OLOGIC_X1Y129        OSERDESE2                                    r  i_dram_wrapper/i_dram/u_mig7s_mig/u_memc_ui_top_axi/mem_intfc0/ddr_phy_top0/u_ddr_mc_phy_wrapper/u_ddr_mc_phy/ddr_phy_4lanes_0.u_ddr_phy_4lanes/ddr_byte_lane_C.ddr_byte_lane_C/ddr_byte_group_io/output_[4].oserdes_dq_.ddr.oserdes_dq_i/CLKDIV
                         clock pessimism              0.587    11.371    
                         clock uncertainty           -0.047    11.324    
    OLOGIC_X1Y129        OSERDESE2 (Setup_oserdese2_CLKDIV_RST)
                                                     -0.453    10.871    i_dram_wrapper/i_dram/u_mig7s_mig/u_memc_ui_top_axi/mem_intfc0/ddr_phy_top0/u_ddr_mc_phy_wrapper/u_ddr_mc_phy/ddr_phy_4lanes_0.u_ddr_phy_4lanes/ddr_byte_lane_C.ddr_byte_lane_C/ddr_byte_group_io/output_[4].oserdes_dq_.ddr.oserdes_dq_i
  -------------------------------------------------------------------
                         required time                         10.871    
                         arrival time                         -10.509    
  -------------------------------------------------------------------
                         slack                                  0.362    

Slack (MET) :             0.373ns  (required time - arrival time)
  Source:                 i_dram_wrapper/i_dram/u_mig7s_mig/u_memc_ui_top_axi/mem_intfc0/ddr_phy_top0/u_ddr_mc_phy_wrapper/u_ddr_mc_phy/ddr_phy_4lanes_1.u_ddr_phy_4lanes/ddr_byte_lane_D.ddr_byte_lane_D/phaser_out/OCLK
                            (rising edge-triggered cell PHASER_OUT_PHY clocked by oserdes_clk_7  {rise@0.000ns fall@0.625ns period=1.250ns})
  Destination:            i_dram_wrapper/i_dram/u_mig7s_mig/u_memc_ui_top_axi/mem_intfc0/ddr_phy_top0/u_ddr_mc_phy_wrapper/u_ddr_mc_phy/ddr_phy_4lanes_1.u_ddr_phy_4lanes/ddr_byte_lane_D.ddr_byte_lane_D/ddr_byte_group_io/output_[1].oserdes_dq_.sdr.oserdes_dq_i/RST
                            (rising edge-triggered cell OSERDESE2 clocked by oserdes_clkdiv_7  {rise@0.000ns fall@2.500ns period=5.000ns})
  Path Group:             oserdes_clkdiv_7
  Path Type:              Setup (Max at Slow Process Corner)
  Requirement:            2.500ns  (oserdes_clkdiv_7 rise@5.000ns - oserdes_clk_7 rise@2.500ns)
  Data Path Delay:        2.069ns  (logic 0.466ns (22.519%)  route 1.603ns (77.481%))
  Logic Levels:           0  
  Clock Path Skew:        0.442ns (DCD - SCD + CPR)
    Destination Clock Delay (DCD):    8.078ns = ( 13.078 - 5.000 ) 
    Source Clock Delay      (SCD):    8.197ns = ( 11.947 - 3.750 ) 
    Clock Pessimism Removal (CPR):    0.560ns
  Clock Uncertainty:      0.047ns  ((TSJ^2 + DJ^2)^1/2) / 2 + PE
    Total System Jitter     (TSJ):    0.071ns
    Discrete Jitter          (DJ):    0.061ns
    Phase Error              (PE):    0.000ns
  Timing Exception:       MultiCycle Path   Setup -start 2

    Location             Delay type                Incr(ns)  Path(ns)    Netlist Resource(s)
  -------------------------------------------------------------------    -------------------
                         (clock oserdes_clk_7 rise edge)
                                                      2.500     2.500 r  
    AD12                                              0.000     2.500 r  sys_clk_p (IN)
                         net (fo=0)                   0.000     2.500    sys_clk_p
    AD12                 IBUFDS (Prop_ibufds_I_O)     0.906     3.406 r  i_bufds_sys_clk/O
                         net (fo=1, routed)           2.299     5.705    sys_clk
    BUFGCTRL_X0Y1        BUFG (Prop_bufg_I_O)         0.093     5.798 r  sys_clk_BUFG_inst/O
                         net (fo=63, routed)          1.787     7.585    i_dram_wrapper/i_dram/u_mig7s_mig/u_ddr3_infrastructure/plle2_i_0
    PLLE2_ADV_X1Y1       PLLE2_ADV (Prop_plle2_adv_CLKIN1_CLKOUT1)
                                                      0.077     7.662 r  i_dram_wrapper/i_dram/u_mig7s_mig/u_ddr3_infrastructure/plle2_i/CLKOUT1
                         net (fo=14, routed)          0.952     8.614    i_dram_wrapper/i_dram/u_mig7s_mig/u_memc_ui_top_axi/mem_intfc0/ddr_phy_top0/u_ddr_mc_phy_wrapper/u_ddr_mc_phy/ddr_phy_4lanes_1.u_ddr_phy_4lanes/ddr_byte_lane_D.ddr_byte_lane_D/mem_refclk
    PHASER_OUT_PHY_X1Y7  PHASER_OUT_PHY (Prop_phaser_out_phy_MEMREFCLK_OCLK)
                                                      2.083    10.697 r  i_dram_wrapper/i_dram/u_mig7s_mig/u_memc_ui_top_axi/mem_intfc0/ddr_phy_top0/u_ddr_mc_phy_wrapper/u_ddr_mc_phy/ddr_phy_4lanes_1.u_ddr_phy_4lanes/ddr_byte_lane_D.ddr_byte_lane_D/phaser_out/OCLK
  -------------------------------------------------------------------    -------------------
    PHASER_OUT_PHY_X1Y7  PHASER_OUT_PHY (Prop_phaser_out_phy_OCLK_OSERDESRST)
                                                      0.466    11.163 r  i_dram_wrapper/i_dram/u_mig7s_mig/u_memc_ui_top_axi/mem_intfc0/ddr_phy_top0/u_ddr_mc_phy_wrapper/u_ddr_mc_phy/ddr_phy_4lanes_1.u_ddr_phy_4lanes/ddr_byte_lane_D.ddr_byte_lane_D/phaser_out/OSERDESRST
                         net (fo=9, routed)           1.603    12.766    i_dram_wrapper/i_dram/u_mig7s_mig/u_memc_ui_top_axi/mem_intfc0/ddr_phy_top0/u_ddr_mc_phy_wrapper/u_ddr_mc_phy/ddr_phy_4lanes_1.u_ddr_phy_4lanes/ddr_byte_lane_D.ddr_byte_lane_D/ddr_byte_group_io/po_oserdes_rst
    OLOGIC_X1Y88         OSERDESE2                                    r  i_dram_wrapper/i_dram/u_mig7s_mig/u_memc_ui_top_axi/mem_intfc0/ddr_phy_top0/u_ddr_mc_phy_wrapper/u_ddr_mc_phy/ddr_phy_4lanes_1.u_ddr_phy_4lanes/ddr_byte_lane_D.ddr_byte_lane_D/ddr_byte_group_io/output_[1].oserdes_dq_.sdr.oserdes_dq_i/RST
  -------------------------------------------------------------------    -------------------

                         (clock oserdes_clkdiv_7 rise edge)
                                                      5.000     5.000 r  
    AD12                                              0.000     5.000 r  sys_clk_p (IN)
                         net (fo=0)                   0.000     5.000    sys_clk_p
    AD12                 IBUFDS (Prop_ibufds_I_O)     0.803     5.803 r  i_bufds_sys_clk/O
                         net (fo=1, routed)           2.173     7.976    sys_clk
    BUFGCTRL_X0Y1        BUFG (Prop_bufg_I_O)         0.083     8.059 r  sys_clk_BUFG_inst/O
                         net (fo=63, routed)          1.626     9.685    i_dram_wrapper/i_dram/u_mig7s_mig/u_ddr3_infrastructure/plle2_i_0
    PLLE2_ADV_X1Y1       PLLE2_ADV (Prop_plle2_adv_CLKIN1_CLKOUT1)
                                                      0.073     9.758 r  i_dram_wrapper/i_dram/u_mig7s_mig/u_ddr3_infrastructure/plle2_i/CLKOUT1
                         net (fo=14, routed)          0.851    10.609    i_dram_wrapper/i_dram/u_mig7s_mig/u_memc_ui_top_axi/mem_intfc0/ddr_phy_top0/u_ddr_mc_phy_wrapper/u_ddr_mc_phy/ddr_phy_4lanes_1.u_ddr_phy_4lanes/ddr_byte_lane_D.ddr_byte_lane_D/mem_refclk
    PHASER_OUT_PHY_X1Y7  PHASER_OUT_PHY (Prop_phaser_out_phy_MEMREFCLK_OCLK)
                                                      2.027    12.636 r  i_dram_wrapper/i_dram/u_mig7s_mig/u_memc_ui_top_axi/mem_intfc0/ddr_phy_top0/u_ddr_mc_phy_wrapper/u_ddr_mc_phy/ddr_phy_4lanes_1.u_ddr_phy_4lanes/ddr_byte_lane_D.ddr_byte_lane_D/phaser_out/OCLK
    PHASER_OUT_PHY_X1Y7  PHASER_OUT_PHY (Prop_phaser_out_phy_OCLK_OCLKDIV)
                                                      0.133    12.769 r  i_dram_wrapper/i_dram/u_mig7s_mig/u_memc_ui_top_axi/mem_intfc0/ddr_phy_top0/u_ddr_mc_phy_wrapper/u_ddr_mc_phy/ddr_phy_4lanes_1.u_ddr_phy_4lanes/ddr_byte_lane_D.ddr_byte_lane_D/phaser_out/OCLKDIV
                         net (fo=10, routed)          0.309    13.078    i_dram_wrapper/i_dram/u_mig7s_mig/u_memc_ui_top_axi/mem_intfc0/ddr_phy_top0/u_ddr_mc_phy_wrapper/u_ddr_mc_phy/ddr_phy_4lanes_1.u_ddr_phy_4lanes/ddr_byte_lane_D.ddr_byte_lane_D/ddr_byte_group_io/oserdes_clkdiv
    OLOGIC_X1Y88         OSERDESE2                                    r  i_dram_wrapper/i_dram/u_mig7s_mig/u_memc_ui_top_axi/mem_intfc0/ddr_phy_top0/u_ddr_mc_phy_wrapper/u_ddr_mc_phy/ddr_phy_4lanes_1.u_ddr_phy_4lanes/ddr_byte_lane_D.ddr_byte_lane_D/ddr_byte_group_io/output_[1].oserdes_dq_.sdr.oserdes_dq_i/CLKDIV
                         clock pessimism              0.560    13.639    
                         clock uncertainty           -0.047    13.592    
    OLOGIC_X1Y88         OSERDESE2 (Setup_oserdese2_CLKDIV_RST)
                                                     -0.453    13.139    i_dram_wrapper/i_dram/u_mig7s_mig/u_memc_ui_top_axi/mem_intfc0/ddr_phy_top0/u_ddr_mc_phy_wrapper/u_ddr_mc_phy/ddr_phy_4lanes_1.u_ddr_phy_4lanes/ddr_byte_lane_D.ddr_byte_lane_D/ddr_byte_group_io/output_[1].oserdes_dq_.sdr.oserdes_dq_i
  -------------------------------------------------------------------
                         required time                         13.139    
                         arrival time                         -12.766    
  -------------------------------------------------------------------
                         slack                                  0.373    

Slack (MET) :             0.505ns  (required time - arrival time)
  Source:                 i_dram_wrapper/i_dram/u_mig7s_mig/u_memc_ui_top_axi/mem_intfc0/ddr_phy_top0/u_ddr_mc_phy_wrapper/u_ddr_mc_phy/ddr_phy_4lanes_1.u_ddr_phy_4lanes/ddr_byte_lane_A.ddr_byte_lane_A/phaser_out/OCLK
                            (rising edge-triggered cell PHASER_OUT_PHY clocked by oserdes_clk_4  {rise@0.000ns fall@0.625ns period=1.250ns})
  Destination:            i_dram_wrapper/i_dram/u_mig7s_mig/u_memc_ui_top_axi/mem_intfc0/ddr_phy_top0/u_ddr_mc_phy_wrapper/u_ddr_mc_phy/ddr_phy_4lanes_1.u_ddr_phy_4lanes/ddr_byte_lane_A.ddr_byte_lane_A/out_fifo/RDEN
                            (rising edge-triggered cell OUT_FIFO clocked by oserdes_clkdiv_4  {rise@0.000ns fall@2.500ns period=5.000ns})
  Path Group:             oserdes_clkdiv_4
  Path Type:              Setup (Max at Slow Process Corner)
  Requirement:            1.250ns  (oserdes_clkdiv_4 rise@5.000ns - oserdes_clk_4 rise@3.750ns)
  Data Path Delay:        0.301ns  (logic 0.301ns (100.000%)  route 0.000ns (0.000%))
  Logic Levels:           0  
  Clock Path Skew:        0.133ns (DCD - SCD + CPR)
    Destination Clock Delay (DCD):    7.778ns = ( 12.778 - 5.000 ) 
    Source Clock Delay      (SCD):    8.207ns = ( 11.957 - 3.750 ) 
    Clock Pessimism Removal (CPR):    0.561ns
  Clock Uncertainty:      0.047ns  ((TSJ^2 + DJ^2)^1/2) / 2 + PE
    Total System Jitter     (TSJ):    0.071ns
    Discrete Jitter          (DJ):    0.061ns
    Phase Error              (PE):    0.000ns

    Location             Delay type                Incr(ns)  Path(ns)    Netlist Resource(s)
  -------------------------------------------------------------------    -------------------
                         (clock oserdes_clk_4 rise edge)
                                                      3.750     3.750 r  
    AD12                                              0.000     3.750 r  sys_clk_p (IN)
                         net (fo=0)                   0.000     3.750    sys_clk_p
    AD12                 IBUFDS (Prop_ibufds_I_O)     0.906     4.656 r  i_bufds_sys_clk/O
                         net (fo=1, routed)           2.299     6.955    sys_clk
    BUFGCTRL_X0Y1        BUFG (Prop_bufg_I_O)         0.093     7.048 r  sys_clk_BUFG_inst/O
                         net (fo=63, routed)          1.787     8.835    i_dram_wrapper/i_dram/u_mig7s_mig/u_ddr3_infrastructure/plle2_i_0
    PLLE2_ADV_X1Y1       PLLE2_ADV (Prop_plle2_adv_CLKIN1_CLKOUT1)
                                                      0.077     8.912 r  i_dram_wrapper/i_dram/u_mig7s_mig/u_ddr3_infrastructure/plle2_i/CLKOUT1
                         net (fo=14, routed)          0.962     9.874    i_dram_wrapper/i_dram/u_mig7s_mig/u_memc_ui_top_axi/mem_intfc0/ddr_phy_top0/u_ddr_mc_phy_wrapper/u_ddr_mc_phy/ddr_phy_4lanes_1.u_ddr_phy_4lanes/ddr_byte_lane_A.ddr_byte_lane_A/mem_refclk
    PHASER_OUT_PHY_X1Y4  PHASER_OUT_PHY (Prop_phaser_out_phy_MEMREFCLK_OCLK)
                                                      2.083    11.957 r  i_dram_wrapper/i_dram/u_mig7s_mig/u_memc_ui_top_axi/mem_intfc0/ddr_phy_top0/u_ddr_mc_phy_wrapper/u_ddr_mc_phy/ddr_phy_4lanes_1.u_ddr_phy_4lanes/ddr_byte_lane_A.ddr_byte_lane_A/phaser_out/OCLK
  -------------------------------------------------------------------    -------------------
    PHASER_OUT_PHY_X1Y4  PHASER_OUT_PHY (Prop_phaser_out_phy_OCLK_RDENABLE)
                                                      0.301    12.258 r  i_dram_wrapper/i_dram/u_mig7s_mig/u_memc_ui_top_axi/mem_intfc0/ddr_phy_top0/u_ddr_mc_phy_wrapper/u_ddr_mc_phy/ddr_phy_4lanes_1.u_ddr_phy_4lanes/ddr_byte_lane_A.ddr_byte_lane_A/phaser_out/RDENABLE
                         net (fo=1, routed)           0.000    12.258    i_dram_wrapper/i_dram/u_mig7s_mig/u_memc_ui_top_axi/mem_intfc0/ddr_phy_top0/u_ddr_mc_phy_wrapper/u_ddr_mc_phy/ddr_phy_4lanes_1.u_ddr_phy_4lanes/ddr_byte_lane_A.ddr_byte_lane_A/po_rd_enable
    OUT_FIFO_X1Y4        OUT_FIFO                                     r  i_dram_wrapper/i_dram/u_mig7s_mig/u_memc_ui_top_axi/mem_intfc0/ddr_phy_top0/u_ddr_mc_phy_wrapper/u_ddr_mc_phy/ddr_phy_4lanes_1.u_ddr_phy_4lanes/ddr_byte_lane_A.ddr_byte_lane_A/out_fifo/RDEN
  -------------------------------------------------------------------    -------------------

                         (clock oserdes_clkdiv_4 rise edge)
                                                      5.000     5.000 r  
    AD12                                              0.000     5.000 r  sys_clk_p (IN)
                         net (fo=0)                   0.000     5.000    sys_clk_p
    AD12                 IBUFDS (Prop_ibufds_I_O)     0.803     5.803 r  i_bufds_sys_clk/O
                         net (fo=1, routed)           2.173     7.976    sys_clk
    BUFGCTRL_X0Y1        BUFG (Prop_bufg_I_O)         0.083     8.059 r  sys_clk_BUFG_inst/O
                         net (fo=63, routed)          1.626     9.685    i_dram_wrapper/i_dram/u_mig7s_mig/u_ddr3_infrastructure/plle2_i_0
    PLLE2_ADV_X1Y1       PLLE2_ADV (Prop_plle2_adv_CLKIN1_CLKOUT1)
                                                      0.073     9.758 r  i_dram_wrapper/i_dram/u_mig7s_mig/u_ddr3_infrastructure/plle2_i/CLKOUT1
                         net (fo=14, routed)          0.860    10.618    i_dram_wrapper/i_dram/u_mig7s_mig/u_memc_ui_top_axi/mem_intfc0/ddr_phy_top0/u_ddr_mc_phy_wrapper/u_ddr_mc_phy/ddr_phy_4lanes_1.u_ddr_phy_4lanes/ddr_byte_lane_A.ddr_byte_lane_A/mem_refclk
    PHASER_OUT_PHY_X1Y4  PHASER_OUT_PHY (Prop_phaser_out_phy_MEMREFCLK_OCLK)
                                                      2.027    12.645 r  i_dram_wrapper/i_dram/u_mig7s_mig/u_memc_ui_top_axi/mem_intfc0/ddr_phy_top0/u_ddr_mc_phy_wrapper/u_ddr_mc_phy/ddr_phy_4lanes_1.u_ddr_phy_4lanes/ddr_byte_lane_A.ddr_byte_lane_A/phaser_out/OCLK
    PHASER_OUT_PHY_X1Y4  PHASER_OUT_PHY (Prop_phaser_out_phy_OCLK_OCLKDIV)
                                                      0.133    12.778 r  i_dram_wrapper/i_dram/u_mig7s_mig/u_memc_ui_top_axi/mem_intfc0/ddr_phy_top0/u_ddr_mc_phy_wrapper/u_ddr_mc_phy/ddr_phy_4lanes_1.u_ddr_phy_4lanes/ddr_byte_lane_A.ddr_byte_lane_A/phaser_out/OCLKDIV
                         net (fo=3, routed)           0.000    12.778    i_dram_wrapper/i_dram/u_mig7s_mig/u_memc_ui_top_axi/mem_intfc0/ddr_phy_top0/u_ddr_mc_phy_wrapper/u_ddr_mc_phy/ddr_phy_4lanes_1.u_ddr_phy_4lanes/ddr_byte_lane_A.ddr_byte_lane_A/oserdes_clkdiv
    OUT_FIFO_X1Y4        OUT_FIFO                                     r  i_dram_wrapper/i_dram/u_mig7s_mig/u_memc_ui_top_axi/mem_intfc0/ddr_phy_top0/u_ddr_mc_phy_wrapper/u_ddr_mc_phy/ddr_phy_4lanes_1.u_ddr_phy_4lanes/ddr_byte_lane_A.ddr_byte_lane_A/out_fifo/RDCLK
                         clock pessimism              0.561    13.340    
                         clock uncertainty           -0.047    13.293    
    OUT_FIFO_X1Y4        OUT_FIFO (Setup_out_fifo_RDCLK_RDEN)
                                                     -0.530    12.763    i_dram_wrapper/i_dram/u_mig7s_mig/u_memc_ui_top_axi/mem_intfc0/ddr_phy_top0/u_ddr_mc_phy_wrapper/u_ddr_mc_phy/ddr_phy_4lanes_1.u_ddr_phy_4lanes/ddr_byte_lane_A.ddr_byte_lane_A/out_fifo
  -------------------------------------------------------------------
                         required time                         12.763    
                         arrival time                         -12.258    
  -------------------------------------------------------------------
                         slack                                  0.505    

Slack (MET) :             0.505ns  (required time - arrival time)
  Source:                 i_dram_wrapper/i_dram/u_mig7s_mig/u_memc_ui_top_axi/mem_intfc0/ddr_phy_top0/u_ddr_mc_phy_wrapper/u_ddr_mc_phy/ddr_phy_4lanes_1.u_ddr_phy_4lanes/ddr_byte_lane_B.ddr_byte_lane_B/phaser_out/OCLK
                            (rising edge-triggered cell PHASER_OUT_PHY clocked by oserdes_clk_5  {rise@0.000ns fall@0.625ns period=1.250ns})
  Destination:            i_dram_wrapper/i_dram/u_mig7s_mig/u_memc_ui_top_axi/mem_intfc0/ddr_phy_top0/u_ddr_mc_phy_wrapper/u_ddr_mc_phy/ddr_phy_4lanes_1.u_ddr_phy_4lanes/ddr_byte_lane_B.ddr_byte_lane_B/out_fifo/RDEN
                            (rising edge-triggered cell OUT_FIFO clocked by oserdes_clkdiv_5  {rise@0.000ns fall@2.500ns period=5.000ns})
  Path Group:             oserdes_clkdiv_5
  Path Type:              Setup (Max at Slow Process Corner)
  Requirement:            1.250ns  (oserdes_clkdiv_5 rise@5.000ns - oserdes_clk_5 rise@3.750ns)
  Data Path Delay:        0.301ns  (logic 0.301ns (100.000%)  route 0.000ns (0.000%))
  Logic Levels:           0  
  Clock Path Skew:        0.133ns (DCD - SCD + CPR)
    Destination Clock Delay (DCD):    7.769ns = ( 12.769 - 5.000 ) 
    Source Clock Delay      (SCD):    8.197ns = ( 11.947 - 3.750 ) 
    Clock Pessimism Removal (CPR):    0.560ns
  Clock Uncertainty:      0.047ns  ((TSJ^2 + DJ^2)^1/2) / 2 + PE
    Total System Jitter     (TSJ):    0.071ns
    Discrete Jitter          (DJ):    0.061ns
    Phase Error              (PE):    0.000ns

    Location             Delay type                Incr(ns)  Path(ns)    Netlist Resource(s)
  -------------------------------------------------------------------    -------------------
                         (clock oserdes_clk_5 rise edge)
                                                      3.750     3.750 r  
    AD12                                              0.000     3.750 r  sys_clk_p (IN)
                         net (fo=0)                   0.000     3.750    sys_clk_p
    AD12                 IBUFDS (Prop_ibufds_I_O)     0.906     4.656 r  i_bufds_sys_clk/O
                         net (fo=1, routed)           2.299     6.955    sys_clk
    BUFGCTRL_X0Y1        BUFG (Prop_bufg_I_O)         0.093     7.048 r  sys_clk_BUFG_inst/O
                         net (fo=63, routed)          1.787     8.835    i_dram_wrapper/i_dram/u_mig7s_mig/u_ddr3_infrastructure/plle2_i_0
    PLLE2_ADV_X1Y1       PLLE2_ADV (Prop_plle2_adv_CLKIN1_CLKOUT1)
                                                      0.077     8.912 r  i_dram_wrapper/i_dram/u_mig7s_mig/u_ddr3_infrastructure/plle2_i/CLKOUT1
                         net (fo=14, routed)          0.952     9.864    i_dram_wrapper/i_dram/u_mig7s_mig/u_memc_ui_top_axi/mem_intfc0/ddr_phy_top0/u_ddr_mc_phy_wrapper/u_ddr_mc_phy/ddr_phy_4lanes_1.u_ddr_phy_4lanes/ddr_byte_lane_B.ddr_byte_lane_B/mem_refclk
    PHASER_OUT_PHY_X1Y5  PHASER_OUT_PHY (Prop_phaser_out_phy_MEMREFCLK_OCLK)
                                                      2.083    11.947 r  i_dram_wrapper/i_dram/u_mig7s_mig/u_memc_ui_top_axi/mem_intfc0/ddr_phy_top0/u_ddr_mc_phy_wrapper/u_ddr_mc_phy/ddr_phy_4lanes_1.u_ddr_phy_4lanes/ddr_byte_lane_B.ddr_byte_lane_B/phaser_out/OCLK
  -------------------------------------------------------------------    -------------------
    PHASER_OUT_PHY_X1Y5  PHASER_OUT_PHY (Prop_phaser_out_phy_OCLK_RDENABLE)
                                                      0.301    12.248 r  i_dram_wrapper/i_dram/u_mig7s_mig/u_memc_ui_top_axi/mem_intfc0/ddr_phy_top0/u_ddr_mc_phy_wrapper/u_ddr_mc_phy/ddr_phy_4lanes_1.u_ddr_phy_4lanes/ddr_byte_lane_B.ddr_byte_lane_B/phaser_out/RDENABLE
                         net (fo=1, routed)           0.000    12.248    i_dram_wrapper/i_dram/u_mig7s_mig/u_memc_ui_top_axi/mem_intfc0/ddr_phy_top0/u_ddr_mc_phy_wrapper/u_ddr_mc_phy/ddr_phy_4lanes_1.u_ddr_phy_4lanes/ddr_byte_lane_B.ddr_byte_lane_B/po_rd_enable
    OUT_FIFO_X1Y5        OUT_FIFO                                     r  i_dram_wrapper/i_dram/u_mig7s_mig/u_memc_ui_top_axi/mem_intfc0/ddr_phy_top0/u_ddr_mc_phy_wrapper/u_ddr_mc_phy/ddr_phy_4lanes_1.u_ddr_phy_4lanes/ddr_byte_lane_B.ddr_byte_lane_B/out_fifo/RDEN
  -------------------------------------------------------------------    -------------------

                         (clock oserdes_clkdiv_5 rise edge)
                                                      5.000     5.000 r  
    AD12                                              0.000     5.000 r  sys_clk_p (IN)
                         net (fo=0)                   0.000     5.000    sys_clk_p
    AD12                 IBUFDS (Prop_ibufds_I_O)     0.803     5.803 r  i_bufds_sys_clk/O
                         net (fo=1, routed)           2.173     7.976    sys_clk
    BUFGCTRL_X0Y1        BUFG (Prop_bufg_I_O)         0.083     8.059 r  sys_clk_BUFG_inst/O
                         net (fo=63, routed)          1.626     9.685    i_dram_wrapper/i_dram/u_mig7s_mig/u_ddr3_infrastructure/plle2_i_0
    PLLE2_ADV_X1Y1       PLLE2_ADV (Prop_plle2_adv_CLKIN1_CLKOUT1)
                                                      0.073     9.758 r  i_dram_wrapper/i_dram/u_mig7s_mig/u_ddr3_infrastructure/plle2_i/CLKOUT1
                         net (fo=14, routed)          0.851    10.609    i_dram_wrapper/i_dram/u_mig7s_mig/u_memc_ui_top_axi/mem_intfc0/ddr_phy_top0/u_ddr_mc_phy_wrapper/u_ddr_mc_phy/ddr_phy_4lanes_1.u_ddr_phy_4lanes/ddr_byte_lane_B.ddr_byte_lane_B/mem_refclk
    PHASER_OUT_PHY_X1Y5  PHASER_OUT_PHY (Prop_phaser_out_phy_MEMREFCLK_OCLK)
                                                      2.027    12.636 r  i_dram_wrapper/i_dram/u_mig7s_mig/u_memc_ui_top_axi/mem_intfc0/ddr_phy_top0/u_ddr_mc_phy_wrapper/u_ddr_mc_phy/ddr_phy_4lanes_1.u_ddr_phy_4lanes/ddr_byte_lane_B.ddr_byte_lane_B/phaser_out/OCLK
    PHASER_OUT_PHY_X1Y5  PHASER_OUT_PHY (Prop_phaser_out_phy_OCLK_OCLKDIV)
                                                      0.133    12.769 r  i_dram_wrapper/i_dram/u_mig7s_mig/u_memc_ui_top_axi/mem_intfc0/ddr_phy_top0/u_ddr_mc_phy_wrapper/u_ddr_mc_phy/ddr_phy_4lanes_1.u_ddr_phy_4lanes/ddr_byte_lane_B.ddr_byte_lane_B/phaser_out/OCLKDIV
                         net (fo=4, routed)           0.000    12.769    i_dram_wrapper/i_dram/u_mig7s_mig/u_memc_ui_top_axi/mem_intfc0/ddr_phy_top0/u_ddr_mc_phy_wrapper/u_ddr_mc_phy/ddr_phy_4lanes_1.u_ddr_phy_4lanes/ddr_byte_lane_B.ddr_byte_lane_B/oserdes_clkdiv
    OUT_FIFO_X1Y5        OUT_FIFO                                     r  i_dram_wrapper/i_dram/u_mig7s_mig/u_memc_ui_top_axi/mem_intfc0/ddr_phy_top0/u_ddr_mc_phy_wrapper/u_ddr_mc_phy/ddr_phy_4lanes_1.u_ddr_phy_4lanes/ddr_byte_lane_B.ddr_byte_lane_B/out_fifo/RDCLK
                         clock pessimism              0.560    13.330    
                         clock uncertainty           -0.047    13.283    
    OUT_FIFO_X1Y5        OUT_FIFO (Setup_out_fifo_RDCLK_RDEN)
                                                     -0.530    12.753    i_dram_wrapper/i_dram/u_mig7s_mig/u_memc_ui_top_axi/mem_intfc0/ddr_phy_top0/u_ddr_mc_phy_wrapper/u_ddr_mc_phy/ddr_phy_4lanes_1.u_ddr_phy_4lanes/ddr_byte_lane_B.ddr_byte_lane_B/out_fifo
  -------------------------------------------------------------------
                         required time                         12.753    
                         arrival time                         -12.248    
  -------------------------------------------------------------------
                         slack                                  0.505    

Slack (MET) :             0.832ns  (required time - arrival time)
  Source:                 i_dram_wrapper/i_dram/u_mig7s_mig/u_memc_ui_top_axi/mem_intfc0/mc0/mc_read_idle_r_reg/C
                            (rising edge-triggered cell FDRE clocked by clk_pll_i  {rise@0.000ns fall@2.500ns period=5.000ns})
  Destination:            i_dram_wrapper/i_dram/u_mig7s_mig/u_memc_ui_top_axi/mem_intfc0/ddr_phy_top0/u_ddr_mc_phy_wrapper/u_ddr_mc_phy/ddr_phy_4lanes_0.u_ddr_phy_4lanes/ddr_byte_lane_D.ddr_byte_lane_D/ddr_byte_group_io/input_[8].iserdes_dq_.iserdesdq/DDLY
                            (falling edge-triggered cell ISERDESE2 clocked by u_memc_ui_top_axi/mem_intfc0/ddr_phy_top0/u_ddr_mc_phy_wrapper/u_ddr_mc_phy/ddr_phy_4lanes_0.u_ddr_phy_4lanes/ddr_byte_lane_D.ddr_byte_lane_D/iserdes_clk  {rise@1.172ns fall@1.797ns period=1.250ns})
  Path Group:             u_memc_ui_top_axi/mem_intfc0/ddr_phy_top0/u_ddr_mc_phy_wrapper/u_ddr_mc_phy/ddr_phy_4lanes_0.u_ddr_phy_4lanes/ddr_byte_lane_D.ddr_byte_lane_D/iserdes_clk
  Path Type:              Setup (Max at Slow Process Corner)
  Requirement:            6.797ns  (u_memc_ui_top_axi/mem_intfc0/ddr_phy_top0/u_ddr_mc_phy_wrapper/u_ddr_mc_phy/ddr_phy_4lanes_0.u_ddr_phy_4lanes/ddr_byte_lane_D.ddr_byte_lane_D/iserdes_clk fall@6.797ns - clk_pll_i rise@0.000ns)
  Data Path Delay:        6.458ns  (logic 2.342ns (36.263%)  route 4.116ns (63.737%))
  Logic Levels:           2  (IBUF_IBUFDISABLE=1 IDELAYE2_FINEDELAY=1)
  Clock Path Skew:        0.781ns (DCD - SCD + CPR)
    Destination Clock Delay (DCD):    7.524ns = ( 8.071 - 0.547 ) 
    Source Clock Delay      (SCD):    7.147ns
    Clock Pessimism Removal (CPR):    0.403ns
  Clock Uncertainty:      0.173ns  ((TSJ^2 + DJ^2)^1/2) / 2 + PE
    Total System Jitter     (TSJ):    0.071ns
    Discrete Jitter          (DJ):    0.076ns
    Phase Error              (PE):    0.121ns
  Timing Exception:       MultiCycle Path   Setup -end   6

    Location             Delay type                Incr(ns)  Path(ns)    Netlist Resource(s)
  -------------------------------------------------------------------    -------------------
                         (clock clk_pll_i rise edge)
                                                      0.000     0.000 r  
    AD12                                              0.000     0.000 r  sys_clk_p (IN)
                         net (fo=0)                   0.000     0.000    sys_clk_p
    AD12                 IBUFDS (Prop_ibufds_I_O)     0.906     0.906 r  i_bufds_sys_clk/O
                         net (fo=1, routed)           2.299     3.205    sys_clk
    BUFGCTRL_X0Y1        BUFG (Prop_bufg_I_O)         0.093     3.298 r  sys_clk_BUFG_inst/O
                         net (fo=63, routed)          1.787     5.085    i_dram_wrapper/i_dram/u_mig7s_mig/u_ddr3_infrastructure/plle2_i_0
    PLLE2_ADV_X1Y1       PLLE2_ADV (Prop_plle2_adv_CLKIN1_CLKOUT3)
                                                      0.077     5.162 r  i_dram_wrapper/i_dram/u_mig7s_mig/u_ddr3_infrastructure/plle2_i/CLKOUT3
                         net (fo=1, routed)           1.155     6.317    i_dram_wrapper/i_dram/u_mig7s_mig/u_ddr3_infrastructure/pll_clk3_out
    BUFHCE_X1Y12         BUFH (Prop_bufh_I_O)         0.103     6.420 r  i_dram_wrapper/i_dram/u_mig7s_mig/u_ddr3_infrastructure/u_bufh_pll_clk3/O
                         net (fo=1, routed)           0.790     7.210    i_dram_wrapper/i_dram/u_mig7s_mig/u_ddr3_infrastructure/pll_clk3
    MMCME2_ADV_X1Y1      MMCME2_ADV (Prop_mmcme2_adv_CLKIN1_CLKFBOUT)
                                                     -3.987     3.223 r  i_dram_wrapper/i_dram/u_mig7s_mig/u_ddr3_infrastructure/gen_mmcm.mmcm_i/CLKFBOUT
                         net (fo=1, routed)           2.130     5.353    i_dram_wrapper/i_dram/u_mig7s_mig/u_ddr3_infrastructure/clk_pll_i
    BUFGCTRL_X0Y0        BUFG (Prop_bufg_I_O)         0.093     5.446 r  i_dram_wrapper/i_dram/u_mig7s_mig/u_ddr3_infrastructure/u_bufg_clkdiv0/O
                         net (fo=13317, routed)       1.701     7.147    i_dram_wrapper/i_dram/u_mig7s_mig/u_memc_ui_top_axi/mem_intfc0/mc0/CLK
    SLICE_X151Y95        FDRE                                         r  i_dram_wrapper/i_dram/u_mig7s_mig/u_memc_ui_top_axi/mem_intfc0/mc0/mc_read_idle_r_reg/C
  -------------------------------------------------------------------    -------------------
    SLICE_X151Y95        FDRE (Prop_fdre_C_Q)         0.223     7.370 r  i_dram_wrapper/i_dram/u_mig7s_mig/u_memc_ui_top_axi/mem_intfc0/mc0/mc_read_idle_r_reg/Q
                         net (fo=72, routed)          4.116    11.486    i_dram_wrapper/i_dram/u_mig7s_mig/u_memc_ui_top_axi/mem_intfc0/ddr_phy_top0/u_ddr_mc_phy_wrapper/gen_dq_iobuf_HP.gen_dq_iobuf[0].u_iobuf_dq/IBUFDISABLE
    AD3                  IBUF_IBUFDISABLE (Prop_ibuf_ibufdisable_IBUFDISABLE_O)
                                                      1.453    12.939 r  i_dram_wrapper/i_dram/u_mig7s_mig/u_memc_ui_top_axi/mem_intfc0/ddr_phy_top0/u_ddr_mc_phy_wrapper/gen_dq_iobuf_HP.gen_dq_iobuf[0].u_iobuf_dq/IBUF/O
                         net (fo=2, routed)           0.000    12.939    i_dram_wrapper/i_dram/u_mig7s_mig/u_memc_ui_top_axi/mem_intfc0/ddr_phy_top0/u_ddr_mc_phy_wrapper/u_ddr_mc_phy/ddr_phy_4lanes_0.u_ddr_phy_4lanes/ddr_byte_lane_D.ddr_byte_lane_D/ddr_byte_group_io/mem_dq_in[7]
    IDELAY_X1Y147        IDELAYE2_FINEDELAY (Prop_idelaye2_finedelay_IDATAIN_DATAOUT)
                                                      0.666    13.605 r  i_dram_wrapper/i_dram/u_mig7s_mig/u_memc_ui_top_axi/mem_intfc0/ddr_phy_top0/u_ddr_mc_phy_wrapper/u_ddr_mc_phy/ddr_phy_4lanes_0.u_ddr_phy_4lanes/ddr_byte_lane_D.ddr_byte_lane_D/ddr_byte_group_io/input_[8].iserdes_dq_.idelay_finedelay_dq.idelaye2/DATAOUT
                         net (fo=1, routed)           0.000    13.605    i_dram_wrapper/i_dram/u_mig7s_mig/u_memc_ui_top_axi/mem_intfc0/ddr_phy_top0/u_ddr_mc_phy_wrapper/u_ddr_mc_phy/ddr_phy_4lanes_0.u_ddr_phy_4lanes/ddr_byte_lane_D.ddr_byte_lane_D/ddr_byte_group_io/data_in_dly_8
    ILOGIC_X1Y147        ISERDESE2                                    r  i_dram_wrapper/i_dram/u_mig7s_mig/u_memc_ui_top_axi/mem_intfc0/ddr_phy_top0/u_ddr_mc_phy_wrapper/u_ddr_mc_phy/ddr_phy_4lanes_0.u_ddr_phy_4lanes/ddr_byte_lane_D.ddr_byte_lane_D/ddr_byte_group_io/input_[8].iserdes_dq_.iserdesdq/DDLY
  -------------------------------------------------------------------    -------------------

                         (clock u_memc_ui_top_axi/mem_intfc0/ddr_phy_top0/u_ddr_mc_phy_wrapper/u_ddr_mc_phy/ddr_phy_4lanes_0.u_ddr_phy_4lanes/ddr_byte_lane_D.ddr_byte_lane_D/iserdes_clk fall edge)
                                                      6.797     6.797 f  
    AD12                                              0.000     6.797 f  sys_clk_p (IN)
                         net (fo=0)                   0.000     6.797    sys_clk_p
    AD12                 IBUFDS (Prop_ibufds_I_O)     0.803     7.600 f  i_bufds_sys_clk/O
                         net (fo=1, routed)           2.173     9.773    sys_clk
    BUFGCTRL_X0Y1        BUFG (Prop_bufg_I_O)         0.083     9.856 f  sys_clk_BUFG_inst/O
                         net (fo=63, routed)          1.626    11.482    i_dram_wrapper/i_dram/u_mig7s_mig/u_ddr3_infrastructure/plle2_i_0
    PLLE2_ADV_X1Y1       PLLE2_ADV (Prop_plle2_adv_CLKIN1_CLKOUT0)
                                                      0.073    11.555 f  i_dram_wrapper/i_dram/u_mig7s_mig/u_ddr3_infrastructure/plle2_i/CLKOUT0
                         net (fo=14, routed)          1.057    12.612    i_dram_wrapper/i_dram/u_mig7s_mig/u_memc_ui_top_axi/mem_intfc0/ddr_phy_top0/u_ddr_mc_phy_wrapper/u_ddr_mc_phy/ddr_phy_4lanes_0.u_ddr_phy_4lanes/ddr_byte_lane_D.ddr_byte_lane_D/freq_refclk
    PHASER_IN_PHY_X1Y11  PHASER_IN_PHY (Prop_phaser_in_phy_FREQREFCLK_ICLK)
                                                      1.394    14.006 f  i_dram_wrapper/i_dram/u_mig7s_mig/u_memc_ui_top_axi/mem_intfc0/ddr_phy_top0/u_ddr_mc_phy_wrapper/u_ddr_mc_phy/ddr_phy_4lanes_0.u_ddr_phy_4lanes/ddr_byte_lane_D.ddr_byte_lane_D/phaser_in_gen.phaser_in/ICLK
                         net (fo=16, routed)          0.315    14.321    i_dram_wrapper/i_dram/u_mig7s_mig/u_memc_ui_top_axi/mem_intfc0/ddr_phy_top0/u_ddr_mc_phy_wrapper/u_ddr_mc_phy/ddr_phy_4lanes_0.u_ddr_phy_4lanes/ddr_byte_lane_D.ddr_byte_lane_D/ddr_byte_group_io/CLKB0_9
    ILOGIC_X1Y147        ISERDESE2                                    r  i_dram_wrapper/i_dram/u_mig7s_mig/u_memc_ui_top_axi/mem_intfc0/ddr_phy_top0/u_ddr_mc_phy_wrapper/u_ddr_mc_phy/ddr_phy_4lanes_0.u_ddr_phy_4lanes/ddr_byte_lane_D.ddr_byte_lane_D/ddr_byte_group_io/input_[8].iserdes_dq_.iserdesdq/CLKB  (IS_INVERTED)
                         clock pessimism              0.403    14.725    
                         clock uncertainty           -0.173    14.552    
    ILOGIC_X1Y147        ISERDESE2 (Setup_iserdese2_CLKB_DDLY)
                                                     -0.115    14.437    i_dram_wrapper/i_dram/u_mig7s_mig/u_memc_ui_top_axi/mem_intfc0/ddr_phy_top0/u_ddr_mc_phy_wrapper/u_ddr_mc_phy/ddr_phy_4lanes_0.u_ddr_phy_4lanes/ddr_byte_lane_D.ddr_byte_lane_D/ddr_byte_group_io/input_[8].iserdes_dq_.iserdesdq
  -------------------------------------------------------------------
                         required time                         14.437    
                         arrival time                         -13.605    
  -------------------------------------------------------------------
                         slack                                  0.832    

Slack (MET) :             0.945ns  (required time - arrival time)
  Source:                 i_dram_wrapper/i_dram/u_mig7s_mig/u_memc_ui_top_axi/mem_intfc0/ddr_phy_top0/u_ddr_mc_phy_wrapper/u_ddr_mc_phy/ddr_phy_4lanes_0.u_ddr_phy_4lanes/ddr_byte_lane_C.ddr_byte_lane_C/ddr_byte_group_io/input_[2].iserdes_dq_.iserdesdq/CLKDIVP
                            (rising edge-triggered cell ISERDESE2 clocked by iserdes_clkdiv_2  {rise@1.172ns fall@2.422ns period=2.500ns})
  Destination:            i_dram_wrapper/i_dram/u_mig7s_mig/u_memc_ui_top_axi/mem_intfc0/ddr_phy_top0/u_ddr_mc_phy_wrapper/u_ddr_mc_phy/ddr_phy_4lanes_0.u_ddr_phy_4lanes/ddr_byte_lane_C.ddr_byte_lane_C/in_fifo_gen.in_fifo/D2[0]
                            (rising edge-triggered cell IN_FIFO clocked by iserdes_clkdiv_2  {rise@1.172ns fall@2.422ns period=2.500ns})
  Path Group:             iserdes_clkdiv_2
  Path Type:              Setup (Max at Slow Process Corner)
  Requirement:            2.500ns  (iserdes_clkdiv_2 rise@3.672ns - iserdes_clkdiv_2 rise@1.172ns)
  Data Path Delay:        0.739ns  (logic 0.326ns (44.092%)  route 0.413ns (55.908%))
  Logic Levels:           0  
  Clock Path Skew:        -0.337ns (DCD - SCD + CPR)
    Destination Clock Delay (DCD):    7.362ns = ( 11.034 - 3.672 ) 
    Source Clock Delay      (SCD):    8.273ns = ( 9.445 - 1.172 ) 
    Clock Pessimism Removal (CPR):    0.573ns
  Clock Uncertainty:      0.047ns  ((TSJ^2 + DJ^2)^1/2) / 2 + PE
    Total System Jitter     (TSJ):    0.071ns
    Discrete Jitter          (DJ):    0.061ns
    Phase Error              (PE):    0.000ns

    Location             Delay type                Incr(ns)  Path(ns)    Netlist Resource(s)
  -------------------------------------------------------------------    -------------------
                         (clock iserdes_clkdiv_2 rise edge)
                                                      1.172     1.172 r  
    AD12                                              0.000     1.172 r  sys_clk_p (IN)
                         net (fo=0)                   0.000     1.172    sys_clk_p
    AD12                 IBUFDS (Prop_ibufds_I_O)     0.906     2.078 r  i_bufds_sys_clk/O
                         net (fo=1, routed)           2.299     4.377    sys_clk
    BUFGCTRL_X0Y1        BUFG (Prop_bufg_I_O)         0.093     4.470 r  sys_clk_BUFG_inst/O
                         net (fo=63, routed)          1.787     6.257    i_dram_wrapper/i_dram/u_mig7s_mig/u_ddr3_infrastructure/plle2_i_0
    PLLE2_ADV_X1Y1       PLLE2_ADV (Prop_plle2_adv_CLKIN1_CLKOUT0)
                                                      0.077     6.334 r  i_dram_wrapper/i_dram/u_mig7s_mig/u_ddr3_infrastructure/plle2_i/CLKOUT0
                         net (fo=14, routed)          1.192     7.526    i_dram_wrapper/i_dram/u_mig7s_mig/u_memc_ui_top_axi/mem_intfc0/ddr_phy_top0/u_ddr_mc_phy_wrapper/u_ddr_mc_phy/ddr_phy_4lanes_0.u_ddr_phy_4lanes/ddr_byte_lane_C.ddr_byte_lane_C/freq_refclk
    PHASER_IN_PHY_X1Y10  PHASER_IN_PHY (Prop_phaser_in_phy_FREQREFCLK_ICLK)
                                                      1.428     8.954 r  i_dram_wrapper/i_dram/u_mig7s_mig/u_memc_ui_top_axi/mem_intfc0/ddr_phy_top0/u_ddr_mc_phy_wrapper/u_ddr_mc_phy/ddr_phy_4lanes_0.u_ddr_phy_4lanes/ddr_byte_lane_C.ddr_byte_lane_C/phaser_in_gen.phaser_in/ICLK
    PHASER_IN_PHY_X1Y10  PHASER_IN_PHY (Prop_phaser_in_phy_ICLK_ICLKDIV)
                                                      0.154     9.108 r  i_dram_wrapper/i_dram/u_mig7s_mig/u_memc_ui_top_axi/mem_intfc0/ddr_phy_top0/u_ddr_mc_phy_wrapper/u_ddr_mc_phy/ddr_phy_4lanes_0.u_ddr_phy_4lanes/ddr_byte_lane_C.ddr_byte_lane_C/phaser_in_gen.phaser_in/ICLKDIV
                         net (fo=9, routed)           0.337     9.445    i_dram_wrapper/i_dram/u_mig7s_mig/u_memc_ui_top_axi/mem_intfc0/ddr_phy_top0/u_ddr_mc_phy_wrapper/u_ddr_mc_phy/ddr_phy_4lanes_0.u_ddr_phy_4lanes/ddr_byte_lane_C.ddr_byte_lane_C/ddr_byte_group_io/iserdes_clkdiv
    ILOGIC_X1Y127        ISERDESE2                                    r  i_dram_wrapper/i_dram/u_mig7s_mig/u_memc_ui_top_axi/mem_intfc0/ddr_phy_top0/u_ddr_mc_phy_wrapper/u_ddr_mc_phy/ddr_phy_4lanes_0.u_ddr_phy_4lanes/ddr_byte_lane_C.ddr_byte_lane_C/ddr_byte_group_io/input_[2].iserdes_dq_.iserdesdq/CLKDIVP
  -------------------------------------------------------------------    -------------------
    ILOGIC_X1Y127        ISERDESE2 (Prop_iserdese2_CLKDIVP_Q4)
                                                      0.326     9.771 r  i_dram_wrapper/i_dram/u_mig7s_mig/u_memc_ui_top_axi/mem_intfc0/ddr_phy_top0/u_ddr_mc_phy_wrapper/u_ddr_mc_phy/ddr_phy_4lanes_0.u_ddr_phy_4lanes/ddr_byte_lane_C.ddr_byte_lane_C/ddr_byte_group_io/input_[2].iserdes_dq_.iserdesdq/Q4
                         net (fo=1, routed)           0.413    10.184    i_dram_wrapper/i_dram/u_mig7s_mig/u_memc_ui_top_axi/mem_intfc0/ddr_phy_top0/u_ddr_mc_phy_wrapper/u_ddr_mc_phy/ddr_phy_4lanes_0.u_ddr_phy_4lanes/ddr_byte_lane_C.ddr_byte_lane_C/if_d2[0]
    IN_FIFO_X1Y10        IN_FIFO                                      r  i_dram_wrapper/i_dram/u_mig7s_mig/u_memc_ui_top_axi/mem_intfc0/ddr_phy_top0/u_ddr_mc_phy_wrapper/u_ddr_mc_phy/ddr_phy_4lanes_0.u_ddr_phy_4lanes/ddr_byte_lane_C.ddr_byte_lane_C/in_fifo_gen.in_fifo/D2[0]
  -------------------------------------------------------------------    -------------------

                         (clock iserdes_clkdiv_2 rise edge)
                                                      3.672     3.672 r  
    AD12                                              0.000     3.672 r  sys_clk_p (IN)
                         net (fo=0)                   0.000     3.672    sys_clk_p
    AD12                 IBUFDS (Prop_ibufds_I_O)     0.803     4.475 r  i_bufds_sys_clk/O
                         net (fo=1, routed)           2.173     6.648    sys_clk
    BUFGCTRL_X0Y1        BUFG (Prop_bufg_I_O)         0.083     6.731 r  sys_clk_BUFG_inst/O
                         net (fo=63, routed)          1.626     8.357    i_dram_wrapper/i_dram/u_mig7s_mig/u_ddr3_infrastructure/plle2_i_0
    PLLE2_ADV_X1Y1       PLLE2_ADV (Prop_plle2_adv_CLKIN1_CLKOUT0)
                                                      0.073     8.430 r  i_dram_wrapper/i_dram/u_mig7s_mig/u_ddr3_infrastructure/plle2_i/CLKOUT0
                         net (fo=14, routed)          1.065     9.495    i_dram_wrapper/i_dram/u_mig7s_mig/u_memc_ui_top_axi/mem_intfc0/ddr_phy_top0/u_ddr_mc_phy_wrapper/u_ddr_mc_phy/ddr_phy_4lanes_0.u_ddr_phy_4lanes/ddr_byte_lane_C.ddr_byte_lane_C/freq_refclk
    PHASER_IN_PHY_X1Y10  PHASER_IN_PHY (Prop_phaser_in_phy_FREQREFCLK_ICLK)
                                                      1.394    10.889 r  i_dram_wrapper/i_dram/u_mig7s_mig/u_memc_ui_top_axi/mem_intfc0/ddr_phy_top0/u_ddr_mc_phy_wrapper/u_ddr_mc_phy/ddr_phy_4lanes_0.u_ddr_phy_4lanes/ddr_byte_lane_C.ddr_byte_lane_C/phaser_in_gen.phaser_in/ICLK
    PHASER_IN_PHY_X1Y10  PHASER_IN_PHY (Prop_phaser_in_phy_ICLK_ICLKDIV)
                                                      0.145    11.034 r  i_dram_wrapper/i_dram/u_mig7s_mig/u_memc_ui_top_axi/mem_intfc0/ddr_phy_top0/u_ddr_mc_phy_wrapper/u_ddr_mc_phy/ddr_phy_4lanes_0.u_ddr_phy_4lanes/ddr_byte_lane_C.ddr_byte_lane_C/phaser_in_gen.phaser_in/ICLKDIV
                         net (fo=9, routed)           0.000    11.034    i_dram_wrapper/i_dram/u_mig7s_mig/u_memc_ui_top_axi/mem_intfc0/ddr_phy_top0/u_ddr_mc_phy_wrapper/u_ddr_mc_phy/ddr_phy_4lanes_0.u_ddr_phy_4lanes/ddr_byte_lane_C.ddr_byte_lane_C/iserdes_clkdiv
    IN_FIFO_X1Y10        IN_FIFO                                      r  i_dram_wrapper/i_dram/u_mig7s_mig/u_memc_ui_top_axi/mem_intfc0/ddr_phy_top0/u_ddr_mc_phy_wrapper/u_ddr_mc_phy/ddr_phy_4lanes_0.u_ddr_phy_4lanes/ddr_byte_lane_C.ddr_byte_lane_C/in_fifo_gen.in_fifo/WRCLK
                         clock pessimism              0.573    11.608    
                         clock uncertainty           -0.047    11.561    
    IN_FIFO_X1Y10        IN_FIFO (Setup_in_fifo_WRCLK_D2[0])
                                                     -0.432    11.129    i_dram_wrapper/i_dram/u_mig7s_mig/u_memc_ui_top_axi/mem_intfc0/ddr_phy_top0/u_ddr_mc_phy_wrapper/u_ddr_mc_phy/ddr_phy_4lanes_0.u_ddr_phy_4lanes/ddr_byte_lane_C.ddr_byte_lane_C/in_fifo_gen.in_fifo
  -------------------------------------------------------------------
                         required time                         11.129    
                         arrival time                         -10.184    
  -------------------------------------------------------------------
                         slack                                  0.945    

Slack (MET) :             0.963ns  (required time - arrival time)
  Source:                 i_dram_wrapper/i_dram/u_mig7s_mig/u_memc_ui_top_axi/mem_intfc0/ddr_phy_top0/u_ddr_mc_phy_wrapper/u_ddr_mc_phy/ddr_phy_4lanes_0.u_ddr_phy_4lanes/ddr_byte_lane_B.ddr_byte_lane_B/ddr_byte_group_io/input_[8].iserdes_dq_.iserdesdq/CLKDIVP
                            (rising edge-triggered cell ISERDESE2 clocked by iserdes_clkdiv_1  {rise@1.172ns fall@2.422ns period=2.500ns})
  Destination:            i_dram_wrapper/i_dram/u_mig7s_mig/u_memc_ui_top_axi/mem_intfc0/ddr_phy_top0/u_ddr_mc_phy_wrapper/u_ddr_mc_phy/ddr_phy_4lanes_0.u_ddr_phy_4lanes/ddr_byte_lane_B.ddr_byte_lane_B/in_fifo_gen.in_fifo/D8[1]
                            (rising edge-triggered cell IN_FIFO clocked by iserdes_clkdiv_1  {rise@1.172ns fall@2.422ns period=2.500ns})
  Path Group:             iserdes_clkdiv_1
  Path Type:              Setup (Max at Slow Process Corner)
  Requirement:            2.500ns  (iserdes_clkdiv_1 rise@3.672ns - iserdes_clkdiv_1 rise@1.172ns)
  Data Path Delay:        0.738ns  (logic 0.326ns (44.151%)  route 0.412ns (55.849%))
  Logic Levels:           0  
  Clock Path Skew:        -0.347ns (DCD - SCD + CPR)
    Destination Clock Delay (DCD):    7.372ns = ( 11.044 - 3.672 ) 
    Source Clock Delay      (SCD):    8.295ns = ( 9.467 - 1.172 ) 
    Clock Pessimism Removal (CPR):    0.575ns
  Clock Uncertainty:      0.047ns  ((TSJ^2 + DJ^2)^1/2) / 2 + PE
    Total System Jitter     (TSJ):    0.071ns
    Discrete Jitter          (DJ):    0.061ns
    Phase Error              (PE):    0.000ns

    Location             Delay type                Incr(ns)  Path(ns)    Netlist Resource(s)
  -------------------------------------------------------------------    -------------------
                         (clock iserdes_clkdiv_1 rise edge)
                                                      1.172     1.172 r  
    AD12                                              0.000     1.172 r  sys_clk_p (IN)
                         net (fo=0)                   0.000     1.172    sys_clk_p
    AD12                 IBUFDS (Prop_ibufds_I_O)     0.906     2.078 r  i_bufds_sys_clk/O
                         net (fo=1, routed)           2.299     4.377    sys_clk
    BUFGCTRL_X0Y1        BUFG (Prop_bufg_I_O)         0.093     4.470 r  sys_clk_BUFG_inst/O
                         net (fo=63, routed)          1.787     6.257    i_dram_wrapper/i_dram/u_mig7s_mig/u_ddr3_infrastructure/plle2_i_0
    PLLE2_ADV_X1Y1       PLLE2_ADV (Prop_plle2_adv_CLKIN1_CLKOUT0)
                                                      0.077     6.334 r  i_dram_wrapper/i_dram/u_mig7s_mig/u_ddr3_infrastructure/plle2_i/CLKOUT0
                         net (fo=14, routed)          1.204     7.538    i_dram_wrapper/i_dram/u_mig7s_mig/u_memc_ui_top_axi/mem_intfc0/ddr_phy_top0/u_ddr_mc_phy_wrapper/u_ddr_mc_phy/ddr_phy_4lanes_0.u_ddr_phy_4lanes/ddr_byte_lane_B.ddr_byte_lane_B/freq_refclk
    PHASER_IN_PHY_X1Y9   PHASER_IN_PHY (Prop_phaser_in_phy_FREQREFCLK_ICLK)
                                                      1.428     8.966 r  i_dram_wrapper/i_dram/u_mig7s_mig/u_memc_ui_top_axi/mem_intfc0/ddr_phy_top0/u_ddr_mc_phy_wrapper/u_ddr_mc_phy/ddr_phy_4lanes_0.u_ddr_phy_4lanes/ddr_byte_lane_B.ddr_byte_lane_B/phaser_in_gen.phaser_in/ICLK
    PHASER_IN_PHY_X1Y9   PHASER_IN_PHY (Prop_phaser_in_phy_ICLK_ICLKDIV)
                                                      0.154     9.120 r  i_dram_wrapper/i_dram/u_mig7s_mig/u_memc_ui_top_axi/mem_intfc0/ddr_phy_top0/u_ddr_mc_phy_wrapper/u_ddr_mc_phy/ddr_phy_4lanes_0.u_ddr_phy_4lanes/ddr_byte_lane_B.ddr_byte_lane_B/phaser_in_gen.phaser_in/ICLKDIV
                         net (fo=9, routed)           0.347     9.467    i_dram_wrapper/i_dram/u_mig7s_mig/u_memc_ui_top_axi/mem_intfc0/ddr_phy_top0/u_ddr_mc_phy_wrapper/u_ddr_mc_phy/ddr_phy_4lanes_0.u_ddr_phy_4lanes/ddr_byte_lane_B.ddr_byte_lane_B/ddr_byte_group_io/iserdes_clkdiv
    ILOGIC_X1Y123        ISERDESE2                                    r  i_dram_wrapper/i_dram/u_mig7s_mig/u_memc_ui_top_axi/mem_intfc0/ddr_phy_top0/u_ddr_mc_phy_wrapper/u_ddr_mc_phy/ddr_phy_4lanes_0.u_ddr_phy_4lanes/ddr_byte_lane_B.ddr_byte_lane_B/ddr_byte_group_io/input_[8].iserdes_dq_.iserdesdq/CLKDIVP
  -------------------------------------------------------------------    -------------------
    ILOGIC_X1Y123        ISERDESE2 (Prop_iserdese2_CLKDIVP_Q3)
                                                      0.326     9.793 r  i_dram_wrapper/i_dram/u_mig7s_mig/u_memc_ui_top_axi/mem_intfc0/ddr_phy_top0/u_ddr_mc_phy_wrapper/u_ddr_mc_phy/ddr_phy_4lanes_0.u_ddr_phy_4lanes/ddr_byte_lane_B.ddr_byte_lane_B/ddr_byte_group_io/input_[8].iserdes_dq_.iserdesdq/Q3
                         net (fo=1, routed)           0.412    10.205    i_dram_wrapper/i_dram/u_mig7s_mig/u_memc_ui_top_axi/mem_intfc0/ddr_phy_top0/u_ddr_mc_phy_wrapper/u_ddr_mc_phy/ddr_phy_4lanes_0.u_ddr_phy_4lanes/ddr_byte_lane_B.ddr_byte_lane_B/if_d8[1]
    IN_FIFO_X1Y9         IN_FIFO                                      r  i_dram_wrapper/i_dram/u_mig7s_mig/u_memc_ui_top_axi/mem_intfc0/ddr_phy_top0/u_ddr_mc_phy_wrapper/u_ddr_mc_phy/ddr_phy_4lanes_0.u_ddr_phy_4lanes/ddr_byte_lane_B.ddr_byte_lane_B/in_fifo_gen.in_fifo/D8[1]
  -------------------------------------------------------------------    -------------------

                         (clock iserdes_clkdiv_1 rise edge)
                                                      3.672     3.672 r  
    AD12                                              0.000     3.672 r  sys_clk_p (IN)
                         net (fo=0)                   0.000     3.672    sys_clk_p
    AD12                 IBUFDS (Prop_ibufds_I_O)     0.803     4.475 r  i_bufds_sys_clk/O
                         net (fo=1, routed)           2.173     6.648    sys_clk
    BUFGCTRL_X0Y1        BUFG (Prop_bufg_I_O)         0.083     6.731 r  sys_clk_BUFG_inst/O
                         net (fo=63, routed)          1.626     8.357    i_dram_wrapper/i_dram/u_mig7s_mig/u_ddr3_infrastructure/plle2_i_0
    PLLE2_ADV_X1Y1       PLLE2_ADV (Prop_plle2_adv_CLKIN1_CLKOUT0)
                                                      0.073     8.430 r  i_dram_wrapper/i_dram/u_mig7s_mig/u_ddr3_infrastructure/plle2_i/CLKOUT0
                         net (fo=14, routed)          1.075     9.505    i_dram_wrapper/i_dram/u_mig7s_mig/u_memc_ui_top_axi/mem_intfc0/ddr_phy_top0/u_ddr_mc_phy_wrapper/u_ddr_mc_phy/ddr_phy_4lanes_0.u_ddr_phy_4lanes/ddr_byte_lane_B.ddr_byte_lane_B/freq_refclk
    PHASER_IN_PHY_X1Y9   PHASER_IN_PHY (Prop_phaser_in_phy_FREQREFCLK_ICLK)
                                                      1.394    10.899 r  i_dram_wrapper/i_dram/u_mig7s_mig/u_memc_ui_top_axi/mem_intfc0/ddr_phy_top0/u_ddr_mc_phy_wrapper/u_ddr_mc_phy/ddr_phy_4lanes_0.u_ddr_phy_4lanes/ddr_byte_lane_B.ddr_byte_lane_B/phaser_in_gen.phaser_in/ICLK
    PHASER_IN_PHY_X1Y9   PHASER_IN_PHY (Prop_phaser_in_phy_ICLK_ICLKDIV)
                                                      0.145    11.044 r  i_dram_wrapper/i_dram/u_mig7s_mig/u_memc_ui_top_axi/mem_intfc0/ddr_phy_top0/u_ddr_mc_phy_wrapper/u_ddr_mc_phy/ddr_phy_4lanes_0.u_ddr_phy_4lanes/ddr_byte_lane_B.ddr_byte_lane_B/phaser_in_gen.phaser_in/ICLKDIV
                         net (fo=9, routed)           0.000    11.044    i_dram_wrapper/i_dram/u_mig7s_mig/u_memc_ui_top_axi/mem_intfc0/ddr_phy_top0/u_ddr_mc_phy_wrapper/u_ddr_mc_phy/ddr_phy_4lanes_0.u_ddr_phy_4lanes/ddr_byte_lane_B.ddr_byte_lane_B/iserdes_clkdiv
    IN_FIFO_X1Y9         IN_FIFO                                      r  i_dram_wrapper/i_dram/u_mig7s_mig/u_memc_ui_top_axi/mem_intfc0/ddr_phy_top0/u_ddr_mc_phy_wrapper/u_ddr_mc_phy/ddr_phy_4lanes_0.u_ddr_phy_4lanes/ddr_byte_lane_B.ddr_byte_lane_B/in_fifo_gen.in_fifo/WRCLK
                         clock pessimism              0.575    11.620    
                         clock uncertainty           -0.047    11.573    
    IN_FIFO_X1Y9         IN_FIFO (Setup_in_fifo_WRCLK_D8[1])
                                                     -0.405    11.168    i_dram_wrapper/i_dram/u_mig7s_mig/u_memc_ui_top_axi/mem_intfc0/ddr_phy_top0/u_ddr_mc_phy_wrapper/u_ddr_mc_phy/ddr_phy_4lanes_0.u_ddr_phy_4lanes/ddr_byte_lane_B.ddr_byte_lane_B/in_fifo_gen.in_fifo
  -------------------------------------------------------------------
                         required time                         11.168    
                         arrival time                         -10.205    
  -------------------------------------------------------------------
                         slack                                  0.963    

Slack (MET) :             0.983ns  (required time - arrival time)
  Source:                 i_dram_wrapper/i_dram/u_mig7s_mig/u_memc_ui_top_axi/mem_intfc0/ddr_phy_top0/u_ddr_mc_phy_wrapper/u_ddr_mc_phy/ddr_phy_4lanes_0.u_ddr_phy_4lanes/ddr_byte_lane_A.ddr_byte_lane_A/ddr_byte_group_io/input_[1].iserdes_dq_.iserdesdq/CLKDIVP
                            (rising edge-triggered cell ISERDESE2 clocked by iserdes_clkdiv  {rise@1.172ns fall@2.422ns period=2.500ns})
  Destination:            i_dram_wrapper/i_dram/u_mig7s_mig/u_memc_ui_top_axi/mem_intfc0/ddr_phy_top0/u_ddr_mc_phy_wrapper/u_ddr_mc_phy/ddr_phy_4lanes_0.u_ddr_phy_4lanes/ddr_byte_lane_A.ddr_byte_lane_A/in_fifo_gen.in_fifo/D1[3]
                            (rising edge-triggered cell IN_FIFO clocked by iserdes_clkdiv  {rise@1.172ns fall@2.422ns period=2.500ns})
  Path Group:             iserdes_clkdiv
  Path Type:              Setup (Max at Slow Process Corner)
  Requirement:            2.500ns  (iserdes_clkdiv rise@3.672ns - iserdes_clkdiv rise@1.172ns)
  Data Path Delay:        0.643ns  (logic 0.326ns (50.688%)  route 0.317ns (49.312%))
  Logic Levels:           0  
  Clock Path Skew:        -0.358ns (DCD - SCD + CPR)
    Destination Clock Delay (DCD):    7.373ns = ( 11.045 - 3.672 ) 
    Source Clock Delay      (SCD):    8.307ns = ( 9.479 - 1.172 ) 
    Clock Pessimism Removal (CPR):    0.575ns
  Clock Uncertainty:      0.047ns  ((TSJ^2 + DJ^2)^1/2) / 2 + PE
    Total System Jitter     (TSJ):    0.071ns
    Discrete Jitter          (DJ):    0.061ns
    Phase Error              (PE):    0.000ns

    Location             Delay type                Incr(ns)  Path(ns)    Netlist Resource(s)
  -------------------------------------------------------------------    -------------------
                         (clock iserdes_clkdiv rise edge)
                                                      1.172     1.172 r  
    AD12                                              0.000     1.172 r  sys_clk_p (IN)
                         net (fo=0)                   0.000     1.172    sys_clk_p
    AD12                 IBUFDS (Prop_ibufds_I_O)     0.906     2.078 r  i_bufds_sys_clk/O
                         net (fo=1, routed)           2.299     4.377    sys_clk
    BUFGCTRL_X0Y1        BUFG (Prop_bufg_I_O)         0.093     4.470 r  sys_clk_BUFG_inst/O
                         net (fo=63, routed)          1.787     6.257    i_dram_wrapper/i_dram/u_mig7s_mig/u_ddr3_infrastructure/plle2_i_0
    PLLE2_ADV_X1Y1       PLLE2_ADV (Prop_plle2_adv_CLKIN1_CLKOUT0)
                                                      0.077     6.334 r  i_dram_wrapper/i_dram/u_mig7s_mig/u_ddr3_infrastructure/plle2_i/CLKOUT0
                         net (fo=14, routed)          1.205     7.539    i_dram_wrapper/i_dram/u_mig7s_mig/u_memc_ui_top_axi/mem_intfc0/ddr_phy_top0/u_ddr_mc_phy_wrapper/u_ddr_mc_phy/ddr_phy_4lanes_0.u_ddr_phy_4lanes/ddr_byte_lane_A.ddr_byte_lane_A/freq_refclk
    PHASER_IN_PHY_X1Y8   PHASER_IN_PHY (Prop_phaser_in_phy_FREQREFCLK_ICLK)
                                                      1.428     8.967 r  i_dram_wrapper/i_dram/u_mig7s_mig/u_memc_ui_top_axi/mem_intfc0/ddr_phy_top0/u_ddr_mc_phy_wrapper/u_ddr_mc_phy/ddr_phy_4lanes_0.u_ddr_phy_4lanes/ddr_byte_lane_A.ddr_byte_lane_A/phaser_in_gen.phaser_in/ICLK
    PHASER_IN_PHY_X1Y8   PHASER_IN_PHY (Prop_phaser_in_phy_ICLK_ICLKDIV)
                                                      0.154     9.121 r  i_dram_wrapper/i_dram/u_mig7s_mig/u_memc_ui_top_axi/mem_intfc0/ddr_phy_top0/u_ddr_mc_phy_wrapper/u_ddr_mc_phy/ddr_phy_4lanes_0.u_ddr_phy_4lanes/ddr_byte_lane_A.ddr_byte_lane_A/phaser_in_gen.phaser_in/ICLKDIV
                         net (fo=9, routed)           0.358     9.479    i_dram_wrapper/i_dram/u_mig7s_mig/u_memc_ui_top_axi/mem_intfc0/ddr_phy_top0/u_ddr_mc_phy_wrapper/u_ddr_mc_phy/ddr_phy_4lanes_0.u_ddr_phy_4lanes/ddr_byte_lane_A.ddr_byte_lane_A/ddr_byte_group_io/iserdes_clkdiv
    ILOGIC_X1Y102        ISERDESE2                                    r  i_dram_wrapper/i_dram/u_mig7s_mig/u_memc_ui_top_axi/mem_intfc0/ddr_phy_top0/u_ddr_mc_phy_wrapper/u_ddr_mc_phy/ddr_phy_4lanes_0.u_ddr_phy_4lanes/ddr_byte_lane_A.ddr_byte_lane_A/ddr_byte_group_io/input_[1].iserdes_dq_.iserdesdq/CLKDIVP
  -------------------------------------------------------------------    -------------------
    ILOGIC_X1Y102        ISERDESE2 (Prop_iserdese2_CLKDIVP_Q1)
                                                      0.326     9.805 r  i_dram_wrapper/i_dram/u_mig7s_mig/u_memc_ui_top_axi/mem_intfc0/ddr_phy_top0/u_ddr_mc_phy_wrapper/u_ddr_mc_phy/ddr_phy_4lanes_0.u_ddr_phy_4lanes/ddr_byte_lane_A.ddr_byte_lane_A/ddr_byte_group_io/input_[1].iserdes_dq_.iserdesdq/Q1
                         net (fo=1, routed)           0.317    10.122    i_dram_wrapper/i_dram/u_mig7s_mig/u_memc_ui_top_axi/mem_intfc0/ddr_phy_top0/u_ddr_mc_phy_wrapper/u_ddr_mc_phy/ddr_phy_4lanes_0.u_ddr_phy_4lanes/ddr_byte_lane_A.ddr_byte_lane_A/if_d1[3]
    IN_FIFO_X1Y8         IN_FIFO                                      r  i_dram_wrapper/i_dram/u_mig7s_mig/u_memc_ui_top_axi/mem_intfc0/ddr_phy_top0/u_ddr_mc_phy_wrapper/u_ddr_mc_phy/ddr_phy_4lanes_0.u_ddr_phy_4lanes/ddr_byte_lane_A.ddr_byte_lane_A/in_fifo_gen.in_fifo/D1[3]
  -------------------------------------------------------------------    -------------------

                         (clock iserdes_clkdiv rise edge)
                                                      3.672     3.672 r  
    AD12                                              0.000     3.672 r  sys_clk_p (IN)
                         net (fo=0)                   0.000     3.672    sys_clk_p
    AD12                 IBUFDS (Prop_ibufds_I_O)     0.803     4.475 r  i_bufds_sys_clk/O
                         net (fo=1, routed)           2.173     6.648    sys_clk
    BUFGCTRL_X0Y1        BUFG (Prop_bufg_I_O)         0.083     6.731 r  sys_clk_BUFG_inst/O
                         net (fo=63, routed)          1.626     8.357    i_dram_wrapper/i_dram/u_mig7s_mig/u_ddr3_infrastructure/plle2_i_0
    PLLE2_ADV_X1Y1       PLLE2_ADV (Prop_plle2_adv_CLKIN1_CLKOUT0)
                                                      0.073     8.430 r  i_dram_wrapper/i_dram/u_mig7s_mig/u_ddr3_infrastructure/plle2_i/CLKOUT0
                         net (fo=14, routed)          1.076     9.506    i_dram_wrapper/i_dram/u_mig7s_mig/u_memc_ui_top_axi/mem_intfc0/ddr_phy_top0/u_ddr_mc_phy_wrapper/u_ddr_mc_phy/ddr_phy_4lanes_0.u_ddr_phy_4lanes/ddr_byte_lane_A.ddr_byte_lane_A/freq_refclk
    PHASER_IN_PHY_X1Y8   PHASER_IN_PHY (Prop_phaser_in_phy_FREQREFCLK_ICLK)
                                                      1.394    10.900 r  i_dram_wrapper/i_dram/u_mig7s_mig/u_memc_ui_top_axi/mem_intfc0/ddr_phy_top0/u_ddr_mc_phy_wrapper/u_ddr_mc_phy/ddr_phy_4lanes_0.u_ddr_phy_4lanes/ddr_byte_lane_A.ddr_byte_lane_A/phaser_in_gen.phaser_in/ICLK
    PHASER_IN_PHY_X1Y8   PHASER_IN_PHY (Prop_phaser_in_phy_ICLK_ICLKDIV)
                                                      0.145    11.045 r  i_dram_wrapper/i_dram/u_mig7s_mig/u_memc_ui_top_axi/mem_intfc0/ddr_phy_top0/u_ddr_mc_phy_wrapper/u_ddr_mc_phy/ddr_phy_4lanes_0.u_ddr_phy_4lanes/ddr_byte_lane_A.ddr_byte_lane_A/phaser_in_gen.phaser_in/ICLKDIV
                         net (fo=9, routed)           0.000    11.045    i_dram_wrapper/i_dram/u_mig7s_mig/u_memc_ui_top_axi/mem_intfc0/ddr_phy_top0/u_ddr_mc_phy_wrapper/u_ddr_mc_phy/ddr_phy_4lanes_0.u_ddr_phy_4lanes/ddr_byte_lane_A.ddr_byte_lane_A/iserdes_clkdiv
    IN_FIFO_X1Y8         IN_FIFO                                      r  i_dram_wrapper/i_dram/u_mig7s_mig/u_memc_ui_top_axi/mem_intfc0/ddr_phy_top0/u_ddr_mc_phy_wrapper/u_ddr_mc_phy/ddr_phy_4lanes_0.u_ddr_phy_4lanes/ddr_byte_lane_A.ddr_byte_lane_A/in_fifo_gen.in_fifo/WRCLK
                         clock pessimism              0.575    11.621    
                         clock uncertainty           -0.047    11.574    
    IN_FIFO_X1Y8         IN_FIFO (Setup_in_fifo_WRCLK_D1[3])
                                                     -0.469    11.105    i_dram_wrapper/i_dram/u_mig7s_mig/u_memc_ui_top_axi/mem_intfc0/ddr_phy_top0/u_ddr_mc_phy_wrapper/u_ddr_mc_phy/ddr_phy_4lanes_0.u_ddr_phy_4lanes/ddr_byte_lane_A.ddr_byte_lane_A/in_fifo_gen.in_fifo
  -------------------------------------------------------------------
                         required time                         11.105    
                         arrival time                         -10.122    
  -------------------------------------------------------------------
                         slack                                  0.983    

Slack (MET) :             0.989ns  (required time - arrival time)
  Source:                 i_dram_wrapper/i_dram/u_mig7s_mig/u_memc_ui_top_axi/mem_intfc0/ddr_phy_top0/u_ddr_mc_phy_wrapper/u_ddr_mc_phy/ddr_phy_4lanes_0.u_ddr_phy_4lanes/ddr_byte_lane_D.ddr_byte_lane_D/ddr_byte_group_io/input_[1].iserdes_dq_.iserdesdq/CLKDIVP
                            (rising edge-triggered cell ISERDESE2 clocked by iserdes_clkdiv_3  {rise@1.172ns fall@2.422ns period=2.500ns})
  Destination:            i_dram_wrapper/i_dram/u_mig7s_mig/u_memc_ui_top_axi/mem_intfc0/ddr_phy_top0/u_ddr_mc_phy_wrapper/u_ddr_mc_phy/ddr_phy_4lanes_0.u_ddr_phy_4lanes/ddr_byte_lane_D.ddr_byte_lane_D/in_fifo_gen.in_fifo/D1[3]
                            (rising edge-triggered cell IN_FIFO clocked by iserdes_clkdiv_3  {rise@1.172ns fall@2.422ns period=2.500ns})
  Path Group:             iserdes_clkdiv_3
  Path Type:              Setup (Max at Slow Process Corner)
  Requirement:            2.500ns  (iserdes_clkdiv_3 rise@3.672ns - iserdes_clkdiv_3 rise@1.172ns)
  Data Path Delay:        0.643ns  (logic 0.326ns (50.688%)  route 0.317ns (49.312%))
  Logic Levels:           0  
  Clock Path Skew:        -0.352ns (DCD - SCD + CPR)
    Destination Clock Delay (DCD):    7.354ns = ( 11.026 - 3.672 ) 
    Source Clock Delay      (SCD):    8.280ns = ( 9.452 - 1.172 ) 
    Clock Pessimism Removal (CPR):    0.573ns
  Clock Uncertainty:      0.047ns  ((TSJ^2 + DJ^2)^1/2) / 2 + PE
    Total System Jitter     (TSJ):    0.071ns
    Discrete Jitter          (DJ):    0.061ns
    Phase Error              (PE):    0.000ns

    Location             Delay type                Incr(ns)  Path(ns)    Netlist Resource(s)
  -------------------------------------------------------------------    -------------------
                         (clock iserdes_clkdiv_3 rise edge)
                                                      1.172     1.172 r  
    AD12                                              0.000     1.172 r  sys_clk_p (IN)
                         net (fo=0)                   0.000     1.172    sys_clk_p
    AD12                 IBUFDS (Prop_ibufds_I_O)     0.906     2.078 r  i_bufds_sys_clk/O
                         net (fo=1, routed)           2.299     4.377    sys_clk
    BUFGCTRL_X0Y1        BUFG (Prop_bufg_I_O)         0.093     4.470 r  sys_clk_BUFG_inst/O
                         net (fo=63, routed)          1.787     6.257    i_dram_wrapper/i_dram/u_mig7s_mig/u_ddr3_infrastructure/plle2_i_0
    PLLE2_ADV_X1Y1       PLLE2_ADV (Prop_plle2_adv_CLKIN1_CLKOUT0)
                                                      0.077     6.334 r  i_dram_wrapper/i_dram/u_mig7s_mig/u_ddr3_infrastructure/plle2_i/CLKOUT0
                         net (fo=14, routed)          1.184     7.518    i_dram_wrapper/i_dram/u_mig7s_mig/u_memc_ui_top_axi/mem_intfc0/ddr_phy_top0/u_ddr_mc_phy_wrapper/u_ddr_mc_phy/ddr_phy_4lanes_0.u_ddr_phy_4lanes/ddr_byte_lane_D.ddr_byte_lane_D/freq_refclk
    PHASER_IN_PHY_X1Y11  PHASER_IN_PHY (Prop_phaser_in_phy_FREQREFCLK_ICLK)
                                                      1.428     8.946 r  i_dram_wrapper/i_dram/u_mig7s_mig/u_memc_ui_top_axi/mem_intfc0/ddr_phy_top0/u_ddr_mc_phy_wrapper/u_ddr_mc_phy/ddr_phy_4lanes_0.u_ddr_phy_4lanes/ddr_byte_lane_D.ddr_byte_lane_D/phaser_in_gen.phaser_in/ICLK
    PHASER_IN_PHY_X1Y11  PHASER_IN_PHY (Prop_phaser_in_phy_ICLK_ICLKDIV)
                                                      0.154     9.100 r  i_dram_wrapper/i_dram/u_mig7s_mig/u_memc_ui_top_axi/mem_intfc0/ddr_phy_top0/u_ddr_mc_phy_wrapper/u_ddr_mc_phy/ddr_phy_4lanes_0.u_ddr_phy_4lanes/ddr_byte_lane_D.ddr_byte_lane_D/phaser_in_gen.phaser_in/ICLKDIV
                         net (fo=9, routed)           0.352     9.452    i_dram_wrapper/i_dram/u_mig7s_mig/u_memc_ui_top_axi/mem_intfc0/ddr_phy_top0/u_ddr_mc_phy_wrapper/u_ddr_mc_phy/ddr_phy_4lanes_0.u_ddr_phy_4lanes/ddr_byte_lane_D.ddr_byte_lane_D/ddr_byte_group_io/iserdes_clkdiv
    ILOGIC_X1Y138        ISERDESE2                                    r  i_dram_wrapper/i_dram/u_mig7s_mig/u_memc_ui_top_axi/mem_intfc0/ddr_phy_top0/u_ddr_mc_phy_wrapper/u_ddr_mc_phy/ddr_phy_4lanes_0.u_ddr_phy_4lanes/ddr_byte_lane_D.ddr_byte_lane_D/ddr_byte_group_io/input_[1].iserdes_dq_.iserdesdq/CLKDIVP
  -------------------------------------------------------------------    -------------------
    ILOGIC_X1Y138        ISERDESE2 (Prop_iserdese2_CLKDIVP_Q1)
                                                      0.326     9.778 r  i_dram_wrapper/i_dram/u_mig7s_mig/u_memc_ui_top_axi/mem_intfc0/ddr_phy_top0/u_ddr_mc_phy_wrapper/u_ddr_mc_phy/ddr_phy_4lanes_0.u_ddr_phy_4lanes/ddr_byte_lane_D.ddr_byte_lane_D/ddr_byte_group_io/input_[1].iserdes_dq_.iserdesdq/Q1
                         net (fo=1, routed)           0.317    10.095    i_dram_wrapper/i_dram/u_mig7s_mig/u_memc_ui_top_axi/mem_intfc0/ddr_phy_top0/u_ddr_mc_phy_wrapper/u_ddr_mc_phy/ddr_phy_4lanes_0.u_ddr_phy_4lanes/ddr_byte_lane_D.ddr_byte_lane_D/if_d1[3]
    IN_FIFO_X1Y11        IN_FIFO                                      r  i_dram_wrapper/i_dram/u_mig7s_mig/u_memc_ui_top_axi/mem_intfc0/ddr_phy_top0/u_ddr_mc_phy_wrapper/u_ddr_mc_phy/ddr_phy_4lanes_0.u_ddr_phy_4lanes/ddr_byte_lane_D.ddr_byte_lane_D/in_fifo_gen.in_fifo/D1[3]
  -------------------------------------------------------------------    -------------------

                         (clock iserdes_clkdiv_3 rise edge)
                                                      3.672     3.672 r  
    AD12                                              0.000     3.672 r  sys_clk_p (IN)
                         net (fo=0)                   0.000     3.672    sys_clk_p
    AD12                 IBUFDS (Prop_ibufds_I_O)     0.803     4.475 r  i_bufds_sys_clk/O
                         net (fo=1, routed)           2.173     6.648    sys_clk
    BUFGCTRL_X0Y1        BUFG (Prop_bufg_I_O)         0.083     6.731 r  sys_clk_BUFG_inst/O
                         net (fo=63, routed)          1.626     8.357    i_dram_wrapper/i_dram/u_mig7s_mig/u_ddr3_infrastructure/plle2_i_0
    PLLE2_ADV_X1Y1       PLLE2_ADV (Prop_plle2_adv_CLKIN1_CLKOUT0)
                                                      0.073     8.430 r  i_dram_wrapper/i_dram/u_mig7s_mig/u_ddr3_infrastructure/plle2_i/CLKOUT0
                         net (fo=14, routed)          1.057     9.487    i_dram_wrapper/i_dram/u_mig7s_mig/u_memc_ui_top_axi/mem_intfc0/ddr_phy_top0/u_ddr_mc_phy_wrapper/u_ddr_mc_phy/ddr_phy_4lanes_0.u_ddr_phy_4lanes/ddr_byte_lane_D.ddr_byte_lane_D/freq_refclk
    PHASER_IN_PHY_X1Y11  PHASER_IN_PHY (Prop_phaser_in_phy_FREQREFCLK_ICLK)
                                                      1.394    10.881 r  i_dram_wrapper/i_dram/u_mig7s_mig/u_memc_ui_top_axi/mem_intfc0/ddr_phy_top0/u_ddr_mc_phy_wrapper/u_ddr_mc_phy/ddr_phy_4lanes_0.u_ddr_phy_4lanes/ddr_byte_lane_D.ddr_byte_lane_D/phaser_in_gen.phaser_in/ICLK
    PHASER_IN_PHY_X1Y11  PHASER_IN_PHY (Prop_phaser_in_phy_ICLK_ICLKDIV)
                                                      0.145    11.026 r  i_dram_wrapper/i_dram/u_mig7s_mig/u_memc_ui_top_axi/mem_intfc0/ddr_phy_top0/u_ddr_mc_phy_wrapper/u_ddr_mc_phy/ddr_phy_4lanes_0.u_ddr_phy_4lanes/ddr_byte_lane_D.ddr_byte_lane_D/phaser_in_gen.phaser_in/ICLKDIV
                         net (fo=9, routed)           0.000    11.026    i_dram_wrapper/i_dram/u_mig7s_mig/u_memc_ui_top_axi/mem_intfc0/ddr_phy_top0/u_ddr_mc_phy_wrapper/u_ddr_mc_phy/ddr_phy_4lanes_0.u_ddr_phy_4lanes/ddr_byte_lane_D.ddr_byte_lane_D/iserdes_clkdiv
    IN_FIFO_X1Y11        IN_FIFO                                      r  i_dram_wrapper/i_dram/u_mig7s_mig/u_memc_ui_top_axi/mem_intfc0/ddr_phy_top0/u_ddr_mc_phy_wrapper/u_ddr_mc_phy/ddr_phy_4lanes_0.u_ddr_phy_4lanes/ddr_byte_lane_D.ddr_byte_lane_D/in_fifo_gen.in_fifo/WRCLK
                         clock pessimism              0.573    11.600    
                         clock uncertainty           -0.047    11.553    
    IN_FIFO_X1Y11        IN_FIFO (Setup_in_fifo_WRCLK_D1[3])
                                                     -0.469    11.084    i_dram_wrapper/i_dram/u_mig7s_mig/u_memc_ui_top_axi/mem_intfc0/ddr_phy_top0/u_ddr_mc_phy_wrapper/u_ddr_mc_phy/ddr_phy_4lanes_0.u_ddr_phy_4lanes/ddr_byte_lane_D.ddr_byte_lane_D/in_fifo_gen.in_fifo
  -------------------------------------------------------------------
                         required time                         11.084    
                         arrival time                         -10.095    
  -------------------------------------------------------------------
                         slack                                  0.989    

Slack (MET) :             1.481ns  (required time - arrival time)
  Source:                 i_dram_wrapper/i_dram/u_mig7s_mig/u_ddr3_infrastructure/rstdiv0_sync_r1_reg_rep/C
                            (rising edge-triggered cell FDPE clocked by clk_pll_i  {rise@0.000ns fall@2.500ns period=5.000ns})
  Destination:            i_dram_wrapper/i_dram/u_mig7s_mig/u_memc_ui_top_axi/mem_intfc0/ddr_phy_top0/u_ddr_mc_phy_wrapper/u_ddr_mc_phy/ddr_phy_4lanes_0.u_ddr_phy_4lanes/phy_control_i/RESET
  Path Group:             **default**
  Path Type:              Max at Slow Process Corner
  Requirement:            5.000ns  (MaxDelay Path 5.000ns)
  Data Path Delay:        3.519ns  (logic 0.223ns (6.337%)  route 3.296ns (93.663%))
  Logic Levels:           0  
  Output Delay:           0.000ns
  Timing Exception:       MaxDelay Path 5.000ns -datapath_only

    Location             Delay type                Incr(ns)  Path(ns)    Netlist Resource(s)
  -------------------------------------------------------------------    -------------------
    SLICE_X128Y93                                     0.000     0.000 r  i_dram_wrapper/i_dram/u_mig7s_mig/u_ddr3_infrastructure/rstdiv0_sync_r1_reg_rep/C
    SLICE_X128Y93        FDPE (Prop_fdpe_C_Q)         0.223     0.223 r  i_dram_wrapper/i_dram/u_mig7s_mig/u_ddr3_infrastructure/rstdiv0_sync_r1_reg_rep/Q
                         net (fo=468, routed)         3.296     3.519    i_dram_wrapper/i_dram/u_mig7s_mig/u_memc_ui_top_axi/mem_intfc0/ddr_phy_top0/u_ddr_mc_phy_wrapper/u_ddr_mc_phy/ddr_phy_4lanes_0.u_ddr_phy_4lanes/in0
    PHY_CONTROL_X1Y2     PHY_CONTROL                                  r  i_dram_wrapper/i_dram/u_mig7s_mig/u_memc_ui_top_axi/mem_intfc0/ddr_phy_top0/u_ddr_mc_phy_wrapper/u_ddr_mc_phy/ddr_phy_4lanes_0.u_ddr_phy_4lanes/phy_control_i/RESET
  -------------------------------------------------------------------    -------------------

                         max delay                    5.000     5.000    
    PHY_CONTROL_X1Y2     PHY_CONTROL                  0.000     5.000    i_dram_wrapper/i_dram/u_mig7s_mig/u_memc_ui_top_axi/mem_intfc0/ddr_phy_top0/u_ddr_mc_phy_wrapper/u_ddr_mc_phy/ddr_phy_4lanes_0.u_ddr_phy_4lanes/phy_control_i
                         output delay                -0.000     5.000    
  -------------------------------------------------------------------
                         required time                          5.000    
                         arrival time                          -3.519    
  -------------------------------------------------------------------
                         slack                                  1.481    

Slack (MET) :             1.532ns  (required time - arrival time)
  Source:                 i_dram_wrapper/i_dram/u_mig7s_mig/u_iodelay_ctrl/rst_ref_gen_1.rst_ref_sync_r_reg[1][6]/C
                            (rising edge-triggered cell FDPE clocked by clk_ref_mmcm_400  {rise@0.000ns fall@1.250ns period=2.500ns})
  Destination:            i_dram_wrapper/i_dram/u_mig7s_mig/u_iodelay_ctrl/rst_ref_gen_1.rst_ref_sync_r_reg[1][7]/D
                            (rising edge-triggered cell FDPE clocked by clk_ref_mmcm_400  {rise@0.000ns fall@1.250ns period=2.500ns})
  Path Group:             clk_ref_mmcm_400
  Path Type:              Setup (Max at Slow Process Corner)
  Requirement:            2.500ns  (clk_ref_mmcm_400 rise@2.500ns - clk_ref_mmcm_400 rise@0.000ns)
  Data Path Delay:        0.862ns  (logic 0.223ns (25.878%)  route 0.639ns (74.122%))
  Logic Levels:           0  
  Clock Path Skew:        -0.040ns (DCD - SCD + CPR)
    Destination Clock Delay (DCD):    8.600ns = ( 11.100 - 2.500 ) 
    Source Clock Delay      (SCD):    9.274ns
    Clock Pessimism Removal (CPR):    0.633ns
  Clock Uncertainty:      0.054ns  ((TSJ^2 + DJ^2)^1/2) / 2 + PE
    Total System Jitter     (TSJ):    0.071ns
    Discrete Jitter          (DJ):    0.081ns
    Phase Error              (PE):    0.000ns

    Location             Delay type                Incr(ns)  Path(ns)    Netlist Resource(s)
  -------------------------------------------------------------------    -------------------
                         (clock clk_ref_mmcm_400 rise edge)
                                                      0.000     0.000 r  
    AD12                                              0.000     0.000 r  sys_clk_p (IN)
                         net (fo=0)                   0.000     0.000    sys_clk_p
    AD12                 IBUFDS (Prop_ibufds_I_O)     0.906     0.906 r  i_bufds_sys_clk/O
                         net (fo=1, routed)           2.299     3.205    sys_clk
    BUFGCTRL_X0Y1        BUFG (Prop_bufg_I_O)         0.093     3.298 r  sys_clk_BUFG_inst/O
                         net (fo=63, routed)          1.936     5.234    i_dram_wrapper/i_dram/u_mig7s_mig/u_iodelay_ctrl/CLK
    MMCME2_ADV_X1Y0      MMCME2_ADV (Prop_mmcme2_adv_CLKIN1_CLKOUT1)
                                                      0.077     5.311 r  i_dram_wrapper/i_dram/u_mig7s_mig/u_iodelay_ctrl/clk_ref_mmcm_gen.mmcm_i/CLKOUT1
                         net (fo=1, routed)           2.469     7.780    i_dram_wrapper/i_dram/u_mig7s_mig/u_iodelay_ctrl/clk_ref_mmcm_400
    BUFGCTRL_X0Y3        BUFG (Prop_bufg_I_O)         0.093     7.873 r  i_dram_wrapper/i_dram/u_mig7s_mig/u_iodelay_ctrl/clk_ref_300_400_en.clk_ref_400.u_bufg_clk_ref_400/O
                         net (fo=16, routed)          1.401     9.274    i_dram_wrapper/i_dram/u_mig7s_mig/u_iodelay_ctrl/clk_ref_300_400_en.clk_ref_400.u_bufg_clk_ref_400_n_0
    SLICE_X113Y123       FDPE                                         r  i_dram_wrapper/i_dram/u_mig7s_mig/u_iodelay_ctrl/rst_ref_gen_1.rst_ref_sync_r_reg[1][6]/C
  -------------------------------------------------------------------    -------------------
    SLICE_X113Y123       FDPE (Prop_fdpe_C_Q)         0.223     9.497 r  i_dram_wrapper/i_dram/u_mig7s_mig/u_iodelay_ctrl/rst_ref_gen_1.rst_ref_sync_r_reg[1][6]/Q
                         net (fo=1, routed)           0.639    10.135    i_dram_wrapper/i_dram/u_mig7s_mig/u_iodelay_ctrl/rst_ref_gen_1.rst_ref_sync_r_reg_n_0_[1][6]
    SLICE_X113Y128       FDPE                                         r  i_dram_wrapper/i_dram/u_mig7s_mig/u_iodelay_ctrl/rst_ref_gen_1.rst_ref_sync_r_reg[1][7]/D
  -------------------------------------------------------------------    -------------------

                         (clock clk_ref_mmcm_400 rise edge)
                                                      2.500     2.500 r  
    AD12                                              0.000     2.500 r  sys_clk_p (IN)
                         net (fo=0)                   0.000     2.500    sys_clk_p
    AD12                 IBUFDS (Prop_ibufds_I_O)     0.803     3.303 r  i_bufds_sys_clk/O
                         net (fo=1, routed)           2.173     5.476    sys_clk
    BUFGCTRL_X0Y1        BUFG (Prop_bufg_I_O)         0.083     5.559 r  sys_clk_BUFG_inst/O
                         net (fo=63, routed)          1.776     7.335    i_dram_wrapper/i_dram/u_mig7s_mig/u_iodelay_ctrl/CLK
    MMCME2_ADV_X1Y0      MMCME2_ADV (Prop_mmcme2_adv_CLKIN1_CLKOUT1)
                                                      0.073     7.408 r  i_dram_wrapper/i_dram/u_mig7s_mig/u_iodelay_ctrl/clk_ref_mmcm_gen.mmcm_i/CLKOUT1
                         net (fo=1, routed)           2.336     9.744    i_dram_wrapper/i_dram/u_mig7s_mig/u_iodelay_ctrl/clk_ref_mmcm_400
    BUFGCTRL_X0Y3        BUFG (Prop_bufg_I_O)         0.083     9.827 r  i_dram_wrapper/i_dram/u_mig7s_mig/u_iodelay_ctrl/clk_ref_300_400_en.clk_ref_400.u_bufg_clk_ref_400/O
                         net (fo=16, routed)          1.273    11.100    i_dram_wrapper/i_dram/u_mig7s_mig/u_iodelay_ctrl/clk_ref_300_400_en.clk_ref_400.u_bufg_clk_ref_400_n_0
    SLICE_X113Y128       FDPE                                         r  i_dram_wrapper/i_dram/u_mig7s_mig/u_iodelay_ctrl/rst_ref_gen_1.rst_ref_sync_r_reg[1][7]/C
                         clock pessimism              0.633    11.734    
                         clock uncertainty           -0.054    11.680    
    SLICE_X113Y128       FDPE (Setup_fdpe_C_D)       -0.013    11.667    i_dram_wrapper/i_dram/u_mig7s_mig/u_iodelay_ctrl/rst_ref_gen_1.rst_ref_sync_r_reg[1][7]
  -------------------------------------------------------------------
                         required time                         11.667    
                         arrival time                         -10.135    
  -------------------------------------------------------------------
                         slack                                  1.532    

Slack (MET) :             1.566ns  (required time - arrival time)
  Source:                 i_dram_wrapper/i_dram/u_mig7s_mig/temp_mon_enabled.u_tempmon/xadc_supplied_temperature.rst_r2_reg/C
                            (rising edge-triggered cell FDRE clocked by sys_clk  {rise@0.000ns fall@2.500ns period=5.000ns})
  Destination:            i_dram_wrapper/i_dram/u_mig7s_mig/temp_mon_enabled.u_tempmon/xadc_supplied_temperature.sample_timer_reg[3]/R
                            (rising edge-triggered cell FDRE clocked by sys_clk  {rise@0.000ns fall@2.500ns period=5.000ns})
  Path Group:             sys_clk
  Path Type:              Setup (Max at Slow Process Corner)
  Requirement:            5.000ns  (sys_clk rise@5.000ns - sys_clk rise@0.000ns)
  Data Path Delay:        2.870ns  (logic 0.362ns (12.611%)  route 2.508ns (87.389%))
  Logic Levels:           1  (LUT2=1)
  Clock Path Skew:        -0.224ns (DCD - SCD + CPR)
    Destination Clock Delay (DCD):    4.212ns = ( 9.212 - 5.000 ) 
    Source Clock Delay      (SCD):    4.688ns
    Clock Pessimism Removal (CPR):    0.251ns
  Clock Uncertainty:      0.035ns  ((TSJ^2 + TIJ^2)^1/2 + DJ) / 2 + PE
    Total System Jitter     (TSJ):    0.071ns
    Total Input Jitter      (TIJ):    0.000ns
    Discrete Jitter          (DJ):    0.000ns
    Phase Error              (PE):    0.000ns

    Location             Delay type                Incr(ns)  Path(ns)    Netlist Resource(s)
  -------------------------------------------------------------------    -------------------
                         (clock sys_clk rise edge)    0.000     0.000 r  
    AD12                                              0.000     0.000 r  sys_clk_p (IN)
                         net (fo=0)                   0.000     0.000    sys_clk_p
    AD12                 IBUFDS (Prop_ibufds_I_O)     0.906     0.906 r  i_bufds_sys_clk/O
                         net (fo=1, routed)           2.299     3.205    sys_clk
    BUFGCTRL_X0Y1        BUFG (Prop_bufg_I_O)         0.093     3.298 r  sys_clk_BUFG_inst/O
                         net (fo=63, routed)          1.390     4.688    i_dram_wrapper/i_dram/u_mig7s_mig/temp_mon_enabled.u_tempmon/mmcm_clk
    SLICE_X62Y139        FDRE                                         r  i_dram_wrapper/i_dram/u_mig7s_mig/temp_mon_enabled.u_tempmon/xadc_supplied_temperature.rst_r2_reg/C
  -------------------------------------------------------------------    -------------------
    SLICE_X62Y139        FDRE (Prop_fdre_C_Q)         0.236     4.924 r  i_dram_wrapper/i_dram/u_mig7s_mig/temp_mon_enabled.u_tempmon/xadc_supplied_temperature.rst_r2_reg/Q
                         net (fo=32, routed)          2.033     6.957    i_dram_wrapper/i_dram/u_mig7s_mig/temp_mon_enabled.u_tempmon/xadc_supplied_temperature.rst_r2
    SLICE_X20Y175        LUT2 (Prop_lut2_I0_O)        0.126     7.083 r  i_dram_wrapper/i_dram/u_mig7s_mig/temp_mon_enabled.u_tempmon/xadc_supplied_temperature.sample_timer[10]_i_1/O
                         net (fo=11, routed)          0.475     7.558    i_dram_wrapper/i_dram/u_mig7s_mig/temp_mon_enabled.u_tempmon/xadc_supplied_temperature.sample_timer0
    SLICE_X19Y177        FDRE                                         r  i_dram_wrapper/i_dram/u_mig7s_mig/temp_mon_enabled.u_tempmon/xadc_supplied_temperature.sample_timer_reg[3]/R
  -------------------------------------------------------------------    -------------------

                         (clock sys_clk rise edge)    5.000     5.000 r  
    AD12                                              0.000     5.000 r  sys_clk_p (IN)
                         net (fo=0)                   0.000     5.000    sys_clk_p
    AD12                 IBUFDS (Prop_ibufds_I_O)     0.803     5.803 r  i_bufds_sys_clk/O
                         net (fo=1, routed)           2.173     7.976    sys_clk
    BUFGCTRL_X0Y1        BUFG (Prop_bufg_I_O)         0.083     8.059 r  sys_clk_BUFG_inst/O
                         net (fo=63, routed)          1.153     9.212    i_dram_wrapper/i_dram/u_mig7s_mig/temp_mon_enabled.u_tempmon/mmcm_clk
    SLICE_X19Y177        FDRE                                         r  i_dram_wrapper/i_dram/u_mig7s_mig/temp_mon_enabled.u_tempmon/xadc_supplied_temperature.sample_timer_reg[3]/C
                         clock pessimism              0.251     9.464    
                         clock uncertainty           -0.035     9.428    
    SLICE_X19Y177        FDRE (Setup_fdre_C_R)       -0.304     9.124    i_dram_wrapper/i_dram/u_mig7s_mig/temp_mon_enabled.u_tempmon/xadc_supplied_temperature.sample_timer_reg[3]
  -------------------------------------------------------------------
                         required time                          9.124    
                         arrival time                          -7.558    
  -------------------------------------------------------------------
                         slack                                  1.566    

Slack (MET) :             1.582ns  (required time - arrival time)
  Source:                 i_dram_wrapper/i_dram/u_mig7s_mig/u_ddr3_infrastructure/rstdiv0_sync_r1_reg_rep__8/C
                            (rising edge-triggered cell FDPE clocked by clk_pll_i  {rise@0.000ns fall@2.500ns period=5.000ns})
  Destination:            i_dram_wrapper/i_dram/u_mig7s_mig/u_memc_ui_top_axi/mem_intfc0/ddr_phy_top0/u_ddr_mc_phy_wrapper/u_ddr_mc_phy/ddr_phy_4lanes_1.u_ddr_phy_4lanes/rst_out_reg/CLR
                            (recovery check against rising-edge clock clk_pll_i  {rise@0.000ns fall@2.500ns period=5.000ns})
  Path Group:             **async_default**
  Path Type:              Recovery (Max at Slow Process Corner)
  Requirement:            5.000ns  (clk_pll_i rise@5.000ns - clk_pll_i rise@0.000ns)
  Data Path Delay:        3.224ns  (logic 0.223ns (6.917%)  route 3.001ns (93.083%))
  Logic Levels:           0  
  Clock Path Skew:        0.070ns (DCD - SCD + CPR)
    Destination Clock Delay (DCD):    6.542ns = ( 11.542 - 5.000 ) 
    Source Clock Delay      (SCD):    7.025ns
    Clock Pessimism Removal (CPR):    0.552ns
  Clock Uncertainty:      0.052ns  ((TSJ^2 + DJ^2)^1/2) / 2 + PE
    Total System Jitter     (TSJ):    0.071ns
    Discrete Jitter          (DJ):    0.077ns
    Phase Error              (PE):    0.000ns

    Location             Delay type                Incr(ns)  Path(ns)    Netlist Resource(s)
  -------------------------------------------------------------------    -------------------
                         (clock clk_pll_i rise edge)
                                                      0.000     0.000 r  
    AD12                                              0.000     0.000 r  sys_clk_p (IN)
                         net (fo=0)                   0.000     0.000    sys_clk_p
    AD12                 IBUFDS (Prop_ibufds_I_O)     0.906     0.906 r  i_bufds_sys_clk/O
                         net (fo=1, routed)           2.299     3.205    sys_clk
    BUFGCTRL_X0Y1        BUFG (Prop_bufg_I_O)         0.093     3.298 r  sys_clk_BUFG_inst/O
                         net (fo=63, routed)          1.787     5.085    i_dram_wrapper/i_dram/u_mig7s_mig/u_ddr3_infrastructure/plle2_i_0
    PLLE2_ADV_X1Y1       PLLE2_ADV (Prop_plle2_adv_CLKIN1_CLKOUT3)
                                                      0.077     5.162 r  i_dram_wrapper/i_dram/u_mig7s_mig/u_ddr3_infrastructure/plle2_i/CLKOUT3
                         net (fo=1, routed)           1.155     6.317    i_dram_wrapper/i_dram/u_mig7s_mig/u_ddr3_infrastructure/pll_clk3_out
    BUFHCE_X1Y12         BUFH (Prop_bufh_I_O)         0.103     6.420 r  i_dram_wrapper/i_dram/u_mig7s_mig/u_ddr3_infrastructure/u_bufh_pll_clk3/O
                         net (fo=1, routed)           0.790     7.210    i_dram_wrapper/i_dram/u_mig7s_mig/u_ddr3_infrastructure/pll_clk3
    MMCME2_ADV_X1Y1      MMCME2_ADV (Prop_mmcme2_adv_CLKIN1_CLKFBOUT)
                                                     -3.987     3.223 r  i_dram_wrapper/i_dram/u_mig7s_mig/u_ddr3_infrastructure/gen_mmcm.mmcm_i/CLKFBOUT
                         net (fo=1, routed)           2.130     5.353    i_dram_wrapper/i_dram/u_mig7s_mig/u_ddr3_infrastructure/clk_pll_i
    BUFGCTRL_X0Y0        BUFG (Prop_bufg_I_O)         0.093     5.446 r  i_dram_wrapper/i_dram/u_mig7s_mig/u_ddr3_infrastructure/u_bufg_clkdiv0/O
                         net (fo=13317, routed)       1.579     7.025    i_dram_wrapper/i_dram/u_mig7s_mig/u_ddr3_infrastructure/CLK
    SLICE_X97Y91         FDPE                                         r  i_dram_wrapper/i_dram/u_mig7s_mig/u_ddr3_infrastructure/rstdiv0_sync_r1_reg_rep__8/C
  -------------------------------------------------------------------    -------------------
    SLICE_X97Y91         FDPE (Prop_fdpe_C_Q)         0.223     7.248 f  i_dram_wrapper/i_dram/u_mig7s_mig/u_ddr3_infrastructure/rstdiv0_sync_r1_reg_rep__8/Q
                         net (fo=50, routed)          3.001    10.249    i_dram_wrapper/i_dram/u_mig7s_mig/u_memc_ui_top_axi/mem_intfc0/ddr_phy_top0/u_ddr_mc_phy_wrapper/u_ddr_mc_phy/ddr_phy_4lanes_1.u_ddr_phy_4lanes/rst_out_reg_0
    SLICE_X153Y88        FDCE                                         f  i_dram_wrapper/i_dram/u_mig7s_mig/u_memc_ui_top_axi/mem_intfc0/ddr_phy_top0/u_ddr_mc_phy_wrapper/u_ddr_mc_phy/ddr_phy_4lanes_1.u_ddr_phy_4lanes/rst_out_reg/CLR
  -------------------------------------------------------------------    -------------------

                         (clock clk_pll_i rise edge)
                                                      5.000     5.000 r  
    AD12                                              0.000     5.000 r  sys_clk_p (IN)
                         net (fo=0)                   0.000     5.000    sys_clk_p
    AD12                 IBUFDS (Prop_ibufds_I_O)     0.803     5.803 r  i_bufds_sys_clk/O
                         net (fo=1, routed)           2.173     7.976    sys_clk
    BUFGCTRL_X0Y1        BUFG (Prop_bufg_I_O)         0.083     8.059 r  sys_clk_BUFG_inst/O
                         net (fo=63, routed)          1.626     9.685    i_dram_wrapper/i_dram/u_mig7s_mig/u_ddr3_infrastructure/plle2_i_0
    PLLE2_ADV_X1Y1       PLLE2_ADV (Prop_plle2_adv_CLKIN1_CLKOUT3)
                                                      0.073     9.758 r  i_dram_wrapper/i_dram/u_mig7s_mig/u_ddr3_infrastructure/plle2_i/CLKOUT3
                         net (fo=1, routed)           1.043    10.801    i_dram_wrapper/i_dram/u_mig7s_mig/u_ddr3_infrastructure/pll_clk3_out
    BUFHCE_X1Y12         BUFH (Prop_bufh_I_O)         0.066    10.867 r  i_dram_wrapper/i_dram/u_mig7s_mig/u_ddr3_infrastructure/u_bufh_pll_clk3/O
                         net (fo=1, routed)           0.722    11.589    i_dram_wrapper/i_dram/u_mig7s_mig/u_ddr3_infrastructure/pll_clk3
    MMCME2_ADV_X1Y1      MMCME2_ADV (Prop_mmcme2_adv_CLKIN1_CLKFBOUT)
                                                     -3.694     7.895 r  i_dram_wrapper/i_dram/u_mig7s_mig/u_ddr3_infrastructure/gen_mmcm.mmcm_i/CLKFBOUT
                         net (fo=1, routed)           2.005     9.900    i_dram_wrapper/i_dram/u_mig7s_mig/u_ddr3_infrastructure/clk_pll_i
    BUFGCTRL_X0Y0        BUFG (Prop_bufg_I_O)         0.083     9.983 r  i_dram_wrapper/i_dram/u_mig7s_mig/u_ddr3_infrastructure/u_bufg_clkdiv0/O
                         net (fo=13317, routed)       1.559    11.542    i_dram_wrapper/i_dram/u_mig7s_mig/u_memc_ui_top_axi/mem_intfc0/ddr_phy_top0/u_ddr_mc_phy_wrapper/u_ddr_mc_phy/ddr_phy_4lanes_1.u_ddr_phy_4lanes/CLK
    SLICE_X153Y88        FDCE                                         r  i_dram_wrapper/i_dram/u_mig7s_mig/u_memc_ui_top_axi/mem_intfc0/ddr_phy_top0/u_ddr_mc_phy_wrapper/u_ddr_mc_phy/ddr_phy_4lanes_1.u_ddr_phy_4lanes/rst_out_reg/C
                         clock pessimism              0.552    12.095    
                         clock uncertainty           -0.052    12.042    
    SLICE_X153Y88        FDCE (Recov_fdce_C_CLR)     -0.212    11.830    i_dram_wrapper/i_dram/u_mig7s_mig/u_memc_ui_top_axi/mem_intfc0/ddr_phy_top0/u_ddr_mc_phy_wrapper/u_ddr_mc_phy/ddr_phy_4lanes_1.u_ddr_phy_4lanes/rst_out_reg
  -------------------------------------------------------------------
                         required time                         11.830    
                         arrival time                         -10.249    
  -------------------------------------------------------------------
                         slack                                  1.582    

Slack (MET) :             1.687ns  (required time - arrival time)
  Source:                 i_dram_wrapper/i_dram/u_mig7s_mig/u_memc_ui_top_axi/mem_intfc0/mc0/mc_read_idle_r_reg/C
                            (rising edge-triggered cell FDRE clocked by clk_pll_i  {rise@0.000ns fall@2.500ns period=5.000ns})
  Destination:            i_dram_wrapper/i_dram/u_mig7s_mig/u_memc_ui_top_axi/mem_intfc0/ddr_phy_top0/u_ddr_mc_phy_wrapper/u_ddr_mc_phy/ddr_phy_4lanes_0.u_ddr_phy_4lanes/ddr_byte_lane_C.ddr_byte_lane_C/ddr_byte_group_io/input_[8].iserdes_dq_.iserdesdq/DDLY
                            (falling edge-triggered cell ISERDESE2 clocked by u_memc_ui_top_axi/mem_intfc0/ddr_phy_top0/u_ddr_mc_phy_wrapper/u_ddr_mc_phy/ddr_phy_4lanes_0.u_ddr_phy_4lanes/ddr_byte_lane_C.ddr_byte_lane_C/iserdes_clk  {rise@1.172ns fall@1.797ns period=1.250ns})
  Path Group:             u_memc_ui_top_axi/mem_intfc0/ddr_phy_top0/u_ddr_mc_phy_wrapper/u_ddr_mc_phy/ddr_phy_4lanes_0.u_ddr_phy_4lanes/ddr_byte_lane_C.ddr_byte_lane_C/iserdes_clk
  Path Type:              Setup (Max at Slow Process Corner)
  Requirement:            6.797ns  (u_memc_ui_top_axi/mem_intfc0/ddr_phy_top0/u_ddr_mc_phy_wrapper/u_ddr_mc_phy/ddr_phy_4lanes_0.u_ddr_phy_4lanes/ddr_byte_lane_C.ddr_byte_lane_C/iserdes_clk fall@6.797ns - clk_pll_i rise@0.000ns)
  Data Path Delay:        5.598ns  (logic 2.342ns (41.833%)  route 3.256ns (58.167%))
  Logic Levels:           2  (IBUF_IBUFDISABLE=1 IDELAYE2_FINEDELAY=1)
  Clock Path Skew:        0.776ns (DCD - SCD + CPR)
    Destination Clock Delay (DCD):    7.519ns = ( 8.066 - 0.547 ) 
    Source Clock Delay      (SCD):    7.147ns
    Clock Pessimism Removal (CPR):    0.403ns
  Clock Uncertainty:      0.173ns  ((TSJ^2 + DJ^2)^1/2) / 2 + PE
    Total System Jitter     (TSJ):    0.071ns
    Discrete Jitter          (DJ):    0.076ns
    Phase Error              (PE):    0.121ns
  Timing Exception:       MultiCycle Path   Setup -end   6

    Location             Delay type                Incr(ns)  Path(ns)    Netlist Resource(s)
  -------------------------------------------------------------------    -------------------
                         (clock clk_pll_i rise edge)
                                                      0.000     0.000 r  
    AD12                                              0.000     0.000 r  sys_clk_p (IN)
                         net (fo=0)                   0.000     0.000    sys_clk_p
    AD12                 IBUFDS (Prop_ibufds_I_O)     0.906     0.906 r  i_bufds_sys_clk/O
                         net (fo=1, routed)           2.299     3.205    sys_clk
    BUFGCTRL_X0Y1        BUFG (Prop_bufg_I_O)         0.093     3.298 r  sys_clk_BUFG_inst/O
                         net (fo=63, routed)          1.787     5.085    i_dram_wrapper/i_dram/u_mig7s_mig/u_ddr3_infrastructure/plle2_i_0
    PLLE2_ADV_X1Y1       PLLE2_ADV (Prop_plle2_adv_CLKIN1_CLKOUT3)
                                                      0.077     5.162 r  i_dram_wrapper/i_dram/u_mig7s_mig/u_ddr3_infrastructure/plle2_i/CLKOUT3
                         net (fo=1, routed)           1.155     6.317    i_dram_wrapper/i_dram/u_mig7s_mig/u_ddr3_infrastructure/pll_clk3_out
    BUFHCE_X1Y12         BUFH (Prop_bufh_I_O)         0.103     6.420 r  i_dram_wrapper/i_dram/u_mig7s_mig/u_ddr3_infrastructure/u_bufh_pll_clk3/O
                         net (fo=1, routed)           0.790     7.210    i_dram_wrapper/i_dram/u_mig7s_mig/u_ddr3_infrastructure/pll_clk3
    MMCME2_ADV_X1Y1      MMCME2_ADV (Prop_mmcme2_adv_CLKIN1_CLKFBOUT)
                                                     -3.987     3.223 r  i_dram_wrapper/i_dram/u_mig7s_mig/u_ddr3_infrastructure/gen_mmcm.mmcm_i/CLKFBOUT
                         net (fo=1, routed)           2.130     5.353    i_dram_wrapper/i_dram/u_mig7s_mig/u_ddr3_infrastructure/clk_pll_i
    BUFGCTRL_X0Y0        BUFG (Prop_bufg_I_O)         0.093     5.446 r  i_dram_wrapper/i_dram/u_mig7s_mig/u_ddr3_infrastructure/u_bufg_clkdiv0/O
                         net (fo=13317, routed)       1.701     7.147    i_dram_wrapper/i_dram/u_mig7s_mig/u_memc_ui_top_axi/mem_intfc0/mc0/CLK
    SLICE_X151Y95        FDRE                                         r  i_dram_wrapper/i_dram/u_mig7s_mig/u_memc_ui_top_axi/mem_intfc0/mc0/mc_read_idle_r_reg/C
  -------------------------------------------------------------------    -------------------
    SLICE_X151Y95        FDRE (Prop_fdre_C_Q)         0.223     7.370 r  i_dram_wrapper/i_dram/u_mig7s_mig/u_memc_ui_top_axi/mem_intfc0/mc0/mc_read_idle_r_reg/Q
                         net (fo=72, routed)          3.256    10.626    i_dram_wrapper/i_dram/u_mig7s_mig/u_memc_ui_top_axi/mem_intfc0/ddr_phy_top0/u_ddr_mc_phy_wrapper/gen_dq_iobuf_HP.gen_dq_iobuf[8].u_iobuf_dq/IBUFDISABLE
    AF2                  IBUF_IBUFDISABLE (Prop_ibuf_ibufdisable_IBUFDISABLE_O)
                                                      1.453    12.079 r  i_dram_wrapper/i_dram/u_mig7s_mig/u_memc_ui_top_axi/mem_intfc0/ddr_phy_top0/u_ddr_mc_phy_wrapper/gen_dq_iobuf_HP.gen_dq_iobuf[8].u_iobuf_dq/IBUF/O
                         net (fo=2, routed)           0.000    12.079    i_dram_wrapper/i_dram/u_mig7s_mig/u_memc_ui_top_axi/mem_intfc0/ddr_phy_top0/u_ddr_mc_phy_wrapper/u_ddr_mc_phy/ddr_phy_4lanes_0.u_ddr_phy_4lanes/ddr_byte_lane_C.ddr_byte_lane_C/ddr_byte_group_io/mem_dq_in[7]
    IDELAY_X1Y135        IDELAYE2_FINEDELAY (Prop_idelaye2_finedelay_IDATAIN_DATAOUT)
                                                      0.666    12.745 r  i_dram_wrapper/i_dram/u_mig7s_mig/u_memc_ui_top_axi/mem_intfc0/ddr_phy_top0/u_ddr_mc_phy_wrapper/u_ddr_mc_phy/ddr_phy_4lanes_0.u_ddr_phy_4lanes/ddr_byte_lane_C.ddr_byte_lane_C/ddr_byte_group_io/input_[8].iserdes_dq_.idelay_finedelay_dq.idelaye2/DATAOUT
                         net (fo=1, routed)           0.000    12.745    i_dram_wrapper/i_dram/u_mig7s_mig/u_memc_ui_top_axi/mem_intfc0/ddr_phy_top0/u_ddr_mc_phy_wrapper/u_ddr_mc_phy/ddr_phy_4lanes_0.u_ddr_phy_4lanes/ddr_byte_lane_C.ddr_byte_lane_C/ddr_byte_group_io/data_in_dly_8
    ILOGIC_X1Y135        ISERDESE2                                    r  i_dram_wrapper/i_dram/u_mig7s_mig/u_memc_ui_top_axi/mem_intfc0/ddr_phy_top0/u_ddr_mc_phy_wrapper/u_ddr_mc_phy/ddr_phy_4lanes_0.u_ddr_phy_4lanes/ddr_byte_lane_C.ddr_byte_lane_C/ddr_byte_group_io/input_[8].iserdes_dq_.iserdesdq/DDLY
  -------------------------------------------------------------------    -------------------

                         (clock u_memc_ui_top_axi/mem_intfc0/ddr_phy_top0/u_ddr_mc_phy_wrapper/u_ddr_mc_phy/ddr_phy_4lanes_0.u_ddr_phy_4lanes/ddr_byte_lane_C.ddr_byte_lane_C/iserdes_clk fall edge)
                                                      6.797     6.797 f  
    AD12                                              0.000     6.797 f  sys_clk_p (IN)
                         net (fo=0)                   0.000     6.797    sys_clk_p
    AD12                 IBUFDS (Prop_ibufds_I_O)     0.803     7.600 f  i_bufds_sys_clk/O
                         net (fo=1, routed)           2.173     9.773    sys_clk
    BUFGCTRL_X0Y1        BUFG (Prop_bufg_I_O)         0.083     9.856 f  sys_clk_BUFG_inst/O
                         net (fo=63, routed)          1.626    11.482    i_dram_wrapper/i_dram/u_mig7s_mig/u_ddr3_infrastructure/plle2_i_0
    PLLE2_ADV_X1Y1       PLLE2_ADV (Prop_plle2_adv_CLKIN1_CLKOUT0)
                                                      0.073    11.555 f  i_dram_wrapper/i_dram/u_mig7s_mig/u_ddr3_infrastructure/plle2_i/CLKOUT0
                         net (fo=14, routed)          1.065    12.620    i_dram_wrapper/i_dram/u_mig7s_mig/u_memc_ui_top_axi/mem_intfc0/ddr_phy_top0/u_ddr_mc_phy_wrapper/u_ddr_mc_phy/ddr_phy_4lanes_0.u_ddr_phy_4lanes/ddr_byte_lane_C.ddr_byte_lane_C/freq_refclk
    PHASER_IN_PHY_X1Y10  PHASER_IN_PHY (Prop_phaser_in_phy_FREQREFCLK_ICLK)
                                                      1.394    14.014 f  i_dram_wrapper/i_dram/u_mig7s_mig/u_memc_ui_top_axi/mem_intfc0/ddr_phy_top0/u_ddr_mc_phy_wrapper/u_ddr_mc_phy/ddr_phy_4lanes_0.u_ddr_phy_4lanes/ddr_byte_lane_C.ddr_byte_lane_C/phaser_in_gen.phaser_in/ICLK
                         net (fo=16, routed)          0.302    14.316    i_dram_wrapper/i_dram/u_mig7s_mig/u_memc_ui_top_axi/mem_intfc0/ddr_phy_top0/u_ddr_mc_phy_wrapper/u_ddr_mc_phy/ddr_phy_4lanes_0.u_ddr_phy_4lanes/ddr_byte_lane_C.ddr_byte_lane_C/ddr_byte_group_io/CLKB0_8
    ILOGIC_X1Y135        ISERDESE2                                    r  i_dram_wrapper/i_dram/u_mig7s_mig/u_memc_ui_top_axi/mem_intfc0/ddr_phy_top0/u_ddr_mc_phy_wrapper/u_ddr_mc_phy/ddr_phy_4lanes_0.u_ddr_phy_4lanes/ddr_byte_lane_C.ddr_byte_lane_C/ddr_byte_group_io/input_[8].iserdes_dq_.iserdesdq/CLKB  (IS_INVERTED)
                         clock pessimism              0.403    14.720    
                         clock uncertainty           -0.173    14.547    
    ILOGIC_X1Y135        ISERDESE2 (Setup_iserdese2_CLKB_DDLY)
                                                     -0.115    14.432    i_dram_wrapper/i_dram/u_mig7s_mig/u_memc_ui_top_axi/mem_intfc0/ddr_phy_top0/u_ddr_mc_phy_wrapper/u_ddr_mc_phy/ddr_phy_4lanes_0.u_ddr_phy_4lanes/ddr_byte_lane_C.ddr_byte_lane_C/ddr_byte_group_io/input_[8].iserdes_dq_.iserdesdq
  -------------------------------------------------------------------
                         required time                         14.432    
                         arrival time                         -12.745    
  -------------------------------------------------------------------
                         slack                                  1.687    

Slack (MET) :             2.436ns  (required time - arrival time)
  Source:                 i_dram_wrapper/i_dram/u_mig7s_mig/u_ddr3_infrastructure/rst_sync_r1_reg/C
                            (rising edge-triggered cell FDPE clocked by mmcm_ps_clk_bufg_in  {rise@0.000ns fall@5.000ns period=10.000ns})
  Destination:            i_dram_wrapper/i_dram/u_mig7s_mig/u_memc_ui_top_axi/mem_intfc0/ddr_phy_top0/u_ddr_mc_phy_wrapper/gen_dqs_iobuf_HP.gen_dqs_iobuf[3].gen_dqs_diff.u_iddr_edge_det/u_phase_detector/R
                            (rising edge-triggered cell IDDR clocked by mmcm_ps_clk_bufg_in  {rise@0.000ns fall@5.000ns period=10.000ns})
  Path Group:             mmcm_ps_clk_bufg_in
  Path Type:              Setup (Max at Slow Process Corner)
  Requirement:            5.000ns  (mmcm_ps_clk_bufg_in fall@5.000ns - mmcm_ps_clk_bufg_in rise@0.000ns)
  Data Path Delay:        1.923ns  (logic 0.223ns (11.599%)  route 1.700ns (88.401%))
  Logic Levels:           0  
  Clock Path Skew:        0.033ns (DCD - SCD + CPR)
    Destination Clock Delay (DCD):    6.438ns = ( 11.438 - 5.000 ) 
    Source Clock Delay      (SCD):    6.956ns
    Clock Pessimism Removal (CPR):    0.550ns
  Clock Uncertainty:      0.068ns  ((TSJ^2 + DJ^2)^1/2) / 2 + PE
    Total System Jitter     (TSJ):    0.071ns
    Discrete Jitter          (DJ):    0.117ns
    Phase Error              (PE):    0.000ns

    Location             Delay type                Incr(ns)  Path(ns)    Netlist Resource(s)
  -------------------------------------------------------------------    -------------------
                         (clock mmcm_ps_clk_bufg_in rise edge)
                                                      0.000     0.000 r  
    AD12                                              0.000     0.000 r  sys_clk_p (IN)
                         net (fo=0)                   0.000     0.000    sys_clk_p
    AD12                 IBUFDS (Prop_ibufds_I_O)     0.906     0.906 r  i_bufds_sys_clk/O
                         net (fo=1, routed)           2.299     3.205    sys_clk
    BUFGCTRL_X0Y1        BUFG (Prop_bufg_I_O)         0.093     3.298 r  sys_clk_BUFG_inst/O
                         net (fo=63, routed)          1.787     5.085    i_dram_wrapper/i_dram/u_mig7s_mig/u_ddr3_infrastructure/plle2_i_0
    PLLE2_ADV_X1Y1       PLLE2_ADV (Prop_plle2_adv_CLKIN1_CLKOUT3)
                                                      0.077     5.162 r  i_dram_wrapper/i_dram/u_mig7s_mig/u_ddr3_infrastructure/plle2_i/CLKOUT3
                         net (fo=1, routed)           1.155     6.317    i_dram_wrapper/i_dram/u_mig7s_mig/u_ddr3_infrastructure/pll_clk3_out
    BUFHCE_X1Y12         BUFH (Prop_bufh_I_O)         0.103     6.420 r  i_dram_wrapper/i_dram/u_mig7s_mig/u_ddr3_infrastructure/u_bufh_pll_clk3/O
                         net (fo=1, routed)           0.790     7.210    i_dram_wrapper/i_dram/u_mig7s_mig/u_ddr3_infrastructure/pll_clk3
    MMCME2_ADV_X1Y1      MMCME2_ADV (Prop_mmcme2_adv_CLKIN1_CLKOUT0)
                                                     -3.987     3.223 r  i_dram_wrapper/i_dram/u_mig7s_mig/u_ddr3_infrastructure/gen_mmcm.mmcm_i/CLKOUT0
                         net (fo=1, routed)           2.130     5.353    i_dram_wrapper/i_dram/u_mig7s_mig/u_ddr3_infrastructure/mmcm_ps_clk_bufg_in
    BUFGCTRL_X0Y2        BUFG (Prop_bufg_I_O)         0.093     5.446 r  i_dram_wrapper/i_dram/u_mig7s_mig/u_ddr3_infrastructure/gen_mmcm.u_bufg_mmcm_ps_clk/O
                         net (fo=18, routed)          1.510     6.956    i_dram_wrapper/i_dram/u_mig7s_mig/u_ddr3_infrastructure/mmcm_ps_clk
    SLICE_X151Y124       FDPE                                         r  i_dram_wrapper/i_dram/u_mig7s_mig/u_ddr3_infrastructure/rst_sync_r1_reg/C
  -------------------------------------------------------------------    -------------------
    SLICE_X151Y124       FDPE (Prop_fdpe_C_Q)         0.223     7.179 r  i_dram_wrapper/i_dram/u_mig7s_mig/u_ddr3_infrastructure/rst_sync_r1_reg/Q
                         net (fo=4, routed)           1.700     8.878    i_dram_wrapper/i_dram/u_mig7s_mig/u_memc_ui_top_axi/mem_intfc0/ddr_phy_top0/u_ddr_mc_phy_wrapper/gen_dqs_iobuf_HP.gen_dqs_iobuf[3].gen_dqs_diff.u_iddr_edge_det/rst_sync_r1
    ILOGIC_X1Y107        IDDR                                         r  i_dram_wrapper/i_dram/u_mig7s_mig/u_memc_ui_top_axi/mem_intfc0/ddr_phy_top0/u_ddr_mc_phy_wrapper/gen_dqs_iobuf_HP.gen_dqs_iobuf[3].gen_dqs_diff.u_iddr_edge_det/u_phase_detector/R
  -------------------------------------------------------------------    -------------------

                         (clock mmcm_ps_clk_bufg_in fall edge)
                                                      5.000     5.000 f  
    AD12                                              0.000     5.000 f  sys_clk_p (IN)
                         net (fo=0)                   0.000     5.000    sys_clk_p
    AD12                 IBUFDS (Prop_ibufds_I_O)     0.803     5.803 f  i_bufds_sys_clk/O
                         net (fo=1, routed)           2.173     7.976    sys_clk
    BUFGCTRL_X0Y1        BUFG (Prop_bufg_I_O)         0.083     8.059 f  sys_clk_BUFG_inst/O
                         net (fo=63, routed)          1.626     9.685    i_dram_wrapper/i_dram/u_mig7s_mig/u_ddr3_infrastructure/plle2_i_0
    PLLE2_ADV_X1Y1       PLLE2_ADV (Prop_plle2_adv_CLKIN1_CLKOUT3)
                                                      0.073     9.758 f  i_dram_wrapper/i_dram/u_mig7s_mig/u_ddr3_infrastructure/plle2_i/CLKOUT3
                         net (fo=1, routed)           1.043    10.801    i_dram_wrapper/i_dram/u_mig7s_mig/u_ddr3_infrastructure/pll_clk3_out
    BUFHCE_X1Y12         BUFH (Prop_bufh_I_O)         0.066    10.867 f  i_dram_wrapper/i_dram/u_mig7s_mig/u_ddr3_infrastructure/u_bufh_pll_clk3/O
                         net (fo=1, routed)           0.722    11.589    i_dram_wrapper/i_dram/u_mig7s_mig/u_ddr3_infrastructure/pll_clk3
    MMCME2_ADV_X1Y1      MMCME2_ADV (Prop_mmcme2_adv_CLKIN1_CLKOUT0)
                                                     -3.694     7.895 f  i_dram_wrapper/i_dram/u_mig7s_mig/u_ddr3_infrastructure/gen_mmcm.mmcm_i/CLKOUT0
                         net (fo=1, routed)           2.005     9.900    i_dram_wrapper/i_dram/u_mig7s_mig/u_ddr3_infrastructure/mmcm_ps_clk_bufg_in
    BUFGCTRL_X0Y2        BUFG (Prop_bufg_I_O)         0.083     9.983 f  i_dram_wrapper/i_dram/u_mig7s_mig/u_ddr3_infrastructure/gen_mmcm.u_bufg_mmcm_ps_clk/O
                         net (fo=18, routed)          1.455    11.438    i_dram_wrapper/i_dram/u_mig7s_mig/u_memc_ui_top_axi/mem_intfc0/ddr_phy_top0/u_ddr_mc_phy_wrapper/gen_dqs_iobuf_HP.gen_dqs_iobuf[3].gen_dqs_diff.u_iddr_edge_det/mmcm_ps_clk
    ILOGIC_X1Y107        IDDR                                         f  i_dram_wrapper/i_dram/u_mig7s_mig/u_memc_ui_top_axi/mem_intfc0/ddr_phy_top0/u_ddr_mc_phy_wrapper/gen_dqs_iobuf_HP.gen_dqs_iobuf[3].gen_dqs_diff.u_iddr_edge_det/u_phase_detector/C
                         clock pessimism              0.550    11.989    
                         clock uncertainty           -0.068    11.920    
    ILOGIC_X1Y107        IDDR (Setup_iddr_C_R)       -0.606    11.314    i_dram_wrapper/i_dram/u_mig7s_mig/u_memc_ui_top_axi/mem_intfc0/ddr_phy_top0/u_ddr_mc_phy_wrapper/gen_dqs_iobuf_HP.gen_dqs_iobuf[3].gen_dqs_diff.u_iddr_edge_det/u_phase_detector
  -------------------------------------------------------------------
                         required time                         11.314    
                         arrival time                          -8.878    
  -------------------------------------------------------------------
                         slack                                  2.436    

Slack (MET) :             2.711ns  (required time - arrival time)
  Source:                 i_dram_wrapper/i_dram/u_mig7s_mig/u_memc_ui_top_axi/mem_intfc0/mc0/mc_read_idle_r_reg/C
                            (rising edge-triggered cell FDRE clocked by clk_pll_i  {rise@0.000ns fall@2.500ns period=5.000ns})
  Destination:            i_dram_wrapper/i_dram/u_mig7s_mig/u_memc_ui_top_axi/mem_intfc0/ddr_phy_top0/u_ddr_mc_phy_wrapper/u_ddr_mc_phy/ddr_phy_4lanes_0.u_ddr_phy_4lanes/ddr_byte_lane_B.ddr_byte_lane_B/ddr_byte_group_io/input_[8].iserdes_dq_.iserdesdq/DDLY
                            (falling edge-triggered cell ISERDESE2 clocked by u_memc_ui_top_axi/mem_intfc0/ddr_phy_top0/u_ddr_mc_phy_wrapper/u_ddr_mc_phy/ddr_phy_4lanes_0.u_ddr_phy_4lanes/ddr_byte_lane_B.ddr_byte_lane_B/iserdes_clk  {rise@1.172ns fall@1.797ns period=1.250ns})
  Path Group:             u_memc_ui_top_axi/mem_intfc0/ddr_phy_top0/u_ddr_mc_phy_wrapper/u_ddr_mc_phy/ddr_phy_4lanes_0.u_ddr_phy_4lanes/ddr_byte_lane_B.ddr_byte_lane_B/iserdes_clk
  Path Type:              Setup (Max at Slow Process Corner)
  Requirement:            6.797ns  (u_memc_ui_top_axi/mem_intfc0/ddr_phy_top0/u_ddr_mc_phy_wrapper/u_ddr_mc_phy/ddr_phy_4lanes_0.u_ddr_phy_4lanes/ddr_byte_lane_B.ddr_byte_lane_B/iserdes_clk fall@6.797ns - clk_pll_i rise@0.000ns)
  Data Path Delay:        4.585ns  (logic 2.342ns (51.079%)  route 2.243ns (48.921%))
  Logic Levels:           2  (IBUF_IBUFDISABLE=1 IDELAYE2_FINEDELAY=1)
  Clock Path Skew:        0.787ns (DCD - SCD + CPR)
    Destination Clock Delay (DCD):    7.530ns = ( 8.077 - 0.547 ) 
    Source Clock Delay      (SCD):    7.147ns
    Clock Pessimism Removal (CPR):    0.403ns
  Clock Uncertainty:      0.173ns  ((TSJ^2 + DJ^2)^1/2) / 2 + PE
    Total System Jitter     (TSJ):    0.071ns
    Discrete Jitter          (DJ):    0.076ns
    Phase Error              (PE):    0.121ns
  Timing Exception:       MultiCycle Path   Setup -end   6

    Location             Delay type                Incr(ns)  Path(ns)    Netlist Resource(s)
  -------------------------------------------------------------------    -------------------
                         (clock clk_pll_i rise edge)
                                                      0.000     0.000 r  
    AD12                                              0.000     0.000 r  sys_clk_p (IN)
                         net (fo=0)                   0.000     0.000    sys_clk_p
    AD12                 IBUFDS (Prop_ibufds_I_O)     0.906     0.906 r  i_bufds_sys_clk/O
                         net (fo=1, routed)           2.299     3.205    sys_clk
    BUFGCTRL_X0Y1        BUFG (Prop_bufg_I_O)         0.093     3.298 r  sys_clk_BUFG_inst/O
                         net (fo=63, routed)          1.787     5.085    i_dram_wrapper/i_dram/u_mig7s_mig/u_ddr3_infrastructure/plle2_i_0
    PLLE2_ADV_X1Y1       PLLE2_ADV (Prop_plle2_adv_CLKIN1_CLKOUT3)
                                                      0.077     5.162 r  i_dram_wrapper/i_dram/u_mig7s_mig/u_ddr3_infrastructure/plle2_i/CLKOUT3
                         net (fo=1, routed)           1.155     6.317    i_dram_wrapper/i_dram/u_mig7s_mig/u_ddr3_infrastructure/pll_clk3_out
    BUFHCE_X1Y12         BUFH (Prop_bufh_I_O)         0.103     6.420 r  i_dram_wrapper/i_dram/u_mig7s_mig/u_ddr3_infrastructure/u_bufh_pll_clk3/O
                         net (fo=1, routed)           0.790     7.210    i_dram_wrapper/i_dram/u_mig7s_mig/u_ddr3_infrastructure/pll_clk3
    MMCME2_ADV_X1Y1      MMCME2_ADV (Prop_mmcme2_adv_CLKIN1_CLKFBOUT)
                                                     -3.987     3.223 r  i_dram_wrapper/i_dram/u_mig7s_mig/u_ddr3_infrastructure/gen_mmcm.mmcm_i/CLKFBOUT
                         net (fo=1, routed)           2.130     5.353    i_dram_wrapper/i_dram/u_mig7s_mig/u_ddr3_infrastructure/clk_pll_i
    BUFGCTRL_X0Y0        BUFG (Prop_bufg_I_O)         0.093     5.446 r  i_dram_wrapper/i_dram/u_mig7s_mig/u_ddr3_infrastructure/u_bufg_clkdiv0/O
                         net (fo=13317, routed)       1.701     7.147    i_dram_wrapper/i_dram/u_mig7s_mig/u_memc_ui_top_axi/mem_intfc0/mc0/CLK
    SLICE_X151Y95        FDRE                                         r  i_dram_wrapper/i_dram/u_mig7s_mig/u_memc_ui_top_axi/mem_intfc0/mc0/mc_read_idle_r_reg/C
  -------------------------------------------------------------------    -------------------
    SLICE_X151Y95        FDRE (Prop_fdre_C_Q)         0.223     7.370 r  i_dram_wrapper/i_dram/u_mig7s_mig/u_memc_ui_top_axi/mem_intfc0/mc0/mc_read_idle_r_reg/Q
                         net (fo=72, routed)          2.243     9.613    i_dram_wrapper/i_dram/u_mig7s_mig/u_memc_ui_top_axi/mem_intfc0/ddr_phy_top0/u_ddr_mc_phy_wrapper/gen_dq_iobuf_HP.gen_dq_iobuf[16].u_iobuf_dq/IBUFDISABLE
    AJ4                  IBUF_IBUFDISABLE (Prop_ibuf_ibufdisable_IBUFDISABLE_O)
                                                      1.453    11.066 r  i_dram_wrapper/i_dram/u_mig7s_mig/u_memc_ui_top_axi/mem_intfc0/ddr_phy_top0/u_ddr_mc_phy_wrapper/gen_dq_iobuf_HP.gen_dq_iobuf[16].u_iobuf_dq/IBUF/O
                         net (fo=2, routed)           0.000    11.066    i_dram_wrapper/i_dram/u_mig7s_mig/u_memc_ui_top_axi/mem_intfc0/ddr_phy_top0/u_ddr_mc_phy_wrapper/u_ddr_mc_phy/ddr_phy_4lanes_0.u_ddr_phy_4lanes/ddr_byte_lane_B.ddr_byte_lane_B/ddr_byte_group_io/mem_dq_in[7]
    IDELAY_X1Y123        IDELAYE2_FINEDELAY (Prop_idelaye2_finedelay_IDATAIN_DATAOUT)
                                                      0.666    11.732 r  i_dram_wrapper/i_dram/u_mig7s_mig/u_memc_ui_top_axi/mem_intfc0/ddr_phy_top0/u_ddr_mc_phy_wrapper/u_ddr_mc_phy/ddr_phy_4lanes_0.u_ddr_phy_4lanes/ddr_byte_lane_B.ddr_byte_lane_B/ddr_byte_group_io/input_[8].iserdes_dq_.idelay_finedelay_dq.idelaye2/DATAOUT
                         net (fo=1, routed)           0.000    11.732    i_dram_wrapper/i_dram/u_mig7s_mig/u_memc_ui_top_axi/mem_intfc0/ddr_phy_top0/u_ddr_mc_phy_wrapper/u_ddr_mc_phy/ddr_phy_4lanes_0.u_ddr_phy_4lanes/ddr_byte_lane_B.ddr_byte_lane_B/ddr_byte_group_io/data_in_dly_8
    ILOGIC_X1Y123        ISERDESE2                                    r  i_dram_wrapper/i_dram/u_mig7s_mig/u_memc_ui_top_axi/mem_intfc0/ddr_phy_top0/u_ddr_mc_phy_wrapper/u_ddr_mc_phy/ddr_phy_4lanes_0.u_ddr_phy_4lanes/ddr_byte_lane_B.ddr_byte_lane_B/ddr_byte_group_io/input_[8].iserdes_dq_.iserdesdq/DDLY
  -------------------------------------------------------------------    -------------------

                         (clock u_memc_ui_top_axi/mem_intfc0/ddr_phy_top0/u_ddr_mc_phy_wrapper/u_ddr_mc_phy/ddr_phy_4lanes_0.u_ddr_phy_4lanes/ddr_byte_lane_B.ddr_byte_lane_B/iserdes_clk fall edge)
                                                      6.797     6.797 f  
    AD12                                              0.000     6.797 f  sys_clk_p (IN)
                         net (fo=0)                   0.000     6.797    sys_clk_p
    AD12                 IBUFDS (Prop_ibufds_I_O)     0.803     7.600 f  i_bufds_sys_clk/O
                         net (fo=1, routed)           2.173     9.773    sys_clk
    BUFGCTRL_X0Y1        BUFG (Prop_bufg_I_O)         0.083     9.856 f  sys_clk_BUFG_inst/O
                         net (fo=63, routed)          1.626    11.482    i_dram_wrapper/i_dram/u_mig7s_mig/u_ddr3_infrastructure/plle2_i_0
    PLLE2_ADV_X1Y1       PLLE2_ADV (Prop_plle2_adv_CLKIN1_CLKOUT0)
                                                      0.073    11.555 f  i_dram_wrapper/i_dram/u_mig7s_mig/u_ddr3_infrastructure/plle2_i/CLKOUT0
                         net (fo=14, routed)          1.075    12.630    i_dram_wrapper/i_dram/u_mig7s_mig/u_memc_ui_top_axi/mem_intfc0/ddr_phy_top0/u_ddr_mc_phy_wrapper/u_ddr_mc_phy/ddr_phy_4lanes_0.u_ddr_phy_4lanes/ddr_byte_lane_B.ddr_byte_lane_B/freq_refclk
    PHASER_IN_PHY_X1Y9   PHASER_IN_PHY (Prop_phaser_in_phy_FREQREFCLK_ICLK)
                                                      1.394    14.024 f  i_dram_wrapper/i_dram/u_mig7s_mig/u_memc_ui_top_axi/mem_intfc0/ddr_phy_top0/u_ddr_mc_phy_wrapper/u_ddr_mc_phy/ddr_phy_4lanes_0.u_ddr_phy_4lanes/ddr_byte_lane_B.ddr_byte_lane_B/phaser_in_gen.phaser_in/ICLK
                         net (fo=16, routed)          0.303    14.327    i_dram_wrapper/i_dram/u_mig7s_mig/u_memc_ui_top_axi/mem_intfc0/ddr_phy_top0/u_ddr_mc_phy_wrapper/u_ddr_mc_phy/ddr_phy_4lanes_0.u_ddr_phy_4lanes/ddr_byte_lane_B.ddr_byte_lane_B/ddr_byte_group_io/CLKB0_7
    ILOGIC_X1Y123        ISERDESE2                                    r  i_dram_wrapper/i_dram/u_mig7s_mig/u_memc_ui_top_axi/mem_intfc0/ddr_phy_top0/u_ddr_mc_phy_wrapper/u_ddr_mc_phy/ddr_phy_4lanes_0.u_ddr_phy_4lanes/ddr_byte_lane_B.ddr_byte_lane_B/ddr_byte_group_io/input_[8].iserdes_dq_.iserdesdq/CLKB  (IS_INVERTED)
                         clock pessimism              0.403    14.731    
                         clock uncertainty           -0.173    14.558    
    ILOGIC_X1Y123        ISERDESE2 (Setup_iserdese2_CLKB_DDLY)
                                                     -0.115    14.443    i_dram_wrapper/i_dram/u_mig7s_mig/u_memc_ui_top_axi/mem_intfc0/ddr_phy_top0/u_ddr_mc_phy_wrapper/u_ddr_mc_phy/ddr_phy_4lanes_0.u_ddr_phy_4lanes/ddr_byte_lane_B.ddr_byte_lane_B/ddr_byte_group_io/input_[8].iserdes_dq_.iserdesdq
  -------------------------------------------------------------------
                         required time                         14.443    
                         arrival time                         -11.732    
  -------------------------------------------------------------------
                         slack                                  2.711    

Slack (MET) :             3.675ns  (required time - arrival time)
  Source:                 i_dram_wrapper/i_dram/u_mig7s_mig/u_memc_ui_top_axi/mem_intfc0/mc0/mc_read_idle_r_reg/C
                            (rising edge-triggered cell FDRE clocked by clk_pll_i  {rise@0.000ns fall@2.500ns period=5.000ns})
  Destination:            i_dram_wrapper/i_dram/u_mig7s_mig/u_memc_ui_top_axi/mem_intfc0/ddr_phy_top0/u_ddr_mc_phy_wrapper/u_ddr_mc_phy/ddr_phy_4lanes_0.u_ddr_phy_4lanes/ddr_byte_lane_A.ddr_byte_lane_A/ddr_byte_group_io/input_[7].iserdes_dq_.iserdesdq/DDLY
                            (falling edge-triggered cell ISERDESE2 clocked by u_memc_ui_top_axi/mem_intfc0/ddr_phy_top0/u_ddr_mc_phy_wrapper/u_ddr_mc_phy/ddr_phy_4lanes_0.u_ddr_phy_4lanes/ddr_byte_lane_A.ddr_byte_lane_A/iserdes_clk  {rise@1.172ns fall@1.797ns period=1.250ns})
  Path Group:             u_memc_ui_top_axi/mem_intfc0/ddr_phy_top0/u_ddr_mc_phy_wrapper/u_ddr_mc_phy/ddr_phy_4lanes_0.u_ddr_phy_4lanes/ddr_byte_lane_A.ddr_byte_lane_A/iserdes_clk
  Path Type:              Setup (Max at Slow Process Corner)
  Requirement:            6.797ns  (u_memc_ui_top_axi/mem_intfc0/ddr_phy_top0/u_ddr_mc_phy_wrapper/u_ddr_mc_phy/ddr_phy_4lanes_0.u_ddr_phy_4lanes/ddr_byte_lane_A.ddr_byte_lane_A/iserdes_clk fall@6.797ns - clk_pll_i rise@0.000ns)
  Data Path Delay:        3.634ns  (logic 2.342ns (64.445%)  route 1.292ns (35.555%))
  Logic Levels:           2  (IBUF_IBUFDISABLE=1 IDELAYE2_FINEDELAY=1)
  Clock Path Skew:        0.800ns (DCD - SCD + CPR)
    Destination Clock Delay (DCD):    7.543ns = ( 8.090 - 0.547 ) 
    Source Clock Delay      (SCD):    7.147ns
    Clock Pessimism Removal (CPR):    0.403ns
  Clock Uncertainty:      0.173ns  ((TSJ^2 + DJ^2)^1/2) / 2 + PE
    Total System Jitter     (TSJ):    0.071ns
    Discrete Jitter          (DJ):    0.076ns
    Phase Error              (PE):    0.121ns
  Timing Exception:       MultiCycle Path   Setup -end   6

    Location             Delay type                Incr(ns)  Path(ns)    Netlist Resource(s)
  -------------------------------------------------------------------    -------------------
                         (clock clk_pll_i rise edge)
                                                      0.000     0.000 r  
    AD12                                              0.000     0.000 r  sys_clk_p (IN)
                         net (fo=0)                   0.000     0.000    sys_clk_p
    AD12                 IBUFDS (Prop_ibufds_I_O)     0.906     0.906 r  i_bufds_sys_clk/O
                         net (fo=1, routed)           2.299     3.205    sys_clk
    BUFGCTRL_X0Y1        BUFG (Prop_bufg_I_O)         0.093     3.298 r  sys_clk_BUFG_inst/O
                         net (fo=63, routed)          1.787     5.085    i_dram_wrapper/i_dram/u_mig7s_mig/u_ddr3_infrastructure/plle2_i_0
    PLLE2_ADV_X1Y1       PLLE2_ADV (Prop_plle2_adv_CLKIN1_CLKOUT3)
                                                      0.077     5.162 r  i_dram_wrapper/i_dram/u_mig7s_mig/u_ddr3_infrastructure/plle2_i/CLKOUT3
                         net (fo=1, routed)           1.155     6.317    i_dram_wrapper/i_dram/u_mig7s_mig/u_ddr3_infrastructure/pll_clk3_out
    BUFHCE_X1Y12         BUFH (Prop_bufh_I_O)         0.103     6.420 r  i_dram_wrapper/i_dram/u_mig7s_mig/u_ddr3_infrastructure/u_bufh_pll_clk3/O
                         net (fo=1, routed)           0.790     7.210    i_dram_wrapper/i_dram/u_mig7s_mig/u_ddr3_infrastructure/pll_clk3
    MMCME2_ADV_X1Y1      MMCME2_ADV (Prop_mmcme2_adv_CLKIN1_CLKFBOUT)
                                                     -3.987     3.223 r  i_dram_wrapper/i_dram/u_mig7s_mig/u_ddr3_infrastructure/gen_mmcm.mmcm_i/CLKFBOUT
                         net (fo=1, routed)           2.130     5.353    i_dram_wrapper/i_dram/u_mig7s_mig/u_ddr3_infrastructure/clk_pll_i
    BUFGCTRL_X0Y0        BUFG (Prop_bufg_I_O)         0.093     5.446 r  i_dram_wrapper/i_dram/u_mig7s_mig/u_ddr3_infrastructure/u_bufg_clkdiv0/O
                         net (fo=13317, routed)       1.701     7.147    i_dram_wrapper/i_dram/u_mig7s_mig/u_memc_ui_top_axi/mem_intfc0/mc0/CLK
    SLICE_X151Y95        FDRE                                         r  i_dram_wrapper/i_dram/u_mig7s_mig/u_memc_ui_top_axi/mem_intfc0/mc0/mc_read_idle_r_reg/C
  -------------------------------------------------------------------    -------------------
    SLICE_X151Y95        FDRE (Prop_fdre_C_Q)         0.223     7.370 r  i_dram_wrapper/i_dram/u_mig7s_mig/u_memc_ui_top_axi/mem_intfc0/mc0/mc_read_idle_r_reg/Q
                         net (fo=72, routed)          1.292     8.662    i_dram_wrapper/i_dram/u_mig7s_mig/u_memc_ui_top_axi/mem_intfc0/ddr_phy_top0/u_ddr_mc_phy_wrapper/gen_dq_iobuf_HP.gen_dq_iobuf[24].u_iobuf_dq/IBUFDISABLE
    AF7                  IBUF_IBUFDISABLE (Prop_ibuf_ibufdisable_IBUFDISABLE_O)
                                                      1.453    10.115 r  i_dram_wrapper/i_dram/u_mig7s_mig/u_memc_ui_top_axi/mem_intfc0/ddr_phy_top0/u_ddr_mc_phy_wrapper/gen_dq_iobuf_HP.gen_dq_iobuf[24].u_iobuf_dq/IBUF/O
                         net (fo=2, routed)           0.000    10.115    i_dram_wrapper/i_dram/u_mig7s_mig/u_memc_ui_top_axi/mem_intfc0/ddr_phy_top0/u_ddr_mc_phy_wrapper/u_ddr_mc_phy/ddr_phy_4lanes_0.u_ddr_phy_4lanes/ddr_byte_lane_A.ddr_byte_lane_A/ddr_byte_group_io/mem_dq_in[7]
    IDELAY_X1Y110        IDELAYE2_FINEDELAY (Prop_idelaye2_finedelay_IDATAIN_DATAOUT)
                                                      0.666    10.781 r  i_dram_wrapper/i_dram/u_mig7s_mig/u_memc_ui_top_axi/mem_intfc0/ddr_phy_top0/u_ddr_mc_phy_wrapper/u_ddr_mc_phy/ddr_phy_4lanes_0.u_ddr_phy_4lanes/ddr_byte_lane_A.ddr_byte_lane_A/ddr_byte_group_io/input_[7].iserdes_dq_.idelay_finedelay_dq.idelaye2/DATAOUT
                         net (fo=1, routed)           0.000    10.781    i_dram_wrapper/i_dram/u_mig7s_mig/u_memc_ui_top_axi/mem_intfc0/ddr_phy_top0/u_ddr_mc_phy_wrapper/u_ddr_mc_phy/ddr_phy_4lanes_0.u_ddr_phy_4lanes/ddr_byte_lane_A.ddr_byte_lane_A/ddr_byte_group_io/data_in_dly_7
    ILOGIC_X1Y110        ISERDESE2                                    r  i_dram_wrapper/i_dram/u_mig7s_mig/u_memc_ui_top_axi/mem_intfc0/ddr_phy_top0/u_ddr_mc_phy_wrapper/u_ddr_mc_phy/ddr_phy_4lanes_0.u_ddr_phy_4lanes/ddr_byte_lane_A.ddr_byte_lane_A/ddr_byte_group_io/input_[7].iserdes_dq_.iserdesdq/DDLY
  -------------------------------------------------------------------    -------------------

                         (clock u_memc_ui_top_axi/mem_intfc0/ddr_phy_top0/u_ddr_mc_phy_wrapper/u_ddr_mc_phy/ddr_phy_4lanes_0.u_ddr_phy_4lanes/ddr_byte_lane_A.ddr_byte_lane_A/iserdes_clk fall edge)
                                                      6.797     6.797 f  
    AD12                                              0.000     6.797 f  sys_clk_p (IN)
                         net (fo=0)                   0.000     6.797    sys_clk_p
    AD12                 IBUFDS (Prop_ibufds_I_O)     0.803     7.600 f  i_bufds_sys_clk/O
                         net (fo=1, routed)           2.173     9.773    sys_clk
    BUFGCTRL_X0Y1        BUFG (Prop_bufg_I_O)         0.083     9.856 f  sys_clk_BUFG_inst/O
                         net (fo=63, routed)          1.626    11.482    i_dram_wrapper/i_dram/u_mig7s_mig/u_ddr3_infrastructure/plle2_i_0
    PLLE2_ADV_X1Y1       PLLE2_ADV (Prop_plle2_adv_CLKIN1_CLKOUT0)
                                                      0.073    11.555 f  i_dram_wrapper/i_dram/u_mig7s_mig/u_ddr3_infrastructure/plle2_i/CLKOUT0
                         net (fo=14, routed)          1.076    12.631    i_dram_wrapper/i_dram/u_mig7s_mig/u_memc_ui_top_axi/mem_intfc0/ddr_phy_top0/u_ddr_mc_phy_wrapper/u_ddr_mc_phy/ddr_phy_4lanes_0.u_ddr_phy_4lanes/ddr_byte_lane_A.ddr_byte_lane_A/freq_refclk
    PHASER_IN_PHY_X1Y8   PHASER_IN_PHY (Prop_phaser_in_phy_FREQREFCLK_ICLK)
                                                      1.394    14.025 f  i_dram_wrapper/i_dram/u_mig7s_mig/u_memc_ui_top_axi/mem_intfc0/ddr_phy_top0/u_ddr_mc_phy_wrapper/u_ddr_mc_phy/ddr_phy_4lanes_0.u_ddr_phy_4lanes/ddr_byte_lane_A.ddr_byte_lane_A/phaser_in_gen.phaser_in/ICLK
                         net (fo=16, routed)          0.315    14.340    i_dram_wrapper/i_dram/u_mig7s_mig/u_memc_ui_top_axi/mem_intfc0/ddr_phy_top0/u_ddr_mc_phy_wrapper/u_ddr_mc_phy/ddr_phy_4lanes_0.u_ddr_phy_4lanes/ddr_byte_lane_A.ddr_byte_lane_A/ddr_byte_group_io/CLKB0
    ILOGIC_X1Y110        ISERDESE2                                    r  i_dram_wrapper/i_dram/u_mig7s_mig/u_memc_ui_top_axi/mem_intfc0/ddr_phy_top0/u_ddr_mc_phy_wrapper/u_ddr_mc_phy/ddr_phy_4lanes_0.u_ddr_phy_4lanes/ddr_byte_lane_A.ddr_byte_lane_A/ddr_byte_group_io/input_[7].iserdes_dq_.iserdesdq/CLKB  (IS_INVERTED)
                         clock pessimism              0.403    14.744    
                         clock uncertainty           -0.173    14.571    
    ILOGIC_X1Y110        ISERDESE2 (Setup_iserdese2_CLKB_DDLY)
                                                     -0.115    14.456    i_dram_wrapper/i_dram/u_mig7s_mig/u_memc_ui_top_axi/mem_intfc0/ddr_phy_top0/u_ddr_mc_phy_wrapper/u_ddr_mc_phy/ddr_phy_4lanes_0.u_ddr_phy_4lanes/ddr_byte_lane_A.ddr_byte_lane_A/ddr_byte_group_io/input_[7].iserdes_dq_.iserdesdq
  -------------------------------------------------------------------
                         required time                         14.456    
                         arrival time                         -10.781    
  -------------------------------------------------------------------
                         slack                                  3.675    

Slack (MET) :             17.479ns  (required time - arrival time)
  Source:                 i_cheshire_soc/i_dbg_dmi_jtag/i_dmi_jtag_tap/td_o_reg/C
                            (rising edge-triggered cell FDCE clocked by clk_jtag'  {rise@0.000ns fall@50.000ns period=100.000ns})
  Destination:            jtag_tdo_o
                            (output port clocked by clk_jtag  {rise@0.000ns fall@50.000ns period=100.000ns})
  Path Group:             clk_jtag
  Path Type:              Max at Slow Process Corner
  Requirement:            50.000ns  (clk_jtag rise@100.000ns - clk_jtag fall@50.000ns)
  Data Path Delay:        5.153ns  (logic 3.539ns (68.691%)  route 1.613ns (31.309%))
  Logic Levels:           1  (OBUF=1)
  Output Delay:           20.000ns
  Clock Path Skew:        -6.867ns (DCD - SCD + CPR)
    Destination Clock Delay (DCD):    0.000ns = ( 100.000 - 100.000 ) 
    Source Clock Delay      (SCD):    6.867ns = ( 56.867 - 50.000 ) 
    Clock Pessimism Removal (CPR):    0.000ns
  Clock Uncertainty:      0.501ns  ((TSJ^2 + TIJ^2)^1/2 + DJ) / 2 + PE
    Total System Jitter     (TSJ):    0.071ns
    Total Input Jitter      (TIJ):    1.000ns
    Discrete Jitter          (DJ):    0.000ns
    Phase Error              (PE):    0.000ns

    Location             Delay type                Incr(ns)  Path(ns)    Netlist Resource(s)
  -------------------------------------------------------------------    -------------------
                         (clock clk_jtag fall edge)
                                                     50.000    50.000 f  
    AD27                                              0.000    50.000 f  jtag_tck_i (IN)
                         net (fo=0)                   0.000    50.000    jtag_tck_i
    AD27                 IBUF (Prop_ibuf_I_O)         1.518    51.518 f  jtag_tck_i_IBUF_inst/O
                         net (fo=3, routed)           3.317    54.835    i_cheshire_soc/i_dbg_dmi_jtag/i_dmi_jtag_tap/i_dft_tck_mux/jtag_tck_i_IBUF
    SLICE_X79Y197        LUT1 (Prop_lut1_I0_O)        0.043    54.878 r  i_cheshire_soc/i_dbg_dmi_jtag/i_dmi_jtag_tap/i_dft_tck_mux/i_BUFGMUX_i_1/O
                         net (fo=1, routed)           0.426    55.304    i_cheshire_soc/i_dbg_dmi_jtag/i_dmi_jtag_tap/i_dft_tck_mux/tck_ni
    BUFGCTRL_X0Y7        BUFGCTRL (Prop_bufgctrl_I0_O)
                                                      0.093    55.397 r  i_cheshire_soc/i_dbg_dmi_jtag/i_dmi_jtag_tap/i_dft_tck_mux/i_BUFGMUX/O
                         net (fo=1, routed)           1.470    56.867    i_cheshire_soc/i_dbg_dmi_jtag/i_dmi_jtag_tap/tck_n
    SLICE_X12Y109        FDCE                                         r  i_cheshire_soc/i_dbg_dmi_jtag/i_dmi_jtag_tap/td_o_reg/C
  -------------------------------------------------------------------    -------------------
    SLICE_X12Y109        FDCE (Prop_fdce_C_Q)         0.259    57.126 r  i_cheshire_soc/i_dbg_dmi_jtag/i_dmi_jtag_tap/td_o_reg/Q
                         net (fo=1, routed)           1.613    58.739    jtag_tdo_o_OBUF
    W28                  OBUF (Prop_obuf_I_O)         3.280    62.019 r  jtag_tdo_o_OBUF_inst/O
                         net (fo=0)                   0.000    62.019    jtag_tdo_o
    W28                                                               r  jtag_tdo_o (OUT)
  -------------------------------------------------------------------    -------------------

                         (clock clk_jtag rise edge)
                                                    100.000   100.000 r  
                         clock pessimism              0.000   100.000    
                         clock uncertainty           -0.501    99.499    
                         output delay               -20.000    79.499    
  -------------------------------------------------------------------
                         required time                         79.499    
                         arrival time                         -62.019    
  -------------------------------------------------------------------
                         slack                                 17.479    




