Copyright 1986-2022 Xilinx, Inc. All Rights Reserved.
--------------------------------------------------------------------------------------------------------------------------------------------------------------------
| Tool Version : Vivado v.2022.2 (lin64) Build 3671981 Fri Oct 14 04:59:54 MDT 2022
| Date         : Mon Mar  2 15:48:57 2026
| Host         : karpuz running 64-bit Ubuntu 22.04.5 LTS
| Command      : report_utilization -file /home/shc/projects/cheshire-env-nvdla-g2/target/xilinx/build/genesys2.cheshire/reports.impl/utilization.rpt -hierarchical
| Design       : cheshire_top_xilinx
| Device       : xc7k325tffg900-2
| Speed File   : -2
| Design State : Routed
--------------------------------------------------------------------------------------------------------------------------------------------------------------------

Utilization Design Information

Table of Contents
-----------------
1. Utilization by Hierarchy

1. Utilization by Hierarchy
---------------------------

+-------------------------------------------------------------------------------------------------------+---------------------------------------------------------------------+------------+------------+---------+------+-------+--------+--------+------------+
|                                                Instance                                               |                                Module                               | Total LUTs | Logic LUTs | LUTRAMs | SRLs |  FFs  | RAMB36 | RAMB18 | DSP Blocks |
+-------------------------------------------------------------------------------------------------------+---------------------------------------------------------------------+------------+------------+---------+------+-------+--------+--------+------------+
| cheshire_top_xilinx                                                                                   |                                                               (top) |     111668 |     110466 |     852 |  350 | 97581 |    135 |     20 |         27 |
|   (cheshire_top_xilinx)                                                                               |                                                               (top) |         41 |         41 |       0 |    0 |    21 |      0 |      0 |          0 |
|   i_cheshire_soc                                                                                      |                                                        cheshire_soc |      98922 |      98922 |       0 |    0 | 80688 |    134 |     20 |         27 |
|     (i_cheshire_soc)                                                                                  |                                                        cheshire_soc |        959 |        959 |       0 |    0 |    35 |      0 |      0 |          0 |
|     gen_bootrom.i_reg_to_bootrom                                                                      |                                                          reg_to_mem |          1 |          1 |       0 |    0 |     1 |      0 |      0 |          0 |
|     gen_cva6_cores[0].gen_cva6_bus_err.i_cva6_bus_err                                                 |                                                   axi_err_unit_wrap |       4509 |       4509 |       0 |    0 | 14110 |      0 |      0 |          0 |
|       (gen_cva6_cores[0].gen_cva6_bus_err.i_cva6_bus_err)                                             |                                                   axi_err_unit_wrap |        129 |        129 |       0 |    0 |     0 |      0 |      0 |          0 |
|       i_read_err_unit                                                                                 |                                        bus_err_unit__parameterized0 |       2187 |       2187 |       0 |    0 |  7055 |      0 |      0 |          0 |
|         i_err_unit_bare                                                                               |                                   bus_err_unit_bare__parameterized0 |       2187 |       2187 |       0 |    0 |  7055 |      0 |      0 |          0 |
|           (i_err_unit_bare)                                                                           |                                   bus_err_unit_bare__parameterized0 |          0 |          0 |       0 |    0 |    16 |      0 |      0 |          0 |
|           gen_addr_fifo[0].i_addr_fifo                                                                |                                       fifo_v3__parameterized11_1130 |        115 |        115 |       0 |    0 |   426 |      0 |      0 |          0 |
|           gen_addr_fifo[10].i_addr_fifo                                                               |                                       fifo_v3__parameterized11_1131 |        117 |        117 |       0 |    0 |   426 |      0 |      0 |          0 |
|           gen_addr_fifo[11].i_addr_fifo                                                               |                                       fifo_v3__parameterized11_1132 |        169 |        169 |       0 |    0 |   426 |      0 |      0 |          0 |
|           gen_addr_fifo[12].i_addr_fifo                                                               |                                       fifo_v3__parameterized11_1133 |        117 |        117 |       0 |    0 |   426 |      0 |      0 |          0 |
|           gen_addr_fifo[13].i_addr_fifo                                                               |                                       fifo_v3__parameterized11_1134 |        117 |        117 |       0 |    0 |   426 |      0 |      0 |          0 |
|           gen_addr_fifo[14].i_addr_fifo                                                               |                                       fifo_v3__parameterized11_1135 |        117 |        117 |       0 |    0 |   426 |      0 |      0 |          0 |
|           gen_addr_fifo[15].i_addr_fifo                                                               |                                       fifo_v3__parameterized11_1136 |        167 |        167 |       0 |    0 |   426 |      0 |      0 |          0 |
|           gen_addr_fifo[1].i_addr_fifo                                                                |                                       fifo_v3__parameterized11_1137 |        117 |        117 |       0 |    0 |   426 |      0 |      0 |          0 |
|           gen_addr_fifo[2].i_addr_fifo                                                                |                                       fifo_v3__parameterized11_1138 |        117 |        117 |       0 |    0 |   426 |      0 |      0 |          0 |
|           gen_addr_fifo[3].i_addr_fifo                                                                |                                       fifo_v3__parameterized11_1139 |        215 |        215 |       0 |    0 |   426 |      0 |      0 |          0 |
|           gen_addr_fifo[4].i_addr_fifo                                                                |                                       fifo_v3__parameterized11_1140 |        117 |        117 |       0 |    0 |   426 |      0 |      0 |          0 |
|           gen_addr_fifo[5].i_addr_fifo                                                                |                                       fifo_v3__parameterized11_1141 |        117 |        117 |       0 |    0 |   426 |      0 |      0 |          0 |
|           gen_addr_fifo[6].i_addr_fifo                                                                |                                       fifo_v3__parameterized11_1142 |        117 |        117 |       0 |    0 |   426 |      0 |      0 |          0 |
|           gen_addr_fifo[7].i_addr_fifo                                                                |                                       fifo_v3__parameterized11_1143 |        169 |        169 |       0 |    0 |   426 |      0 |      0 |          0 |
|           gen_addr_fifo[8].i_addr_fifo                                                                |                                       fifo_v3__parameterized11_1144 |        117 |        117 |       0 |    0 |   426 |      0 |      0 |          0 |
|           gen_addr_fifo[9].i_addr_fifo                                                                |                                       fifo_v3__parameterized11_1145 |        117 |        117 |       0 |    0 |   426 |      0 |      0 |          0 |
|           i_err_fifo                                                                                  |                                       fifo_v3__parameterized12_1146 |         65 |         65 |       0 |    0 |   223 |      0 |      0 |          0 |
|       i_write_err_unit                                                                                |                                                        bus_err_unit |       2193 |       2193 |       0 |    0 |  7055 |      0 |      0 |          0 |
|         i_err_unit_bare                                                                               |                                                   bus_err_unit_bare |       2193 |       2193 |       0 |    0 |  7055 |      0 |      0 |          0 |
|           (i_err_unit_bare)                                                                           |                                                   bus_err_unit_bare |          0 |          0 |       0 |    0 |    16 |      0 |      0 |          0 |
|           gen_addr_fifo[0].i_addr_fifo                                                                |                                            fifo_v3__parameterized11 |        117 |        117 |       0 |    0 |   426 |      0 |      0 |          0 |
|           gen_addr_fifo[10].i_addr_fifo                                                               |                                       fifo_v3__parameterized11_1115 |        117 |        117 |       0 |    0 |   426 |      0 |      0 |          0 |
|           gen_addr_fifo[11].i_addr_fifo                                                               |                                       fifo_v3__parameterized11_1116 |        169 |        169 |       0 |    0 |   426 |      0 |      0 |          0 |
|           gen_addr_fifo[12].i_addr_fifo                                                               |                                       fifo_v3__parameterized11_1117 |        117 |        117 |       0 |    0 |   426 |      0 |      0 |          0 |
|           gen_addr_fifo[13].i_addr_fifo                                                               |                                       fifo_v3__parameterized11_1118 |        117 |        117 |       0 |    0 |   426 |      0 |      0 |          0 |
|           gen_addr_fifo[14].i_addr_fifo                                                               |                                       fifo_v3__parameterized11_1119 |        117 |        117 |       0 |    0 |   426 |      0 |      0 |          0 |
|           gen_addr_fifo[15].i_addr_fifo                                                               |                                       fifo_v3__parameterized11_1120 |        169 |        169 |       0 |    0 |   426 |      0 |      0 |          0 |
|           gen_addr_fifo[1].i_addr_fifo                                                                |                                       fifo_v3__parameterized11_1121 |        117 |        117 |       0 |    0 |   426 |      0 |      0 |          0 |
|           gen_addr_fifo[2].i_addr_fifo                                                                |                                       fifo_v3__parameterized11_1122 |        117 |        117 |       0 |    0 |   426 |      0 |      0 |          0 |
|           gen_addr_fifo[3].i_addr_fifo                                                                |                                       fifo_v3__parameterized11_1123 |        217 |        217 |       0 |    0 |   426 |      0 |      0 |          0 |
|           gen_addr_fifo[4].i_addr_fifo                                                                |                                       fifo_v3__parameterized11_1124 |        117 |        117 |       0 |    0 |   426 |      0 |      0 |          0 |
|           gen_addr_fifo[5].i_addr_fifo                                                                |                                       fifo_v3__parameterized11_1125 |        117 |        117 |       0 |    0 |   426 |      0 |      0 |          0 |
|           gen_addr_fifo[6].i_addr_fifo                                                                |                                       fifo_v3__parameterized11_1126 |        117 |        117 |       0 |    0 |   426 |      0 |      0 |          0 |
|           gen_addr_fifo[7].i_addr_fifo                                                                |                                       fifo_v3__parameterized11_1127 |        169 |        169 |       0 |    0 |   426 |      0 |      0 |          0 |
|           gen_addr_fifo[8].i_addr_fifo                                                                |                                       fifo_v3__parameterized11_1128 |        117 |        117 |       0 |    0 |   426 |      0 |      0 |          0 |
|           gen_addr_fifo[9].i_addr_fifo                                                                |                                       fifo_v3__parameterized11_1129 |        117 |        117 |       0 |    0 |   426 |      0 |      0 |          0 |
|           i_err_fifo                                                                                  |                                            fifo_v3__parameterized12 |         65 |         65 |       0 |    0 |   223 |      0 |      0 |          0 |
|     gen_cva6_cores[0].i_axi_id_serialize                                                              |                                                    axi_id_serialize |       1449 |       1449 |       0 |    0 |   927 |      0 |      0 |          0 |
|       gen_serializers[0].i_axi_serializer                                                             |                                                      axi_serializer |         42 |         42 |       0 |    0 |    48 |      0 |      0 |          0 |
|         (gen_serializers[0].i_axi_serializer)                                                         |                                                      axi_serializer |          0 |          0 |       0 |    0 |     2 |      0 |      0 |          0 |
|         i_rd_id_fifo                                                                                  |                                       fifo_v3__parameterized17_1113 |         19 |         19 |       0 |    0 |    23 |      0 |      0 |          0 |
|         i_wr_id_fifo                                                                                  |                                       fifo_v3__parameterized17_1114 |         23 |         23 |       0 |    0 |    23 |      0 |      0 |          0 |
|       gen_serializers[1].i_axi_serializer                                                             |                                                 axi_serializer_1063 |         43 |         43 |       0 |    0 |    48 |      0 |      0 |          0 |
|         (gen_serializers[1].i_axi_serializer)                                                         |                                                 axi_serializer_1063 |          0 |          0 |       0 |    0 |     2 |      0 |      0 |          0 |
|         i_rd_id_fifo                                                                                  |                                       fifo_v3__parameterized17_1111 |         20 |         20 |       0 |    0 |    23 |      0 |      0 |          0 |
|         i_wr_id_fifo                                                                                  |                                       fifo_v3__parameterized17_1112 |         23 |         23 |       0 |    0 |    23 |      0 |      0 |          0 |
|       gen_serializers[2].i_axi_serializer                                                             |                                                 axi_serializer_1064 |        126 |        126 |       0 |    0 |    48 |      0 |      0 |          0 |
|         (gen_serializers[2].i_axi_serializer)                                                         |                                                 axi_serializer_1064 |          0 |          0 |       0 |    0 |     2 |      0 |      0 |          0 |
|         i_rd_id_fifo                                                                                  |                                       fifo_v3__parameterized17_1109 |         40 |         40 |       0 |    0 |    23 |      0 |      0 |          0 |
|         i_wr_id_fifo                                                                                  |                                       fifo_v3__parameterized17_1110 |         86 |         86 |       0 |    0 |    23 |      0 |      0 |          0 |
|       gen_serializers[3].i_axi_serializer                                                             |                                                 axi_serializer_1065 |         44 |         44 |       0 |    0 |    48 |      0 |      0 |          0 |
|         (gen_serializers[3].i_axi_serializer)                                                         |                                                 axi_serializer_1065 |          0 |          0 |       0 |    0 |     2 |      0 |      0 |          0 |
|         i_rd_id_fifo                                                                                  |                                            fifo_v3__parameterized17 |         20 |         20 |       0 |    0 |    23 |      0 |      0 |          0 |
|         i_wr_id_fifo                                                                                  |                                       fifo_v3__parameterized17_1108 |         24 |         24 |       0 |    0 |    23 |      0 |      0 |          0 |
|       i_axi_demux                                                                                     |                                           axi_demux__parameterized0 |        472 |        472 |       0 |    0 |   467 |      0 |      0 |          0 |
|         i_ar_sel_spill_reg                                                                            |                                     spill_register__parameterized19 |         53 |         53 |       0 |    0 |     6 |      0 |      0 |          0 |
|           spill_register_flushable_i                                                                  |                      spill_register_flushable__parameterized19_1107 |         53 |         53 |       0 |    0 |     6 |      0 |      0 |          0 |
|         i_ar_spill_reg                                                                                |                                 spill_register__parameterized3_1066 |         64 |         64 |       0 |    0 |   116 |      0 |      0 |          0 |
|           spill_register_flushable_i                                                                  |                       spill_register_flushable__parameterized3_1106 |         64 |         64 |       0 |    0 |   116 |      0 |      0 |          0 |
|         i_aw_select_spill_reg                                                                         |                                spill_register__parameterized19_1067 |         50 |         50 |       0 |    0 |     6 |      0 |      0 |          0 |
|           spill_register_flushable_i                                                                  |                           spill_register_flushable__parameterized19 |         50 |         50 |       0 |    0 |     6 |      0 |      0 |          0 |
|         i_aw_spill_reg                                                                                |                                 spill_register__parameterized1_1068 |         93 |         93 |       0 |    0 |   126 |      0 |      0 |          0 |
|           spill_register_flushable_i                                                                  |                       spill_register_flushable__parameterized1_1105 |         93 |         93 |       0 |    0 |   126 |      0 |      0 |          0 |
|         i_demux_simple                                                                                |                                    axi_demux_simple__parameterized0 |        212 |        212 |       0 |    0 |   213 |      0 |      0 |          0 |
|           (i_demux_simple)                                                                            |                                    axi_demux_simple__parameterized0 |          1 |          1 |       0 |    0 |     4 |      0 |      0 |          0 |
|           gen_ar_id_counter.i_ar_id_counter                                                           |                               axi_demux_id_counters__parameterized0 |         89 |         89 |       0 |    0 |    96 |      0 |      0 |          0 |
|             (gen_ar_id_counter.i_ar_id_counter)                                                       |                               axi_demux_id_counters__parameterized0 |         10 |         10 |       0 |    0 |    32 |      0 |      0 |          0 |
|             gen_counters[0].i_in_flight_cnt                                                           |                                  delta_counter__parameterized3_1089 |          4 |          4 |       0 |    0 |     4 |      0 |      0 |          0 |
|             gen_counters[10].i_in_flight_cnt                                                          |                                  delta_counter__parameterized3_1090 |          4 |          4 |       0 |    0 |     4 |      0 |      0 |          0 |
|             gen_counters[11].i_in_flight_cnt                                                          |                                  delta_counter__parameterized3_1091 |          5 |          5 |       0 |    0 |     4 |      0 |      0 |          0 |
|             gen_counters[12].i_in_flight_cnt                                                          |                                  delta_counter__parameterized3_1092 |          4 |          4 |       0 |    0 |     4 |      0 |      0 |          0 |
|             gen_counters[13].i_in_flight_cnt                                                          |                                  delta_counter__parameterized3_1093 |          7 |          7 |       0 |    0 |     4 |      0 |      0 |          0 |
|             gen_counters[14].i_in_flight_cnt                                                          |                                  delta_counter__parameterized3_1094 |          4 |          4 |       0 |    0 |     4 |      0 |      0 |          0 |
|             gen_counters[15].i_in_flight_cnt                                                          |                                  delta_counter__parameterized3_1095 |          5 |          5 |       0 |    0 |     4 |      0 |      0 |          0 |
|             gen_counters[1].i_in_flight_cnt                                                           |                                  delta_counter__parameterized3_1096 |          5 |          5 |       0 |    0 |     4 |      0 |      0 |          0 |
|             gen_counters[2].i_in_flight_cnt                                                           |                                  delta_counter__parameterized3_1097 |          5 |          5 |       0 |    0 |     4 |      0 |      0 |          0 |
|             gen_counters[3].i_in_flight_cnt                                                           |                                  delta_counter__parameterized3_1098 |          5 |          5 |       0 |    0 |     4 |      0 |      0 |          0 |
|             gen_counters[4].i_in_flight_cnt                                                           |                                  delta_counter__parameterized3_1099 |          5 |          5 |       0 |    0 |     4 |      0 |      0 |          0 |
|             gen_counters[5].i_in_flight_cnt                                                           |                                  delta_counter__parameterized3_1100 |          4 |          4 |       0 |    0 |     4 |      0 |      0 |          0 |
|             gen_counters[6].i_in_flight_cnt                                                           |                                  delta_counter__parameterized3_1101 |          6 |          6 |       0 |    0 |     4 |      0 |      0 |          0 |
|             gen_counters[7].i_in_flight_cnt                                                           |                                  delta_counter__parameterized3_1102 |          6 |          6 |       0 |    0 |     4 |      0 |      0 |          0 |
|             gen_counters[8].i_in_flight_cnt                                                           |                                  delta_counter__parameterized3_1103 |          4 |          4 |       0 |    0 |     4 |      0 |      0 |          0 |
|             gen_counters[9].i_in_flight_cnt                                                           |                                  delta_counter__parameterized3_1104 |          6 |          6 |       0 |    0 |     4 |      0 |      0 |          0 |
|           gen_aw_id_counter.i_aw_id_counter                                                           |                          axi_demux_id_counters__parameterized0_1069 |         81 |         81 |       0 |    0 |    96 |      0 |      0 |          0 |
|             (gen_aw_id_counter.i_aw_id_counter)                                                       |                          axi_demux_id_counters__parameterized0_1069 |          0 |          0 |       0 |    0 |    32 |      0 |      0 |          0 |
|             gen_counters[0].i_in_flight_cnt                                                           |                                  delta_counter__parameterized3_1073 |          3 |          3 |       0 |    0 |     4 |      0 |      0 |          0 |
|             gen_counters[10].i_in_flight_cnt                                                          |                                  delta_counter__parameterized3_1074 |          4 |          4 |       0 |    0 |     4 |      0 |      0 |          0 |
|             gen_counters[11].i_in_flight_cnt                                                          |                                  delta_counter__parameterized3_1075 |          5 |          5 |       0 |    0 |     4 |      0 |      0 |          0 |
|             gen_counters[12].i_in_flight_cnt                                                          |                                  delta_counter__parameterized3_1076 |          4 |          4 |       0 |    0 |     4 |      0 |      0 |          0 |
|             gen_counters[13].i_in_flight_cnt                                                          |                                  delta_counter__parameterized3_1077 |          5 |          5 |       0 |    0 |     4 |      0 |      0 |          0 |
|             gen_counters[14].i_in_flight_cnt                                                          |                                  delta_counter__parameterized3_1078 |          4 |          4 |       0 |    0 |     4 |      0 |      0 |          0 |
|             gen_counters[15].i_in_flight_cnt                                                          |                                  delta_counter__parameterized3_1079 |          5 |          5 |       0 |    0 |     4 |      0 |      0 |          0 |
|             gen_counters[1].i_in_flight_cnt                                                           |                                  delta_counter__parameterized3_1080 |          4 |          4 |       0 |    0 |     4 |      0 |      0 |          0 |
|             gen_counters[2].i_in_flight_cnt                                                           |                                  delta_counter__parameterized3_1081 |          5 |          5 |       0 |    0 |     4 |      0 |      0 |          0 |
|             gen_counters[3].i_in_flight_cnt                                                           |                                  delta_counter__parameterized3_1082 |          5 |          5 |       0 |    0 |     4 |      0 |      0 |          0 |
|             gen_counters[4].i_in_flight_cnt                                                           |                                  delta_counter__parameterized3_1083 |          4 |          4 |       0 |    0 |     4 |      0 |      0 |          0 |
|             gen_counters[5].i_in_flight_cnt                                                           |                                  delta_counter__parameterized3_1084 |          3 |          3 |       0 |    0 |     4 |      0 |      0 |          0 |
|             gen_counters[6].i_in_flight_cnt                                                           |                                  delta_counter__parameterized3_1085 |          6 |          6 |       0 |    0 |     4 |      0 |      0 |          0 |
|             gen_counters[7].i_in_flight_cnt                                                           |                                  delta_counter__parameterized3_1086 |         16 |         16 |       0 |    0 |     4 |      0 |      0 |          0 |
|             gen_counters[8].i_in_flight_cnt                                                           |                                  delta_counter__parameterized3_1087 |          3 |          3 |       0 |    0 |     4 |      0 |      0 |          0 |
|             gen_counters[9].i_in_flight_cnt                                                           |                                  delta_counter__parameterized3_1088 |          5 |          5 |       0 |    0 |     4 |      0 |      0 |          0 |
|           i_b_mux                                                                                     |                                        rr_arb_tree__parameterized13 |         21 |         21 |       0 |    0 |     7 |      0 |      0 |          0 |
|           i_counter_open_w                                                                            |                                        counter__parameterized3_1070 |         13 |         13 |       0 |    0 |     3 |      0 |      0 |          0 |
|             i_counter                                                                                 |                                  delta_counter__parameterized3_1072 |         13 |         13 |       0 |    0 |     3 |      0 |      0 |          0 |
|           i_r_mux                                                                                     |                                   rr_arb_tree__parameterized13_1071 |          7 |          7 |       0 |    0 |     7 |      0 |      0 |          0 |
|       i_axi_mux                                                                                       |                                             axi_mux__parameterized0 |        723 |        723 |       0 |    0 |   268 |      0 |      0 |          0 |
|         (i_axi_mux)                                                                                   |                                             axi_mux__parameterized0 |          0 |          0 |       0 |    0 |     1 |      0 |      0 |          0 |
|         gen_mux.i_ar_arbiter                                                                          |                                        rr_arb_tree__parameterized15 |         15 |         15 |       0 |    0 |     7 |      0 |      0 |          0 |
|         gen_mux.i_ar_spill_reg                                                                        |                                     spill_register__parameterized22 |        332 |        332 |       0 |    0 |   116 |      0 |      0 |          0 |
|           spill_register_flushable_i                                                                  |                           spill_register_flushable__parameterized22 |        332 |        332 |       0 |    0 |   116 |      0 |      0 |          0 |
|         gen_mux.i_aw_arbiter                                                                          |                                        rr_arb_tree__parameterized14 |         15 |         15 |       0 |    0 |     7 |      0 |      0 |          0 |
|         gen_mux.i_aw_spill_reg                                                                        |                                     spill_register__parameterized20 |        333 |        333 |       0 |    0 |   122 |      0 |      0 |          0 |
|           spill_register_flushable_i                                                                  |                           spill_register_flushable__parameterized20 |        333 |        333 |       0 |    0 |   122 |      0 |      0 |          0 |
|         gen_mux.i_w_fifo                                                                              |                                            fifo_v3__parameterized18 |         28 |         28 |       0 |    0 |    15 |      0 |      0 |          0 |
|     gen_cva6_cores[0].i_core_cva6                                                                     |                                                                cva6 |      47020 |      47020 |       0 |    0 | 26083 |     94 |     12 |         27 |
|       (gen_cva6_cores[0].i_core_cva6)                                                                 |                                                                cva6 |          0 |          0 |       0 |    0 |     1 |      0 |      0 |          0 |
|       commit_stage_i                                                                                  |                                                        commit_stage |         61 |         61 |       0 |    0 |     0 |      0 |      0 |          0 |
|       controller_i                                                                                    |                                                          controller |        166 |        166 |       0 |    0 |   116 |      0 |      0 |          0 |
|         (controller_i)                                                                                |                                                          controller |         71 |         71 |       0 |    0 |    80 |      0 |      0 |          0 |
|         i_drain_cnt                                                                                   |                                        counter__parameterized0_1061 |         55 |         55 |       0 |    0 |     4 |      0 |      0 |          0 |
|           i_counter                                                                                   |                                  delta_counter__parameterized0_1062 |         55 |         55 |       0 |    0 |     4 |      0 |      0 |          0 |
|         i_pad_cnt                                                                                     |                                             counter__parameterized5 |         40 |         40 |       0 |    0 |    32 |      0 |      0 |          0 |
|           i_counter                                                                                   |                                       delta_counter__parameterized5 |         40 |         40 |       0 |    0 |    32 |      0 |      0 |          0 |
|       csr_regfile_i                                                                                   |                                                         csr_regfile |       1276 |       1276 |       0 |    0 |  2099 |      0 |      0 |          0 |
|       ex_stage_i                                                                                      |                                                            ex_stage |      21536 |      21536 |       0 |    0 | 10045 |      0 |      0 |         27 |
|         (ex_stage_i)                                                                                  |                                                            ex_stage |          1 |          1 |       0 |    0 |    83 |      0 |      0 |          0 |
|         alu_i                                                                                         |                                                                 alu |         69 |         69 |       0 |    0 |     0 |      0 |      0 |          0 |
|         branch_unit_i                                                                                 |                                                         branch_unit |        202 |        202 |       0 |    0 |     0 |      0 |      0 |          0 |
|         csr_buffer_i                                                                                  |                                                          csr_buffer |       1602 |       1602 |       0 |    0 |    13 |      0 |      0 |          0 |
|         fpu_gen.fpu_i                                                                                 |                                                            fpu_wrap |       7962 |       7962 |       0 |    0 |  1924 |      0 |      0 |         11 |
|           (fpu_gen.fpu_i)                                                                             |                                                            fpu_wrap |         15 |         15 |       0 |    0 |   214 |      0 |      0 |          0 |
|           fpu_gen.i_fpnew_bulk                                                                        |                                                           fpnew_top |       7947 |       7947 |       0 |    0 |  1710 |      0 |      0 |         11 |
|             gen_operation_groups[0].i_opgroup_block                                                   |                                                 fpnew_opgroup_block |       3443 |       3443 |       0 |    0 |   748 |      0 |      0 |         11 |
|               gen_parallel_slices[0].active_format.i_fmt_slice                                        |                                             fpnew_opgroup_fmt_slice |       1049 |       1049 |       0 |    0 |   242 |      0 |      0 |          2 |
|                 gen_num_lanes[0].active_lane.lane_instance.i_fma                                      |                                                           fpnew_fma |       1049 |       1049 |       0 |    0 |   242 |      0 |      0 |          2 |
|               gen_parallel_slices[1].active_format.i_fmt_slice                                        |                             fpnew_opgroup_fmt_slice__parameterized0 |       2393 |       2393 |       0 |    0 |   505 |      0 |      0 |          9 |
|                 gen_num_lanes[0].active_lane.lane_instance.i_fma                                      |                                           fpnew_fma__parameterized0 |       2393 |       2393 |       0 |    0 |   505 |      0 |      0 |          9 |
|               i_arbiter                                                                               |                                   rr_arb_tree__parameterized11_1060 |          3 |          3 |       0 |    0 |     1 |      0 |      0 |          0 |
|             gen_operation_groups[1].i_opgroup_block                                                   |                                 fpnew_opgroup_block__parameterized0 |       2382 |       2382 |       0 |    0 |   527 |      0 |      0 |          0 |
|               gen_merged_slice.i_multifmt_slice                                                       |                                        fpnew_opgroup_multifmt_slice |       2313 |       2313 |       0 |    0 |   527 |      0 |      0 |          0 |
|                 gen_num_lanes[0].active_lane.lane_instance.gen_pulp_divsqrt.i_fpnew_divsqrt_multi     |                                                 fpnew_divsqrt_multi |       2313 |       2313 |       0 |    0 |   527 |      0 |      0 |          0 |
|                   (gen_num_lanes[0].active_lane.lane_instance.gen_pulp_divsqrt.i_fpnew_divsqrt_multi) |                                                 fpnew_divsqrt_multi |        284 |        284 |       0 |    0 |   233 |      0 |      0 |          0 |
|                   i_divsqrt_lei                                                                       |                                                    div_sqrt_top_mvp |       2029 |       2029 |       0 |    0 |   294 |      0 |      0 |          0 |
|                     fpu_norm_U0                                                                       |                                                   norm_div_sqrt_mvp |        126 |        126 |       0 |    0 |     0 |      0 |      0 |          0 |
|                     nrbd_nrsc_U0                                                                      |                                                       nrbd_nrsc_mvp |       1230 |       1230 |       0 |    0 |   152 |      0 |      0 |          0 |
|                       control_U0                                                                      |                                                         control_mvp |       1230 |       1230 |       0 |    0 |   152 |      0 |      0 |          0 |
|                     preprocess_U0                                                                     |                                                      preprocess_mvp |        679 |        679 |       0 |    0 |   142 |      0 |      0 |          0 |
|               i_arbiter                                                                               |                                   rr_arb_tree__parameterized11_1059 |         69 |         69 |       0 |    0 |     0 |      0 |      0 |          0 |
|             gen_operation_groups[2].i_opgroup_block                                                   |                                 fpnew_opgroup_block__parameterized1 |        457 |        457 |       0 |    0 |   223 |      0 |      0 |          0 |
|               gen_parallel_slices[0].active_format.i_fmt_slice                                        |                             fpnew_opgroup_fmt_slice__parameterized1 |        182 |        182 |       0 |    0 |    80 |      0 |      0 |          0 |
|                 gen_num_lanes[0].active_lane.lane_instance.i_noncomp                                  |                                                       fpnew_noncomp |        182 |        182 |       0 |    0 |    80 |      0 |      0 |          0 |
|               gen_parallel_slices[1].active_format.i_fmt_slice                                        |                             fpnew_opgroup_fmt_slice__parameterized2 |        276 |        276 |       0 |    0 |   142 |      0 |      0 |          0 |
|                 gen_num_lanes[0].active_lane.lane_instance.i_noncomp                                  |                                       fpnew_noncomp__parameterized0 |        276 |        276 |       0 |    0 |   142 |      0 |      0 |          0 |
|               i_arbiter                                                                               |                                   rr_arb_tree__parameterized11_1058 |          1 |          1 |       0 |    0 |     1 |      0 |      0 |          0 |
|             gen_operation_groups[3].i_opgroup_block                                                   |                                 fpnew_opgroup_block__parameterized2 |       1526 |       1526 |       0 |    0 |   210 |      0 |      0 |          0 |
|               gen_merged_slice.i_multifmt_slice                                                       |                        fpnew_opgroup_multifmt_slice__parameterized0 |       1525 |       1525 |       0 |    0 |   210 |      0 |      0 |          0 |
|                 gen_num_lanes[0].active_lane.lane_instance.i_fpnew_cast_multi                         |                                                    fpnew_cast_multi |       1525 |       1525 |       0 |    0 |   210 |      0 |      0 |          0 |
|               i_arbiter                                                                               |                                        rr_arb_tree__parameterized11 |          1 |          1 |       0 |    0 |     0 |      0 |      0 |          0 |
|             i_arbiter                                                                                 |                                        rr_arb_tree__parameterized12 |        143 |        143 |       0 |    0 |     2 |      0 |      0 |          0 |
|         i_mult                                                                                        |                                                                mult |        810 |        810 |       0 |    0 |   324 |      0 |      0 |         16 |
|           (i_mult)                                                                                    |                                                                mult |          0 |          0 |       0 |    0 |     1 |      0 |      0 |          0 |
|           i_div                                                                                       |                                                              serdiv |        355 |        355 |       0 |    0 |   209 |      0 |      0 |          0 |
|           i_multiplier                                                                                |                                                          multiplier |        455 |        455 |       0 |    0 |   114 |      0 |      0 |         16 |
|         lsu_i                                                                                         |                                                     load_store_unit |      10890 |      10890 |       0 |    0 |  7701 |      0 |      0 |          0 |
|           gen_mmu_sv39x4.i_cva6_mmu                                                                   |                                                     cva6_mmu_sv39x4 |       7367 |       7367 |       0 |    0 |  5824 |      0 |      0 |          0 |
|             (gen_mmu_sv39x4.i_cva6_mmu)                                                               |                                                     cva6_mmu_sv39x4 |         58 |         58 |       0 |    0 |   327 |      0 |      0 |          0 |
|             i_dtlb                                                                                    |                                                     cva6_tlb_sv39x4 |       3275 |       3275 |       0 |    0 |  2607 |      0 |      0 |          0 |
|             i_itlb                                                                                    |                                                cva6_tlb_sv39x4_1057 |       3309 |       3309 |       0 |    0 |  2543 |      0 |      0 |          0 |
|             i_ptw                                                                                     |                                                     cva6_ptw_sv39x4 |        727 |        727 |       0 |    0 |   347 |      0 |      0 |          0 |
|           i_load_unit                                                                                 |                                                           load_unit |        122 |        122 |       0 |    0 |    37 |      0 |      0 |          0 |
|           i_pipe_reg_load                                                                             |                                           shift_reg__parameterized1 |       1808 |       1808 |       0 |    0 |   205 |      0 |      0 |          0 |
|             i_shift_reg_gated                                                                         |                                     shift_reg_gated__parameterized1 |       1808 |       1808 |       0 |    0 |   205 |      0 |      0 |          0 |
|           i_store_unit                                                                                |                                                          store_unit |        824 |        824 |       0 |    0 |  1265 |      0 |      0 |          0 |
|             (i_store_unit)                                                                            |                                                          store_unit |        176 |        176 |       0 |    0 |    83 |      0 |      0 |          0 |
|             i_amo_buffer                                                                              |                                                          amo_buffer |         85 |         85 |       0 |    0 |   120 |      0 |      0 |          0 |
|               i_amo_fifo                                                                              |                                            fifo_v3__parameterized16 |         85 |         85 |       0 |    0 |   120 |      0 |      0 |          0 |
|             store_buffer_i                                                                            |                                                        store_buffer |        563 |        563 |       0 |    0 |  1062 |      0 |      0 |          0 |
|           lsu_bypass_i                                                                                |                                                          lsu_bypass |        771 |        771 |       0 |    0 |   370 |      0 |      0 |          0 |
|       gen_cache_wb.i_cache_subsystem                                                                  |                                                 std_cache_subsystem |       7902 |       7902 |       0 |    0 |  1337 |     94 |     12 |          0 |
|         i_cva6_icache_axi_wrapper                                                                     |                                             cva6_icache_axi_wrapper |        844 |        844 |       0 |    0 |   314 |     20 |      4 |          0 |
|           (i_cva6_icache_axi_wrapper)                                                                 |                                             cva6_icache_axi_wrapper |         32 |         32 |       0 |    0 |   176 |      0 |      0 |          0 |
|           i_axi_shim                                                                                  |                                                            axi_shim |          2 |          2 |       0 |    0 |     2 |      0 |      0 |          0 |
|           i_cva6_icache                                                                               |                                                         cva6_icache |        810 |        810 |       0 |    0 |   136 |     20 |      4 |          0 |
|             (i_cva6_icache)                                                                           |                                                         cva6_icache |        118 |        118 |       0 |    0 |   128 |      0 |      0 |          0 |
|             gen_sram[0].data_sram                                                                     |                                                sram__parameterized0 |         95 |         95 |       0 |    0 |     0 |      4 |      0 |          0 |
|               i_tc_sram                                                                               |                                        tc_sram__parameterized2_1055 |         95 |         95 |       0 |    0 |     0 |      4 |      0 |          0 |
|                 gen_1_ports.i_xpm_memory_spram                                                        |                               xpm_memory_spram__parameterized2_1056 |         95 |         95 |       0 |    0 |     0 |      4 |      0 |          0 |
|                   (gen_1_ports.i_xpm_memory_spram)                                                    |                               xpm_memory_spram__parameterized2_1056 |         33 |         33 |       0 |    0 |     0 |      0 |      0 |          0 |
|                   xpm_memory_base_inst                                                                |                                  xpm_memory_base__parameterized2__9 |         62 |         62 |       0 |    0 |     0 |      4 |      0 |          0 |
|             gen_sram[0].tag_sram                                                                      |                                                                sram |        131 |        131 |       0 |    0 |     0 |      1 |      1 |          0 |
|               i_tc_sram                                                                               |                                        tc_sram__parameterized1_1053 |        131 |        131 |       0 |    0 |     0 |      1 |      1 |          0 |
|                 gen_1_ports.i_xpm_memory_spram                                                        |                               xpm_memory_spram__parameterized1_1054 |        131 |        131 |       0 |    0 |     0 |      1 |      1 |          0 |
|                   (gen_1_ports.i_xpm_memory_spram)                                                    |                               xpm_memory_spram__parameterized1_1054 |        112 |        112 |       0 |    0 |     0 |      0 |      0 |          0 |
|                   xpm_memory_base_inst                                                                |                                  xpm_memory_base__parameterized1__9 |         20 |         20 |       0 |    0 |     0 |      1 |      1 |          0 |
|             gen_sram[1].data_sram                                                                     |                                           sram__parameterized0_1036 |         91 |         91 |       0 |    0 |     0 |      4 |      0 |          0 |
|               i_tc_sram                                                                               |                                        tc_sram__parameterized2_1051 |         91 |         91 |       0 |    0 |     0 |      4 |      0 |          0 |
|                 gen_1_ports.i_xpm_memory_spram                                                        |                               xpm_memory_spram__parameterized2_1052 |         91 |         91 |       0 |    0 |     0 |      4 |      0 |          0 |
|                   (gen_1_ports.i_xpm_memory_spram)                                                    |                               xpm_memory_spram__parameterized2_1052 |         33 |         33 |       0 |    0 |     0 |      0 |      0 |          0 |
|                   xpm_memory_base_inst                                                                |                                 xpm_memory_base__parameterized2__10 |         58 |         58 |       0 |    0 |     0 |      4 |      0 |          0 |
|             gen_sram[1].tag_sram                                                                      |                                                           sram_1037 |         65 |         65 |       0 |    0 |     0 |      1 |      1 |          0 |
|               i_tc_sram                                                                               |                                        tc_sram__parameterized1_1049 |         65 |         65 |       0 |    0 |     0 |      1 |      1 |          0 |
|                 gen_1_ports.i_xpm_memory_spram                                                        |                               xpm_memory_spram__parameterized1_1050 |         65 |         65 |       0 |    0 |     0 |      1 |      1 |          0 |
|                   (gen_1_ports.i_xpm_memory_spram)                                                    |                               xpm_memory_spram__parameterized1_1050 |         47 |         47 |       0 |    0 |     0 |      0 |      0 |          0 |
|                   xpm_memory_base_inst                                                                |                                 xpm_memory_base__parameterized1__10 |         18 |         18 |       0 |    0 |     0 |      1 |      1 |          0 |
|             gen_sram[2].data_sram                                                                     |                                           sram__parameterized0_1038 |        155 |        155 |       0 |    0 |     0 |      4 |      0 |          0 |
|               i_tc_sram                                                                               |                                        tc_sram__parameterized2_1047 |        155 |        155 |       0 |    0 |     0 |      4 |      0 |          0 |
|                 gen_1_ports.i_xpm_memory_spram                                                        |                               xpm_memory_spram__parameterized2_1048 |        155 |        155 |       0 |    0 |     0 |      4 |      0 |          0 |
|                   (gen_1_ports.i_xpm_memory_spram)                                                    |                               xpm_memory_spram__parameterized2_1048 |         97 |         97 |       0 |    0 |     0 |      0 |      0 |          0 |
|                   xpm_memory_base_inst                                                                |                                 xpm_memory_base__parameterized2__11 |         58 |         58 |       0 |    0 |     0 |      4 |      0 |          0 |
|             gen_sram[2].tag_sram                                                                      |                                                           sram_1039 |         36 |         36 |       0 |    0 |     0 |      1 |      1 |          0 |
|               i_tc_sram                                                                               |                                        tc_sram__parameterized1_1045 |         36 |         36 |       0 |    0 |     0 |      1 |      1 |          0 |
|                 gen_1_ports.i_xpm_memory_spram                                                        |                               xpm_memory_spram__parameterized1_1046 |         36 |         36 |       0 |    0 |     0 |      1 |      1 |          0 |
|                   (gen_1_ports.i_xpm_memory_spram)                                                    |                               xpm_memory_spram__parameterized1_1046 |         16 |         16 |       0 |    0 |     0 |      0 |      0 |          0 |
|                   xpm_memory_base_inst                                                                |                                 xpm_memory_base__parameterized1__11 |         20 |         20 |       0 |    0 |     0 |      1 |      1 |          0 |
|             gen_sram[3].data_sram                                                                     |                                           sram__parameterized0_1040 |        104 |        104 |       0 |    0 |     0 |      4 |      0 |          0 |
|               i_tc_sram                                                                               |                                        tc_sram__parameterized2_1043 |        104 |        104 |       0 |    0 |     0 |      4 |      0 |          0 |
|                 gen_1_ports.i_xpm_memory_spram                                                        |                               xpm_memory_spram__parameterized2_1044 |        104 |        104 |       0 |    0 |     0 |      4 |      0 |          0 |
|                   (gen_1_ports.i_xpm_memory_spram)                                                    |                               xpm_memory_spram__parameterized2_1044 |         42 |         42 |       0 |    0 |     0 |      0 |      0 |          0 |
|                   xpm_memory_base_inst                                                                |                                     xpm_memory_base__parameterized2 |         62 |         62 |       0 |    0 |     0 |      4 |      0 |          0 |
|             gen_sram[3].tag_sram                                                                      |                                                           sram_1041 |         36 |         36 |       0 |    0 |     0 |      1 |      1 |          0 |
|               i_tc_sram                                                                               |                                             tc_sram__parameterized1 |         36 |         36 |       0 |    0 |     0 |      1 |      1 |          0 |
|                 gen_1_ports.i_xpm_memory_spram                                                        |                               xpm_memory_spram__parameterized1_1042 |         36 |         36 |       0 |    0 |     0 |      1 |      1 |          0 |
|                   (gen_1_ports.i_xpm_memory_spram)                                                    |                               xpm_memory_spram__parameterized1_1042 |         15 |         15 |       0 |    0 |     0 |      0 |      0 |          0 |
|                   xpm_memory_base_inst                                                                |                                     xpm_memory_base__parameterized1 |         21 |         21 |       0 |    0 |     0 |      1 |      1 |          0 |
|             i_lfsr                                                                                    |                                                                lfsr |          7 |          7 |       0 |    0 |     8 |      0 |      0 |          0 |
|         i_fifo_w_channel                                                                              |                                            fifo_v3__parameterized13 |         20 |         20 |       0 |    0 |    15 |      0 |      0 |          0 |
|         i_nbdcache                                                                                    |                                                        std_nbdcache |       7000 |       7000 |       0 |    0 |   996 |     74 |      8 |          0 |
|           (i_nbdcache)                                                                                |                                                        std_nbdcache |          3 |          3 |       0 |    0 |     0 |      0 |      0 |          0 |
|           i_miss_handler                                                                              |                                                        miss_handler |       2504 |       2504 |       0 |    0 |   710 |      0 |      0 |          0 |
|             (i_miss_handler)                                                                          |                                                        miss_handler |        120 |        120 |       0 |    0 |   334 |      0 |      0 |          0 |
|             i_bypass_arbiter                                                                          |                                                 axi_adapter_arbiter |        370 |        370 |       0 |    0 |   139 |      0 |      0 |          0 |
|             i_bypass_axi_adapter                                                                      |                                                         axi_adapter |        228 |        228 |       0 |    0 |    82 |      0 |      0 |          0 |
|             i_lfsr                                                                                    |                                                           lfsr_8bit |        345 |        345 |       0 |    0 |    14 |      0 |      0 |          0 |
|             i_miss_axi_adapter                                                                        |                                         axi_adapter__parameterized0 |       1444 |       1444 |       0 |    0 |   141 |      0 |      0 |          0 |
|           i_tag_cmp                                                                                   |                                                             tag_cmp |        208 |        208 |       0 |    0 |     4 |      0 |      0 |          0 |
|           master_ports[0].i_cache_ctrl                                                                |                                                          cache_ctrl |        477 |        477 |       0 |    0 |    60 |      0 |      0 |          0 |
|           master_ports[1].i_cache_ctrl                                                                |                                                      cache_ctrl_991 |        871 |        871 |       0 |    0 |    73 |      0 |      0 |          0 |
|           master_ports[2].i_cache_ctrl                                                                |                                                      cache_ctrl_992 |         31 |         31 |       0 |    0 |     5 |      0 |      0 |          0 |
|           master_ports[3].i_cache_ctrl                                                                |                                                      cache_ctrl_993 |        543 |        543 |       0 |    0 |   144 |      0 |      0 |          0 |
|           sram_block[0].data_sram                                                                     |                                                sram__parameterized1 |         77 |         77 |       0 |    0 |     0 |      4 |      0 |          0 |
|             i_tc_sram                                                                                 |                                        tc_sram__parameterized2_1034 |         77 |         77 |       0 |    0 |     0 |      4 |      0 |          0 |
|               gen_1_ports.i_xpm_memory_spram                                                          |                               xpm_memory_spram__parameterized2_1035 |         77 |         77 |       0 |    0 |     0 |      4 |      0 |          0 |
|                 xpm_memory_base_inst                                                                  |                                  xpm_memory_base__parameterized2__1 |         77 |         77 |       0 |    0 |     0 |      4 |      0 |          0 |
|           sram_block[0].tag_sram                                                                      |                                                sram__parameterized2 |         17 |         17 |       0 |    0 |     0 |      1 |      1 |          0 |
|             i_tc_sram                                                                                 |                                        tc_sram__parameterized3_1032 |         17 |         17 |       0 |    0 |     0 |      1 |      1 |          0 |
|               gen_1_ports.i_xpm_memory_spram                                                          |                               xpm_memory_spram__parameterized1_1033 |         17 |         17 |       0 |    0 |     0 |      1 |      1 |          0 |
|                 xpm_memory_base_inst                                                                  |                                  xpm_memory_base__parameterized1__1 |         17 |         17 |       0 |    0 |     0 |      1 |      1 |          0 |
|           sram_block[1].data_sram                                                                     |                                            sram__parameterized1_994 |         80 |         80 |       0 |    0 |     0 |      4 |      0 |          0 |
|             i_tc_sram                                                                                 |                                        tc_sram__parameterized2_1030 |         80 |         80 |       0 |    0 |     0 |      4 |      0 |          0 |
|               gen_1_ports.i_xpm_memory_spram                                                          |                               xpm_memory_spram__parameterized2_1031 |         80 |         80 |       0 |    0 |     0 |      4 |      0 |          0 |
|                 xpm_memory_base_inst                                                                  |                                  xpm_memory_base__parameterized2__2 |         80 |         80 |       0 |    0 |     0 |      4 |      0 |          0 |
|           sram_block[1].tag_sram                                                                      |                                            sram__parameterized2_995 |         16 |         16 |       0 |    0 |     0 |      1 |      1 |          0 |
|             i_tc_sram                                                                                 |                                        tc_sram__parameterized3_1028 |         16 |         16 |       0 |    0 |     0 |      1 |      1 |          0 |
|               gen_1_ports.i_xpm_memory_spram                                                          |                               xpm_memory_spram__parameterized1_1029 |         16 |         16 |       0 |    0 |     0 |      1 |      1 |          0 |
|                 xpm_memory_base_inst                                                                  |                                  xpm_memory_base__parameterized1__2 |         16 |         16 |       0 |    0 |     0 |      1 |      1 |          0 |
|           sram_block[2].data_sram                                                                     |                                            sram__parameterized1_996 |         80 |         80 |       0 |    0 |     0 |      4 |      0 |          0 |
|             i_tc_sram                                                                                 |                                        tc_sram__parameterized2_1026 |         80 |         80 |       0 |    0 |     0 |      4 |      0 |          0 |
|               gen_1_ports.i_xpm_memory_spram                                                          |                               xpm_memory_spram__parameterized2_1027 |         80 |         80 |       0 |    0 |     0 |      4 |      0 |          0 |
|                 xpm_memory_base_inst                                                                  |                                  xpm_memory_base__parameterized2__3 |         80 |         80 |       0 |    0 |     0 |      4 |      0 |          0 |
|           sram_block[2].tag_sram                                                                      |                                            sram__parameterized2_997 |         16 |         16 |       0 |    0 |     0 |      1 |      1 |          0 |
|             i_tc_sram                                                                                 |                                        tc_sram__parameterized3_1024 |         16 |         16 |       0 |    0 |     0 |      1 |      1 |          0 |
|               gen_1_ports.i_xpm_memory_spram                                                          |                               xpm_memory_spram__parameterized1_1025 |         16 |         16 |       0 |    0 |     0 |      1 |      1 |          0 |
|                 xpm_memory_base_inst                                                                  |                                  xpm_memory_base__parameterized1__3 |         16 |         16 |       0 |    0 |     0 |      1 |      1 |          0 |
|           sram_block[3].data_sram                                                                     |                                            sram__parameterized1_998 |         79 |         79 |       0 |    0 |     0 |      4 |      0 |          0 |
|             i_tc_sram                                                                                 |                                        tc_sram__parameterized2_1022 |         79 |         79 |       0 |    0 |     0 |      4 |      0 |          0 |
|               gen_1_ports.i_xpm_memory_spram                                                          |                               xpm_memory_spram__parameterized2_1023 |         79 |         79 |       0 |    0 |     0 |      4 |      0 |          0 |
|                 xpm_memory_base_inst                                                                  |                                  xpm_memory_base__parameterized2__4 |         79 |         79 |       0 |    0 |     0 |      4 |      0 |          0 |
|           sram_block[3].tag_sram                                                                      |                                            sram__parameterized2_999 |         16 |         16 |       0 |    0 |     0 |      1 |      1 |          0 |
|             i_tc_sram                                                                                 |                                        tc_sram__parameterized3_1020 |         16 |         16 |       0 |    0 |     0 |      1 |      1 |          0 |
|               gen_1_ports.i_xpm_memory_spram                                                          |                               xpm_memory_spram__parameterized1_1021 |         16 |         16 |       0 |    0 |     0 |      1 |      1 |          0 |
|                 xpm_memory_base_inst                                                                  |                                  xpm_memory_base__parameterized1__4 |         16 |         16 |       0 |    0 |     0 |      1 |      1 |          0 |
|           sram_block[4].data_sram                                                                     |                                           sram__parameterized1_1000 |         78 |         78 |       0 |    0 |     0 |      4 |      0 |          0 |
|             i_tc_sram                                                                                 |                                        tc_sram__parameterized2_1018 |         78 |         78 |       0 |    0 |     0 |      4 |      0 |          0 |
|               gen_1_ports.i_xpm_memory_spram                                                          |                               xpm_memory_spram__parameterized2_1019 |         78 |         78 |       0 |    0 |     0 |      4 |      0 |          0 |
|                 xpm_memory_base_inst                                                                  |                                  xpm_memory_base__parameterized2__5 |         78 |         78 |       0 |    0 |     0 |      4 |      0 |          0 |
|           sram_block[4].tag_sram                                                                      |                                           sram__parameterized2_1001 |         18 |         18 |       0 |    0 |     0 |      1 |      1 |          0 |
|             i_tc_sram                                                                                 |                                        tc_sram__parameterized3_1016 |         18 |         18 |       0 |    0 |     0 |      1 |      1 |          0 |
|               gen_1_ports.i_xpm_memory_spram                                                          |                               xpm_memory_spram__parameterized1_1017 |         18 |         18 |       0 |    0 |     0 |      1 |      1 |          0 |
|                 xpm_memory_base_inst                                                                  |                                  xpm_memory_base__parameterized1__5 |         18 |         18 |       0 |    0 |     0 |      1 |      1 |          0 |
|           sram_block[5].data_sram                                                                     |                                           sram__parameterized1_1002 |         74 |         74 |       0 |    0 |     0 |      4 |      0 |          0 |
|             i_tc_sram                                                                                 |                                        tc_sram__parameterized2_1014 |         74 |         74 |       0 |    0 |     0 |      4 |      0 |          0 |
|               gen_1_ports.i_xpm_memory_spram                                                          |                               xpm_memory_spram__parameterized2_1015 |         74 |         74 |       0 |    0 |     0 |      4 |      0 |          0 |
|                 xpm_memory_base_inst                                                                  |                                  xpm_memory_base__parameterized2__6 |         74 |         74 |       0 |    0 |     0 |      4 |      0 |          0 |
|           sram_block[5].tag_sram                                                                      |                                           sram__parameterized2_1003 |         16 |         16 |       0 |    0 |     0 |      1 |      1 |          0 |
|             i_tc_sram                                                                                 |                                        tc_sram__parameterized3_1012 |         16 |         16 |       0 |    0 |     0 |      1 |      1 |          0 |
|               gen_1_ports.i_xpm_memory_spram                                                          |                               xpm_memory_spram__parameterized1_1013 |         16 |         16 |       0 |    0 |     0 |      1 |      1 |          0 |
|                 xpm_memory_base_inst                                                                  |                                  xpm_memory_base__parameterized1__6 |         16 |         16 |       0 |    0 |     0 |      1 |      1 |          0 |
|           sram_block[6].data_sram                                                                     |                                           sram__parameterized1_1004 |         81 |         81 |       0 |    0 |     0 |      4 |      0 |          0 |
|             i_tc_sram                                                                                 |                                        tc_sram__parameterized2_1010 |         81 |         81 |       0 |    0 |     0 |      4 |      0 |          0 |
|               gen_1_ports.i_xpm_memory_spram                                                          |                               xpm_memory_spram__parameterized2_1011 |         81 |         81 |       0 |    0 |     0 |      4 |      0 |          0 |
|                 xpm_memory_base_inst                                                                  |                                  xpm_memory_base__parameterized2__7 |         81 |         81 |       0 |    0 |     0 |      4 |      0 |          0 |
|           sram_block[6].tag_sram                                                                      |                                           sram__parameterized2_1005 |         17 |         17 |       0 |    0 |     0 |      1 |      1 |          0 |
|             i_tc_sram                                                                                 |                                        tc_sram__parameterized3_1008 |         17 |         17 |       0 |    0 |     0 |      1 |      1 |          0 |
|               gen_1_ports.i_xpm_memory_spram                                                          |                               xpm_memory_spram__parameterized1_1009 |         17 |         17 |       0 |    0 |     0 |      1 |      1 |          0 |
|                 xpm_memory_base_inst                                                                  |                                  xpm_memory_base__parameterized1__7 |         17 |         17 |       0 |    0 |     0 |      1 |      1 |          0 |
|           sram_block[7].data_sram                                                                     |                                           sram__parameterized1_1006 |         75 |         75 |       0 |    0 |     0 |      4 |      0 |          0 |
|             i_tc_sram                                                                                 |                                             tc_sram__parameterized2 |         75 |         75 |       0 |    0 |     0 |      4 |      0 |          0 |
|               gen_1_ports.i_xpm_memory_spram                                                          |                                    xpm_memory_spram__parameterized2 |         75 |         75 |       0 |    0 |     0 |      4 |      0 |          0 |
|                 xpm_memory_base_inst                                                                  |                                  xpm_memory_base__parameterized2__8 |         75 |         75 |       0 |    0 |     0 |      4 |      0 |          0 |
|           sram_block[7].tag_sram                                                                      |                                           sram__parameterized2_1007 |         18 |         18 |       0 |    0 |     0 |      1 |      1 |          0 |
|             i_tc_sram                                                                                 |                                             tc_sram__parameterized3 |         18 |         18 |       0 |    0 |     0 |      1 |      1 |          0 |
|               gen_1_ports.i_xpm_memory_spram                                                          |                                    xpm_memory_spram__parameterized1 |         18 |         18 |       0 |    0 |     0 |      1 |      1 |          0 |
|                 xpm_memory_base_inst                                                                  |                                  xpm_memory_base__parameterized1__8 |         18 |         18 |       0 |    0 |     0 |      1 |      1 |          0 |
|           valid_dirty_sram                                                                            |                                                sram__parameterized3 |       1652 |       1652 |       0 |    0 |     0 |     34 |      0 |          0 |
|             i_tc_sram                                                                                 |                                             tc_sram__parameterized4 |       1652 |       1652 |       0 |    0 |     0 |     34 |      0 |          0 |
|               gen_1_ports.i_xpm_memory_spram                                                          |                                    xpm_memory_spram__parameterized3 |       1652 |       1652 |       0 |    0 |     0 |     34 |      0 |          0 |
|                 (gen_1_ports.i_xpm_memory_spram)                                                      |                                    xpm_memory_spram__parameterized3 |       1436 |       1436 |       0 |    0 |     0 |      0 |      0 |          0 |
|                 xpm_memory_base_inst                                                                  |                                     xpm_memory_base__parameterized3 |        216 |        216 |       0 |    0 |     0 |     34 |      0 |          0 |
|         i_stream_arbiter_ar                                                                           |                                      stream_arbiter__parameterized0 |         34 |         34 |       0 |    0 |     6 |      0 |      0 |          0 |
|           i_arb                                                                                       |                            stream_arbiter_flushable__parameterized0 |         34 |         34 |       0 |    0 |     6 |      0 |      0 |          0 |
|             gen_rr_arb.i_arbiter                                                                      |                                         rr_arb_tree__parameterized7 |         34 |         34 |       0 |    0 |     6 |      0 |      0 |          0 |
|         i_stream_arbiter_aw                                                                           |                                      stream_arbiter__parameterized1 |          6 |          6 |       0 |    0 |     6 |      0 |      0 |          0 |
|           i_arb                                                                                       |                            stream_arbiter_flushable__parameterized1 |          6 |          6 |       0 |    0 |     6 |      0 |      0 |          0 |
|             gen_rr_arb.i_arbiter                                                                      |                                         rr_arb_tree__parameterized8 |          6 |          6 |       0 |    0 |     6 |      0 |      0 |          0 |
|       gen_perf_counter.perf_counters_i                                                                |                                                       perf_counters |        160 |        160 |       0 |    0 |   414 |      0 |      0 |          0 |
|       i_frontend                                                                                      |                                                            frontend |       3317 |       3317 |       0 |    0 |  4448 |      0 |      0 |          0 |
|         (i_frontend)                                                                                  |                                                            frontend |         67 |         67 |       0 |    0 |   288 |      0 |      0 |          0 |
|         bht_gen.i_bht                                                                                 |                                                                 bht |        197 |        197 |       0 |    0 |   384 |      0 |      0 |          0 |
|         btb_gen.i_btb                                                                                 |                                                                 btb |        521 |        521 |       0 |    0 |  2080 |      0 |      0 |          0 |
|         i_instr_queue                                                                                 |                                                         instr_queue |       1197 |       1197 |       0 |    0 |  1481 |      0 |      0 |          0 |
|           (i_instr_queue)                                                                             |                                                         instr_queue |          4 |          4 |       0 |    0 |    68 |      0 |      0 |          0 |
|           gen_instr_fifo[0].i_fifo_instr_data                                                         |                                            fifo_v3__parameterized14 |        921 |        921 |       0 |    0 |   575 |      0 |      0 |          0 |
|           gen_instr_fifo[1].i_fifo_instr_data                                                         |                                        fifo_v3__parameterized14_990 |        197 |        197 |       0 |    0 |   575 |      0 |      0 |          0 |
|           i_fifo_address                                                                              |                                            fifo_v3__parameterized15 |         75 |         75 |       0 |    0 |   263 |      0 |      0 |          0 |
|         i_instr_realign                                                                               |                                                       instr_realign |       1302 |       1302 |       0 |    0 |    85 |      0 |      0 |          0 |
|         ras_gen.i_ras                                                                                 |                                                                 ras |         33 |         33 |       0 |    0 |   130 |      0 |      0 |          0 |
|       id_stage_i                                                                                      |                                                            id_stage |        278 |        278 |       0 |    0 |   373 |      0 |      0 |          0 |
|       issue_stage_i                                                                                   |                                                         issue_stage |      12416 |      12416 |       0 |    0 |  7250 |      0 |      0 |          0 |
|         i_issue_read_operands                                                                         |                                                 issue_read_operands |       5551 |       5551 |       0 |    0 |  4421 |      0 |      0 |          0 |
|           (i_issue_read_operands)                                                                     |                                                 issue_read_operands |       2744 |       2744 |       0 |    0 |   389 |      0 |      0 |          0 |
|           float_regfile_gen.gen_asic_fp_regfile.i_ariane_fp_regfile                                   |                                      ariane_regfile__parameterized0 |       1717 |       1717 |       0 |    0 |  2048 |      0 |      0 |          0 |
|           gen_asic_regfile.i_ariane_regfile                                                           |                                                      ariane_regfile |       1090 |       1090 |       0 |    0 |  1984 |      0 |      0 |          0 |
|         i_scoreboard                                                                                  |                                                          scoreboard |       6867 |       6867 |       0 |    0 |  2829 |      0 |      0 |          0 |
|           (i_scoreboard)                                                                              |                                                          scoreboard |       5070 |       5070 |       0 |    0 |  2829 |      0 |      0 |          0 |
|           gen_sel_clobbers[0].i_sel_fpr_clobbers                                                      |                                         rr_arb_tree__parameterized9 |         12 |         12 |       0 |    0 |     0 |      0 |      0 |          0 |
|           gen_sel_clobbers[10].i_sel_fpr_clobbers                                                     |                                     rr_arb_tree__parameterized9_926 |         12 |         12 |       0 |    0 |     0 |      0 |      0 |          0 |
|           gen_sel_clobbers[10].i_sel_gpr_clobbers                                                     |                                     rr_arb_tree__parameterized9_927 |         12 |         12 |       0 |    0 |     0 |      0 |      0 |          0 |
|           gen_sel_clobbers[11].i_sel_fpr_clobbers                                                     |                                     rr_arb_tree__parameterized9_928 |         12 |         12 |       0 |    0 |     0 |      0 |      0 |          0 |
|           gen_sel_clobbers[11].i_sel_gpr_clobbers                                                     |                                     rr_arb_tree__parameterized9_929 |         12 |         12 |       0 |    0 |     0 |      0 |      0 |          0 |
|           gen_sel_clobbers[12].i_sel_fpr_clobbers                                                     |                                     rr_arb_tree__parameterized9_930 |         12 |         12 |       0 |    0 |     0 |      0 |      0 |          0 |
|           gen_sel_clobbers[12].i_sel_gpr_clobbers                                                     |                                     rr_arb_tree__parameterized9_931 |         12 |         12 |       0 |    0 |     0 |      0 |      0 |          0 |
|           gen_sel_clobbers[13].i_sel_fpr_clobbers                                                     |                                     rr_arb_tree__parameterized9_932 |         12 |         12 |       0 |    0 |     0 |      0 |      0 |          0 |
|           gen_sel_clobbers[13].i_sel_gpr_clobbers                                                     |                                     rr_arb_tree__parameterized9_933 |         12 |         12 |       0 |    0 |     0 |      0 |      0 |          0 |
|           gen_sel_clobbers[14].i_sel_fpr_clobbers                                                     |                                     rr_arb_tree__parameterized9_934 |         12 |         12 |       0 |    0 |     0 |      0 |      0 |          0 |
|           gen_sel_clobbers[14].i_sel_gpr_clobbers                                                     |                                     rr_arb_tree__parameterized9_935 |         12 |         12 |       0 |    0 |     0 |      0 |      0 |          0 |
|           gen_sel_clobbers[15].i_sel_fpr_clobbers                                                     |                                     rr_arb_tree__parameterized9_936 |         12 |         12 |       0 |    0 |     0 |      0 |      0 |          0 |
|           gen_sel_clobbers[15].i_sel_gpr_clobbers                                                     |                                     rr_arb_tree__parameterized9_937 |         12 |         12 |       0 |    0 |     0 |      0 |      0 |          0 |
|           gen_sel_clobbers[16].i_sel_fpr_clobbers                                                     |                                     rr_arb_tree__parameterized9_938 |         12 |         12 |       0 |    0 |     0 |      0 |      0 |          0 |
|           gen_sel_clobbers[16].i_sel_gpr_clobbers                                                     |                                     rr_arb_tree__parameterized9_939 |         12 |         12 |       0 |    0 |     0 |      0 |      0 |          0 |
|           gen_sel_clobbers[17].i_sel_fpr_clobbers                                                     |                                     rr_arb_tree__parameterized9_940 |         12 |         12 |       0 |    0 |     0 |      0 |      0 |          0 |
|           gen_sel_clobbers[17].i_sel_gpr_clobbers                                                     |                                     rr_arb_tree__parameterized9_941 |         12 |         12 |       0 |    0 |     0 |      0 |      0 |          0 |
|           gen_sel_clobbers[18].i_sel_fpr_clobbers                                                     |                                     rr_arb_tree__parameterized9_942 |         12 |         12 |       0 |    0 |     0 |      0 |      0 |          0 |
|           gen_sel_clobbers[18].i_sel_gpr_clobbers                                                     |                                     rr_arb_tree__parameterized9_943 |         12 |         12 |       0 |    0 |     0 |      0 |      0 |          0 |
|           gen_sel_clobbers[19].i_sel_fpr_clobbers                                                     |                                     rr_arb_tree__parameterized9_944 |         12 |         12 |       0 |    0 |     0 |      0 |      0 |          0 |
|           gen_sel_clobbers[19].i_sel_gpr_clobbers                                                     |                                     rr_arb_tree__parameterized9_945 |         12 |         12 |       0 |    0 |     0 |      0 |      0 |          0 |
|           gen_sel_clobbers[1].i_sel_fpr_clobbers                                                      |                                     rr_arb_tree__parameterized9_946 |         12 |         12 |       0 |    0 |     0 |      0 |      0 |          0 |
|           gen_sel_clobbers[1].i_sel_gpr_clobbers                                                      |                                     rr_arb_tree__parameterized9_947 |         12 |         12 |       0 |    0 |     0 |      0 |      0 |          0 |
|           gen_sel_clobbers[20].i_sel_fpr_clobbers                                                     |                                     rr_arb_tree__parameterized9_948 |         12 |         12 |       0 |    0 |     0 |      0 |      0 |          0 |
|           gen_sel_clobbers[20].i_sel_gpr_clobbers                                                     |                                     rr_arb_tree__parameterized9_949 |         12 |         12 |       0 |    0 |     0 |      0 |      0 |          0 |
|           gen_sel_clobbers[21].i_sel_fpr_clobbers                                                     |                                     rr_arb_tree__parameterized9_950 |         12 |         12 |       0 |    0 |     0 |      0 |      0 |          0 |
|           gen_sel_clobbers[21].i_sel_gpr_clobbers                                                     |                                     rr_arb_tree__parameterized9_951 |         12 |         12 |       0 |    0 |     0 |      0 |      0 |          0 |
|           gen_sel_clobbers[22].i_sel_fpr_clobbers                                                     |                                     rr_arb_tree__parameterized9_952 |         12 |         12 |       0 |    0 |     0 |      0 |      0 |          0 |
|           gen_sel_clobbers[22].i_sel_gpr_clobbers                                                     |                                     rr_arb_tree__parameterized9_953 |         12 |         12 |       0 |    0 |     0 |      0 |      0 |          0 |
|           gen_sel_clobbers[23].i_sel_fpr_clobbers                                                     |                                     rr_arb_tree__parameterized9_954 |         12 |         12 |       0 |    0 |     0 |      0 |      0 |          0 |
|           gen_sel_clobbers[23].i_sel_gpr_clobbers                                                     |                                     rr_arb_tree__parameterized9_955 |         12 |         12 |       0 |    0 |     0 |      0 |      0 |          0 |
|           gen_sel_clobbers[24].i_sel_fpr_clobbers                                                     |                                     rr_arb_tree__parameterized9_956 |         12 |         12 |       0 |    0 |     0 |      0 |      0 |          0 |
|           gen_sel_clobbers[24].i_sel_gpr_clobbers                                                     |                                     rr_arb_tree__parameterized9_957 |         12 |         12 |       0 |    0 |     0 |      0 |      0 |          0 |
|           gen_sel_clobbers[25].i_sel_fpr_clobbers                                                     |                                     rr_arb_tree__parameterized9_958 |         12 |         12 |       0 |    0 |     0 |      0 |      0 |          0 |
|           gen_sel_clobbers[25].i_sel_gpr_clobbers                                                     |                                     rr_arb_tree__parameterized9_959 |         12 |         12 |       0 |    0 |     0 |      0 |      0 |          0 |
|           gen_sel_clobbers[26].i_sel_fpr_clobbers                                                     |                                     rr_arb_tree__parameterized9_960 |         12 |         12 |       0 |    0 |     0 |      0 |      0 |          0 |
|           gen_sel_clobbers[26].i_sel_gpr_clobbers                                                     |                                     rr_arb_tree__parameterized9_961 |         12 |         12 |       0 |    0 |     0 |      0 |      0 |          0 |
|           gen_sel_clobbers[27].i_sel_fpr_clobbers                                                     |                                     rr_arb_tree__parameterized9_962 |         12 |         12 |       0 |    0 |     0 |      0 |      0 |          0 |
|           gen_sel_clobbers[27].i_sel_gpr_clobbers                                                     |                                     rr_arb_tree__parameterized9_963 |         12 |         12 |       0 |    0 |     0 |      0 |      0 |          0 |
|           gen_sel_clobbers[28].i_sel_fpr_clobbers                                                     |                                     rr_arb_tree__parameterized9_964 |         12 |         12 |       0 |    0 |     0 |      0 |      0 |          0 |
|           gen_sel_clobbers[28].i_sel_gpr_clobbers                                                     |                                     rr_arb_tree__parameterized9_965 |         12 |         12 |       0 |    0 |     0 |      0 |      0 |          0 |
|           gen_sel_clobbers[29].i_sel_fpr_clobbers                                                     |                                     rr_arb_tree__parameterized9_966 |         12 |         12 |       0 |    0 |     0 |      0 |      0 |          0 |
|           gen_sel_clobbers[29].i_sel_gpr_clobbers                                                     |                                     rr_arb_tree__parameterized9_967 |         12 |         12 |       0 |    0 |     0 |      0 |      0 |          0 |
|           gen_sel_clobbers[2].i_sel_fpr_clobbers                                                      |                                     rr_arb_tree__parameterized9_968 |         12 |         12 |       0 |    0 |     0 |      0 |      0 |          0 |
|           gen_sel_clobbers[2].i_sel_gpr_clobbers                                                      |                                     rr_arb_tree__parameterized9_969 |         12 |         12 |       0 |    0 |     0 |      0 |      0 |          0 |
|           gen_sel_clobbers[30].i_sel_fpr_clobbers                                                     |                                     rr_arb_tree__parameterized9_970 |         12 |         12 |       0 |    0 |     0 |      0 |      0 |          0 |
|           gen_sel_clobbers[30].i_sel_gpr_clobbers                                                     |                                     rr_arb_tree__parameterized9_971 |         12 |         12 |       0 |    0 |     0 |      0 |      0 |          0 |
|           gen_sel_clobbers[31].i_sel_fpr_clobbers                                                     |                                     rr_arb_tree__parameterized9_972 |         12 |         12 |       0 |    0 |     0 |      0 |      0 |          0 |
|           gen_sel_clobbers[31].i_sel_gpr_clobbers                                                     |                                     rr_arb_tree__parameterized9_973 |         12 |         12 |       0 |    0 |     0 |      0 |      0 |          0 |
|           gen_sel_clobbers[3].i_sel_fpr_clobbers                                                      |                                     rr_arb_tree__parameterized9_974 |         12 |         12 |       0 |    0 |     0 |      0 |      0 |          0 |
|           gen_sel_clobbers[3].i_sel_gpr_clobbers                                                      |                                     rr_arb_tree__parameterized9_975 |         12 |         12 |       0 |    0 |     0 |      0 |      0 |          0 |
|           gen_sel_clobbers[4].i_sel_fpr_clobbers                                                      |                                     rr_arb_tree__parameterized9_976 |         12 |         12 |       0 |    0 |     0 |      0 |      0 |          0 |
|           gen_sel_clobbers[4].i_sel_gpr_clobbers                                                      |                                     rr_arb_tree__parameterized9_977 |         12 |         12 |       0 |    0 |     0 |      0 |      0 |          0 |
|           gen_sel_clobbers[5].i_sel_fpr_clobbers                                                      |                                     rr_arb_tree__parameterized9_978 |         12 |         12 |       0 |    0 |     0 |      0 |      0 |          0 |
|           gen_sel_clobbers[5].i_sel_gpr_clobbers                                                      |                                     rr_arb_tree__parameterized9_979 |         12 |         12 |       0 |    0 |     0 |      0 |      0 |          0 |
|           gen_sel_clobbers[6].i_sel_fpr_clobbers                                                      |                                     rr_arb_tree__parameterized9_980 |         12 |         12 |       0 |    0 |     0 |      0 |      0 |          0 |
|           gen_sel_clobbers[6].i_sel_gpr_clobbers                                                      |                                     rr_arb_tree__parameterized9_981 |         12 |         12 |       0 |    0 |     0 |      0 |      0 |          0 |
|           gen_sel_clobbers[7].i_sel_fpr_clobbers                                                      |                                     rr_arb_tree__parameterized9_982 |         12 |         12 |       0 |    0 |     0 |      0 |      0 |          0 |
|           gen_sel_clobbers[7].i_sel_gpr_clobbers                                                      |                                     rr_arb_tree__parameterized9_983 |         12 |         12 |       0 |    0 |     0 |      0 |      0 |          0 |
|           gen_sel_clobbers[8].i_sel_fpr_clobbers                                                      |                                     rr_arb_tree__parameterized9_984 |         12 |         12 |       0 |    0 |     0 |      0 |      0 |          0 |
|           gen_sel_clobbers[8].i_sel_gpr_clobbers                                                      |                                     rr_arb_tree__parameterized9_985 |         12 |         12 |       0 |    0 |     0 |      0 |      0 |          0 |
|           gen_sel_clobbers[9].i_sel_fpr_clobbers                                                      |                                     rr_arb_tree__parameterized9_986 |         12 |         12 |       0 |    0 |     0 |      0 |      0 |          0 |
|           gen_sel_clobbers[9].i_sel_gpr_clobbers                                                      |                                     rr_arb_tree__parameterized9_987 |         12 |         12 |       0 |    0 |     0 |      0 |      0 |          0 |
|           i_sel_rs1                                                                                   |                                        rr_arb_tree__parameterized10 |        325 |        325 |       0 |    0 |     0 |      0 |      0 |          0 |
|           i_sel_rs2                                                                                   |                                    rr_arb_tree__parameterized10_988 |        453 |        453 |       0 |    0 |     0 |      0 |      0 |          0 |
|           i_sel_rs3                                                                                   |                                    rr_arb_tree__parameterized10_989 |        264 |        264 |       0 |    0 |     0 |      0 |      0 |          0 |
|     gen_dma.gen_dma_bus_err.i_dma_bus_err                                                             |                                   axi_err_unit_wrap__parameterized0 |        667 |        667 |       0 |    0 |  2046 |      0 |      0 |          0 |
|       i_read_err_unit                                                                                 |                                        bus_err_unit__parameterized2 |        339 |        339 |       0 |    0 |  1023 |      0 |      0 |          0 |
|         i_err_unit_bare                                                                               |                                   bus_err_unit_bare__parameterized2 |        339 |        339 |       0 |    0 |  1023 |      0 |      0 |          0 |
|           (i_err_unit_bare)                                                                           |                                   bus_err_unit_bare__parameterized2 |          0 |          0 |       0 |    0 |     1 |      0 |      0 |          0 |
|           gen_addr_fifo[0].i_addr_fifo                                                                |                                        fifo_v3__parameterized21_924 |        284 |        284 |       0 |    0 |   827 |      0 |      0 |          0 |
|           i_err_fifo                                                                                  |                                        fifo_v3__parameterized22_925 |         55 |         55 |       0 |    0 |   195 |      0 |      0 |          0 |
|       i_write_err_unit                                                                                |                                        bus_err_unit__parameterized1 |        328 |        328 |       0 |    0 |  1023 |      0 |      0 |          0 |
|         i_err_unit_bare                                                                               |                                   bus_err_unit_bare__parameterized1 |        328 |        328 |       0 |    0 |  1023 |      0 |      0 |          0 |
|           (i_err_unit_bare)                                                                           |                                   bus_err_unit_bare__parameterized1 |          0 |          0 |       0 |    0 |     1 |      0 |      0 |          0 |
|           gen_addr_fifo[0].i_addr_fifo                                                                |                                            fifo_v3__parameterized21 |        261 |        261 |       0 |    0 |   827 |      0 |      0 |          0 |
|           i_err_fifo                                                                                  |                                        fifo_v3__parameterized22_923 |         67 |         67 |       0 |    0 |   195 |      0 |      0 |          0 |
|     gen_dma.i_dma_conf_atomics                                                                        |                           axi_riscv_atomics_structs__parameterized0 |       2410 |       2410 |       0 |    0 |  1337 |      0 |      0 |          0 |
|       (gen_dma.i_dma_conf_atomics)                                                                    |                           axi_riscv_atomics_structs__parameterized0 |        567 |        567 |       0 |    0 |     0 |      0 |      0 |          0 |
|       i_axi_riscv_atomics_wrap                                                                        |                          axi_riscv_atomics_wrap__parameterized0_891 |       1859 |       1859 |       0 |    0 |  1337 |      0 |      0 |          0 |
|         i_atomics                                                                                     |                               axi_riscv_atomics__parameterized0_892 |       1859 |       1859 |       0 |    0 |  1337 |      0 |      0 |          0 |
|           i_amos                                                                                      |                                  axi_riscv_amos__parameterized0_893 |        453 |        453 |       0 |    0 |   243 |      0 |      0 |          0 |
|           i_axi_wide_in_cut                                                                           |                                                    axi_multicut_894 |        403 |        403 |       0 |    0 |   437 |      0 |      0 |          0 |
|             gen_axi_cut.gen_axi_cuts[0].i_cut                                                         |                                                         axi_cut_912 |        403 |        403 |       0 |    0 |   437 |      0 |      0 |          0 |
|               i_reg_ar                                                                                |                                  spill_register__parameterized3_913 |        227 |        227 |       0 |    0 |   132 |      0 |      0 |          0 |
|                 spill_register_flushable_i                                                            |                        spill_register_flushable__parameterized3_922 |        227 |        227 |       0 |    0 |   132 |      0 |      0 |          0 |
|               i_reg_aw                                                                                |                                  spill_register__parameterized1_914 |        116 |        116 |       0 |    0 |   133 |      0 |      0 |          0 |
|                 spill_register_flushable_i                                                            |                        spill_register_flushable__parameterized1_921 |        116 |        116 |       0 |    0 |   133 |      0 |      0 |          0 |
|               i_reg_b                                                                                 |                                                  spill_register_915 |         14 |         14 |       0 |    0 |    14 |      0 |      0 |          0 |
|                 spill_register_flushable_i                                                            |                                        spill_register_flushable_920 |         14 |         14 |       0 |    0 |    14 |      0 |      0 |          0 |
|               i_reg_r                                                                                 |                                  spill_register__parameterized0_916 |         26 |         26 |       0 |    0 |    82 |      0 |      0 |          0 |
|                 spill_register_flushable_i                                                            |                        spill_register_flushable__parameterized0_919 |         26 |         26 |       0 |    0 |    82 |      0 |      0 |          0 |
|               i_reg_w                                                                                 |                                  spill_register__parameterized2_917 |         20 |         20 |       0 |    0 |    76 |      0 |      0 |          0 |
|                 spill_register_flushable_i                                                            |                        spill_register_flushable__parameterized2_918 |         20 |         20 |       0 |    0 |    76 |      0 |      0 |          0 |
|           i_lrsc                                                                                      |                                  axi_riscv_lrsc__parameterized0_895 |       1005 |       1005 |       0 |    0 |   657 |      0 |      0 |          0 |
|             (i_lrsc)                                                                                  |                                  axi_riscv_lrsc__parameterized0_895 |         23 |         23 |       0 |    0 |    60 |      0 |      0 |          0 |
|             i_ar_push_fork                                                                            |                                                     stream_fork_896 |          4 |          4 |       0 |    0 |     3 |      0 |      0 |          0 |
|             i_art                                                                                     |                                                     axi_res_tbl_897 |         31 |         31 |       0 |    0 |    45 |      0 |      0 |          0 |
|             i_aw_trans_reg                                                                            |                                           fall_through_register_898 |        137 |        137 |       0 |    0 |    66 |      0 |      0 |          0 |
|               i_fifo                                                                                  |                                         fifo_v3__parameterized1_911 |        137 |        137 |       0 |    0 |    66 |      0 |      0 |          0 |
|             i_b_inj_fifo                                                                              |                                        fifo_v3__parameterized24_899 |         45 |         45 |       0 |    0 |    23 |      0 |      0 |          0 |
|             i_b_status_queue                                                                          |                                        id_queue__parameterized3_900 |        165 |        165 |       0 |    0 |    56 |      0 |      0 |          0 |
|             i_mst_b_fork                                                                              |                                                     stream_fork_901 |          2 |          2 |       0 |    0 |     3 |      0 |      0 |          0 |
|             i_read_in_flight_queue                                                                    |                                        id_queue__parameterized2_902 |        115 |        115 |       0 |    0 |    52 |      0 |      0 |          0 |
|             i_w_cmd_fifo                                                                              |                                        fifo_v3__parameterized23_903 |         43 |         43 |       0 |    0 |    27 |      0 |      0 |          0 |
|             i_wifq_exists_arb                                                                         |                                                  stream_arbiter_904 |          0 |          0 |       0 |    0 |     1 |      0 |      0 |          0 |
|               i_arb                                                                                   |                                        stream_arbiter_flushable_909 |          0 |          0 |       0 |    0 |     1 |      0 |      0 |          0 |
|                 gen_rr_arb.i_arbiter                                                                  |                                                     rr_arb_tree_910 |          0 |          0 |       0 |    0 |     1 |      0 |      0 |          0 |
|             i_write_in_flight_queue                                                                   |                                        id_queue__parameterized4_905 |        418 |        418 |       0 |    0 |   232 |      0 |      0 |          0 |
|             slv_b_reg                                                                                 |                                                 stream_register_906 |          1 |          1 |       0 |    0 |     7 |      0 |      0 |          0 |
|             slv_r_reg                                                                                 |                                  spill_register__parameterized4_907 |         23 |         23 |       0 |    0 |    82 |      0 |      0 |          0 |
|               spill_register_flushable_i                                                              |                        spill_register_flushable__parameterized4_908 |         23 |         23 |       0 |    0 |    82 |      0 |      0 |          0 |
|     gen_dma.i_dma_conf_atomics_cut                                                                    |                                                             axi_cut |        228 |        228 |       0 |    0 |   268 |      0 |      0 |          0 |
|       i_reg_ar                                                                                        |                                  spill_register__parameterized3_881 |         38 |         38 |       0 |    0 |    50 |      0 |      0 |          0 |
|         spill_register_flushable_i                                                                    |                        spill_register_flushable__parameterized3_890 |         38 |         38 |       0 |    0 |    50 |      0 |      0 |          0 |
|       i_reg_aw                                                                                        |                                  spill_register__parameterized1_882 |         54 |         54 |       0 |    0 |    50 |      0 |      0 |          0 |
|         spill_register_flushable_i                                                                    |                        spill_register_flushable__parameterized1_889 |         54 |         54 |       0 |    0 |    50 |      0 |      0 |          0 |
|       i_reg_b                                                                                         |                                                  spill_register_883 |         28 |         28 |       0 |    0 |    12 |      0 |      0 |          0 |
|         spill_register_flushable_i                                                                    |                                        spill_register_flushable_888 |         28 |         28 |       0 |    0 |    12 |      0 |      0 |          0 |
|       i_reg_r                                                                                         |                                  spill_register__parameterized0_884 |         85 |         85 |       0 |    0 |    80 |      0 |      0 |          0 |
|         spill_register_flushable_i                                                                    |                        spill_register_flushable__parameterized0_887 |         85 |         85 |       0 |    0 |    80 |      0 |      0 |          0 |
|       i_reg_w                                                                                         |                                  spill_register__parameterized2_885 |         23 |         23 |       0 |    0 |    76 |      0 |      0 |          0 |
|         spill_register_flushable_i                                                                    |                        spill_register_flushable__parameterized2_886 |         23 |         23 |       0 |    0 |    76 |      0 |      0 |          0 |
|     gen_dma.i_idma                                                                                    |                                                  cheshire_idma_wrap |       3174 |       3174 |       0 |    0 |  3538 |      0 |      0 |          0 |
|       (gen_dma.i_idma)                                                                                |                                                  cheshire_idma_wrap |        573 |        573 |       0 |    0 |     0 |      0 |      0 |          0 |
|       gen_2d.i_idma_midend                                                                            |                                                      idma_nd_midend |          0 |          0 |       0 |    0 |   132 |      0 |      0 |          0 |
|         (gen_2d.i_idma_midend)                                                                        |                                                      idma_nd_midend |          0 |          0 |       0 |    0 |   100 |      0 |      0 |          0 |
|         gen_dim_counters[2].i_num_rep_counter                                                         |                                                     idma_nd_counter |          0 |          0 |       0 |    0 |    32 |      0 |      0 |          0 |
|       gen_2d.i_stream_fifo_jobs_2d                                                                    |                                            stream_fifo_optimal_wrap |        499 |        499 |       0 |    0 |   475 |      0 |      0 |          0 |
|         gen_spill.i_spill_register_flushable                                                          |                           spill_register_flushable__parameterized24 |        499 |        499 |       0 |    0 |   475 |      0 |      0 |          0 |
|       gen_2d.i_transfer_id_gen_2d                                                                     |                                                idma_transfer_id_gen |         16 |         16 |       0 |    0 |    64 |      0 |      0 |          0 |
|       gen_2d.idma_frontend_2d                                                                         |                                                       idma_reg64_2d |          0 |          0 |       0 |    0 |   395 |      0 |      0 |          0 |
|         gen_core_regs[0].i_idma_reg64_2d_reg_top                                                      |                                               idma_reg64_2d_reg_top |          0 |          0 |       0 |    0 |   395 |      0 |      0 |          0 |
|           u_conf_decouple_aw                                                                          |                                     prim_subreg__parameterized4_862 |          0 |          0 |       0 |    0 |     1 |      0 |      0 |          0 |
|           u_conf_decouple_rw                                                                          |                                     prim_subreg__parameterized4_863 |          0 |          0 |       0 |    0 |     1 |      0 |      0 |          0 |
|           u_conf_dst_max_llen                                                                         |                                     prim_subreg__parameterized7_864 |          0 |          0 |       0 |    0 |     3 |      0 |      0 |          0 |
|           u_conf_dst_reduce_len                                                                       |                                     prim_subreg__parameterized4_865 |          0 |          0 |       0 |    0 |     1 |      0 |      0 |          0 |
|           u_conf_enable_nd                                                                            |                                     prim_subreg__parameterized4_866 |          0 |          0 |       0 |    0 |     1 |      0 |      0 |          0 |
|           u_conf_src_max_llen                                                                         |                                     prim_subreg__parameterized7_867 |          0 |          0 |       0 |    0 |     3 |      0 |      0 |          0 |
|           u_conf_src_reduce_len                                                                       |                                     prim_subreg__parameterized4_868 |          0 |          0 |       0 |    0 |     1 |      0 |      0 |          0 |
|           u_dst_addr_high                                                                             |                                                     prim_subreg_869 |          0 |          0 |       0 |    0 |    32 |      0 |      0 |          0 |
|           u_dst_addr_low                                                                              |                                                     prim_subreg_870 |          0 |          0 |       0 |    0 |    32 |      0 |      0 |          0 |
|           u_dst_stride_2_high                                                                         |                                                     prim_subreg_871 |          0 |          0 |       0 |    0 |    32 |      0 |      0 |          0 |
|           u_dst_stride_2_low                                                                          |                                                     prim_subreg_872 |          0 |          0 |       0 |    0 |    32 |      0 |      0 |          0 |
|           u_length_high                                                                               |                                                     prim_subreg_873 |          0 |          0 |       0 |    0 |    32 |      0 |      0 |          0 |
|           u_length_low                                                                                |                                                     prim_subreg_874 |          0 |          0 |       0 |    0 |    32 |      0 |      0 |          0 |
|           u_reps_2_high                                                                               |                                                     prim_subreg_875 |          0 |          0 |       0 |    0 |    32 |      0 |      0 |          0 |
|           u_reps_2_low                                                                                |                                                     prim_subreg_876 |          0 |          0 |       0 |    0 |    32 |      0 |      0 |          0 |
|           u_src_addr_high                                                                             |                                                     prim_subreg_877 |          0 |          0 |       0 |    0 |    32 |      0 |      0 |          0 |
|           u_src_addr_low                                                                              |                                                     prim_subreg_878 |          0 |          0 |       0 |    0 |    32 |      0 |      0 |          0 |
|           u_src_stride_2_high                                                                         |                                                     prim_subreg_879 |          0 |          0 |       0 |    0 |    32 |      0 |      0 |          0 |
|           u_src_stride_2_low                                                                          |                                                     prim_subreg_880 |          0 |          0 |       0 |    0 |    32 |      0 |      0 |          0 |
|       i_axi_translate                                                                                 |                                                          axi_to_reg |        661 |        661 |       0 |    0 |   509 |      0 |      0 |          0 |
|         i_axi_lite_to_reg                                                                             |                                                     axi_lite_to_reg |        244 |        244 |       0 |    0 |   192 |      0 |      0 |          0 |
|           i_fifo_read                                                                                 |                                            fifo_v3__parameterized30 |          8 |          8 |       0 |    0 |    20 |      0 |      0 |          0 |
|           i_fifo_read_resp                                                                            |                                            fifo_v3__parameterized31 |          5 |          5 |       0 |    0 |    70 |      0 |      0 |          0 |
|           i_fifo_write_req                                                                            |                                            fifo_v3__parameterized28 |        218 |        218 |       0 |    0 |    92 |      0 |      0 |          0 |
|           i_fifo_write_resp                                                                           |                                            fifo_v3__parameterized29 |          8 |          8 |       0 |    0 |     6 |      0 |      0 |          0 |
|           i_stream_arbiter                                                                            |                                      stream_arbiter__parameterized2 |          6 |          6 |       0 |    0 |     4 |      0 |      0 |          0 |
|             i_arb                                                                                     |                            stream_arbiter_flushable__parameterized2 |          6 |          6 |       0 |    0 |     4 |      0 |      0 |          0 |
|               gen_rr_arb.i_arbiter                                                                    |                                        rr_arb_tree__parameterized17 |          6 |          6 |       0 |    0 |     4 |      0 |      0 |          0 |
|         i_axi_to_axi_lite                                                                             |                                                     axi_to_axi_lite |        418 |        418 |       0 |    0 |   317 |      0 |      0 |          0 |
|           i_axi_atop_filter                                                                           |                                                     axi_atop_filter |         38 |         38 |       0 |    0 |    16 |      0 |      0 |          0 |
|           i_axi_burst_splitter                                                                        |                                                  axi_burst_splitter |        348 |        348 |       0 |    0 |   277 |      0 |      0 |          0 |
|             (i_axi_burst_splitter)                                                                    |                                                  axi_burst_splitter |          0 |          0 |       0 |    0 |     4 |      0 |      0 |          0 |
|             i_axi_burst_splitter_ar_chan                                                              |                          axi_burst_splitter_ax_chan__parameterized0 |         76 |         76 |       0 |    0 |    61 |      0 |      0 |          0 |
|               (i_axi_burst_splitter_ar_chan)                                                          |                          axi_burst_splitter_ax_chan__parameterized0 |         23 |         23 |       0 |    0 |    24 |      0 |      0 |          0 |
|               i_axi_burst_splitter_counters                                                           |                                     axi_burst_splitter_counters_856 |         53 |         53 |       0 |    0 |    37 |      0 |      0 |          0 |
|                 gen_cnt[0].i_cnt                                                                      |                                         counter__parameterized8_857 |         15 |         15 |       0 |    0 |     9 |      0 |      0 |          0 |
|                   i_counter                                                                           |                                   delta_counter__parameterized8_861 |         15 |         15 |       0 |    0 |     9 |      0 |      0 |          0 |
|                 gen_cnt[1].i_cnt                                                                      |                                         counter__parameterized8_858 |         11 |         11 |       0 |    0 |     9 |      0 |      0 |          0 |
|                   i_counter                                                                           |                                   delta_counter__parameterized8_860 |         11 |         11 |       0 |    0 |     9 |      0 |      0 |          0 |
|                 i_idq                                                                                 |                                        id_queue__parameterized5_859 |         27 |         27 |       0 |    0 |    19 |      0 |      0 |          0 |
|             i_axi_burst_splitter_aw_chan                                                              |                                          axi_burst_splitter_ax_chan |         95 |         95 |       0 |    0 |    63 |      0 |      0 |          0 |
|               (i_axi_burst_splitter_aw_chan)                                                          |                                          axi_burst_splitter_ax_chan |         20 |         20 |       0 |    0 |    24 |      0 |      0 |          0 |
|               i_axi_burst_splitter_counters                                                           |                                         axi_burst_splitter_counters |         75 |         75 |       0 |    0 |    39 |      0 |      0 |          0 |
|                 (i_axi_burst_splitter_counters)                                                       |                                         axi_burst_splitter_counters |          1 |          1 |       0 |    0 |     2 |      0 |      0 |          0 |
|                 gen_cnt[0].i_cnt                                                                      |                                         counter__parameterized8_852 |          9 |          9 |       0 |    0 |     9 |      0 |      0 |          0 |
|                   i_counter                                                                           |                                   delta_counter__parameterized8_855 |          9 |          9 |       0 |    0 |     9 |      0 |      0 |          0 |
|                 gen_cnt[1].i_cnt                                                                      |                                         counter__parameterized8_853 |         26 |         26 |       0 |    0 |     9 |      0 |      0 |          0 |
|                   i_counter                                                                           |                                   delta_counter__parameterized8_854 |         26 |         26 |       0 |    0 |     9 |      0 |      0 |          0 |
|                 i_idq                                                                                 |                                            id_queue__parameterized5 |         39 |         39 |       0 |    0 |    19 |      0 |      0 |          0 |
|             i_demux_supported_vs_unsupported                                                          |                                           axi_demux__parameterized1 |        149 |        149 |       0 |    0 |   108 |      0 |      0 |          0 |
|               i_demux_simple                                                                          |                                    axi_demux_simple__parameterized1 |        149 |        149 |       0 |    0 |   108 |      0 |      0 |          0 |
|                 (i_demux_simple)                                                                      |                                    axi_demux_simple__parameterized1 |          2 |          2 |       0 |    0 |     3 |      0 |      0 |          0 |
|                 gen_ar_id_counter.i_ar_id_counter                                                     |                               axi_demux_id_counters__parameterized1 |         51 |         51 |       0 |    0 |    48 |      0 |      0 |          0 |
|                   (gen_ar_id_counter.i_ar_id_counter)                                                 |                               axi_demux_id_counters__parameterized1 |          0 |          0 |       0 |    0 |    16 |      0 |      0 |          0 |
|                   gen_counters[0].i_in_flight_cnt                                                     |                                   delta_counter__parameterized7_836 |          2 |          2 |       0 |    0 |     2 |      0 |      0 |          0 |
|                   gen_counters[10].i_in_flight_cnt                                                    |                                   delta_counter__parameterized7_837 |          2 |          2 |       0 |    0 |     2 |      0 |      0 |          0 |
|                   gen_counters[11].i_in_flight_cnt                                                    |                                   delta_counter__parameterized7_838 |          5 |          5 |       0 |    0 |     2 |      0 |      0 |          0 |
|                   gen_counters[12].i_in_flight_cnt                                                    |                                   delta_counter__parameterized7_839 |          2 |          2 |       0 |    0 |     2 |      0 |      0 |          0 |
|                   gen_counters[13].i_in_flight_cnt                                                    |                                   delta_counter__parameterized7_840 |          3 |          3 |       0 |    0 |     2 |      0 |      0 |          0 |
|                   gen_counters[14].i_in_flight_cnt                                                    |                                   delta_counter__parameterized7_841 |          3 |          3 |       0 |    0 |     2 |      0 |      0 |          0 |
|                   gen_counters[15].i_in_flight_cnt                                                    |                                   delta_counter__parameterized7_842 |          3 |          3 |       0 |    0 |     2 |      0 |      0 |          0 |
|                   gen_counters[1].i_in_flight_cnt                                                     |                                   delta_counter__parameterized7_843 |          3 |          3 |       0 |    0 |     2 |      0 |      0 |          0 |
|                   gen_counters[2].i_in_flight_cnt                                                     |                                   delta_counter__parameterized7_844 |          2 |          2 |       0 |    0 |     2 |      0 |      0 |          0 |
|                   gen_counters[3].i_in_flight_cnt                                                     |                                   delta_counter__parameterized7_845 |          6 |          6 |       0 |    0 |     2 |      0 |      0 |          0 |
|                   gen_counters[4].i_in_flight_cnt                                                     |                                   delta_counter__parameterized7_846 |          2 |          2 |       0 |    0 |     2 |      0 |      0 |          0 |
|                   gen_counters[5].i_in_flight_cnt                                                     |                                   delta_counter__parameterized7_847 |          3 |          3 |       0 |    0 |     2 |      0 |      0 |          0 |
|                   gen_counters[6].i_in_flight_cnt                                                     |                                   delta_counter__parameterized7_848 |          3 |          3 |       0 |    0 |     2 |      0 |      0 |          0 |
|                   gen_counters[7].i_in_flight_cnt                                                     |                                   delta_counter__parameterized7_849 |          3 |          3 |       0 |    0 |     2 |      0 |      0 |          0 |
|                   gen_counters[8].i_in_flight_cnt                                                     |                                   delta_counter__parameterized7_850 |          2 |          2 |       0 |    0 |     2 |      0 |      0 |          0 |
|                   gen_counters[9].i_in_flight_cnt                                                     |                                   delta_counter__parameterized7_851 |          7 |          7 |       0 |    0 |     2 |      0 |      0 |          0 |
|                 gen_aw_id_counter.i_aw_id_counter                                                     |                           axi_demux_id_counters__parameterized1_817 |         56 |         56 |       0 |    0 |    48 |      0 |      0 |          0 |
|                   (gen_aw_id_counter.i_aw_id_counter)                                                 |                           axi_demux_id_counters__parameterized1_817 |          4 |          4 |       0 |    0 |    16 |      0 |      0 |          0 |
|                   gen_counters[0].i_in_flight_cnt                                                     |                                   delta_counter__parameterized7_820 |          2 |          2 |       0 |    0 |     2 |      0 |      0 |          0 |
|                   gen_counters[10].i_in_flight_cnt                                                    |                                   delta_counter__parameterized7_821 |          3 |          3 |       0 |    0 |     2 |      0 |      0 |          0 |
|                   gen_counters[11].i_in_flight_cnt                                                    |                                   delta_counter__parameterized7_822 |          3 |          3 |       0 |    0 |     2 |      0 |      0 |          0 |
|                   gen_counters[12].i_in_flight_cnt                                                    |                                   delta_counter__parameterized7_823 |          2 |          2 |       0 |    0 |     2 |      0 |      0 |          0 |
|                   gen_counters[13].i_in_flight_cnt                                                    |                                   delta_counter__parameterized7_824 |          3 |          3 |       0 |    0 |     2 |      0 |      0 |          0 |
|                   gen_counters[14].i_in_flight_cnt                                                    |                                   delta_counter__parameterized7_825 |          2 |          2 |       0 |    0 |     2 |      0 |      0 |          0 |
|                   gen_counters[15].i_in_flight_cnt                                                    |                                   delta_counter__parameterized7_826 |          3 |          3 |       0 |    0 |     2 |      0 |      0 |          0 |
|                   gen_counters[1].i_in_flight_cnt                                                     |                                   delta_counter__parameterized7_827 |          3 |          3 |       0 |    0 |     2 |      0 |      0 |          0 |
|                   gen_counters[2].i_in_flight_cnt                                                     |                                   delta_counter__parameterized7_828 |          4 |          4 |       0 |    0 |     2 |      0 |      0 |          0 |
|                   gen_counters[3].i_in_flight_cnt                                                     |                                   delta_counter__parameterized7_829 |         10 |         10 |       0 |    0 |     2 |      0 |      0 |          0 |
|                   gen_counters[4].i_in_flight_cnt                                                     |                                   delta_counter__parameterized7_830 |          2 |          2 |       0 |    0 |     2 |      0 |      0 |          0 |
|                   gen_counters[5].i_in_flight_cnt                                                     |                                   delta_counter__parameterized7_831 |          3 |          3 |       0 |    0 |     2 |      0 |      0 |          0 |
|                   gen_counters[6].i_in_flight_cnt                                                     |                                   delta_counter__parameterized7_832 |          2 |          2 |       0 |    0 |     2 |      0 |      0 |          0 |
|                   gen_counters[7].i_in_flight_cnt                                                     |                                   delta_counter__parameterized7_833 |          4 |          4 |       0 |    0 |     2 |      0 |      0 |          0 |
|                   gen_counters[8].i_in_flight_cnt                                                     |                                   delta_counter__parameterized7_834 |          3 |          3 |       0 |    0 |     2 |      0 |      0 |          0 |
|                   gen_counters[9].i_in_flight_cnt                                                     |                                   delta_counter__parameterized7_835 |          3 |          3 |       0 |    0 |     2 |      0 |      0 |          0 |
|                 i_b_mux                                                                               |                                     rr_arb_tree__parameterized0_818 |         15 |         15 |       0 |    0 |     4 |      0 |      0 |          0 |
|                 i_counter_open_w                                                                      |                                             counter__parameterized7 |          6 |          6 |       0 |    0 |     1 |      0 |      0 |          0 |
|                   i_counter                                                                           |                                       delta_counter__parameterized7 |          6 |          6 |       0 |    0 |     1 |      0 |      0 |          0 |
|                 i_r_mux                                                                               |                                     rr_arb_tree__parameterized0_819 |         20 |         20 |       0 |    0 |     4 |      0 |      0 |          0 |
|             i_err_slv                                                                                 |                                                         axi_err_slv |         28 |         28 |       0 |    0 |    41 |      0 |      0 |          0 |
|               (i_err_slv)                                                                             |                                                         axi_err_slv |          0 |          0 |       0 |    0 |     1 |      0 |      0 |          0 |
|               i_b_fifo                                                                                |                                        fifo_v3__parameterized26_814 |          5 |          5 |       0 |    0 |    12 |      0 |      0 |          0 |
|               i_r_counter                                                                             |                                                         counter_815 |         10 |         10 |       0 |    0 |     8 |      0 |      0 |          0 |
|                 i_counter                                                                             |                                                   delta_counter_816 |         10 |         10 |       0 |    0 |     8 |      0 |      0 |          0 |
|               i_r_fifo                                                                                |                                            fifo_v3__parameterized27 |         12 |         12 |       0 |    0 |    14 |      0 |      0 |          0 |
|               i_w_fifo                                                                                |                                            fifo_v3__parameterized25 |          1 |          1 |       0 |    0 |     6 |      0 |      0 |          0 |
|           i_axi_to_axi_lite_id_reflect                                                                |                                          axi_to_axi_lite_id_reflect |         33 |         33 |       0 |    0 |    24 |      0 |      0 |          0 |
|             i_ar_id_fifo                                                                              |                                            fifo_v3__parameterized26 |          8 |          8 |       0 |    0 |    12 |      0 |      0 |          0 |
|             i_aw_id_fifo                                                                              |                                        fifo_v3__parameterized26_813 |         25 |         25 |       0 |    0 |    12 |      0 |      0 |          0 |
|       i_idma_backend                                                                                  |                                                 idma_backend_rw_axi |       1438 |       1438 |       0 |    0 |  1963 |      0 |      0 |          0 |
|         gen_hw_legalizer.i_idma_legalizer                                                             |                                               idma_legalizer_rw_axi |        183 |        183 |       0 |    0 |   180 |      0 |      0 |          0 |
|           (gen_hw_legalizer.i_idma_legalizer)                                                         |                                               idma_legalizer_rw_axi |         68 |         68 |       0 |    0 |   180 |      0 |      0 |          0 |
|           i_read_page_splitter                                                                        |                                        idma_legalizer_page_splitter |         77 |         77 |       0 |    0 |     0 |      0 |      0 |          0 |
|           i_write_page_splitter                                                                       |                                    idma_legalizer_page_splitter_812 |         54 |         54 |       0 |    0 |     0 |      0 |      0 |          0 |
|         gen_r_aw_coupler.i_idma_channel_coupler                                                       |                                                idma_channel_coupler |        523 |        523 |       0 |    0 |   932 |      0 |      0 |          0 |
|           (gen_r_aw_coupler.i_idma_channel_coupler)                                                   |                                                idma_channel_coupler |          1 |          1 |       0 |    0 |     4 |      0 |      0 |          0 |
|           i_aw_decoupled_store                                                                        |                            stream_fifo_optimal_wrap__parameterized1 |         33 |         33 |       0 |    0 |    29 |      0 |      0 |          0 |
|             gen_fifo.i_stream_fifo                                                                    |                                         stream_fifo__parameterized3 |         33 |         33 |       0 |    0 |    29 |      0 |      0 |          0 |
|               fifo_i                                                                                  |                                            fifo_v3__parameterized33 |         33 |         33 |       0 |    0 |    29 |      0 |      0 |          0 |
|           i_aw_store                                                                                  |                            stream_fifo_optimal_wrap__parameterized0 |        481 |        481 |       0 |    0 |   897 |      0 |      0 |          0 |
|             gen_fifo.i_stream_fifo                                                                    |                                         stream_fifo__parameterized2 |        481 |        481 |       0 |    0 |   897 |      0 |      0 |          0 |
|               fifo_i                                                                                  |                                            fifo_v3__parameterized32 |        481 |        481 |       0 |    0 |   897 |      0 |      0 |          0 |
|           i_fall_through_register_decouple_aw_valid                                                   |                               fall_through_register__parameterized0 |          9 |          9 |       0 |    0 |     2 |      0 |      0 |          0 |
|             i_fifo                                                                                    |                                            fifo_v3__parameterized34 |          9 |          9 |       0 |    0 |     2 |      0 |      0 |          0 |
|         i_ar_fall_through_register                                                                    |                               fall_through_register__parameterized1 |        235 |        235 |       0 |    0 |    57 |      0 |      0 |          0 |
|           i_fifo                                                                                      |                                            fifo_v3__parameterized37 |        235 |        235 |       0 |    0 |    57 |      0 |      0 |          0 |
|         i_idma_transport_layer                                                                        |                                         idma_transport_layer_rw_axi |        104 |        104 |       0 |    0 |   250 |      0 |      0 |          0 |
|           i_dataflow_element                                                                          |                                               idma_dataflow_element |         96 |         96 |       0 |    0 |   240 |      0 |      0 |          0 |
|             gen_fifo_buffer[0].i_passthrough_stream_fifo                                              |                                             passthrough_stream_fifo |         12 |         12 |       0 |    0 |    30 |      0 |      0 |          0 |
|             gen_fifo_buffer[1].i_passthrough_stream_fifo                                              |                                         passthrough_stream_fifo_805 |         12 |         12 |       0 |    0 |    30 |      0 |      0 |          0 |
|             gen_fifo_buffer[2].i_passthrough_stream_fifo                                              |                                         passthrough_stream_fifo_806 |         13 |         13 |       0 |    0 |    30 |      0 |      0 |          0 |
|             gen_fifo_buffer[3].i_passthrough_stream_fifo                                              |                                         passthrough_stream_fifo_807 |         11 |         11 |       0 |    0 |    30 |      0 |      0 |          0 |
|             gen_fifo_buffer[4].i_passthrough_stream_fifo                                              |                                         passthrough_stream_fifo_808 |         11 |         11 |       0 |    0 |    30 |      0 |      0 |          0 |
|             gen_fifo_buffer[5].i_passthrough_stream_fifo                                              |                                         passthrough_stream_fifo_809 |         14 |         14 |       0 |    0 |    30 |      0 |      0 |          0 |
|             gen_fifo_buffer[6].i_passthrough_stream_fifo                                              |                                         passthrough_stream_fifo_810 |         11 |         11 |       0 |    0 |    30 |      0 |      0 |          0 |
|             gen_fifo_buffer[7].i_passthrough_stream_fifo                                              |                                         passthrough_stream_fifo_811 |         12 |         12 |       0 |    0 |    30 |      0 |      0 |          0 |
|           i_idma_axi_read                                                                             |                                                       idma_axi_read |          1 |          1 |       0 |    0 |     1 |      0 |      0 |          0 |
|           i_idma_axi_write                                                                            |                                                      idma_axi_write |          7 |          7 |       0 |    0 |     9 |      0 |      0 |          0 |
|         i_r_dp_req                                                                                    |                            stream_fifo_optimal_wrap__parameterized2 |         81 |         81 |       0 |    0 |   173 |      0 |      0 |          0 |
|           gen_fifo.i_stream_fifo                                                                      |                                         stream_fifo__parameterized4 |         81 |         81 |       0 |    0 |   173 |      0 |      0 |          0 |
|             fifo_i                                                                                    |                                            fifo_v3__parameterized35 |         81 |         81 |       0 |    0 |   173 |      0 |      0 |          0 |
|         i_w_dp_req                                                                                    |                            stream_fifo_optimal_wrap__parameterized3 |        224 |        224 |       0 |    0 |   301 |      0 |      0 |          0 |
|           gen_fifo.i_stream_fifo                                                                      |                                         stream_fifo__parameterized5 |        224 |        224 |       0 |    0 |   301 |      0 |      0 |          0 |
|             fifo_i                                                                                    |                                            fifo_v3__parameterized36 |        224 |        224 |       0 |    0 |   301 |      0 |      0 |          0 |
|         i_w_last                                                                                      |                            stream_fifo_optimal_wrap__parameterized4 |         90 |         90 |       0 |    0 |    70 |      0 |      0 |          0 |
|           gen_fifo.i_stream_fifo                                                                      |                                         stream_fifo__parameterized6 |         90 |         90 |       0 |    0 |    70 |      0 |      0 |          0 |
|             fifo_i                                                                                    |                                            fifo_v3__parameterized38 |         90 |         90 |       0 |    0 |    70 |      0 |      0 |          0 |
|     gen_ext_in_intr_syncs[0].i_ext_intr_sync                                                          |                                                            sync__80 |          1 |          1 |       0 |    0 |     2 |      0 |      0 |          0 |
|     gen_gpio.i_gpio                                                                                   |                                                                gpio |        289 |        289 |       0 |    0 |   620 |      0 |      0 |          0 |
|       (gen_gpio.i_gpio)                                                                               |                                                                gpio |         56 |         56 |       0 |    0 |    96 |      0 |      0 |          0 |
|       gen_filter[0].u_filter                                                                          |                                          prim_filter_ctr__xdcDup__1 |          7 |          7 |       0 |    0 |     8 |      0 |      0 |          0 |
|         (gen_filter[0].u_filter)                                                                      |                                          prim_filter_ctr__xdcDup__1 |          0 |          0 |       0 |    0 |     6 |      0 |      0 |          0 |
|         gen_async.prim_flop_2sync                                                                     |                          prim_flop_2sync__parameterized0__xdcDup__1 |          7 |          7 |       0 |    0 |     2 |      0 |      0 |          0 |
|           (gen_async.prim_flop_2sync)                                                                 |                          prim_flop_2sync__parameterized0__xdcDup__1 |          6 |          6 |       0 |    0 |     0 |      0 |      0 |          0 |
|           gen_syncs[0].i_sync                                                                         |                                                            sync__66 |          1 |          1 |       0 |    0 |     2 |      0 |      0 |          0 |
|       gen_filter[10].u_filter                                                                         |                                          prim_filter_ctr__xdcDup__2 |          7 |          7 |       0 |    0 |     8 |      0 |      0 |          0 |
|         (gen_filter[10].u_filter)                                                                     |                                          prim_filter_ctr__xdcDup__2 |          0 |          0 |       0 |    0 |     6 |      0 |      0 |          0 |
|         gen_async.prim_flop_2sync                                                                     |                          prim_flop_2sync__parameterized0__xdcDup__2 |          7 |          7 |       0 |    0 |     2 |      0 |      0 |          0 |
|           (gen_async.prim_flop_2sync)                                                                 |                          prim_flop_2sync__parameterized0__xdcDup__2 |          6 |          6 |       0 |    0 |     0 |      0 |      0 |          0 |
|           gen_syncs[0].i_sync                                                                         |                                                            sync__56 |          1 |          1 |       0 |    0 |     2 |      0 |      0 |          0 |
|       gen_filter[11].u_filter                                                                         |                                          prim_filter_ctr__xdcDup__3 |          7 |          7 |       0 |    0 |     8 |      0 |      0 |          0 |
|         (gen_filter[11].u_filter)                                                                     |                                          prim_filter_ctr__xdcDup__3 |          0 |          0 |       0 |    0 |     6 |      0 |      0 |          0 |
|         gen_async.prim_flop_2sync                                                                     |                          prim_flop_2sync__parameterized0__xdcDup__3 |          7 |          7 |       0 |    0 |     2 |      0 |      0 |          0 |
|           (gen_async.prim_flop_2sync)                                                                 |                          prim_flop_2sync__parameterized0__xdcDup__3 |          6 |          6 |       0 |    0 |     0 |      0 |      0 |          0 |
|           gen_syncs[0].i_sync                                                                         |                                                            sync__55 |          1 |          1 |       0 |    0 |     2 |      0 |      0 |          0 |
|       gen_filter[12].u_filter                                                                         |                                          prim_filter_ctr__xdcDup__4 |          7 |          7 |       0 |    0 |     8 |      0 |      0 |          0 |
|         (gen_filter[12].u_filter)                                                                     |                                          prim_filter_ctr__xdcDup__4 |          0 |          0 |       0 |    0 |     6 |      0 |      0 |          0 |
|         gen_async.prim_flop_2sync                                                                     |                          prim_flop_2sync__parameterized0__xdcDup__4 |          7 |          7 |       0 |    0 |     2 |      0 |      0 |          0 |
|           (gen_async.prim_flop_2sync)                                                                 |                          prim_flop_2sync__parameterized0__xdcDup__4 |          6 |          6 |       0 |    0 |     0 |      0 |      0 |          0 |
|           gen_syncs[0].i_sync                                                                         |                                                            sync__54 |          1 |          1 |       0 |    0 |     2 |      0 |      0 |          0 |
|       gen_filter[13].u_filter                                                                         |                                          prim_filter_ctr__xdcDup__5 |          7 |          7 |       0 |    0 |     8 |      0 |      0 |          0 |
|         (gen_filter[13].u_filter)                                                                     |                                          prim_filter_ctr__xdcDup__5 |          0 |          0 |       0 |    0 |     6 |      0 |      0 |          0 |
|         gen_async.prim_flop_2sync                                                                     |                          prim_flop_2sync__parameterized0__xdcDup__5 |          7 |          7 |       0 |    0 |     2 |      0 |      0 |          0 |
|           (gen_async.prim_flop_2sync)                                                                 |                          prim_flop_2sync__parameterized0__xdcDup__5 |          6 |          6 |       0 |    0 |     0 |      0 |      0 |          0 |
|           gen_syncs[0].i_sync                                                                         |                                                            sync__53 |          1 |          1 |       0 |    0 |     2 |      0 |      0 |          0 |
|       gen_filter[14].u_filter                                                                         |                                          prim_filter_ctr__xdcDup__6 |          7 |          7 |       0 |    0 |     8 |      0 |      0 |          0 |
|         (gen_filter[14].u_filter)                                                                     |                                          prim_filter_ctr__xdcDup__6 |          0 |          0 |       0 |    0 |     6 |      0 |      0 |          0 |
|         gen_async.prim_flop_2sync                                                                     |                          prim_flop_2sync__parameterized0__xdcDup__6 |          7 |          7 |       0 |    0 |     2 |      0 |      0 |          0 |
|           (gen_async.prim_flop_2sync)                                                                 |                          prim_flop_2sync__parameterized0__xdcDup__6 |          6 |          6 |       0 |    0 |     0 |      0 |      0 |          0 |
|           gen_syncs[0].i_sync                                                                         |                                                            sync__52 |          1 |          1 |       0 |    0 |     2 |      0 |      0 |          0 |
|       gen_filter[15].u_filter                                                                         |                                          prim_filter_ctr__xdcDup__7 |          7 |          7 |       0 |    0 |     8 |      0 |      0 |          0 |
|         (gen_filter[15].u_filter)                                                                     |                                          prim_filter_ctr__xdcDup__7 |          0 |          0 |       0 |    0 |     6 |      0 |      0 |          0 |
|         gen_async.prim_flop_2sync                                                                     |                          prim_flop_2sync__parameterized0__xdcDup__7 |          7 |          7 |       0 |    0 |     2 |      0 |      0 |          0 |
|           (gen_async.prim_flop_2sync)                                                                 |                          prim_flop_2sync__parameterized0__xdcDup__7 |          6 |          6 |       0 |    0 |     0 |      0 |      0 |          0 |
|           gen_syncs[0].i_sync                                                                         |                                                            sync__51 |          1 |          1 |       0 |    0 |     2 |      0 |      0 |          0 |
|       gen_filter[16].u_filter                                                                         |                                          prim_filter_ctr__xdcDup__8 |          7 |          7 |       0 |    0 |     8 |      0 |      0 |          0 |
|         (gen_filter[16].u_filter)                                                                     |                                          prim_filter_ctr__xdcDup__8 |          0 |          0 |       0 |    0 |     6 |      0 |      0 |          0 |
|         gen_async.prim_flop_2sync                                                                     |                          prim_flop_2sync__parameterized0__xdcDup__8 |          7 |          7 |       0 |    0 |     2 |      0 |      0 |          0 |
|           (gen_async.prim_flop_2sync)                                                                 |                          prim_flop_2sync__parameterized0__xdcDup__8 |          6 |          6 |       0 |    0 |     0 |      0 |      0 |          0 |
|           gen_syncs[0].i_sync                                                                         |                                                            sync__50 |          1 |          1 |       0 |    0 |     2 |      0 |      0 |          0 |
|       gen_filter[17].u_filter                                                                         |                                          prim_filter_ctr__xdcDup__9 |          7 |          7 |       0 |    0 |     8 |      0 |      0 |          0 |
|         (gen_filter[17].u_filter)                                                                     |                                          prim_filter_ctr__xdcDup__9 |          0 |          0 |       0 |    0 |     6 |      0 |      0 |          0 |
|         gen_async.prim_flop_2sync                                                                     |                          prim_flop_2sync__parameterized0__xdcDup__9 |          7 |          7 |       0 |    0 |     2 |      0 |      0 |          0 |
|           (gen_async.prim_flop_2sync)                                                                 |                          prim_flop_2sync__parameterized0__xdcDup__9 |          6 |          6 |       0 |    0 |     0 |      0 |      0 |          0 |
|           gen_syncs[0].i_sync                                                                         |                                                            sync__49 |          1 |          1 |       0 |    0 |     2 |      0 |      0 |          0 |
|       gen_filter[18].u_filter                                                                         |                                         prim_filter_ctr__xdcDup__10 |          7 |          7 |       0 |    0 |     8 |      0 |      0 |          0 |
|         (gen_filter[18].u_filter)                                                                     |                                         prim_filter_ctr__xdcDup__10 |          0 |          0 |       0 |    0 |     6 |      0 |      0 |          0 |
|         gen_async.prim_flop_2sync                                                                     |                         prim_flop_2sync__parameterized0__xdcDup__10 |          7 |          7 |       0 |    0 |     2 |      0 |      0 |          0 |
|           (gen_async.prim_flop_2sync)                                                                 |                         prim_flop_2sync__parameterized0__xdcDup__10 |          6 |          6 |       0 |    0 |     0 |      0 |      0 |          0 |
|           gen_syncs[0].i_sync                                                                         |                                                            sync__48 |          1 |          1 |       0 |    0 |     2 |      0 |      0 |          0 |
|       gen_filter[19].u_filter                                                                         |                                         prim_filter_ctr__xdcDup__11 |          7 |          7 |       0 |    0 |     8 |      0 |      0 |          0 |
|         (gen_filter[19].u_filter)                                                                     |                                         prim_filter_ctr__xdcDup__11 |          0 |          0 |       0 |    0 |     6 |      0 |      0 |          0 |
|         gen_async.prim_flop_2sync                                                                     |                         prim_flop_2sync__parameterized0__xdcDup__11 |          7 |          7 |       0 |    0 |     2 |      0 |      0 |          0 |
|           (gen_async.prim_flop_2sync)                                                                 |                         prim_flop_2sync__parameterized0__xdcDup__11 |          6 |          6 |       0 |    0 |     0 |      0 |      0 |          0 |
|           gen_syncs[0].i_sync                                                                         |                                                            sync__47 |          1 |          1 |       0 |    0 |     2 |      0 |      0 |          0 |
|       gen_filter[1].u_filter                                                                          |                                         prim_filter_ctr__xdcDup__12 |          7 |          7 |       0 |    0 |     8 |      0 |      0 |          0 |
|         (gen_filter[1].u_filter)                                                                      |                                         prim_filter_ctr__xdcDup__12 |          0 |          0 |       0 |    0 |     6 |      0 |      0 |          0 |
|         gen_async.prim_flop_2sync                                                                     |                         prim_flop_2sync__parameterized0__xdcDup__12 |          7 |          7 |       0 |    0 |     2 |      0 |      0 |          0 |
|           (gen_async.prim_flop_2sync)                                                                 |                         prim_flop_2sync__parameterized0__xdcDup__12 |          6 |          6 |       0 |    0 |     0 |      0 |      0 |          0 |
|           gen_syncs[0].i_sync                                                                         |                                                            sync__65 |          1 |          1 |       0 |    0 |     2 |      0 |      0 |          0 |
|       gen_filter[20].u_filter                                                                         |                                         prim_filter_ctr__xdcDup__13 |          7 |          7 |       0 |    0 |     8 |      0 |      0 |          0 |
|         (gen_filter[20].u_filter)                                                                     |                                         prim_filter_ctr__xdcDup__13 |          0 |          0 |       0 |    0 |     6 |      0 |      0 |          0 |
|         gen_async.prim_flop_2sync                                                                     |                         prim_flop_2sync__parameterized0__xdcDup__13 |          7 |          7 |       0 |    0 |     2 |      0 |      0 |          0 |
|           (gen_async.prim_flop_2sync)                                                                 |                         prim_flop_2sync__parameterized0__xdcDup__13 |          6 |          6 |       0 |    0 |     0 |      0 |      0 |          0 |
|           gen_syncs[0].i_sync                                                                         |                                                            sync__46 |          1 |          1 |       0 |    0 |     2 |      0 |      0 |          0 |
|       gen_filter[21].u_filter                                                                         |                                         prim_filter_ctr__xdcDup__14 |          7 |          7 |       0 |    0 |     8 |      0 |      0 |          0 |
|         (gen_filter[21].u_filter)                                                                     |                                         prim_filter_ctr__xdcDup__14 |          0 |          0 |       0 |    0 |     6 |      0 |      0 |          0 |
|         gen_async.prim_flop_2sync                                                                     |                         prim_flop_2sync__parameterized0__xdcDup__14 |          7 |          7 |       0 |    0 |     2 |      0 |      0 |          0 |
|           (gen_async.prim_flop_2sync)                                                                 |                         prim_flop_2sync__parameterized0__xdcDup__14 |          6 |          6 |       0 |    0 |     0 |      0 |      0 |          0 |
|           gen_syncs[0].i_sync                                                                         |                                                            sync__45 |          1 |          1 |       0 |    0 |     2 |      0 |      0 |          0 |
|       gen_filter[22].u_filter                                                                         |                                         prim_filter_ctr__xdcDup__15 |          7 |          7 |       0 |    0 |     8 |      0 |      0 |          0 |
|         (gen_filter[22].u_filter)                                                                     |                                         prim_filter_ctr__xdcDup__15 |          0 |          0 |       0 |    0 |     6 |      0 |      0 |          0 |
|         gen_async.prim_flop_2sync                                                                     |                         prim_flop_2sync__parameterized0__xdcDup__15 |          7 |          7 |       0 |    0 |     2 |      0 |      0 |          0 |
|           (gen_async.prim_flop_2sync)                                                                 |                         prim_flop_2sync__parameterized0__xdcDup__15 |          6 |          6 |       0 |    0 |     0 |      0 |      0 |          0 |
|           gen_syncs[0].i_sync                                                                         |                                                            sync__44 |          1 |          1 |       0 |    0 |     2 |      0 |      0 |          0 |
|       gen_filter[23].u_filter                                                                         |                                         prim_filter_ctr__xdcDup__16 |          7 |          7 |       0 |    0 |     8 |      0 |      0 |          0 |
|         (gen_filter[23].u_filter)                                                                     |                                         prim_filter_ctr__xdcDup__16 |          0 |          0 |       0 |    0 |     6 |      0 |      0 |          0 |
|         gen_async.prim_flop_2sync                                                                     |                         prim_flop_2sync__parameterized0__xdcDup__16 |          7 |          7 |       0 |    0 |     2 |      0 |      0 |          0 |
|           (gen_async.prim_flop_2sync)                                                                 |                         prim_flop_2sync__parameterized0__xdcDup__16 |          6 |          6 |       0 |    0 |     0 |      0 |      0 |          0 |
|           gen_syncs[0].i_sync                                                                         |                                                            sync__43 |          1 |          1 |       0 |    0 |     2 |      0 |      0 |          0 |
|       gen_filter[24].u_filter                                                                         |                                         prim_filter_ctr__xdcDup__17 |          7 |          7 |       0 |    0 |     8 |      0 |      0 |          0 |
|         (gen_filter[24].u_filter)                                                                     |                                         prim_filter_ctr__xdcDup__17 |          0 |          0 |       0 |    0 |     6 |      0 |      0 |          0 |
|         gen_async.prim_flop_2sync                                                                     |                         prim_flop_2sync__parameterized0__xdcDup__17 |          7 |          7 |       0 |    0 |     2 |      0 |      0 |          0 |
|           (gen_async.prim_flop_2sync)                                                                 |                         prim_flop_2sync__parameterized0__xdcDup__17 |          6 |          6 |       0 |    0 |     0 |      0 |      0 |          0 |
|           gen_syncs[0].i_sync                                                                         |                                                            sync__42 |          1 |          1 |       0 |    0 |     2 |      0 |      0 |          0 |
|       gen_filter[25].u_filter                                                                         |                                         prim_filter_ctr__xdcDup__18 |          7 |          7 |       0 |    0 |     8 |      0 |      0 |          0 |
|         (gen_filter[25].u_filter)                                                                     |                                         prim_filter_ctr__xdcDup__18 |          0 |          0 |       0 |    0 |     6 |      0 |      0 |          0 |
|         gen_async.prim_flop_2sync                                                                     |                         prim_flop_2sync__parameterized0__xdcDup__18 |          7 |          7 |       0 |    0 |     2 |      0 |      0 |          0 |
|           (gen_async.prim_flop_2sync)                                                                 |                         prim_flop_2sync__parameterized0__xdcDup__18 |          6 |          6 |       0 |    0 |     0 |      0 |      0 |          0 |
|           gen_syncs[0].i_sync                                                                         |                                                            sync__41 |          1 |          1 |       0 |    0 |     2 |      0 |      0 |          0 |
|       gen_filter[26].u_filter                                                                         |                                         prim_filter_ctr__xdcDup__19 |          7 |          7 |       0 |    0 |     8 |      0 |      0 |          0 |
|         (gen_filter[26].u_filter)                                                                     |                                         prim_filter_ctr__xdcDup__19 |          0 |          0 |       0 |    0 |     6 |      0 |      0 |          0 |
|         gen_async.prim_flop_2sync                                                                     |                         prim_flop_2sync__parameterized0__xdcDup__19 |          7 |          7 |       0 |    0 |     2 |      0 |      0 |          0 |
|           (gen_async.prim_flop_2sync)                                                                 |                         prim_flop_2sync__parameterized0__xdcDup__19 |          6 |          6 |       0 |    0 |     0 |      0 |      0 |          0 |
|           gen_syncs[0].i_sync                                                                         |                                                            sync__40 |          1 |          1 |       0 |    0 |     2 |      0 |      0 |          0 |
|       gen_filter[27].u_filter                                                                         |                                         prim_filter_ctr__xdcDup__20 |          7 |          7 |       0 |    0 |     8 |      0 |      0 |          0 |
|         (gen_filter[27].u_filter)                                                                     |                                         prim_filter_ctr__xdcDup__20 |          0 |          0 |       0 |    0 |     6 |      0 |      0 |          0 |
|         gen_async.prim_flop_2sync                                                                     |                         prim_flop_2sync__parameterized0__xdcDup__20 |          7 |          7 |       0 |    0 |     2 |      0 |      0 |          0 |
|           (gen_async.prim_flop_2sync)                                                                 |                         prim_flop_2sync__parameterized0__xdcDup__20 |          6 |          6 |       0 |    0 |     0 |      0 |      0 |          0 |
|           gen_syncs[0].i_sync                                                                         |                                                            sync__39 |          1 |          1 |       0 |    0 |     2 |      0 |      0 |          0 |
|       gen_filter[28].u_filter                                                                         |                                         prim_filter_ctr__xdcDup__21 |          7 |          7 |       0 |    0 |     8 |      0 |      0 |          0 |
|         (gen_filter[28].u_filter)                                                                     |                                         prim_filter_ctr__xdcDup__21 |          0 |          0 |       0 |    0 |     6 |      0 |      0 |          0 |
|         gen_async.prim_flop_2sync                                                                     |                         prim_flop_2sync__parameterized0__xdcDup__21 |          7 |          7 |       0 |    0 |     2 |      0 |      0 |          0 |
|           (gen_async.prim_flop_2sync)                                                                 |                         prim_flop_2sync__parameterized0__xdcDup__21 |          6 |          6 |       0 |    0 |     0 |      0 |      0 |          0 |
|           gen_syncs[0].i_sync                                                                         |                                                            sync__38 |          1 |          1 |       0 |    0 |     2 |      0 |      0 |          0 |
|       gen_filter[29].u_filter                                                                         |                                         prim_filter_ctr__xdcDup__22 |          7 |          7 |       0 |    0 |     8 |      0 |      0 |          0 |
|         (gen_filter[29].u_filter)                                                                     |                                         prim_filter_ctr__xdcDup__22 |          0 |          0 |       0 |    0 |     6 |      0 |      0 |          0 |
|         gen_async.prim_flop_2sync                                                                     |                         prim_flop_2sync__parameterized0__xdcDup__22 |          7 |          7 |       0 |    0 |     2 |      0 |      0 |          0 |
|           (gen_async.prim_flop_2sync)                                                                 |                         prim_flop_2sync__parameterized0__xdcDup__22 |          6 |          6 |       0 |    0 |     0 |      0 |      0 |          0 |
|           gen_syncs[0].i_sync                                                                         |                                                            sync__37 |          1 |          1 |       0 |    0 |     2 |      0 |      0 |          0 |
|       gen_filter[2].u_filter                                                                          |                                         prim_filter_ctr__xdcDup__23 |          7 |          7 |       0 |    0 |     8 |      0 |      0 |          0 |
|         (gen_filter[2].u_filter)                                                                      |                                         prim_filter_ctr__xdcDup__23 |          0 |          0 |       0 |    0 |     6 |      0 |      0 |          0 |
|         gen_async.prim_flop_2sync                                                                     |                         prim_flop_2sync__parameterized0__xdcDup__23 |          7 |          7 |       0 |    0 |     2 |      0 |      0 |          0 |
|           (gen_async.prim_flop_2sync)                                                                 |                         prim_flop_2sync__parameterized0__xdcDup__23 |          6 |          6 |       0 |    0 |     0 |      0 |      0 |          0 |
|           gen_syncs[0].i_sync                                                                         |                                                            sync__64 |          1 |          1 |       0 |    0 |     2 |      0 |      0 |          0 |
|       gen_filter[30].u_filter                                                                         |                                         prim_filter_ctr__xdcDup__24 |          7 |          7 |       0 |    0 |     8 |      0 |      0 |          0 |
|         (gen_filter[30].u_filter)                                                                     |                                         prim_filter_ctr__xdcDup__24 |          0 |          0 |       0 |    0 |     6 |      0 |      0 |          0 |
|         gen_async.prim_flop_2sync                                                                     |                         prim_flop_2sync__parameterized0__xdcDup__24 |          7 |          7 |       0 |    0 |     2 |      0 |      0 |          0 |
|           (gen_async.prim_flop_2sync)                                                                 |                         prim_flop_2sync__parameterized0__xdcDup__24 |          6 |          6 |       0 |    0 |     0 |      0 |      0 |          0 |
|           gen_syncs[0].i_sync                                                                         |                                                            sync__36 |          1 |          1 |       0 |    0 |     2 |      0 |      0 |          0 |
|       gen_filter[31].u_filter                                                                         |                                         prim_filter_ctr__xdcDup__25 |          7 |          7 |       0 |    0 |     8 |      0 |      0 |          0 |
|         (gen_filter[31].u_filter)                                                                     |                                         prim_filter_ctr__xdcDup__25 |          0 |          0 |       0 |    0 |     6 |      0 |      0 |          0 |
|         gen_async.prim_flop_2sync                                                                     |                         prim_flop_2sync__parameterized0__xdcDup__25 |          7 |          7 |       0 |    0 |     2 |      0 |      0 |          0 |
|           (gen_async.prim_flop_2sync)                                                                 |                         prim_flop_2sync__parameterized0__xdcDup__25 |          6 |          6 |       0 |    0 |     0 |      0 |      0 |          0 |
|           gen_syncs[0].i_sync                                                                         |                                                            sync__35 |          1 |          1 |       0 |    0 |     2 |      0 |      0 |          0 |
|       gen_filter[3].u_filter                                                                          |                                         prim_filter_ctr__xdcDup__26 |          7 |          7 |       0 |    0 |     8 |      0 |      0 |          0 |
|         (gen_filter[3].u_filter)                                                                      |                                         prim_filter_ctr__xdcDup__26 |          0 |          0 |       0 |    0 |     6 |      0 |      0 |          0 |
|         gen_async.prim_flop_2sync                                                                     |                         prim_flop_2sync__parameterized0__xdcDup__26 |          7 |          7 |       0 |    0 |     2 |      0 |      0 |          0 |
|           (gen_async.prim_flop_2sync)                                                                 |                         prim_flop_2sync__parameterized0__xdcDup__26 |          6 |          6 |       0 |    0 |     0 |      0 |      0 |          0 |
|           gen_syncs[0].i_sync                                                                         |                                                            sync__63 |          1 |          1 |       0 |    0 |     2 |      0 |      0 |          0 |
|       gen_filter[4].u_filter                                                                          |                                         prim_filter_ctr__xdcDup__27 |          7 |          7 |       0 |    0 |     8 |      0 |      0 |          0 |
|         (gen_filter[4].u_filter)                                                                      |                                         prim_filter_ctr__xdcDup__27 |          0 |          0 |       0 |    0 |     6 |      0 |      0 |          0 |
|         gen_async.prim_flop_2sync                                                                     |                         prim_flop_2sync__parameterized0__xdcDup__27 |          7 |          7 |       0 |    0 |     2 |      0 |      0 |          0 |
|           (gen_async.prim_flop_2sync)                                                                 |                         prim_flop_2sync__parameterized0__xdcDup__27 |          6 |          6 |       0 |    0 |     0 |      0 |      0 |          0 |
|           gen_syncs[0].i_sync                                                                         |                                                            sync__62 |          1 |          1 |       0 |    0 |     2 |      0 |      0 |          0 |
|       gen_filter[5].u_filter                                                                          |                                         prim_filter_ctr__xdcDup__28 |          7 |          7 |       0 |    0 |     8 |      0 |      0 |          0 |
|         (gen_filter[5].u_filter)                                                                      |                                         prim_filter_ctr__xdcDup__28 |          0 |          0 |       0 |    0 |     6 |      0 |      0 |          0 |
|         gen_async.prim_flop_2sync                                                                     |                         prim_flop_2sync__parameterized0__xdcDup__28 |          7 |          7 |       0 |    0 |     2 |      0 |      0 |          0 |
|           (gen_async.prim_flop_2sync)                                                                 |                         prim_flop_2sync__parameterized0__xdcDup__28 |          6 |          6 |       0 |    0 |     0 |      0 |      0 |          0 |
|           gen_syncs[0].i_sync                                                                         |                                                            sync__61 |          1 |          1 |       0 |    0 |     2 |      0 |      0 |          0 |
|       gen_filter[6].u_filter                                                                          |                                         prim_filter_ctr__xdcDup__29 |          7 |          7 |       0 |    0 |     8 |      0 |      0 |          0 |
|         (gen_filter[6].u_filter)                                                                      |                                         prim_filter_ctr__xdcDup__29 |          0 |          0 |       0 |    0 |     6 |      0 |      0 |          0 |
|         gen_async.prim_flop_2sync                                                                     |                         prim_flop_2sync__parameterized0__xdcDup__29 |          7 |          7 |       0 |    0 |     2 |      0 |      0 |          0 |
|           (gen_async.prim_flop_2sync)                                                                 |                         prim_flop_2sync__parameterized0__xdcDup__29 |          6 |          6 |       0 |    0 |     0 |      0 |      0 |          0 |
|           gen_syncs[0].i_sync                                                                         |                                                            sync__60 |          1 |          1 |       0 |    0 |     2 |      0 |      0 |          0 |
|       gen_filter[7].u_filter                                                                          |                                         prim_filter_ctr__xdcDup__30 |          7 |          7 |       0 |    0 |     8 |      0 |      0 |          0 |
|         (gen_filter[7].u_filter)                                                                      |                                         prim_filter_ctr__xdcDup__30 |          0 |          0 |       0 |    0 |     6 |      0 |      0 |          0 |
|         gen_async.prim_flop_2sync                                                                     |                         prim_flop_2sync__parameterized0__xdcDup__30 |          7 |          7 |       0 |    0 |     2 |      0 |      0 |          0 |
|           (gen_async.prim_flop_2sync)                                                                 |                         prim_flop_2sync__parameterized0__xdcDup__30 |          6 |          6 |       0 |    0 |     0 |      0 |      0 |          0 |
|           gen_syncs[0].i_sync                                                                         |                                                            sync__59 |          1 |          1 |       0 |    0 |     2 |      0 |      0 |          0 |
|       gen_filter[8].u_filter                                                                          |                                         prim_filter_ctr__xdcDup__31 |          7 |          7 |       0 |    0 |     8 |      0 |      0 |          0 |
|         (gen_filter[8].u_filter)                                                                      |                                         prim_filter_ctr__xdcDup__31 |          0 |          0 |       0 |    0 |     6 |      0 |      0 |          0 |
|         gen_async.prim_flop_2sync                                                                     |                         prim_flop_2sync__parameterized0__xdcDup__31 |          7 |          7 |       0 |    0 |     2 |      0 |      0 |          0 |
|           (gen_async.prim_flop_2sync)                                                                 |                         prim_flop_2sync__parameterized0__xdcDup__31 |          6 |          6 |       0 |    0 |     0 |      0 |      0 |          0 |
|           gen_syncs[0].i_sync                                                                         |                                                            sync__58 |          1 |          1 |       0 |    0 |     2 |      0 |      0 |          0 |
|       gen_filter[9].u_filter                                                                          |                                                     prim_filter_ctr |          7 |          7 |       0 |    0 |     8 |      0 |      0 |          0 |
|         (gen_filter[9].u_filter)                                                                      |                                                     prim_filter_ctr |          0 |          0 |       0 |    0 |     6 |      0 |      0 |          0 |
|         gen_async.prim_flop_2sync                                                                     |                                     prim_flop_2sync__parameterized0 |          7 |          7 |       0 |    0 |     2 |      0 |      0 |          0 |
|           (gen_async.prim_flop_2sync)                                                                 |                                     prim_flop_2sync__parameterized0 |          6 |          6 |       0 |    0 |     0 |      0 |      0 |          0 |
|           gen_syncs[0].i_sync                                                                         |                                                            sync__57 |          1 |          1 |       0 |    0 |     2 |      0 |      0 |          0 |
|       intr_hw                                                                                         |                                        prim_intr_hw__parameterized1 |          0 |          0 |       0 |    0 |    12 |      0 |      0 |          0 |
|       u_reg                                                                                           |                                                        gpio_reg_top |         24 |         24 |       0 |    0 |   256 |      0 |      0 |          0 |
|         u_ctrl_en_input_filter                                                                        |                                                     prim_subreg_798 |          0 |          0 |       0 |    0 |    32 |      0 |      0 |          0 |
|         u_data_in                                                                                     |                                     prim_subreg__parameterized1_799 |          0 |          0 |       0 |    0 |    32 |      0 |      0 |          0 |
|         u_intr_ctrl_en_falling                                                                        |                                                     prim_subreg_800 |          0 |          0 |       0 |    0 |    32 |      0 |      0 |          0 |
|         u_intr_ctrl_en_lvlhigh                                                                        |                                                     prim_subreg_801 |         12 |         12 |       0 |    0 |    32 |      0 |      0 |          0 |
|         u_intr_ctrl_en_lvllow                                                                         |                                                     prim_subreg_802 |          0 |          0 |       0 |    0 |    32 |      0 |      0 |          0 |
|         u_intr_ctrl_en_rising                                                                         |                                                     prim_subreg_803 |          0 |          0 |       0 |    0 |    32 |      0 |      0 |          0 |
|         u_intr_enable                                                                                 |                                                     prim_subreg_804 |          0 |          0 |       0 |    0 |    32 |      0 |      0 |          0 |
|         u_intr_state                                                                                  |                                        prim_subreg__parameterized18 |         12 |         12 |       0 |    0 |    32 |      0 |      0 |          0 |
|     gen_i2c.i_i2c                                                                                     |                                                                 i2c |       1755 |       1755 |       0 |    0 |  3011 |      0 |      0 |          0 |
|       (gen_i2c.i_i2c)                                                                                 |                                                                 i2c |          4 |          4 |       0 |    0 |     0 |      0 |      0 |          0 |
|       i2c_core                                                                                        |                                                            i2c_core |       1503 |       1503 |       0 |    0 |  2690 |      0 |      0 |          0 |
|         (i2c_core)                                                                                    |                                                            i2c_core |          0 |          0 |       0 |    0 |     2 |      0 |      0 |          0 |
|         intr_hw_acq_overflow                                                                          |                                        prim_intr_hw__parameterized0 |          0 |          0 |       0 |    0 |     2 |      0 |      0 |          0 |
|         intr_hw_cmd_complete                                                                          |                                                    prim_intr_hw_779 |          0 |          0 |       0 |    0 |     1 |      0 |      0 |          0 |
|         intr_hw_fmt_overflow                                                                          |                                                    prim_intr_hw_780 |          0 |          0 |       0 |    0 |     1 |      0 |      0 |          0 |
|         intr_hw_fmt_threshold                                                                         |                                                    prim_intr_hw_781 |          0 |          0 |       0 |    0 |     1 |      0 |      0 |          0 |
|         intr_hw_host_timeout                                                                          |                                                    prim_intr_hw_782 |          0 |          0 |       0 |    0 |     1 |      0 |      0 |          0 |
|         intr_hw_nak                                                                                   |                                                    prim_intr_hw_783 |          0 |          0 |       0 |    0 |     1 |      0 |      0 |          0 |
|         intr_hw_rx_overflow                                                                           |                                                    prim_intr_hw_784 |          0 |          0 |       0 |    0 |     1 |      0 |      0 |          0 |
|         intr_hw_rx_threshold                                                                          |                                                    prim_intr_hw_785 |          0 |          0 |       0 |    0 |     1 |      0 |      0 |          0 |
|         intr_hw_scl_interference                                                                      |                                                    prim_intr_hw_786 |          0 |          0 |       0 |    0 |     1 |      0 |      0 |          0 |
|         intr_hw_sda_interference                                                                      |                                                    prim_intr_hw_787 |          0 |          0 |       0 |    0 |     1 |      0 |      0 |          0 |
|         intr_hw_sda_unstable                                                                          |                                                    prim_intr_hw_788 |          0 |          0 |       0 |    0 |     1 |      0 |      0 |          0 |
|         intr_hw_stretch_timeout                                                                       |                                                    prim_intr_hw_789 |          0 |          0 |       0 |    0 |     1 |      0 |      0 |          0 |
|         intr_hw_tx_overflow                                                                           |                                                    prim_intr_hw_790 |          0 |          0 |       0 |    0 |     1 |      0 |      0 |          0 |
|         intr_hw_tx_stretch                                                                            |                                    prim_intr_hw__parameterized0_791 |          0 |          0 |       0 |    0 |     2 |      0 |      0 |          0 |
|         intr_hw_unexp_stop                                                                            |                                                    prim_intr_hw_792 |          0 |          0 |       0 |    0 |     1 |      0 |      0 |          0 |
|         u_i2c_acqfifo                                                                                 |                                      prim_fifo_sync__parameterized1 |        285 |        285 |       0 |    0 |   655 |      0 |      0 |          0 |
|           (u_i2c_acqfifo)                                                                             |                                      prim_fifo_sync__parameterized1 |          0 |          0 |       0 |    0 |   641 |      0 |      0 |          0 |
|           gen_normal_fifo.u_fifo_cnt                                                                  |                                              prim_fifo_sync_cnt_797 |        285 |        285 |       0 |    0 |    14 |      0 |      0 |          0 |
|         u_i2c_fmtfifo                                                                                 |                                                      prim_fifo_sync |        339 |        339 |       0 |    0 |   846 |      0 |      0 |          0 |
|           (u_i2c_fmtfifo)                                                                             |                                                      prim_fifo_sync |          0 |          0 |       0 |    0 |   832 |      0 |      0 |          0 |
|           gen_normal_fifo.u_fifo_cnt                                                                  |                                              prim_fifo_sync_cnt_796 |        339 |        339 |       0 |    0 |    14 |      0 |      0 |          0 |
|         u_i2c_fsm                                                                                     |                                                             i2c_fsm |        350 |        350 |       0 |    0 |   114 |      0 |      0 |          0 |
|         u_i2c_rxfifo                                                                                  |                                      prim_fifo_sync__parameterized0 |        288 |        288 |       0 |    0 |   526 |      0 |      0 |          0 |
|           (u_i2c_rxfifo)                                                                              |                                      prim_fifo_sync__parameterized0 |          0 |          0 |       0 |    0 |   512 |      0 |      0 |          0 |
|           gen_normal_fifo.u_fifo_cnt                                                                  |                                              prim_fifo_sync_cnt_795 |        288 |        288 |       0 |    0 |    14 |      0 |      0 |          0 |
|         u_i2c_sync_scl                                                                                |                                          prim_flop_2sync__xdcDup__1 |          3 |          3 |       0 |    0 |     2 |      0 |      0 |          0 |
|           (u_i2c_sync_scl)                                                                            |                                          prim_flop_2sync__xdcDup__1 |          2 |          2 |       0 |    0 |     0 |      0 |      0 |          0 |
|           gen_syncs[0].i_sync                                                                         |                                                sync__parameterized0 |          1 |          1 |       0 |    0 |     2 |      0 |      0 |          0 |
|         u_i2c_sync_sda                                                                                |                                                     prim_flop_2sync |          2 |          2 |       0 |    0 |     2 |      0 |      0 |          0 |
|           (u_i2c_sync_sda)                                                                            |                                                     prim_flop_2sync |          1 |          1 |       0 |    0 |     0 |      0 |      0 |          0 |
|           gen_syncs[0].i_sync                                                                         |                                             sync__parameterized0__2 |          1 |          1 |       0 |    0 |     2 |      0 |      0 |          0 |
|         u_i2c_txfifo                                                                                  |                                  prim_fifo_sync__parameterized0_793 |        239 |        239 |       0 |    0 |   526 |      0 |      0 |          0 |
|           (u_i2c_txfifo)                                                                              |                                  prim_fifo_sync__parameterized0_793 |          0 |          0 |       0 |    0 |   512 |      0 |      0 |          0 |
|           gen_normal_fifo.u_fifo_cnt                                                                  |                                              prim_fifo_sync_cnt_794 |        239 |        239 |       0 |    0 |    14 |      0 |      0 |          0 |
|       u_reg                                                                                           |                                                         i2c_reg_top |        280 |        280 |       0 |    0 |   321 |      0 |      0 |          0 |
|         u_ctrl_enablehost                                                                             |                                     prim_subreg__parameterized4_718 |          1 |          1 |       0 |    0 |     1 |      0 |      0 |          0 |
|         u_ctrl_enabletarget                                                                           |                                     prim_subreg__parameterized4_719 |          1 |          1 |       0 |    0 |     1 |      0 |      0 |          0 |
|         u_ctrl_llpbk                                                                                  |                                     prim_subreg__parameterized4_720 |          0 |          0 |       0 |    0 |     1 |      0 |      0 |          0 |
|         u_fdata_fbyte                                                                                 |                                         prim_subreg__parameterized5 |          0 |          0 |       0 |    0 |     9 |      0 |      0 |          0 |
|         u_fdata_nakok                                                                                 |                                         prim_subreg__parameterized6 |          0 |          0 |       0 |    0 |     1 |      0 |      0 |          0 |
|         u_fdata_rcont                                                                                 |                                     prim_subreg__parameterized6_721 |          0 |          0 |       0 |    0 |     1 |      0 |      0 |          0 |
|         u_fdata_read                                                                                  |                                     prim_subreg__parameterized6_722 |          0 |          0 |       0 |    0 |     1 |      0 |      0 |          0 |
|         u_fdata_start                                                                                 |                                     prim_subreg__parameterized6_723 |          0 |          0 |       0 |    0 |     1 |      0 |      0 |          0 |
|         u_fdata_stop                                                                                  |                                     prim_subreg__parameterized6_724 |          0 |          0 |       0 |    0 |     1 |      0 |      0 |          0 |
|         u_fifo_ctrl_acqrst                                                                            |                                     prim_subreg__parameterized6_725 |          1 |          1 |       0 |    0 |     1 |      0 |      0 |          0 |
|         u_fifo_ctrl_fmtilvl                                                                           |                                         prim_subreg__parameterized8 |          0 |          0 |       0 |    0 |     2 |      0 |      0 |          0 |
|         u_fifo_ctrl_fmtrst                                                                            |                                     prim_subreg__parameterized6_726 |          1 |          1 |       0 |    0 |     1 |      0 |      0 |          0 |
|         u_fifo_ctrl_rxilvl                                                                            |                                     prim_subreg__parameterized7_727 |          0 |          0 |       0 |    0 |     3 |      0 |      0 |          0 |
|         u_fifo_ctrl_rxrst                                                                             |                                     prim_subreg__parameterized6_728 |          7 |          7 |       0 |    0 |     2 |      0 |      0 |          0 |
|         u_fifo_ctrl_txrst                                                                             |                                     prim_subreg__parameterized6_729 |          1 |          1 |       0 |    0 |     1 |      0 |      0 |          0 |
|         u_host_timeout_ctrl                                                                           |                                                     prim_subreg_730 |         16 |         16 |       0 |    0 |    32 |      0 |      0 |          0 |
|         u_intr_enable_acq_full                                                                        |                                     prim_subreg__parameterized4_731 |          0 |          0 |       0 |    0 |     1 |      0 |      0 |          0 |
|         u_intr_enable_cmd_complete                                                                    |                                     prim_subreg__parameterized4_732 |          0 |          0 |       0 |    0 |     1 |      0 |      0 |          0 |
|         u_intr_enable_fmt_overflow                                                                    |                                     prim_subreg__parameterized4_733 |          0 |          0 |       0 |    0 |     1 |      0 |      0 |          0 |
|         u_intr_enable_fmt_threshold                                                                   |                                     prim_subreg__parameterized4_734 |          0 |          0 |       0 |    0 |     1 |      0 |      0 |          0 |
|         u_intr_enable_host_timeout                                                                    |                                     prim_subreg__parameterized4_735 |          0 |          0 |       0 |    0 |     1 |      0 |      0 |          0 |
|         u_intr_enable_nak                                                                             |                                     prim_subreg__parameterized4_736 |          0 |          0 |       0 |    0 |     1 |      0 |      0 |          0 |
|         u_intr_enable_rx_overflow                                                                     |                                     prim_subreg__parameterized4_737 |          0 |          0 |       0 |    0 |     1 |      0 |      0 |          0 |
|         u_intr_enable_rx_threshold                                                                    |                                     prim_subreg__parameterized4_738 |          0 |          0 |       0 |    0 |     1 |      0 |      0 |          0 |
|         u_intr_enable_scl_interference                                                                |                                     prim_subreg__parameterized4_739 |          0 |          0 |       0 |    0 |     1 |      0 |      0 |          0 |
|         u_intr_enable_sda_interference                                                                |                                     prim_subreg__parameterized4_740 |          0 |          0 |       0 |    0 |     1 |      0 |      0 |          0 |
|         u_intr_enable_sda_unstable                                                                    |                                     prim_subreg__parameterized4_741 |          0 |          0 |       0 |    0 |     1 |      0 |      0 |          0 |
|         u_intr_enable_stretch_timeout                                                                 |                                     prim_subreg__parameterized4_742 |          0 |          0 |       0 |    0 |     1 |      0 |      0 |          0 |
|         u_intr_enable_tx_overflow                                                                     |                                     prim_subreg__parameterized4_743 |          0 |          0 |       0 |    0 |     1 |      0 |      0 |          0 |
|         u_intr_enable_tx_stretch                                                                      |                                     prim_subreg__parameterized4_744 |          0 |          0 |       0 |    0 |     1 |      0 |      0 |          0 |
|         u_intr_enable_unexp_stop                                                                      |                                     prim_subreg__parameterized4_745 |          0 |          0 |       0 |    0 |     1 |      0 |      0 |          0 |
|         u_intr_state_acq_full                                                                         |                                     prim_subreg__parameterized3_746 |          0 |          0 |       0 |    0 |     1 |      0 |      0 |          0 |
|         u_intr_state_cmd_complete                                                                     |                                     prim_subreg__parameterized3_747 |          1 |          1 |       0 |    0 |     1 |      0 |      0 |          0 |
|         u_intr_state_fmt_overflow                                                                     |                                     prim_subreg__parameterized3_748 |          1 |          1 |       0 |    0 |     1 |      0 |      0 |          0 |
|         u_intr_state_fmt_threshold                                                                    |                                     prim_subreg__parameterized3_749 |          1 |          1 |       0 |    0 |     1 |      0 |      0 |          0 |
|         u_intr_state_host_timeout                                                                     |                                     prim_subreg__parameterized3_750 |          1 |          1 |       0 |    0 |     1 |      0 |      0 |          0 |
|         u_intr_state_nak                                                                              |                                     prim_subreg__parameterized3_751 |          1 |          1 |       0 |    0 |     1 |      0 |      0 |          0 |
|         u_intr_state_rx_overflow                                                                      |                                     prim_subreg__parameterized3_752 |          1 |          1 |       0 |    0 |     1 |      0 |      0 |          0 |
|         u_intr_state_rx_threshold                                                                     |                                     prim_subreg__parameterized3_753 |          1 |          1 |       0 |    0 |     1 |      0 |      0 |          0 |
|         u_intr_state_scl_interference                                                                 |                                     prim_subreg__parameterized3_754 |          1 |          1 |       0 |    0 |     1 |      0 |      0 |          0 |
|         u_intr_state_sda_interference                                                                 |                                     prim_subreg__parameterized3_755 |          1 |          1 |       0 |    0 |     1 |      0 |      0 |          0 |
|         u_intr_state_sda_unstable                                                                     |                                     prim_subreg__parameterized3_756 |          1 |          1 |       0 |    0 |     1 |      0 |      0 |          0 |
|         u_intr_state_stretch_timeout                                                                  |                                     prim_subreg__parameterized3_757 |          1 |          1 |       0 |    0 |     1 |      0 |      0 |          0 |
|         u_intr_state_tx_overflow                                                                      |                                     prim_subreg__parameterized3_758 |          1 |          1 |       0 |    0 |     1 |      0 |      0 |          0 |
|         u_intr_state_tx_stretch                                                                       |                                     prim_subreg__parameterized3_759 |          0 |          0 |       0 |    0 |     1 |      0 |      0 |          0 |
|         u_intr_state_unexp_stop                                                                       |                                     prim_subreg__parameterized3_760 |          1 |          1 |       0 |    0 |     1 |      0 |      0 |          0 |
|         u_ovrd_sclval                                                                                 |                                     prim_subreg__parameterized4_761 |          0 |          0 |       0 |    0 |     1 |      0 |      0 |          0 |
|         u_ovrd_sdaval                                                                                 |                                     prim_subreg__parameterized4_762 |          0 |          0 |       0 |    0 |     1 |      0 |      0 |          0 |
|         u_ovrd_txovrden                                                                               |                                     prim_subreg__parameterized4_763 |          0 |          0 |       0 |    0 |     1 |      0 |      0 |          0 |
|         u_target_id_address0                                                                          |                                        prim_subreg__parameterized11 |          0 |          0 |       0 |    0 |     7 |      0 |      0 |          0 |
|         u_target_id_address1                                                                          |                                    prim_subreg__parameterized11_764 |          0 |          0 |       0 |    0 |     7 |      0 |      0 |          0 |
|         u_target_id_mask0                                                                             |                                    prim_subreg__parameterized11_765 |          4 |          4 |       0 |    0 |     7 |      0 |      0 |          0 |
|         u_target_id_mask1                                                                             |                                    prim_subreg__parameterized11_766 |          4 |          4 |       0 |    0 |     7 |      0 |      0 |          0 |
|         u_timeout_ctrl_en                                                                             |                                     prim_subreg__parameterized4_767 |          0 |          0 |       0 |    0 |     1 |      0 |      0 |          0 |
|         u_timeout_ctrl_val                                                                            |                                        prim_subreg__parameterized10 |         16 |         16 |       0 |    0 |    31 |      0 |      0 |          0 |
|         u_timing0_thigh                                                                               |                                     prim_subreg__parameterized9_768 |         33 |         33 |       0 |    0 |    16 |      0 |      0 |          0 |
|         u_timing0_tlow                                                                                |                                     prim_subreg__parameterized9_769 |         19 |         19 |       0 |    0 |    16 |      0 |      0 |          0 |
|         u_timing1_t_f                                                                                 |                                     prim_subreg__parameterized9_770 |         33 |         33 |       0 |    0 |    16 |      0 |      0 |          0 |
|         u_timing1_t_r                                                                                 |                                     prim_subreg__parameterized9_771 |         88 |         88 |       0 |    0 |    16 |      0 |      0 |          0 |
|         u_timing2_thd_sta                                                                             |                                     prim_subreg__parameterized9_772 |          0 |          0 |       0 |    0 |    16 |      0 |      0 |          0 |
|         u_timing2_tsu_sta                                                                             |                                     prim_subreg__parameterized9_773 |         20 |         20 |       0 |    0 |    16 |      0 |      0 |          0 |
|         u_timing3_thd_dat                                                                             |                                     prim_subreg__parameterized9_774 |         16 |         16 |       0 |    0 |    16 |      0 |      0 |          0 |
|         u_timing3_tsu_dat                                                                             |                                     prim_subreg__parameterized9_775 |          0 |          0 |       0 |    0 |    16 |      0 |      0 |          0 |
|         u_timing4_t_buf                                                                               |                                     prim_subreg__parameterized9_776 |          5 |          5 |       0 |    0 |    16 |      0 |      0 |          0 |
|         u_timing4_tsu_sto                                                                             |                                     prim_subreg__parameterized9_777 |          0 |          0 |       0 |    0 |    16 |      0 |      0 |          0 |
|         u_txdata                                                                                      |                                     prim_subreg__parameterized5_778 |          8 |          8 |       0 |    0 |     9 |      0 |      0 |          0 |
|     gen_llc.i_llc                                                                                     |                                                    axi_llc_reg_wrap |       6290 |       6290 |       0 |    0 |  4303 |     40 |      8 |          0 |
|       i_axi_llc_top_raw                                                                               |                                                         axi_llc_top |       6115 |       6115 |       0 |    0 |  4156 |     40 |      8 |          0 |
|         (i_axi_llc_top_raw)                                                                           |                                                         axi_llc_top |         13 |         13 |       0 |    0 |     0 |      0 |      0 |          0 |
|         i_ar_splitter                                                                                 |                               axi_llc_chan_splitter__parameterized0 |        681 |        681 |       0 |    0 |    67 |      0 |      0 |          0 |
|           (i_ar_splitter)                                                                             |                               axi_llc_chan_splitter__parameterized0 |        145 |        145 |       0 |    0 |    67 |      0 |      0 |          0 |
|           i_burst_cutter                                                                              |                                axi_llc_burst_cutter__parameterized0 |        537 |        537 |       0 |    0 |     0 |      0 |      0 |          0 |
|             (i_burst_cutter)                                                                          |                                axi_llc_burst_cutter__parameterized0 |        126 |        126 |       0 |    0 |     0 |      0 |      0 |          0 |
|             i_burst_cutter_decode                                                                     |                                     addr_decode__parameterized0_716 |        411 |        411 |       0 |    0 |     0 |      0 |      0 |          0 |
|               i_addr_decode_dync                                                                      |                                addr_decode_dync__parameterized0_717 |        411 |        411 |       0 |    0 |     0 |      0 |      0 |          0 |
|         i_aw_splitter                                                                                 |                                               axi_llc_chan_splitter |        660 |        660 |       0 |    0 |    72 |      0 |      0 |          0 |
|           (i_aw_splitter)                                                                             |                                               axi_llc_chan_splitter |        167 |        167 |       0 |    0 |    72 |      0 |      0 |          0 |
|           i_burst_cutter                                                                              |                                                axi_llc_burst_cutter |        496 |        496 |       0 |    0 |     0 |      0 |      0 |          0 |
|             (i_burst_cutter)                                                                          |                                                axi_llc_burst_cutter |        129 |        129 |       0 |    0 |     0 |      0 |      0 |          0 |
|             i_burst_cutter_decode                                                                     |                                         addr_decode__parameterized0 |        367 |        367 |       0 |    0 |     0 |      0 |      0 |          0 |
|               i_addr_decode_dync                                                                      |                                    addr_decode_dync__parameterized0 |        367 |        367 |       0 |    0 |     0 |      0 |      0 |          0 |
|         i_axi_bypass_demux                                                                            |                                                           axi_demux |        292 |        292 |       0 |    0 |   207 |      0 |      0 |          0 |
|           (i_axi_bypass_demux)                                                                        |                                                           axi_demux |          1 |          1 |       0 |    0 |     0 |      0 |      0 |          0 |
|           i_demux_simple                                                                              |                                                    axi_demux_simple |        291 |        291 |       0 |    0 |   207 |      0 |      0 |          0 |
|             (i_demux_simple)                                                                          |                                                    axi_demux_simple |          0 |          0 |       0 |    0 |     3 |      0 |      0 |          0 |
|             gen_ar_id_counter.i_ar_id_counter                                                         |                                               axi_demux_id_counters |        108 |        108 |       0 |    0 |    96 |      0 |      0 |          0 |
|               (gen_ar_id_counter.i_ar_id_counter)                                                     |                                               axi_demux_id_counters |          0 |          0 |       0 |    0 |    16 |      0 |      0 |          0 |
|               gen_counters[0].i_in_flight_cnt                                                         |                                   delta_counter__parameterized0_700 |         11 |         11 |       0 |    0 |     5 |      0 |      0 |          0 |
|               gen_counters[10].i_in_flight_cnt                                                        |                                   delta_counter__parameterized0_701 |          5 |          5 |       0 |    0 |     5 |      0 |      0 |          0 |
|               gen_counters[11].i_in_flight_cnt                                                        |                                   delta_counter__parameterized0_702 |          6 |          6 |       0 |    0 |     5 |      0 |      0 |          0 |
|               gen_counters[12].i_in_flight_cnt                                                        |                                   delta_counter__parameterized0_703 |          5 |          5 |       0 |    0 |     5 |      0 |      0 |          0 |
|               gen_counters[13].i_in_flight_cnt                                                        |                                   delta_counter__parameterized0_704 |          7 |          7 |       0 |    0 |     5 |      0 |      0 |          0 |
|               gen_counters[14].i_in_flight_cnt                                                        |                                   delta_counter__parameterized0_705 |          5 |          5 |       0 |    0 |     5 |      0 |      0 |          0 |
|               gen_counters[15].i_in_flight_cnt                                                        |                                   delta_counter__parameterized0_706 |          8 |          8 |       0 |    0 |     5 |      0 |      0 |          0 |
|               gen_counters[1].i_in_flight_cnt                                                         |                                   delta_counter__parameterized0_707 |          6 |          6 |       0 |    0 |     5 |      0 |      0 |          0 |
|               gen_counters[2].i_in_flight_cnt                                                         |                                   delta_counter__parameterized0_708 |          6 |          6 |       0 |    0 |     5 |      0 |      0 |          0 |
|               gen_counters[3].i_in_flight_cnt                                                         |                                   delta_counter__parameterized0_709 |          6 |          6 |       0 |    0 |     5 |      0 |      0 |          0 |
|               gen_counters[4].i_in_flight_cnt                                                         |                                   delta_counter__parameterized0_710 |         11 |         11 |       0 |    0 |     5 |      0 |      0 |          0 |
|               gen_counters[5].i_in_flight_cnt                                                         |                                   delta_counter__parameterized0_711 |          6 |          6 |       0 |    0 |     5 |      0 |      0 |          0 |
|               gen_counters[6].i_in_flight_cnt                                                         |                                   delta_counter__parameterized0_712 |          6 |          6 |       0 |    0 |     5 |      0 |      0 |          0 |
|               gen_counters[7].i_in_flight_cnt                                                         |                                   delta_counter__parameterized0_713 |          8 |          8 |       0 |    0 |     5 |      0 |      0 |          0 |
|               gen_counters[8].i_in_flight_cnt                                                         |                                   delta_counter__parameterized0_714 |          5 |          5 |       0 |    0 |     5 |      0 |      0 |          0 |
|               gen_counters[9].i_in_flight_cnt                                                         |                                   delta_counter__parameterized0_715 |          7 |          7 |       0 |    0 |     5 |      0 |      0 |          0 |
|             gen_aw_id_counter.i_aw_id_counter                                                         |                                           axi_demux_id_counters_679 |         92 |         92 |       0 |    0 |    96 |      0 |      0 |          0 |
|               (gen_aw_id_counter.i_aw_id_counter)                                                     |                                           axi_demux_id_counters_679 |          0 |          0 |       0 |    0 |    16 |      0 |      0 |          0 |
|               gen_counters[0].i_in_flight_cnt                                                         |                                   delta_counter__parameterized0_684 |          5 |          5 |       0 |    0 |     5 |      0 |      0 |          0 |
|               gen_counters[10].i_in_flight_cnt                                                        |                                   delta_counter__parameterized0_685 |          4 |          4 |       0 |    0 |     5 |      0 |      0 |          0 |
|               gen_counters[11].i_in_flight_cnt                                                        |                                   delta_counter__parameterized0_686 |          5 |          5 |       0 |    0 |     5 |      0 |      0 |          0 |
|               gen_counters[12].i_in_flight_cnt                                                        |                                   delta_counter__parameterized0_687 |         14 |         14 |       0 |    0 |     5 |      0 |      0 |          0 |
|               gen_counters[13].i_in_flight_cnt                                                        |                                   delta_counter__parameterized0_688 |          5 |          5 |       0 |    0 |     5 |      0 |      0 |          0 |
|               gen_counters[14].i_in_flight_cnt                                                        |                                   delta_counter__parameterized0_689 |          4 |          4 |       0 |    0 |     5 |      0 |      0 |          0 |
|               gen_counters[15].i_in_flight_cnt                                                        |                                   delta_counter__parameterized0_690 |          5 |          5 |       0 |    0 |     5 |      0 |      0 |          0 |
|               gen_counters[1].i_in_flight_cnt                                                         |                                   delta_counter__parameterized0_691 |          4 |          4 |       0 |    0 |     5 |      0 |      0 |          0 |
|               gen_counters[2].i_in_flight_cnt                                                         |                                   delta_counter__parameterized0_692 |          5 |          5 |       0 |    0 |     5 |      0 |      0 |          0 |
|               gen_counters[3].i_in_flight_cnt                                                         |                                   delta_counter__parameterized0_693 |         10 |         10 |       0 |    0 |     5 |      0 |      0 |          0 |
|               gen_counters[4].i_in_flight_cnt                                                         |                                   delta_counter__parameterized0_694 |          4 |          4 |       0 |    0 |     5 |      0 |      0 |          0 |
|               gen_counters[5].i_in_flight_cnt                                                         |                                   delta_counter__parameterized0_695 |          5 |          5 |       0 |    0 |     5 |      0 |      0 |          0 |
|               gen_counters[6].i_in_flight_cnt                                                         |                                   delta_counter__parameterized0_696 |          4 |          4 |       0 |    0 |     5 |      0 |      0 |          0 |
|               gen_counters[7].i_in_flight_cnt                                                         |                                   delta_counter__parameterized0_697 |          5 |          5 |       0 |    0 |     5 |      0 |      0 |          0 |
|               gen_counters[8].i_in_flight_cnt                                                         |                                   delta_counter__parameterized0_698 |          4 |          4 |       0 |    0 |     5 |      0 |      0 |          0 |
|               gen_counters[9].i_in_flight_cnt                                                         |                                   delta_counter__parameterized0_699 |          9 |          9 |       0 |    0 |     5 |      0 |      0 |          0 |
|             i_b_mux                                                                                   |                                     rr_arb_tree__parameterized0_680 |          6 |          6 |       0 |    0 |     4 |      0 |      0 |          0 |
|             i_counter_open_w                                                                          |                                         counter__parameterized0_681 |          7 |          7 |       0 |    0 |     4 |      0 |      0 |          0 |
|               i_counter                                                                               |                                   delta_counter__parameterized0_683 |          7 |          7 |       0 |    0 |     4 |      0 |      0 |          0 |
|             i_r_mux                                                                                   |                                     rr_arb_tree__parameterized0_682 |         78 |         78 |       0 |    0 |     4 |      0 |      0 |          0 |
|         i_axi_bypass_mux                                                                              |                                                             axi_mux |         49 |         49 |       0 |    0 |    32 |      0 |      0 |          0 |
|           (i_axi_bypass_mux)                                                                          |                                                             axi_mux |          0 |          0 |       0 |    0 |     1 |      0 |      0 |          0 |
|           gen_mux.i_ar_arbiter                                                                        |                                         rr_arb_tree__parameterized6 |          8 |          8 |       0 |    0 |     4 |      0 |      0 |          0 |
|           gen_mux.i_aw_arbiter                                                                        |                                         rr_arb_tree__parameterized5 |          7 |          7 |       0 |    0 |     4 |      0 |      0 |          0 |
|           gen_mux.i_w_fifo                                                                            |                                            fifo_v3__parameterized10 |         34 |         34 |       0 |    0 |    23 |      0 |      0 |          0 |
|         i_axi_isolate_flush                                                                           |                                                         axi_isolate |        199 |        199 |       0 |    0 |    23 |      0 |      0 |          0 |
|           i_axi_isolate                                                                               |                                                   axi_isolate_inner |        199 |        199 |       0 |    0 |    23 |      0 |      0 |          0 |
|         i_evict_unit                                                                                  |                                                  axi_llc_evict_unit |        493 |        493 |       0 |    0 |  1180 |      0 |      0 |          0 |
|           i_aw_master                                                                                 |                                                   axi_llc_ax_master |          2 |          2 |       0 |    0 |   104 |      0 |      0 |          0 |
|           i_stream_fifo_evict                                                                         |                                                     stream_fifo_673 |        166 |        166 |       0 |    0 |   315 |      0 |      0 |          0 |
|             fifo_i                                                                                    |                                         fifo_v3__parameterized3_678 |        166 |        166 |       0 |    0 |   315 |      0 |      0 |          0 |
|           i_stream_fifo_miss_buffer                                                                   |                                         stream_fifo__parameterized0 |         84 |         84 |       0 |    0 |   154 |      0 |      0 |          0 |
|             fifo_i                                                                                    |                                             fifo_v3__parameterized5 |         84 |         84 |       0 |    0 |   154 |      0 |      0 |          0 |
|           i_w_master                                                                                  |                                                    axi_llc_w_master |        242 |        242 |       0 |    0 |   607 |      0 |      0 |          0 |
|             (i_w_master)                                                                              |                                                    axi_llc_w_master |          2 |          2 |       0 |    0 |    78 |      0 |      0 |          0 |
|             i_block_offset_counter                                                                    |                                         counter__parameterized3_674 |         18 |         18 |       0 |    0 |     4 |      0 |      0 |          0 |
|               i_counter                                                                               |                                   delta_counter__parameterized3_677 |         18 |         18 |       0 |    0 |     4 |      0 |      0 |          0 |
|             i_r_data_fifo                                                                             |                                             fifo_v3__parameterized4 |        212 |        212 |       0 |    0 |   522 |      0 |      0 |          0 |
|             i_w_to_send_counter                                                                       |                                         counter__parameterized3_675 |         10 |         10 |       0 |    0 |     3 |      0 |      0 |          0 |
|               i_counter                                                                               |                                   delta_counter__parameterized3_676 |         10 |         10 |       0 |    0 |     3 |      0 |      0 |          0 |
|         i_hit_miss_unit                                                                               |                                                    axi_llc_hit_miss |       1006 |       1006 |       0 |    0 |   474 |      8 |      8 |          0 |
|           (i_hit_miss_unit)                                                                           |                                                    axi_llc_hit_miss |         37 |         37 |       0 |    0 |    78 |      0 |      0 |          0 |
|           i_lock_box_bloom                                                                            |                                              axi_llc_lock_box_bloom |        168 |        168 |       0 |    0 |   137 |      0 |      0 |          0 |
|             i_cb_filter                                                                               |                                                           cb_filter |         64 |         64 |       0 |    0 |    64 |      0 |      0 |          0 |
|               gen_buckets[0].i_bucket                                                                 |                                         counter__parameterized3_641 |          4 |          4 |       0 |    0 |     4 |      0 |      0 |          0 |
|                 i_counter                                                                             |                                   delta_counter__parameterized3_672 |          4 |          4 |       0 |    0 |     4 |      0 |      0 |          0 |
|               gen_buckets[12].i_bucket                                                                |                                         counter__parameterized3_642 |          6 |          6 |       0 |    0 |     4 |      0 |      0 |          0 |
|                 i_counter                                                                             |                                   delta_counter__parameterized3_671 |          6 |          6 |       0 |    0 |     4 |      0 |      0 |          0 |
|               gen_buckets[17].i_bucket                                                                |                                         counter__parameterized3_643 |          4 |          4 |       0 |    0 |     4 |      0 |      0 |          0 |
|                 i_counter                                                                             |                                   delta_counter__parameterized3_670 |          4 |          4 |       0 |    0 |     4 |      0 |      0 |          0 |
|               gen_buckets[21].i_bucket                                                                |                                         counter__parameterized3_644 |          4 |          4 |       0 |    0 |     4 |      0 |      0 |          0 |
|                 i_counter                                                                             |                                   delta_counter__parameterized3_669 |          4 |          4 |       0 |    0 |     4 |      0 |      0 |          0 |
|               gen_buckets[25].i_bucket                                                                |                                         counter__parameterized3_645 |          3 |          3 |       0 |    0 |     4 |      0 |      0 |          0 |
|                 i_counter                                                                             |                                   delta_counter__parameterized3_668 |          3 |          3 |       0 |    0 |     4 |      0 |      0 |          0 |
|               gen_buckets[29].i_bucket                                                                |                                         counter__parameterized3_646 |          3 |          3 |       0 |    0 |     4 |      0 |      0 |          0 |
|                 i_counter                                                                             |                                   delta_counter__parameterized3_667 |          3 |          3 |       0 |    0 |     4 |      0 |      0 |          0 |
|               gen_buckets[34].i_bucket                                                                |                                         counter__parameterized3_647 |          5 |          5 |       0 |    0 |     4 |      0 |      0 |          0 |
|                 i_counter                                                                             |                                   delta_counter__parameterized3_666 |          5 |          5 |       0 |    0 |     4 |      0 |      0 |          0 |
|               gen_buckets[38].i_bucket                                                                |                                         counter__parameterized3_648 |          4 |          4 |       0 |    0 |     4 |      0 |      0 |          0 |
|                 i_counter                                                                             |                                   delta_counter__parameterized3_665 |          4 |          4 |       0 |    0 |     4 |      0 |      0 |          0 |
|               gen_buckets[42].i_bucket                                                                |                                         counter__parameterized3_649 |          4 |          4 |       0 |    0 |     4 |      0 |      0 |          0 |
|                 i_counter                                                                             |                                   delta_counter__parameterized3_664 |          4 |          4 |       0 |    0 |     4 |      0 |      0 |          0 |
|               gen_buckets[46].i_bucket                                                                |                                         counter__parameterized3_650 |          4 |          4 |       0 |    0 |     4 |      0 |      0 |          0 |
|                 i_counter                                                                             |                                   delta_counter__parameterized3_663 |          4 |          4 |       0 |    0 |     4 |      0 |      0 |          0 |
|               gen_buckets[4].i_bucket                                                                 |                                         counter__parameterized3_651 |          5 |          5 |       0 |    0 |     4 |      0 |      0 |          0 |
|                 i_counter                                                                             |                                   delta_counter__parameterized3_662 |          5 |          5 |       0 |    0 |     4 |      0 |      0 |          0 |
|               gen_buckets[51].i_bucket                                                                |                                         counter__parameterized3_652 |          4 |          4 |       0 |    0 |     4 |      0 |      0 |          0 |
|                 i_counter                                                                             |                                   delta_counter__parameterized3_661 |          4 |          4 |       0 |    0 |     4 |      0 |      0 |          0 |
|               gen_buckets[55].i_bucket                                                                |                                         counter__parameterized3_653 |          3 |          3 |       0 |    0 |     4 |      0 |      0 |          0 |
|                 i_counter                                                                             |                                   delta_counter__parameterized3_660 |          3 |          3 |       0 |    0 |     4 |      0 |      0 |          0 |
|               gen_buckets[59].i_bucket                                                                |                                         counter__parameterized3_654 |          3 |          3 |       0 |    0 |     4 |      0 |      0 |          0 |
|                 i_counter                                                                             |                                   delta_counter__parameterized3_659 |          3 |          3 |       0 |    0 |     4 |      0 |      0 |          0 |
|               gen_buckets[63].i_bucket                                                                |                                         counter__parameterized3_655 |          5 |          5 |       0 |    0 |     4 |      0 |      0 |          0 |
|                 i_counter                                                                             |                                   delta_counter__parameterized3_658 |          5 |          5 |       0 |    0 |     4 |      0 |      0 |          0 |
|               gen_buckets[8].i_bucket                                                                 |                                         counter__parameterized3_656 |          3 |          3 |       0 |    0 |     4 |      0 |      0 |          0 |
|                 i_counter                                                                             |                                   delta_counter__parameterized3_657 |          3 |          3 |       0 |    0 |     4 |      0 |      0 |          0 |
|             i_r_unlock_fifo                                                                           |                                             fifo_v3__parameterized2 |         21 |         21 |       0 |    0 |    36 |      0 |      0 |          0 |
|             i_unlock_tree                                                                             |                                         rr_arb_tree__parameterized2 |          0 |          0 |       0 |    0 |     1 |      0 |      0 |          0 |
|             i_w_unlock_fifo                                                                           |                                         fifo_v3__parameterized2_640 |         83 |         83 |       0 |    0 |    36 |      0 |      0 |          0 |
|           i_miss_counters                                                                             |                                               axi_llc_miss_counters |        111 |        111 |       0 |    0 |   104 |      0 |      0 |          0 |
|             gen_cmiss_counters[0].i_miss_cnt                                                          |                                         counter__parameterized1_608 |          6 |          6 |       0 |    0 |     6 |      0 |      0 |          0 |
|               i_counter                                                                               |                                   delta_counter__parameterized1_639 |          6 |          6 |       0 |    0 |     6 |      0 |      0 |          0 |
|             gen_cmiss_counters[10].i_miss_cnt                                                         |                                         counter__parameterized1_609 |          6 |          6 |       0 |    0 |     6 |      0 |      0 |          0 |
|               i_counter                                                                               |                                   delta_counter__parameterized1_638 |          6 |          6 |       0 |    0 |     6 |      0 |      0 |          0 |
|             gen_cmiss_counters[11].i_miss_cnt                                                         |                                         counter__parameterized1_610 |          6 |          6 |       0 |    0 |     6 |      0 |      0 |          0 |
|               i_counter                                                                               |                                   delta_counter__parameterized1_637 |          6 |          6 |       0 |    0 |     6 |      0 |      0 |          0 |
|             gen_cmiss_counters[12].i_miss_cnt                                                         |                                         counter__parameterized1_611 |          5 |          5 |       0 |    0 |     6 |      0 |      0 |          0 |
|               i_counter                                                                               |                                   delta_counter__parameterized1_636 |          5 |          5 |       0 |    0 |     6 |      0 |      0 |          0 |
|             gen_cmiss_counters[13].i_miss_cnt                                                         |                                         counter__parameterized1_612 |          9 |          9 |       0 |    0 |     6 |      0 |      0 |          0 |
|               i_counter                                                                               |                                   delta_counter__parameterized1_635 |          9 |          9 |       0 |    0 |     6 |      0 |      0 |          0 |
|             gen_cmiss_counters[14].i_miss_cnt                                                         |                                         counter__parameterized1_613 |          6 |          6 |       0 |    0 |     6 |      0 |      0 |          0 |
|               i_counter                                                                               |                                   delta_counter__parameterized1_634 |          6 |          6 |       0 |    0 |     6 |      0 |      0 |          0 |
|             gen_cmiss_counters[15].i_miss_cnt                                                         |                                         counter__parameterized1_614 |          6 |          6 |       0 |    0 |     6 |      0 |      0 |          0 |
|               i_counter                                                                               |                                   delta_counter__parameterized1_633 |          6 |          6 |       0 |    0 |     6 |      0 |      0 |          0 |
|             gen_cmiss_counters[1].i_miss_cnt                                                          |                                         counter__parameterized1_615 |          5 |          5 |       0 |    0 |     6 |      0 |      0 |          0 |
|               i_counter                                                                               |                                   delta_counter__parameterized1_632 |          5 |          5 |       0 |    0 |     6 |      0 |      0 |          0 |
|             gen_cmiss_counters[2].i_miss_cnt                                                          |                                         counter__parameterized1_616 |          5 |          5 |       0 |    0 |     6 |      0 |      0 |          0 |
|               i_counter                                                                               |                                   delta_counter__parameterized1_631 |          5 |          5 |       0 |    0 |     6 |      0 |      0 |          0 |
|             gen_cmiss_counters[3].i_miss_cnt                                                          |                                         counter__parameterized1_617 |          5 |          5 |       0 |    0 |     6 |      0 |      0 |          0 |
|               i_counter                                                                               |                                   delta_counter__parameterized1_630 |          5 |          5 |       0 |    0 |     6 |      0 |      0 |          0 |
|             gen_cmiss_counters[4].i_miss_cnt                                                          |                                         counter__parameterized1_618 |          5 |          5 |       0 |    0 |     6 |      0 |      0 |          0 |
|               i_counter                                                                               |                                   delta_counter__parameterized1_629 |          5 |          5 |       0 |    0 |     6 |      0 |      0 |          0 |
|             gen_cmiss_counters[5].i_miss_cnt                                                          |                                         counter__parameterized1_619 |          5 |          5 |       0 |    0 |     6 |      0 |      0 |          0 |
|               i_counter                                                                               |                                   delta_counter__parameterized1_628 |          5 |          5 |       0 |    0 |     6 |      0 |      0 |          0 |
|             gen_cmiss_counters[6].i_miss_cnt                                                          |                                         counter__parameterized1_620 |         13 |         13 |       0 |    0 |     6 |      0 |      0 |          0 |
|               i_counter                                                                               |                                   delta_counter__parameterized1_627 |         13 |         13 |       0 |    0 |     6 |      0 |      0 |          0 |
|             gen_cmiss_counters[7].i_miss_cnt                                                          |                                         counter__parameterized1_621 |          6 |          6 |       0 |    0 |     6 |      0 |      0 |          0 |
|               i_counter                                                                               |                                   delta_counter__parameterized1_626 |          6 |          6 |       0 |    0 |     6 |      0 |      0 |          0 |
|             gen_cmiss_counters[8].i_miss_cnt                                                          |                                         counter__parameterized1_622 |          6 |          6 |       0 |    0 |     6 |      0 |      0 |          0 |
|               i_counter                                                                               |                                   delta_counter__parameterized1_625 |          6 |          6 |       0 |    0 |     6 |      0 |      0 |          0 |
|             gen_cmiss_counters[9].i_miss_cnt                                                          |                                         counter__parameterized1_623 |          8 |          8 |       0 |    0 |     6 |      0 |      0 |          0 |
|               i_counter                                                                               |                                   delta_counter__parameterized1_624 |          8 |          8 |       0 |    0 |     6 |      0 |      0 |          0 |
|             i_miss_w_cnt                                                                              |                                             counter__parameterized2 |         12 |         12 |       0 |    0 |     8 |      0 |      0 |          0 |
|               i_counter                                                                               |                                       delta_counter__parameterized2 |         12 |         12 |       0 |    0 |     8 |      0 |      0 |          0 |
|           i_tag_store                                                                                 |                                                   axi_llc_tag_store |        691 |        691 |       0 |    0 |   155 |      8 |      8 |          0 |
|             (i_tag_store)                                                                             |                                                   axi_llc_tag_store |          1 |          1 |       0 |    0 |    62 |      0 |      0 |          0 |
|             gen_tag_macros[0].i_shift_reg_rvalid                                                      |                                                           shift_reg |          1 |          1 |       0 |    0 |     1 |      0 |      0 |          0 |
|               i_shift_reg_gated                                                                       |                                                 shift_reg_gated_607 |          1 |          1 |       0 |    0 |     1 |      0 |      0 |          0 |
|             gen_tag_macros[0].i_tag_store                                                             |                                                             tc_sram |         41 |         41 |       0 |    0 |     0 |      1 |      1 |          0 |
|               gen_1_ports.i_xpm_memory_spram                                                          |                                                xpm_memory_spram_606 |         41 |         41 |       0 |    0 |     0 |      1 |      1 |          0 |
|                 (gen_1_ports.i_xpm_memory_spram)                                                      |                                                xpm_memory_spram_606 |         29 |         29 |       0 |    0 |     0 |      0 |      0 |          0 |
|                 xpm_memory_base_inst                                                                  |                                                  xpm_memory_base__1 |         12 |         12 |       0 |    0 |     0 |      1 |      1 |          0 |
|             gen_tag_macros[1].i_shift_reg_rvalid                                                      |                                                       shift_reg_578 |          1 |          1 |       0 |    0 |     1 |      0 |      0 |          0 |
|               i_shift_reg_gated                                                                       |                                                 shift_reg_gated_605 |          1 |          1 |       0 |    0 |     1 |      0 |      0 |          0 |
|             gen_tag_macros[1].i_tag_store                                                             |                                                         tc_sram_579 |         41 |         41 |       0 |    0 |     0 |      1 |      1 |          0 |
|               gen_1_ports.i_xpm_memory_spram                                                          |                                                xpm_memory_spram_604 |         41 |         41 |       0 |    0 |     0 |      1 |      1 |          0 |
|                 (gen_1_ports.i_xpm_memory_spram)                                                      |                                                xpm_memory_spram_604 |         28 |         28 |       0 |    0 |     0 |      0 |      0 |          0 |
|                 xpm_memory_base_inst                                                                  |                                                  xpm_memory_base__2 |         13 |         13 |       0 |    0 |     0 |      1 |      1 |          0 |
|             gen_tag_macros[2].i_shift_reg_rvalid                                                      |                                                       shift_reg_580 |          1 |          1 |       0 |    0 |     1 |      0 |      0 |          0 |
|               i_shift_reg_gated                                                                       |                                                 shift_reg_gated_603 |          1 |          1 |       0 |    0 |     1 |      0 |      0 |          0 |
|             gen_tag_macros[2].i_tag_store                                                             |                                                         tc_sram_581 |         69 |         69 |       0 |    0 |     0 |      1 |      1 |          0 |
|               gen_1_ports.i_xpm_memory_spram                                                          |                                                xpm_memory_spram_602 |         69 |         69 |       0 |    0 |     0 |      1 |      1 |          0 |
|                 (gen_1_ports.i_xpm_memory_spram)                                                      |                                                xpm_memory_spram_602 |         57 |         57 |       0 |    0 |     0 |      0 |      0 |          0 |
|                 xpm_memory_base_inst                                                                  |                                                  xpm_memory_base__3 |         12 |         12 |       0 |    0 |     0 |      1 |      1 |          0 |
|             gen_tag_macros[3].i_shift_reg_rvalid                                                      |                                                       shift_reg_582 |          1 |          1 |       0 |    0 |     1 |      0 |      0 |          0 |
|               i_shift_reg_gated                                                                       |                                                 shift_reg_gated_601 |          1 |          1 |       0 |    0 |     1 |      0 |      0 |          0 |
|             gen_tag_macros[3].i_tag_store                                                             |                                                         tc_sram_583 |         42 |         42 |       0 |    0 |     0 |      1 |      1 |          0 |
|               gen_1_ports.i_xpm_memory_spram                                                          |                                                xpm_memory_spram_600 |         42 |         42 |       0 |    0 |     0 |      1 |      1 |          0 |
|                 (gen_1_ports.i_xpm_memory_spram)                                                      |                                                xpm_memory_spram_600 |         30 |         30 |       0 |    0 |     0 |      0 |      0 |          0 |
|                 xpm_memory_base_inst                                                                  |                                                  xpm_memory_base__4 |         12 |         12 |       0 |    0 |     0 |      1 |      1 |          0 |
|             gen_tag_macros[4].i_shift_reg_rvalid                                                      |                                                       shift_reg_584 |         68 |         68 |       0 |    0 |     1 |      0 |      0 |          0 |
|               i_shift_reg_gated                                                                       |                                                 shift_reg_gated_599 |         68 |         68 |       0 |    0 |     1 |      0 |      0 |          0 |
|             gen_tag_macros[4].i_tag_store                                                             |                                                         tc_sram_585 |         36 |         36 |       0 |    0 |     0 |      1 |      1 |          0 |
|               gen_1_ports.i_xpm_memory_spram                                                          |                                                xpm_memory_spram_598 |         36 |         36 |       0 |    0 |     0 |      1 |      1 |          0 |
|                 (gen_1_ports.i_xpm_memory_spram)                                                      |                                                xpm_memory_spram_598 |         23 |         23 |       0 |    0 |     0 |      0 |      0 |          0 |
|                 xpm_memory_base_inst                                                                  |                                                  xpm_memory_base__5 |         13 |         13 |       0 |    0 |     0 |      1 |      1 |          0 |
|             gen_tag_macros[5].i_shift_reg_rvalid                                                      |                                                       shift_reg_586 |          1 |          1 |       0 |    0 |     1 |      0 |      0 |          0 |
|               i_shift_reg_gated                                                                       |                                                 shift_reg_gated_597 |          1 |          1 |       0 |    0 |     1 |      0 |      0 |          0 |
|             gen_tag_macros[5].i_tag_store                                                             |                                                         tc_sram_587 |         40 |         40 |       0 |    0 |     0 |      1 |      1 |          0 |
|               gen_1_ports.i_xpm_memory_spram                                                          |                                                xpm_memory_spram_596 |         40 |         40 |       0 |    0 |     0 |      1 |      1 |          0 |
|                 (gen_1_ports.i_xpm_memory_spram)                                                      |                                                xpm_memory_spram_596 |         28 |         28 |       0 |    0 |     0 |      0 |      0 |          0 |
|                 xpm_memory_base_inst                                                                  |                                                  xpm_memory_base__6 |         12 |         12 |       0 |    0 |     0 |      1 |      1 |          0 |
|             gen_tag_macros[6].i_shift_reg_rvalid                                                      |                                                       shift_reg_588 |          1 |          1 |       0 |    0 |     1 |      0 |      0 |          0 |
|               i_shift_reg_gated                                                                       |                                                 shift_reg_gated_595 |          1 |          1 |       0 |    0 |     1 |      0 |      0 |          0 |
|             gen_tag_macros[6].i_tag_store                                                             |                                                         tc_sram_589 |         56 |         56 |       0 |    0 |     0 |      1 |      1 |          0 |
|               gen_1_ports.i_xpm_memory_spram                                                          |                                                xpm_memory_spram_594 |         56 |         56 |       0 |    0 |     0 |      1 |      1 |          0 |
|                 (gen_1_ports.i_xpm_memory_spram)                                                      |                                                xpm_memory_spram_594 |         43 |         43 |       0 |    0 |     0 |      0 |      0 |          0 |
|                 xpm_memory_base_inst                                                                  |                                                  xpm_memory_base__7 |         13 |         13 |       0 |    0 |     0 |      1 |      1 |          0 |
|             gen_tag_macros[7].i_shift_reg_rvalid                                                      |                                                       shift_reg_590 |          1 |          1 |       0 |    0 |     1 |      0 |      0 |          0 |
|               i_shift_reg_gated                                                                       |                                                     shift_reg_gated |          1 |          1 |       0 |    0 |     1 |      0 |      0 |          0 |
|             gen_tag_macros[7].i_tag_store                                                             |                                                         tc_sram_591 |         41 |         41 |       0 |    0 |     0 |      1 |      1 |          0 |
|               gen_1_ports.i_xpm_memory_spram                                                          |                                                    xpm_memory_spram |         41 |         41 |       0 |    0 |     0 |      1 |      1 |          0 |
|                 (gen_1_ports.i_xpm_memory_spram)                                                      |                                                    xpm_memory_spram |         28 |         28 |       0 |    0 |     0 |      0 |      0 |          0 |
|                 xpm_memory_base_inst                                                                  |                                                     xpm_memory_base |         13 |         13 |       0 |    0 |     0 |      1 |      1 |          0 |
|             i_evict_box                                                                               |                                                   axi_llc_evict_box |         31 |         31 |       0 |    0 |     8 |      0 |      0 |          0 |
|             i_shift_reg_bist                                                                          |                                           shift_reg__parameterized0 |          2 |          2 |       0 |    0 |     1 |      0 |      0 |          0 |
|               i_shift_reg_gated                                                                       |                                     shift_reg_gated__parameterized0 |          2 |          2 |       0 |    0 |     1 |      0 |      0 |          0 |
|             i_spill_register                                                                          |                                     spill_register__parameterized12 |        148 |        148 |       0 |    0 |    54 |      0 |      0 |          0 |
|               spill_register_flushable_i                                                              |                           spill_register_flushable__parameterized12 |        148 |        148 |       0 |    0 |    54 |      0 |      0 |          0 |
|             i_tag_pattern_gen                                                                         |                                             axi_llc_tag_pattern_gen |         78 |         78 |       0 |    0 |    22 |      0 |      0 |          0 |
|               (i_tag_pattern_gen)                                                                     |                                             axi_llc_tag_pattern_gen |         23 |         23 |       0 |    0 |    13 |      0 |      0 |          0 |
|               i_index_cnt                                                                             |                                                         counter_592 |         56 |         56 |       0 |    0 |     9 |      0 |      0 |          0 |
|                 i_counter                                                                             |                                                   delta_counter_593 |         56 |         56 |       0 |    0 |     9 |      0 |      0 |          0 |
|         i_llc_config                                                                                  |                                                      axi_llc_config |        106 |        106 |       0 |    0 |    32 |      0 |      0 |          0 |
|           (i_llc_config)                                                                              |                                                      axi_llc_config |         62 |         62 |       0 |    0 |    16 |      0 |      0 |          0 |
|           i_ar_addr_decode                                                                            |                                                         addr_decode |          0 |          0 |       0 |    0 |     0 |      0 |      0 |          0 |
|             i_addr_decode_dync                                                                        |                                                addr_decode_dync_577 |          0 |          0 |       0 |    0 |     0 |      0 |      0 |          0 |
|           i_aw_addr_decode                                                                            |                                                     addr_decode_572 |          0 |          0 |       0 |    0 |     0 |      0 |      0 |          0 |
|             i_addr_decode_dync                                                                        |                                                    addr_decode_dync |          0 |          0 |       0 |    0 |     0 |      0 |      0 |          0 |
|           i_flush_recv_counter                                                                        |                                                         counter_573 |         31 |         31 |       0 |    0 |     8 |      0 |      0 |          0 |
|             i_counter                                                                                 |                                                   delta_counter_576 |         31 |         31 |       0 |    0 |     8 |      0 |      0 |          0 |
|           i_flush_send_counter                                                                        |                                                         counter_574 |         16 |         16 |       0 |    0 |     8 |      0 |      0 |          0 |
|             i_counter                                                                                 |                                                   delta_counter_575 |         16 |         16 |       0 |    0 |     8 |      0 |      0 |          0 |
|         i_llc_ways                                                                                    |                                                        axi_llc_ways |       1495 |       1495 |       0 |    0 |   250 |     32 |      0 |          0 |
|           gen_data_ways[0].i_data_way                                                                 |                                                    axi_llc_data_way |        147 |        147 |       0 |    0 |     3 |      4 |      0 |          0 |
|             (gen_data_ways[0].i_data_way)                                                             |                                                    axi_llc_data_way |          9 |          9 |       0 |    0 |     3 |      0 |      0 |          0 |
|             i_data_sram                                                                               |                                         tc_sram__parameterized0_570 |        138 |        138 |       0 |    0 |     0 |      4 |      0 |          0 |
|               gen_1_ports.i_xpm_memory_spram                                                          |                                xpm_memory_spram__parameterized0_571 |        138 |        138 |       0 |    0 |     0 |      4 |      0 |          0 |
|                 (gen_1_ports.i_xpm_memory_spram)                                                      |                                xpm_memory_spram__parameterized0_571 |        126 |        126 |       0 |    0 |     0 |      0 |      0 |          0 |
|                 xpm_memory_base_inst                                                                  |                                  xpm_memory_base__parameterized0__1 |         12 |         12 |       0 |    0 |     0 |      4 |      0 |          0 |
|           gen_data_ways[1].i_data_way                                                                 |                                                axi_llc_data_way_543 |         24 |         24 |       0 |    0 |     3 |      4 |      0 |          0 |
|             (gen_data_ways[1].i_data_way)                                                             |                                                axi_llc_data_way_543 |          9 |          9 |       0 |    0 |     3 |      0 |      0 |          0 |
|             i_data_sram                                                                               |                                         tc_sram__parameterized0_568 |         15 |         15 |       0 |    0 |     0 |      4 |      0 |          0 |
|               gen_1_ports.i_xpm_memory_spram                                                          |                                xpm_memory_spram__parameterized0_569 |         15 |         15 |       0 |    0 |     0 |      4 |      0 |          0 |
|                 (gen_1_ports.i_xpm_memory_spram)                                                      |                                xpm_memory_spram__parameterized0_569 |          4 |          4 |       0 |    0 |     0 |      0 |      0 |          0 |
|                 xpm_memory_base_inst                                                                  |                                  xpm_memory_base__parameterized0__2 |         11 |         11 |       0 |    0 |     0 |      4 |      0 |          0 |
|           gen_data_ways[2].i_data_way                                                                 |                                                axi_llc_data_way_544 |        149 |        149 |       0 |    0 |     3 |      4 |      0 |          0 |
|             (gen_data_ways[2].i_data_way)                                                             |                                                axi_llc_data_way_544 |          9 |          9 |       0 |    0 |     3 |      0 |      0 |          0 |
|             i_data_sram                                                                               |                                         tc_sram__parameterized0_566 |        140 |        140 |       0 |    0 |     0 |      4 |      0 |          0 |
|               gen_1_ports.i_xpm_memory_spram                                                          |                                xpm_memory_spram__parameterized0_567 |        140 |        140 |       0 |    0 |     0 |      4 |      0 |          0 |
|                 (gen_1_ports.i_xpm_memory_spram)                                                      |                                xpm_memory_spram__parameterized0_567 |        129 |        129 |       0 |    0 |     0 |      0 |      0 |          0 |
|                 xpm_memory_base_inst                                                                  |                                  xpm_memory_base__parameterized0__3 |         11 |         11 |       0 |    0 |     0 |      4 |      0 |          0 |
|           gen_data_ways[3].i_data_way                                                                 |                                                axi_llc_data_way_545 |         21 |         21 |       0 |    0 |     3 |      4 |      0 |          0 |
|             (gen_data_ways[3].i_data_way)                                                             |                                                axi_llc_data_way_545 |          8 |          8 |       0 |    0 |     3 |      0 |      0 |          0 |
|             i_data_sram                                                                               |                                         tc_sram__parameterized0_564 |         13 |         13 |       0 |    0 |     0 |      4 |      0 |          0 |
|               gen_1_ports.i_xpm_memory_spram                                                          |                                xpm_memory_spram__parameterized0_565 |         13 |         13 |       0 |    0 |     0 |      4 |      0 |          0 |
|                 (gen_1_ports.i_xpm_memory_spram)                                                      |                                xpm_memory_spram__parameterized0_565 |          1 |          1 |       0 |    0 |     0 |      0 |      0 |          0 |
|                 xpm_memory_base_inst                                                                  |                                  xpm_memory_base__parameterized0__4 |         12 |         12 |       0 |    0 |     0 |      4 |      0 |          0 |
|           gen_data_ways[4].i_data_way                                                                 |                                                axi_llc_data_way_546 |        152 |        152 |       0 |    0 |     3 |      4 |      0 |          0 |
|             (gen_data_ways[4].i_data_way)                                                             |                                                axi_llc_data_way_546 |         12 |         12 |       0 |    0 |     3 |      0 |      0 |          0 |
|             i_data_sram                                                                               |                                         tc_sram__parameterized0_562 |        140 |        140 |       0 |    0 |     0 |      4 |      0 |          0 |
|               gen_1_ports.i_xpm_memory_spram                                                          |                                xpm_memory_spram__parameterized0_563 |        140 |        140 |       0 |    0 |     0 |      4 |      0 |          0 |
|                 (gen_1_ports.i_xpm_memory_spram)                                                      |                                xpm_memory_spram__parameterized0_563 |        129 |        129 |       0 |    0 |     0 |      0 |      0 |          0 |
|                 xpm_memory_base_inst                                                                  |                                  xpm_memory_base__parameterized0__5 |         11 |         11 |       0 |    0 |     0 |      4 |      0 |          0 |
|           gen_data_ways[5].i_data_way                                                                 |                                                axi_llc_data_way_547 |         21 |         21 |       0 |    0 |     3 |      4 |      0 |          0 |
|             (gen_data_ways[5].i_data_way)                                                             |                                                axi_llc_data_way_547 |          8 |          8 |       0 |    0 |     3 |      0 |      0 |          0 |
|             i_data_sram                                                                               |                                         tc_sram__parameterized0_560 |         13 |         13 |       0 |    0 |     0 |      4 |      0 |          0 |
|               gen_1_ports.i_xpm_memory_spram                                                          |                                xpm_memory_spram__parameterized0_561 |         13 |         13 |       0 |    0 |     0 |      4 |      0 |          0 |
|                 (gen_1_ports.i_xpm_memory_spram)                                                      |                                xpm_memory_spram__parameterized0_561 |          1 |          1 |       0 |    0 |     0 |      0 |      0 |          0 |
|                 xpm_memory_base_inst                                                                  |                                  xpm_memory_base__parameterized0__6 |         12 |         12 |       0 |    0 |     0 |      4 |      0 |          0 |
|           gen_data_ways[6].i_data_way                                                                 |                                                axi_llc_data_way_548 |         22 |         22 |       0 |    0 |     3 |      4 |      0 |          0 |
|             (gen_data_ways[6].i_data_way)                                                             |                                                axi_llc_data_way_548 |          9 |          9 |       0 |    0 |     3 |      0 |      0 |          0 |
|             i_data_sram                                                                               |                                         tc_sram__parameterized0_558 |         13 |         13 |       0 |    0 |     0 |      4 |      0 |          0 |
|               gen_1_ports.i_xpm_memory_spram                                                          |                                xpm_memory_spram__parameterized0_559 |         13 |         13 |       0 |    0 |     0 |      4 |      0 |          0 |
|                 (gen_1_ports.i_xpm_memory_spram)                                                      |                                xpm_memory_spram__parameterized0_559 |          1 |          1 |       0 |    0 |     0 |      0 |      0 |          0 |
|                 xpm_memory_base_inst                                                                  |                                  xpm_memory_base__parameterized0__7 |         12 |         12 |       0 |    0 |     0 |      4 |      0 |          0 |
|           gen_data_ways[7].i_data_way                                                                 |                                                axi_llc_data_way_549 |        150 |        150 |       0 |    0 |     3 |      4 |      0 |          0 |
|             (gen_data_ways[7].i_data_way)                                                             |                                                axi_llc_data_way_549 |          9 |          9 |       0 |    0 |     3 |      0 |      0 |          0 |
|             i_data_sram                                                                               |                                             tc_sram__parameterized0 |        141 |        141 |       0 |    0 |     0 |      4 |      0 |          0 |
|               gen_1_ports.i_xpm_memory_spram                                                          |                                    xpm_memory_spram__parameterized0 |        141 |        141 |       0 |    0 |     0 |      4 |      0 |          0 |
|                 (gen_1_ports.i_xpm_memory_spram)                                                      |                                    xpm_memory_spram__parameterized0 |        129 |        129 |       0 |    0 |     0 |      0 |      0 |          0 |
|                 xpm_memory_base_inst                                                                  |                                     xpm_memory_base__parameterized0 |         12 |         12 |       0 |    0 |     0 |      4 |      0 |          0 |
|           i_e_switch_fifo                                                                             |                                             fifo_v3__parameterized9 |         44 |         44 |       0 |    0 |    85 |      0 |      0 |          0 |
|           i_r_switch_fifo                                                                             |                                         fifo_v3__parameterized9_550 |         47 |         47 |       0 |    0 |    85 |      0 |      0 |          0 |
|           i_stream_xbar                                                                               |                                         stream_xbar__parameterized0 |        718 |        718 |       0 |    0 |    56 |      0 |      0 |          0 |
|             gen_outs[0].i_rr_arb_tree                                                                 |                                         rr_arb_tree__parameterized4 |         88 |         88 |       0 |    0 |     7 |      0 |      0 |          0 |
|             gen_outs[1].i_rr_arb_tree                                                                 |                                     rr_arb_tree__parameterized4_551 |         94 |         94 |       0 |    0 |     7 |      0 |      0 |          0 |
|             gen_outs[2].i_rr_arb_tree                                                                 |                                     rr_arb_tree__parameterized4_552 |         88 |         88 |       0 |    0 |     7 |      0 |      0 |          0 |
|             gen_outs[3].i_rr_arb_tree                                                                 |                                     rr_arb_tree__parameterized4_553 |         90 |         90 |       0 |    0 |     7 |      0 |      0 |          0 |
|             gen_outs[4].i_rr_arb_tree                                                                 |                                     rr_arb_tree__parameterized4_554 |         89 |         89 |       0 |    0 |     7 |      0 |      0 |          0 |
|             gen_outs[5].i_rr_arb_tree                                                                 |                                     rr_arb_tree__parameterized4_555 |         90 |         90 |       0 |    0 |     7 |      0 |      0 |          0 |
|             gen_outs[6].i_rr_arb_tree                                                                 |                                     rr_arb_tree__parameterized4_556 |         89 |         89 |       0 |    0 |     7 |      0 |      0 |          0 |
|             gen_outs[7].i_rr_arb_tree                                                                 |                                     rr_arb_tree__parameterized4_557 |         90 |         90 |       0 |    0 |     7 |      0 |      0 |          0 |
|         i_merge_unit                                                                                  |                                                  axi_llc_merge_unit |         13 |         13 |       0 |    0 |     8 |      0 |      0 |          0 |
|           i_stream_xbar                                                                               |                                                         stream_xbar |         13 |         13 |       0 |    0 |     8 |      0 |      0 |          0 |
|             gen_outs[0].i_rr_arb_tree                                                                 |                                         rr_arb_tree__parameterized3 |          4 |          4 |       0 |    0 |     4 |      0 |      0 |          0 |
|             gen_outs[1].i_rr_arb_tree                                                                 |                                     rr_arb_tree__parameterized3_542 |          9 |          9 |       0 |    0 |     4 |      0 |      0 |          0 |
|         i_read_unit                                                                                   |                                                   axi_llc_read_unit |        499 |        499 |       0 |    0 |   669 |      0 |      0 |          0 |
|           (i_read_unit)                                                                               |                                                   axi_llc_read_unit |        142 |        142 |       0 |    0 |    74 |      0 |      0 |          0 |
|           i_r_fifo                                                                                    |                                             fifo_v3__parameterized8 |        273 |        273 |       0 |    0 |   570 |      0 |      0 |          0 |
|           i_r_meta_fifo                                                                               |                                             fifo_v3__parameterized7 |         84 |         84 |       0 |    0 |    25 |      0 |      0 |          0 |
|         i_refill_unit                                                                                 |                                                 axi_llc_refill_unit |        262 |        262 |       0 |    0 |   488 |      0 |      0 |          0 |
|           i_ar_master                                                                                 |                                   axi_llc_ax_master__parameterized0 |          1 |          1 |       0 |    0 |   102 |      0 |      0 |          0 |
|           i_r_master                                                                                  |                                                    axi_llc_r_master |         99 |         99 |       0 |    0 |    79 |      0 |      0 |          0 |
|             (i_r_master)                                                                              |                                                    axi_llc_r_master |         82 |         82 |       0 |    0 |    76 |      0 |      0 |          0 |
|             i_block_offset_counter                                                                    |                                             counter__parameterized3 |         17 |         17 |       0 |    0 |     3 |      0 |      0 |          0 |
|               i_counter                                                                               |                                       delta_counter__parameterized3 |         17 |         17 |       0 |    0 |     3 |      0 |      0 |          0 |
|           i_stream_fifo_refill                                                                        |                                                         stream_fifo |        162 |        162 |       0 |    0 |   307 |      0 |      0 |          0 |
|             fifo_i                                                                                    |                                             fifo_v3__parameterized3 |        162 |        162 |       0 |    0 |   307 |      0 |      0 |          0 |
|         i_rw_arb_tree                                                                                 |                                         rr_arb_tree__parameterized1 |         30 |         30 |       0 |    0 |     6 |      0 |      0 |          0 |
|         i_rw_spill                                                                                    |                                     spill_register__parameterized11 |         79 |         79 |       0 |    0 |   154 |      0 |      0 |          0 |
|           spill_register_flushable_i                                                                  |                           spill_register_flushable__parameterized11 |         79 |         79 |       0 |    0 |   154 |      0 |      0 |          0 |
|         i_write_unit                                                                                  |                                                  axi_llc_write_unit |        256 |        256 |       0 |    0 |   494 |      0 |      0 |          0 |
|           (i_write_unit)                                                                              |                                                  axi_llc_write_unit |         30 |         30 |       0 |    0 |    40 |      0 |      0 |          0 |
|           i_spill_register_b                                                                          |                                                  spill_register_540 |         64 |         64 |       0 |    0 |    12 |      0 |      0 |          0 |
|             spill_register_flushable_i                                                                |                                        spill_register_flushable_541 |         64 |         64 |       0 |    0 |    12 |      0 |      0 |          0 |
|           i_w_stream_fifo                                                                             |                                         stream_fifo__parameterized1 |        162 |        162 |       0 |    0 |   442 |      0 |      0 |          0 |
|             fifo_i                                                                                    |                                             fifo_v3__parameterized6 |        162 |        162 |       0 |    0 |   442 |      0 |      0 |          0 |
|       i_llc_config_regfile                                                                            |                                                     axi_llc_reg_top |        176 |        176 |       0 |    0 |   147 |      0 |      0 |          0 |
|         (i_llc_config_regfile)                                                                        |                                                     axi_llc_reg_top |        154 |        154 |       0 |    0 |     0 |      0 |      0 |          0 |
|         u_bist_out_low                                                                                |                                         prim_subreg__parameterized1 |          0 |          0 |       0 |    0 |     8 |      0 |      0 |          0 |
|         u_bist_status                                                                                 |                                     prim_subreg__parameterized2_533 |          0 |          0 |       0 |    0 |     1 |      0 |      0 |          0 |
|         u_cfg_flush_high                                                                              |                                                     prim_subreg_534 |          0 |          0 |       0 |    0 |    32 |      0 |      0 |          0 |
|         u_cfg_flush_low                                                                               |                                                     prim_subreg_535 |         12 |         12 |       0 |    0 |    32 |      0 |      0 |          0 |
|         u_cfg_spm_high                                                                                |                                                     prim_subreg_536 |          0 |          0 |       0 |    0 |    32 |      0 |      0 |          0 |
|         u_cfg_spm_low                                                                                 |                                                     prim_subreg_537 |          8 |          8 |       0 |    0 |    32 |      0 |      0 |          0 |
|         u_commit_cfg                                                                                  |                                         prim_subreg__parameterized0 |          0 |          0 |       0 |    0 |     1 |      0 |      0 |          0 |
|         u_flushed_low                                                                                 |                                     prim_subreg__parameterized1_538 |          2 |          2 |       0 |    0 |     8 |      0 |      0 |          0 |
|         u_version_high                                                                                |                                     prim_subreg__parameterized1_539 |          0 |          0 |       0 |    0 |     1 |      0 |      0 |          0 |
|     gen_llc_atomics.i_llc_atomics                                                                     |                                           axi_riscv_atomics_structs |       6090 |       6090 |       0 |    0 |  3029 |      0 |      0 |          0 |
|       i_axi_riscv_atomics_wrap                                                                        |                                              axi_riscv_atomics_wrap |       6090 |       6090 |       0 |    0 |  3029 |      0 |      0 |          0 |
|         i_atomics                                                                                     |                                                   axi_riscv_atomics |       6090 |       6090 |       0 |    0 |  3029 |      0 |      0 |          0 |
|           i_amos                                                                                      |                                                      axi_riscv_amos |        911 |        911 |       0 |    0 |   316 |      0 |      0 |          0 |
|           i_axi_wide_in_cut                                                                           |                                                    axi_multicut_510 |        312 |        312 |       0 |    0 |   566 |      0 |      0 |          0 |
|             gen_axi_cut.gen_axi_cuts[0].i_cut                                                         |                                                         axi_cut_522 |        312 |        312 |       0 |    0 |   566 |      0 |      0 |          0 |
|               i_reg_ar                                                                                |                                  spill_register__parameterized3_523 |         92 |         92 |       0 |    0 |   130 |      0 |      0 |          0 |
|                 spill_register_flushable_i                                                            |                        spill_register_flushable__parameterized3_532 |         92 |         92 |       0 |    0 |   130 |      0 |      0 |          0 |
|               i_reg_aw                                                                                |                                  spill_register__parameterized1_524 |        125 |        125 |       0 |    0 |   130 |      0 |      0 |          0 |
|                 spill_register_flushable_i                                                            |                        spill_register_flushable__parameterized1_531 |        125 |        125 |       0 |    0 |   130 |      0 |      0 |          0 |
|               i_reg_b                                                                                 |                                                  spill_register_525 |         15 |         15 |       0 |    0 |    14 |      0 |      0 |          0 |
|                 spill_register_flushable_i                                                            |                                        spill_register_flushable_530 |         15 |         15 |       0 |    0 |    14 |      0 |      0 |          0 |
|               i_reg_r                                                                                 |                                  spill_register__parameterized0_526 |         40 |         40 |       0 |    0 |   144 |      0 |      0 |          0 |
|                 spill_register_flushable_i                                                            |                        spill_register_flushable__parameterized0_529 |         40 |         40 |       0 |    0 |   144 |      0 |      0 |          0 |
|               i_reg_w                                                                                 |                                  spill_register__parameterized2_527 |         40 |         40 |       0 |    0 |   148 |      0 |      0 |          0 |
|                 spill_register_flushable_i                                                            |                        spill_register_flushable__parameterized2_528 |         40 |         40 |       0 |    0 |   148 |      0 |      0 |          0 |
|           i_lrsc                                                                                      |                                                      axi_riscv_lrsc |       4870 |       4870 |       0 |    0 |  2147 |      0 |      0 |          0 |
|             (i_lrsc)                                                                                  |                                                      axi_riscv_lrsc |         60 |         60 |       0 |    0 |    61 |      0 |      0 |          0 |
|             i_ar_push_fork                                                                            |                                                     stream_fork_511 |          6 |          6 |       0 |    0 |     3 |      0 |      0 |          0 |
|             i_art                                                                                     |                                                     axi_res_tbl_512 |         20 |         20 |       0 |    0 |    45 |      0 |      0 |          0 |
|             i_aw_trans_reg                                                                            |                                           fall_through_register_513 |         98 |         98 |       0 |    0 |    65 |      0 |      0 |          0 |
|               i_fifo                                                                                  |                                         fifo_v3__parameterized1_521 |         98 |         98 |       0 |    0 |    65 |      0 |      0 |          0 |
|             i_b_inj_fifo                                                                              |                                             fifo_v3__parameterized0 |         59 |         59 |       0 |    0 |    77 |      0 |      0 |          0 |
|             i_b_status_queue                                                                          |                                            id_queue__parameterized0 |       1421 |       1421 |       0 |    0 |   320 |      0 |      0 |          0 |
|             i_mst_b_fork                                                                              |                                                     stream_fork_514 |          7 |          7 |       0 |    0 |     3 |      0 |      0 |          0 |
|             i_read_in_flight_queue                                                                    |                                                            id_queue |       1056 |       1056 |       0 |    0 |   304 |      0 |      0 |          0 |
|             i_w_cmd_fifo                                                                              |                                                             fifo_v3 |         51 |         51 |       0 |    0 |    93 |      0 |      0 |          0 |
|             i_wifq_exists_arb                                                                         |                                                  stream_arbiter_515 |         29 |         29 |       0 |    0 |     1 |      0 |      0 |          0 |
|               i_arb                                                                                   |                                        stream_arbiter_flushable_519 |         29 |         29 |       0 |    0 |     1 |      0 |      0 |          0 |
|                 gen_rr_arb.i_arbiter                                                                  |                                                     rr_arb_tree_520 |         29 |         29 |       0 |    0 |     1 |      0 |      0 |          0 |
|             i_write_in_flight_queue                                                                   |                                            id_queue__parameterized1 |       2001 |       2001 |       0 |    0 |  1024 |      0 |      0 |          0 |
|             slv_b_reg                                                                                 |                                                 stream_register_516 |          1 |          1 |       0 |    0 |     7 |      0 |      0 |          0 |
|             slv_r_reg                                                                                 |                                  spill_register__parameterized4_517 |         64 |         64 |       0 |    0 |   144 |      0 |      0 |          0 |
|               spill_register_flushable_i                                                              |                        spill_register_flushable__parameterized4_518 |         64 |         64 |       0 |    0 |   144 |      0 |      0 |          0 |
|     gen_llc_atomics.i_llc_atomics_cut                                                                 |                                                           axi_cut_3 |        781 |        781 |       0 |    0 |   562 |      0 |      0 |          0 |
|       i_reg_ar                                                                                        |                                  spill_register__parameterized3_500 |        167 |        167 |       0 |    0 |   128 |      0 |      0 |          0 |
|         spill_register_flushable_i                                                                    |                        spill_register_flushable__parameterized3_509 |        167 |        167 |       0 |    0 |   128 |      0 |      0 |          0 |
|       i_reg_aw                                                                                        |                                  spill_register__parameterized1_501 |        188 |        188 |       0 |    0 |   128 |      0 |      0 |          0 |
|         spill_register_flushable_i                                                                    |                        spill_register_flushable__parameterized1_508 |        188 |        188 |       0 |    0 |   128 |      0 |      0 |          0 |
|       i_reg_b                                                                                         |                                                  spill_register_502 |        309 |        309 |       0 |    0 |    14 |      0 |      0 |          0 |
|         spill_register_flushable_i                                                                    |                                        spill_register_flushable_507 |        309 |        309 |       0 |    0 |    14 |      0 |      0 |          0 |
|       i_reg_r                                                                                         |                                  spill_register__parameterized0_503 |         41 |         41 |       0 |    0 |   144 |      0 |      0 |          0 |
|         spill_register_flushable_i                                                                    |                        spill_register_flushable__parameterized0_506 |         41 |         41 |       0 |    0 |   144 |      0 |      0 |          0 |
|       i_reg_w                                                                                         |                                  spill_register__parameterized2_504 |         76 |         76 |       0 |    0 |   148 |      0 |      0 |          0 |
|         spill_register_flushable_i                                                                    |                        spill_register_flushable__parameterized2_505 |         76 |         76 |       0 |    0 |   148 |      0 |      0 |          0 |
|     gen_spi_host.i_spi_host                                                                           |                                                            spi_host |       2020 |       2020 |       0 |    0 |  5076 |      0 |      0 |          0 |
|       (gen_spi_host.i_spi_host)                                                                       |                                                            spi_host |          0 |          0 |       0 |    0 |     4 |      0 |      0 |          0 |
|       intr_hw_error                                                                                   |                                                        prim_intr_hw |          0 |          0 |       0 |    0 |     1 |      0 |      0 |          0 |
|       intr_hw_spi_event                                                                               |                                                    prim_intr_hw_446 |          0 |          0 |       0 |    0 |     1 |      0 |      0 |          0 |
|       u_cmd_queue                                                                                     |                                              spi_host_command_queue |        150 |        150 |       0 |    0 |   195 |      0 |      0 |          0 |
|         cmd_fifo                                                                                      |                                      prim_fifo_sync__parameterized2 |        150 |        150 |       0 |    0 |   195 |      0 |      0 |          0 |
|           (cmd_fifo)                                                                                  |                                      prim_fifo_sync__parameterized2 |          0 |          0 |       0 |    0 |   189 |      0 |      0 |          0 |
|           gen_normal_fifo.u_fifo_cnt                                                                  |                                  prim_fifo_sync_cnt__parameterized0 |        150 |        150 |       0 |    0 |     6 |      0 |      0 |          0 |
|       u_data_fifos                                                                                    |                                                 spi_host_data_fifos |       1494 |       1494 |       0 |    0 |  4495 |      0 |      0 |          0 |
|         u_rx_fifo                                                                                     |                                      prim_fifo_sync__parameterized4 |        596 |        596 |       0 |    0 |  1876 |      0 |      0 |          0 |
|           (u_rx_fifo)                                                                                 |                                      prim_fifo_sync__parameterized4 |          0 |          0 |       0 |    0 |  1856 |      0 |      0 |          0 |
|           gen_normal_fifo.u_fifo_cnt                                                                  |                                                  prim_fifo_sync_cnt |        596 |        596 |       0 |    0 |    20 |      0 |      0 |          0 |
|         u_tx_fifo                                                                                     |                                      prim_fifo_sync__parameterized3 |        898 |        898 |       0 |    0 |  2619 |      0 |      0 |          0 |
|           (u_tx_fifo)                                                                                 |                                      prim_fifo_sync__parameterized3 |          0 |          0 |       0 |    0 |  2592 |      0 |      0 |          0 |
|           gen_normal_fifo.u_fifo_cnt                                                                  |                                  prim_fifo_sync_cnt__parameterized1 |        898 |        898 |       0 |    0 |    27 |      0 |      0 |          0 |
|       u_reg                                                                                           |                                                    spi_host_reg_top |         96 |         96 |       0 |    0 |   189 |      0 |      0 |          0 |
|         u_configopts_0_clkdiv_0                                                                       |                                         prim_subreg__parameterized9 |          0 |          0 |       0 |    0 |    16 |      0 |      0 |          0 |
|         u_configopts_0_cpha_0                                                                         |                                     prim_subreg__parameterized4_447 |          0 |          0 |       0 |    0 |     1 |      0 |      0 |          0 |
|         u_configopts_0_cpol_0                                                                         |                                     prim_subreg__parameterized4_448 |          0 |          0 |       0 |    0 |     1 |      0 |      0 |          0 |
|         u_configopts_0_csnidle_0                                                                      |                                        prim_subreg__parameterized16 |          0 |          0 |       0 |    0 |     4 |      0 |      0 |          0 |
|         u_configopts_0_csnlead_0                                                                      |                                    prim_subreg__parameterized16_449 |          0 |          0 |       0 |    0 |     4 |      0 |      0 |          0 |
|         u_configopts_0_csntrail_0                                                                     |                                    prim_subreg__parameterized16_450 |          0 |          0 |       0 |    0 |     4 |      0 |      0 |          0 |
|         u_configopts_0_fullcyc_0                                                                      |                                     prim_subreg__parameterized4_451 |          0 |          0 |       0 |    0 |     1 |      0 |      0 |          0 |
|         u_configopts_1_clkdiv_1                                                                       |                                     prim_subreg__parameterized9_452 |          0 |          0 |       0 |    0 |    16 |      0 |      0 |          0 |
|         u_configopts_1_cpha_1                                                                         |                                     prim_subreg__parameterized4_453 |          0 |          0 |       0 |    0 |     1 |      0 |      0 |          0 |
|         u_configopts_1_cpol_1                                                                         |                                     prim_subreg__parameterized4_454 |          0 |          0 |       0 |    0 |     1 |      0 |      0 |          0 |
|         u_configopts_1_csnidle_1                                                                      |                                    prim_subreg__parameterized16_455 |          0 |          0 |       0 |    0 |     4 |      0 |      0 |          0 |
|         u_configopts_1_csnlead_1                                                                      |                                    prim_subreg__parameterized16_456 |          0 |          0 |       0 |    0 |     4 |      0 |      0 |          0 |
|         u_configopts_1_csntrail_1                                                                     |                                    prim_subreg__parameterized16_457 |          0 |          0 |       0 |    0 |     4 |      0 |      0 |          0 |
|         u_configopts_1_fullcyc_1                                                                      |                                     prim_subreg__parameterized4_458 |          0 |          0 |       0 |    0 |     1 |      0 |      0 |          0 |
|         u_configopts_2_clkdiv_2                                                                       |                                     prim_subreg__parameterized9_459 |          0 |          0 |       0 |    0 |    16 |      0 |      0 |          0 |
|         u_configopts_2_cpha_2                                                                         |                                     prim_subreg__parameterized4_460 |          0 |          0 |       0 |    0 |     1 |      0 |      0 |          0 |
|         u_configopts_2_cpol_2                                                                         |                                     prim_subreg__parameterized4_461 |          0 |          0 |       0 |    0 |     1 |      0 |      0 |          0 |
|         u_configopts_2_csnidle_2                                                                      |                                    prim_subreg__parameterized16_462 |          0 |          0 |       0 |    0 |     4 |      0 |      0 |          0 |
|         u_configopts_2_csnlead_2                                                                      |                                    prim_subreg__parameterized16_463 |          0 |          0 |       0 |    0 |     4 |      0 |      0 |          0 |
|         u_configopts_2_csntrail_2                                                                     |                                    prim_subreg__parameterized16_464 |          0 |          0 |       0 |    0 |     4 |      0 |      0 |          0 |
|         u_configopts_2_fullcyc_2                                                                      |                                     prim_subreg__parameterized4_465 |          0 |          0 |       0 |    0 |     1 |      0 |      0 |          0 |
|         u_control_output_en                                                                           |                                     prim_subreg__parameterized4_466 |          0 |          0 |       0 |    0 |     1 |      0 |      0 |          0 |
|         u_control_rx_watermark                                                                        |                                        prim_subreg__parameterized12 |          1 |          1 |       0 |    0 |     8 |      0 |      0 |          0 |
|         u_control_spien                                                                               |                                     prim_subreg__parameterized4_467 |          1 |          1 |       0 |    0 |     1 |      0 |      0 |          0 |
|         u_control_sw_rst                                                                              |                                     prim_subreg__parameterized4_468 |          5 |          5 |       0 |    0 |     1 |      0 |      0 |          0 |
|         u_control_tx_watermark                                                                        |                                    prim_subreg__parameterized13_469 |          4 |          4 |       0 |    0 |     8 |      0 |      0 |          0 |
|         u_csid                                                                                        |                                                     prim_subreg_470 |         75 |         75 |       0 |    0 |    32 |      0 |      0 |          0 |
|         u_error_enable_cmdbusy                                                                        |                                    prim_subreg__parameterized17_471 |          1 |          1 |       0 |    0 |     1 |      0 |      0 |          0 |
|         u_error_enable_cmdinval                                                                       |                                    prim_subreg__parameterized17_472 |          2 |          2 |       0 |    0 |     1 |      0 |      0 |          0 |
|         u_error_enable_csidinval                                                                      |                                    prim_subreg__parameterized17_473 |          0 |          0 |       0 |    0 |     1 |      0 |      0 |          0 |
|         u_error_enable_overflow                                                                       |                                    prim_subreg__parameterized17_474 |          1 |          1 |       0 |    0 |     1 |      0 |      0 |          0 |
|         u_error_enable_underflow                                                                      |                                    prim_subreg__parameterized17_475 |          0 |          0 |       0 |    0 |     1 |      0 |      0 |          0 |
|         u_error_status_accessinval                                                                    |                                         prim_subreg__parameterized3 |          0 |          0 |       0 |    0 |     1 |      0 |      0 |          0 |
|         u_error_status_cmdbusy                                                                        |                                     prim_subreg__parameterized3_476 |          0 |          0 |       0 |    0 |     1 |      0 |      0 |          0 |
|         u_error_status_cmdinval                                                                       |                                     prim_subreg__parameterized3_477 |          0 |          0 |       0 |    0 |     1 |      0 |      0 |          0 |
|         u_error_status_csidinval                                                                      |                                     prim_subreg__parameterized3_478 |          0 |          0 |       0 |    0 |     1 |      0 |      0 |          0 |
|         u_error_status_overflow                                                                       |                                     prim_subreg__parameterized3_479 |          1 |          1 |       0 |    0 |     1 |      0 |      0 |          0 |
|         u_error_status_underflow                                                                      |                                     prim_subreg__parameterized3_480 |          0 |          0 |       0 |    0 |     1 |      0 |      0 |          0 |
|         u_event_enable_idle                                                                           |                                     prim_subreg__parameterized4_481 |          0 |          0 |       0 |    0 |     1 |      0 |      0 |          0 |
|         u_event_enable_ready                                                                          |                                     prim_subreg__parameterized4_482 |          1 |          1 |       0 |    0 |     1 |      0 |      0 |          0 |
|         u_event_enable_rxfull                                                                         |                                     prim_subreg__parameterized4_483 |          1 |          1 |       0 |    0 |     1 |      0 |      0 |          0 |
|         u_event_enable_rxwm                                                                           |                                     prim_subreg__parameterized4_484 |          1 |          1 |       0 |    0 |     1 |      0 |      0 |          0 |
|         u_event_enable_txempty                                                                        |                                     prim_subreg__parameterized4_485 |          0 |          0 |       0 |    0 |     1 |      0 |      0 |          0 |
|         u_event_enable_txwm                                                                           |                                     prim_subreg__parameterized4_486 |          0 |          0 |       0 |    0 |     1 |      0 |      0 |          0 |
|         u_intr_enable_error                                                                           |                                     prim_subreg__parameterized4_487 |          0 |          0 |       0 |    0 |     1 |      0 |      0 |          0 |
|         u_intr_enable_spi_event                                                                       |                                     prim_subreg__parameterized4_488 |          0 |          0 |       0 |    0 |     1 |      0 |      0 |          0 |
|         u_intr_state_error                                                                            |                                     prim_subreg__parameterized3_489 |          1 |          1 |       0 |    0 |     1 |      0 |      0 |          0 |
|         u_intr_state_spi_event                                                                        |                                     prim_subreg__parameterized3_490 |          1 |          1 |       0 |    0 |     1 |      0 |      0 |          0 |
|         u_status_active                                                                               |                                     prim_subreg__parameterized2_491 |          0 |          0 |       0 |    0 |     1 |      0 |      0 |          0 |
|         u_status_byteorder                                                                            |                                     prim_subreg__parameterized2_492 |          0 |          0 |       0 |    0 |     1 |      0 |      0 |          0 |
|         u_status_cmdqd                                                                                |                                        prim_subreg__parameterized15 |          0 |          0 |       0 |    0 |     3 |      0 |      0 |          0 |
|         u_status_ready                                                                                |                                     prim_subreg__parameterized2_493 |          0 |          0 |       0 |    0 |     1 |      0 |      0 |          0 |
|         u_status_rxempty                                                                              |                                     prim_subreg__parameterized2_494 |          0 |          0 |       0 |    0 |     1 |      0 |      0 |          0 |
|         u_status_rxqd                                                                                 |                                        prim_subreg__parameterized14 |          0 |          0 |       0 |    0 |     6 |      0 |      0 |          0 |
|         u_status_rxstall                                                                              |                                     prim_subreg__parameterized2_495 |          0 |          0 |       0 |    0 |     1 |      0 |      0 |          0 |
|         u_status_txempty                                                                              |                                     prim_subreg__parameterized2_496 |          0 |          0 |       0 |    0 |     1 |      0 |      0 |          0 |
|         u_status_txfull                                                                               |                                     prim_subreg__parameterized2_497 |          0 |          0 |       0 |    0 |     1 |      0 |      0 |          0 |
|         u_status_txqd                                                                                 |                                    prim_subreg__parameterized14_498 |          0 |          0 |       0 |    0 |     7 |      0 |      0 |          0 |
|         u_status_txstall                                                                              |                                     prim_subreg__parameterized2_499 |          0 |          0 |       0 |    0 |     1 |      0 |      0 |          0 |
|       u_spi_core                                                                                      |                                                       spi_host_core |        283 |        283 |       0 |    0 |   191 |      0 |      0 |          0 |
|         u_fsm                                                                                         |                                                        spi_host_fsm |        154 |        154 |       0 |    0 |    98 |      0 |      0 |          0 |
|         u_merge                                                                                       |                                                 spi_host_byte_merge |         74 |         74 |       0 |    0 |    34 |      0 |      0 |          0 |
|           (u_merge)                                                                                   |                                                 spi_host_byte_merge |          1 |          1 |       0 |    0 |     1 |      0 |      0 |          0 |
|           u_packer                                                                                    |                                                    prim_packer_fifo |         73 |         73 |       0 |    0 |    33 |      0 |      0 |          0 |
|         u_select                                                                                      |                                                spi_host_byte_select |         45 |         45 |       0 |    0 |    43 |      0 |      0 |          0 |
|           u_packer                                                                                    |                                    prim_packer_fifo__parameterized0 |         45 |         45 |       0 |    0 |    43 |      0 |      0 |          0 |
|         u_shift_reg                                                                                   |                                             spi_host_shift_register |         10 |         10 |       0 |    0 |    16 |      0 |      0 |          0 |
|     gen_uart.i_uart                                                                                   |                                                       reg_uart_wrap |        343 |        343 |       0 |    0 |   492 |      0 |      0 |          0 |
|       i_apb_uart_wrap                                                                                 |                                                       apb_uart_wrap |        343 |        343 |       0 |    0 |   491 |      0 |      0 |          0 |
|         i_apb_to_obi                                                                                  |                                                          apb_to_obi |          1 |          1 |       0 |    0 |     1 |      0 |      0 |          0 |
|         i_obi_uart                                                                                    |                                                            obi_uart |        342 |        342 |       0 |    0 |   490 |      0 |      0 |          0 |
|           i_uart_baudgen                                                                              |                                                    obi_uart_baudgen |         30 |         30 |       0 |    0 |    22 |      0 |      0 |          0 |
|             (i_uart_baudgen)                                                                          |                                                    obi_uart_baudgen |          0 |          0 |       0 |    0 |     1 |      0 |      0 |          0 |
|             i_baudrate_counter                                                                        |                                             counter__parameterized0 |          5 |          5 |       0 |    0 |     5 |      0 |      0 |          0 |
|               i_counter                                                                               |                                       delta_counter__parameterized0 |          5 |          5 |       0 |    0 |     5 |      0 |      0 |          0 |
|             i_oversample_counter                                                                      |                                             counter__parameterized6 |         25 |         25 |       0 |    0 |    16 |      0 |      0 |          0 |
|               i_counter                                                                               |                                       delta_counter__parameterized6 |         25 |         25 |       0 |    0 |    16 |      0 |      0 |          0 |
|           i_uart_interrupts                                                                           |                                                 obi_uart_interrupts |          4 |          4 |       0 |    0 |     5 |      0 |      0 |          0 |
|           i_uart_modem                                                                                |                                                      obi_uart_modem |          6 |          6 |       0 |    0 |    12 |      0 |      0 |          0 |
|             (i_uart_modem)                                                                            |                                                      obi_uart_modem |          4 |          4 |       0 |    0 |     4 |      0 |      0 |          0 |
|             i_sync_cd                                                                                 |                                                            sync__71 |          1 |          1 |       0 |    0 |     2 |      0 |      0 |          0 |
|             i_sync_cts                                                                                |                                                            sync__68 |          1 |          1 |       0 |    0 |     2 |      0 |      0 |          0 |
|             i_sync_dsr                                                                                |                                                            sync__69 |          1 |          1 |       0 |    0 |     2 |      0 |      0 |          0 |
|             i_sync_ri                                                                                 |                                                            sync__70 |          1 |          1 |       0 |    0 |     2 |      0 |      0 |          0 |
|           i_uart_register                                                                             |                                                   obi_uart_register |         78 |         78 |       0 |    0 |    83 |      0 |      0 |          0 |
|           i_uart_rx                                                                                   |                                                         obi_uart_rx |        141 |        141 |       0 |    0 |   211 |      0 |      0 |          0 |
|             (i_uart_rx)                                                                               |                                                         obi_uart_rx |         14 |         14 |       0 |    0 |    31 |      0 |      0 |          0 |
|             i_counter                                                                                 |                                         counter__parameterized1_444 |         36 |         36 |       0 |    0 |     5 |      0 |      0 |          0 |
|               i_counter                                                                               |                                   delta_counter__parameterized1_445 |         36 |         36 |       0 |    0 |     5 |      0 |      0 |          0 |
|             i_fifo_v3                                                                                 |                                            fifo_v3__parameterized19 |         90 |         90 |       0 |    0 |   173 |      0 |      0 |          0 |
|             i_sync                                                                                    |                                                            sync__67 |          1 |          1 |       0 |    0 |     2 |      0 |      0 |          0 |
|           i_uart_tx                                                                                   |                                                         obi_uart_tx |         84 |         84 |       0 |    0 |   157 |      0 |      0 |          0 |
|             (i_uart_tx)                                                                               |                                                         obi_uart_tx |         14 |         14 |       0 |    0 |    16 |      0 |      0 |          0 |
|             i_fifo_v3                                                                                 |                                            fifo_v3__parameterized20 |         70 |         70 |       0 |    0 |   141 |      0 |      0 |          0 |
|       i_reg_to_apb                                                                                    |                                                          reg_to_apb |          0 |          0 |       0 |    0 |     1 |      0 |      0 |          0 |
|     gen_vga.gen_vga_bus_err.i_vga_bus_err                                                             |                                   axi_err_unit_wrap__parameterized1 |        252 |        252 |       0 |    0 |   605 |      0 |      0 |          0 |
|       (gen_vga.gen_vga_bus_err.i_vga_bus_err)                                                         |                                   axi_err_unit_wrap__parameterized1 |         35 |         35 |       0 |    0 |     0 |      0 |      0 |          0 |
|       i_read_err_unit                                                                                 |                                        bus_err_unit__parameterized4 |        217 |        217 |       0 |    0 |   602 |      0 |      0 |          0 |
|         i_err_unit_bare                                                                               |                                   bus_err_unit_bare__parameterized4 |        217 |        217 |       0 |    0 |   602 |      0 |      0 |          0 |
|           (i_err_unit_bare)                                                                           |                                   bus_err_unit_bare__parameterized4 |          0 |          0 |       0 |    0 |     1 |      0 |      0 |          0 |
|           gen_addr_fifo[0].i_addr_fifo                                                                |                                            fifo_v3__parameterized39 |        162 |        162 |       0 |    0 |   394 |      0 |      0 |          0 |
|           i_err_fifo                                                                                  |                                        fifo_v3__parameterized22_443 |         55 |         55 |       0 |    0 |   207 |      0 |      0 |          0 |
|       i_write_err_unit                                                                                |                                        bus_err_unit__parameterized3 |          0 |          0 |       0 |    0 |     3 |      0 |      0 |          0 |
|         i_err_unit_bare                                                                               |                                   bus_err_unit_bare__parameterized3 |          0 |          0 |       0 |    0 |     3 |      0 |      0 |          0 |
|           i_err_fifo                                                                                  |                                            fifo_v3__parameterized22 |          0 |          0 |       0 |    0 |     3 |      0 |      0 |          0 |
|     gen_vga.i_axi_vga                                                                                 |                                                             axi_vga |       2860 |       2860 |       0 |    0 |  1295 |      0 |      0 |          0 |
|       (gen_vga.i_axi_vga)                                                                             |                                                             axi_vga |          1 |          1 |       0 |    0 |    13 |      0 |      0 |          0 |
|       i_axi_burst_splitter                                                                            |                                  axi_burst_splitter__parameterized0 |       2085 |       2085 |       0 |    0 |   629 |      0 |      0 |          0 |
|         (i_axi_burst_splitter)                                                                        |                                  axi_burst_splitter__parameterized0 |          0 |          0 |       0 |    0 |     2 |      0 |      0 |          0 |
|         i_axi_burst_splitter_ar_chan                                                                  |                          axi_burst_splitter_ax_chan__parameterized2 |       2041 |       2041 |       0 |    0 |   587 |      0 |      0 |          0 |
|           (i_axi_burst_splitter_ar_chan)                                                              |                          axi_burst_splitter_ax_chan__parameterized2 |         56 |         56 |       0 |    0 |    58 |      0 |      0 |          0 |
|           i_axi_burst_splitter_counters                                                               |                         axi_burst_splitter_counters__parameterized1 |       1985 |       1985 |       0 |    0 |   529 |      0 |      0 |          0 |
|             gen_cnt[0].i_cnt                                                                          |                                             counter__parameterized8 |         11 |         11 |       0 |    0 |     9 |      0 |      0 |          0 |
|               i_counter                                                                               |                                   delta_counter__parameterized8_442 |         11 |         11 |       0 |    0 |     9 |      0 |      0 |          0 |
|             gen_cnt[10].i_cnt                                                                         |                                         counter__parameterized8_397 |         11 |         11 |       0 |    0 |     9 |      0 |      0 |          0 |
|               i_counter                                                                               |                                   delta_counter__parameterized8_441 |         11 |         11 |       0 |    0 |     9 |      0 |      0 |          0 |
|             gen_cnt[11].i_cnt                                                                         |                                         counter__parameterized8_398 |         95 |         95 |       0 |    0 |     9 |      0 |      0 |          0 |
|               i_counter                                                                               |                                   delta_counter__parameterized8_440 |         95 |         95 |       0 |    0 |     9 |      0 |      0 |          0 |
|             gen_cnt[12].i_cnt                                                                         |                                         counter__parameterized8_399 |         11 |         11 |       0 |    0 |     9 |      0 |      0 |          0 |
|               i_counter                                                                               |                                   delta_counter__parameterized8_439 |         11 |         11 |       0 |    0 |     9 |      0 |      0 |          0 |
|             gen_cnt[13].i_cnt                                                                         |                                         counter__parameterized8_400 |         12 |         12 |       0 |    0 |     9 |      0 |      0 |          0 |
|               i_counter                                                                               |                                   delta_counter__parameterized8_438 |         12 |         12 |       0 |    0 |     9 |      0 |      0 |          0 |
|             gen_cnt[14].i_cnt                                                                         |                                         counter__parameterized8_401 |         11 |         11 |       0 |    0 |     9 |      0 |      0 |          0 |
|               i_counter                                                                               |                                   delta_counter__parameterized8_437 |         11 |         11 |       0 |    0 |     9 |      0 |      0 |          0 |
|             gen_cnt[15].i_cnt                                                                         |                                         counter__parameterized8_402 |         11 |         11 |       0 |    0 |     9 |      0 |      0 |          0 |
|               i_counter                                                                               |                                   delta_counter__parameterized8_436 |         11 |         11 |       0 |    0 |     9 |      0 |      0 |          0 |
|             gen_cnt[16].i_cnt                                                                         |                                         counter__parameterized8_403 |         18 |         18 |       0 |    0 |     9 |      0 |      0 |          0 |
|               i_counter                                                                               |                                   delta_counter__parameterized8_435 |         18 |         18 |       0 |    0 |     9 |      0 |      0 |          0 |
|             gen_cnt[17].i_cnt                                                                         |                                         counter__parameterized8_404 |         11 |         11 |       0 |    0 |     9 |      0 |      0 |          0 |
|               i_counter                                                                               |                                   delta_counter__parameterized8_434 |         11 |         11 |       0 |    0 |     9 |      0 |      0 |          0 |
|             gen_cnt[18].i_cnt                                                                         |                                         counter__parameterized8_405 |         12 |         12 |       0 |    0 |     9 |      0 |      0 |          0 |
|               i_counter                                                                               |                                   delta_counter__parameterized8_433 |         12 |         12 |       0 |    0 |     9 |      0 |      0 |          0 |
|             gen_cnt[19].i_cnt                                                                         |                                         counter__parameterized8_406 |         12 |         12 |       0 |    0 |     9 |      0 |      0 |          0 |
|               i_counter                                                                               |                                   delta_counter__parameterized8_432 |         12 |         12 |       0 |    0 |     9 |      0 |      0 |          0 |
|             gen_cnt[1].i_cnt                                                                          |                                         counter__parameterized8_407 |         20 |         20 |       0 |    0 |     9 |      0 |      0 |          0 |
|               i_counter                                                                               |                                   delta_counter__parameterized8_431 |         20 |         20 |       0 |    0 |     9 |      0 |      0 |          0 |
|             gen_cnt[20].i_cnt                                                                         |                                         counter__parameterized8_408 |         11 |         11 |       0 |    0 |     9 |      0 |      0 |          0 |
|               i_counter                                                                               |                                   delta_counter__parameterized8_430 |         11 |         11 |       0 |    0 |     9 |      0 |      0 |          0 |
|             gen_cnt[21].i_cnt                                                                         |                                         counter__parameterized8_409 |         13 |         13 |       0 |    0 |     9 |      0 |      0 |          0 |
|               i_counter                                                                               |                                   delta_counter__parameterized8_429 |         13 |         13 |       0 |    0 |     9 |      0 |      0 |          0 |
|             gen_cnt[22].i_cnt                                                                         |                                         counter__parameterized8_410 |         11 |         11 |       0 |    0 |     9 |      0 |      0 |          0 |
|               i_counter                                                                               |                                   delta_counter__parameterized8_428 |         11 |         11 |       0 |    0 |     9 |      0 |      0 |          0 |
|             gen_cnt[23].i_cnt                                                                         |                                         counter__parameterized8_411 |         12 |         12 |       0 |    0 |     9 |      0 |      0 |          0 |
|               i_counter                                                                               |                                   delta_counter__parameterized8_427 |         12 |         12 |       0 |    0 |     9 |      0 |      0 |          0 |
|             gen_cnt[2].i_cnt                                                                          |                                         counter__parameterized8_412 |         12 |         12 |       0 |    0 |     9 |      0 |      0 |          0 |
|               i_counter                                                                               |                                   delta_counter__parameterized8_426 |         12 |         12 |       0 |    0 |     9 |      0 |      0 |          0 |
|             gen_cnt[3].i_cnt                                                                          |                                         counter__parameterized8_413 |         15 |         15 |       0 |    0 |     9 |      0 |      0 |          0 |
|               i_counter                                                                               |                                   delta_counter__parameterized8_425 |         15 |         15 |       0 |    0 |     9 |      0 |      0 |          0 |
|             gen_cnt[4].i_cnt                                                                          |                                         counter__parameterized8_414 |         11 |         11 |       0 |    0 |     9 |      0 |      0 |          0 |
|               i_counter                                                                               |                                   delta_counter__parameterized8_424 |         11 |         11 |       0 |    0 |     9 |      0 |      0 |          0 |
|             gen_cnt[5].i_cnt                                                                          |                                         counter__parameterized8_415 |         11 |         11 |       0 |    0 |     9 |      0 |      0 |          0 |
|               i_counter                                                                               |                                   delta_counter__parameterized8_423 |         11 |         11 |       0 |    0 |     9 |      0 |      0 |          0 |
|             gen_cnt[6].i_cnt                                                                          |                                         counter__parameterized8_416 |         11 |         11 |       0 |    0 |     9 |      0 |      0 |          0 |
|               i_counter                                                                               |                                   delta_counter__parameterized8_422 |         11 |         11 |       0 |    0 |     9 |      0 |      0 |          0 |
|             gen_cnt[7].i_cnt                                                                          |                                         counter__parameterized8_417 |         11 |         11 |       0 |    0 |     9 |      0 |      0 |          0 |
|               i_counter                                                                               |                                   delta_counter__parameterized8_421 |         11 |         11 |       0 |    0 |     9 |      0 |      0 |          0 |
|             gen_cnt[8].i_cnt                                                                          |                                         counter__parameterized8_418 |         11 |         11 |       0 |    0 |     9 |      0 |      0 |          0 |
|               i_counter                                                                               |                                   delta_counter__parameterized8_420 |         11 |         11 |       0 |    0 |     9 |      0 |      0 |          0 |
|             gen_cnt[9].i_cnt                                                                          |                                         counter__parameterized8_419 |         11 |         11 |       0 |    0 |     9 |      0 |      0 |          0 |
|               i_counter                                                                               |                                       delta_counter__parameterized8 |         11 |         11 |       0 |    0 |     9 |      0 |      0 |          0 |
|             i_idq                                                                                     |                                            id_queue__parameterized7 |       1613 |       1613 |       0 |    0 |   313 |      0 |      0 |          0 |
|         i_demux_supported_vs_unsupported                                                              |                                           axi_demux__parameterized2 |         29 |         29 |       0 |    0 |    29 |      0 |      0 |          0 |
|           i_demux_simple                                                                              |                                    axi_demux_simple__parameterized2 |         29 |         29 |       0 |    0 |    29 |      0 |      0 |          0 |
|             (i_demux_simple)                                                                          |                                    axi_demux_simple__parameterized2 |          1 |          1 |       0 |    0 |     1 |      0 |      0 |          0 |
|             gen_ar_id_counter.i_ar_id_counter                                                         |                               axi_demux_id_counters__parameterized2 |         22 |         22 |       0 |    0 |    24 |      0 |      0 |          0 |
|               gen_counters[0].i_in_flight_cnt                                                         |                                   delta_counter__parameterized1_393 |          4 |          4 |       0 |    0 |     6 |      0 |      0 |          0 |
|               gen_counters[1].i_in_flight_cnt                                                         |                                   delta_counter__parameterized1_394 |          5 |          5 |       0 |    0 |     6 |      0 |      0 |          0 |
|               gen_counters[2].i_in_flight_cnt                                                         |                                   delta_counter__parameterized1_395 |          8 |          8 |       0 |    0 |     6 |      0 |      0 |          0 |
|               gen_counters[3].i_in_flight_cnt                                                         |                                   delta_counter__parameterized1_396 |          5 |          5 |       0 |    0 |     6 |      0 |      0 |          0 |
|             i_r_mux                                                                                   |                                     rr_arb_tree__parameterized0_392 |          6 |          6 |       0 |    0 |     4 |      0 |      0 |          0 |
|         i_err_slv                                                                                     |                                         axi_err_slv__parameterized0 |         15 |         15 |       0 |    0 |    11 |      0 |      0 |          0 |
|           (i_err_slv)                                                                                 |                                         axi_err_slv__parameterized0 |          0 |          0 |       0 |    0 |     1 |      0 |      0 |          0 |
|           i_r_counter                                                                                 |                                                         counter_390 |         11 |         11 |       0 |    0 |     8 |      0 |      0 |          0 |
|             i_counter                                                                                 |                                                   delta_counter_391 |         11 |         11 |       0 |    0 |     8 |      0 |      0 |          0 |
|           i_r_fifo                                                                                    |                                            fifo_v3__parameterized42 |          4 |          4 |       0 |    0 |     2 |      0 |      0 |          0 |
|       i_axi_vga_fetcher                                                                               |                                                     axi_vga_fetcher |        451 |        451 |       0 |    0 |   163 |      0 |      0 |          0 |
|       i_axi_vga_register_file                                                                         |                                                     axi_vga_reg_top |         52 |         52 |       0 |    0 |   371 |      0 |      0 |          0 |
|         u_burst_len                                                                                   |                                        prim_subreg__parameterized13 |          0 |          0 |       0 |    0 |     8 |      0 |      0 |          0 |
|         u_clk_div                                                                                     |                                        prim_subreg__parameterized19 |         16 |         16 |       0 |    0 |     8 |      0 |      0 |          0 |
|         u_control_enable                                                                              |                                     prim_subreg__parameterized4_378 |         29 |         29 |       0 |    0 |     1 |      0 |      0 |          0 |
|         u_control_hsync_pol                                                                           |                                        prim_subreg__parameterized17 |          2 |          2 |       0 |    0 |     1 |      0 |      0 |          0 |
|         u_control_vsync_pol                                                                           |                                    prim_subreg__parameterized17_379 |          2 |          2 |       0 |    0 |     1 |      0 |      0 |          0 |
|         u_frame_size                                                                                  |                                                     prim_subreg_380 |          0 |          0 |       0 |    0 |    32 |      0 |      0 |          0 |
|         u_hori_back_porch_size                                                                        |                                        prim_subreg__parameterized20 |          0 |          0 |       0 |    0 |    32 |      0 |      0 |          0 |
|         u_hori_front_porch_size                                                                       |                                    prim_subreg__parameterized20_381 |          0 |          0 |       0 |    0 |    32 |      0 |      0 |          0 |
|         u_hori_sync_size                                                                              |                                    prim_subreg__parameterized20_382 |          1 |          1 |       0 |    0 |    32 |      0 |      0 |          0 |
|         u_hori_visible_size                                                                           |                                    prim_subreg__parameterized20_383 |          1 |          1 |       0 |    0 |    32 |      0 |      0 |          0 |
|         u_start_addr_high                                                                             |                                                     prim_subreg_384 |          0 |          0 |       0 |    0 |    32 |      0 |      0 |          0 |
|         u_start_addr_low                                                                              |                                                     prim_subreg_385 |          0 |          0 |       0 |    0 |    32 |      0 |      0 |          0 |
|         u_vert_back_porch_size                                                                        |                                    prim_subreg__parameterized20_386 |          0 |          0 |       0 |    0 |    32 |      0 |      0 |          0 |
|         u_vert_front_porch_size                                                                       |                                    prim_subreg__parameterized20_387 |          0 |          0 |       0 |    0 |    32 |      0 |      0 |          0 |
|         u_vert_sync_size                                                                              |                                    prim_subreg__parameterized20_388 |          0 |          0 |       0 |    0 |    32 |      0 |      0 |          0 |
|         u_vert_visible_size                                                                           |                                    prim_subreg__parameterized20_389 |          1 |          1 |       0 |    0 |    32 |      0 |      0 |          0 |
|       i_axi_vga_timing_fsm                                                                            |                                                  axi_vga_timing_fsm |        149 |        149 |       0 |    0 |    52 |      0 |      0 |          0 |
|       i_stream_fifo                                                                                   |                                         stream_fifo__parameterized7 |        129 |        129 |       0 |    0 |    67 |      0 |      0 |          0 |
|         fifo_i                                                                                        |                                            fifo_v3__parameterized43 |        129 |        129 |       0 |    0 |    67 |      0 |      0 |          0 |
|     i_axi_to_reg_v2                                                                                   |                                                       axi_to_reg_v2 |       3155 |       3155 |       0 |    0 |   862 |      0 |      0 |          0 |
|       gen_tcdm_to_reg[0].i_mem_req_spill                                                              |                                     spill_register__parameterized33 |         87 |         87 |       0 |    0 |   166 |      0 |      0 |          0 |
|         spill_register_flushable_i                                                                    |                       spill_register_flushable__parameterized34_377 |         87 |         87 |       0 |    0 |   166 |      0 |      0 |          0 |
|       gen_tcdm_to_reg[0].i_periph_to_reg                                                              |                                                       periph_to_reg |          0 |          0 |       0 |    0 |    34 |      0 |      0 |          0 |
|       gen_tcdm_to_reg[1].i_mem_req_spill                                                              |                                 spill_register__parameterized33_368 |       2722 |       2722 |       0 |    0 |   168 |      0 |      0 |          0 |
|         spill_register_flushable_i                                                                    |                           spill_register_flushable__parameterized34 |       2722 |       2722 |       0 |    0 |   168 |      0 |      0 |          0 |
|       gen_tcdm_to_reg[1].i_periph_to_reg                                                              |                                                   periph_to_reg_369 |          0 |          0 |       0 |    0 |    34 |      0 |      0 |          0 |
|       i_axi_to_detailed_mem                                                                           |                                                 axi_to_detailed_mem |        345 |        345 |       0 |    0 |   456 |      0 |      0 |          0 |
|         (i_axi_to_detailed_mem)                                                                       |                                                 axi_to_detailed_mem |         39 |         39 |       0 |    0 |   136 |      0 |      0 |          0 |
|         i_fork                                                                                        |                                     stream_fork__parameterized0_370 |         10 |         10 |       0 |    0 |     4 |      0 |      0 |          0 |
|         i_fork_dynamic                                                                                |                                             stream_fork_dynamic_371 |          3 |          3 |       0 |    0 |     3 |      0 |      0 |          0 |
|           i_fork                                                                                      |                                                     stream_fork_376 |          3 |          3 |       0 |    0 |     3 |      0 |      0 |          0 |
|         i_mem_to_banks                                                                                |                                               mem_to_banks_detailed |        173 |        173 |       0 |    0 |   193 |      0 |      0 |          0 |
|           gen_reqs[0].i_ft_reg                                                                        |                                        stream_fifo__parameterized11 |         49 |         49 |       0 |    0 |    38 |      0 |      0 |          0 |
|             fifo_i                                                                                    |                                        fifo_v3__parameterized52_375 |         49 |         49 |       0 |    0 |    38 |      0 |      0 |          0 |
|           gen_reqs[1].i_ft_reg                                                                        |                                    stream_fifo__parameterized11_372 |         49 |         49 |       0 |    0 |    85 |      0 |      0 |          0 |
|             fifo_i                                                                                    |                                            fifo_v3__parameterized52 |         49 |         49 |       0 |    0 |    85 |      0 |      0 |          0 |
|           gen_resp_regs[0].i_ft_reg                                                                   |                                        stream_fifo__parameterized12 |         38 |         38 |       0 |    0 |    35 |      0 |      0 |          0 |
|             fifo_i                                                                                    |                                        fifo_v3__parameterized53_374 |         38 |         38 |       0 |    0 |    35 |      0 |      0 |          0 |
|           gen_resp_regs[1].i_ft_reg                                                                   |                                    stream_fifo__parameterized12_373 |         37 |         37 |       0 |    0 |    35 |      0 |      0 |          0 |
|             fifo_i                                                                                    |                                            fifo_v3__parameterized53 |         37 |         37 |       0 |    0 |    35 |      0 |      0 |          0 |
|         i_meta_buf                                                                                    |                                         stream_fifo__parameterized9 |         35 |         35 |       0 |    0 |    42 |      0 |      0 |          0 |
|           fifo_i                                                                                      |                                            fifo_v3__parameterized50 |         35 |         35 |       0 |    0 |    42 |      0 |      0 |          0 |
|         i_sel_buf                                                                                     |                                         stream_fifo__parameterized8 |         18 |         18 |       0 |    0 |     8 |      0 |      0 |          0 |
|           fifo_i                                                                                      |                                            fifo_v3__parameterized49 |         18 |         18 |       0 |    0 |     8 |      0 |      0 |          0 |
|         i_stream_to_mem                                                                               |                                                       stream_to_mem |         71 |         71 |       0 |    0 |    70 |      0 |      0 |          0 |
|           (i_stream_to_mem)                                                                           |                                                       stream_to_mem |          2 |          2 |       0 |    0 |     2 |      0 |      0 |          0 |
|           gen_buf.i_resp_buf                                                                          |                                        stream_fifo__parameterized10 |         69 |         69 |       0 |    0 |    68 |      0 |      0 |          0 |
|             fifo_i                                                                                    |                                            fifo_v3__parameterized51 |         69 |         69 |       0 |    0 |    68 |      0 |      0 |          0 |
|       i_reg_mux                                                                                       |                                                             reg_mux |          1 |          1 |       0 |    0 |     4 |      0 |      0 |          0 |
|         i_stream_arbiter                                                                              |                                      stream_arbiter__parameterized3 |          1 |          1 |       0 |    0 |     4 |      0 |      0 |          0 |
|           i_arb                                                                                       |                            stream_arbiter_flushable__parameterized3 |          1 |          1 |       0 |    0 |     4 |      0 |      0 |          0 |
|             gen_rr_arb.i_arbiter                                                                      |                                        rr_arb_tree__parameterized21 |          1 |          1 |       0 |    0 |     4 |      0 |      0 |          0 |
|     i_axi_xbar                                                                                        |                                                            axi_xbar |       4572 |       4572 |       0 |    0 |  4767 |      0 |      0 |          0 |
|       gen_mst_port_mux[0].i_axi_mux                                                                   |                                             axi_mux__parameterized1 |        511 |        511 |       0 |    0 |   650 |      0 |      0 |          0 |
|         (gen_mst_port_mux[0].i_axi_mux)                                                               |                                             axi_mux__parameterized1 |          0 |          0 |       0 |    0 |     1 |      0 |      0 |          0 |
|         gen_mux.i_ar_arbiter                                                                          |                                    rr_arb_tree__parameterized19_355 |         18 |         18 |       0 |    0 |     7 |      0 |      0 |          0 |
|         gen_mux.i_ar_spill_reg                                                                        |                                  spill_register__parameterized3_356 |         35 |         35 |       0 |    0 |   128 |      0 |      0 |          0 |
|           spill_register_flushable_i                                                                  |                        spill_register_flushable__parameterized3_367 |         35 |         35 |       0 |    0 |   128 |      0 |      0 |          0 |
|         gen_mux.i_aw_arbiter                                                                          |                                    rr_arb_tree__parameterized18_357 |         70 |         70 |       0 |    0 |     6 |      0 |      0 |          0 |
|         gen_mux.i_aw_spill_reg                                                                        |                                  spill_register__parameterized1_358 |        143 |        143 |       0 |    0 |   138 |      0 |      0 |          0 |
|           spill_register_flushable_i                                                                  |                        spill_register_flushable__parameterized1_366 |        143 |        143 |       0 |    0 |   138 |      0 |      0 |          0 |
|         gen_mux.i_b_spill_reg                                                                         |                                                  spill_register_359 |          8 |          8 |       0 |    0 |    14 |      0 |      0 |          0 |
|           spill_register_flushable_i                                                                  |                                        spill_register_flushable_365 |          8 |          8 |       0 |    0 |    14 |      0 |      0 |          0 |
|         gen_mux.i_r_spill_reg                                                                         |                                  spill_register__parameterized0_360 |         42 |         42 |       0 |    0 |   144 |      0 |      0 |          0 |
|           spill_register_flushable_i                                                                  |                        spill_register_flushable__parameterized0_364 |         42 |         42 |       0 |    0 |   144 |      0 |      0 |          0 |
|         gen_mux.i_w_fifo                                                                              |                                        fifo_v3__parameterized44_361 |        154 |        154 |       0 |    0 |    64 |      0 |      0 |          0 |
|         gen_mux.i_w_spill_reg                                                                         |                                  spill_register__parameterized2_362 |         41 |         41 |       0 |    0 |   148 |      0 |      0 |          0 |
|           spill_register_flushable_i                                                                  |                        spill_register_flushable__parameterized2_363 |         41 |         41 |       0 |    0 |   148 |      0 |      0 |          0 |
|       gen_mst_port_mux[1].i_axi_mux                                                                   |                                         axi_mux__parameterized1_197 |        518 |        518 |       0 |    0 |   650 |      0 |      0 |          0 |
|         (gen_mst_port_mux[1].i_axi_mux)                                                               |                                         axi_mux__parameterized1_197 |          0 |          0 |       0 |    0 |     1 |      0 |      0 |          0 |
|         gen_mux.i_ar_arbiter                                                                          |                                    rr_arb_tree__parameterized19_342 |         18 |         18 |       0 |    0 |     7 |      0 |      0 |          0 |
|         gen_mux.i_ar_spill_reg                                                                        |                                  spill_register__parameterized3_343 |         36 |         36 |       0 |    0 |   128 |      0 |      0 |          0 |
|           spill_register_flushable_i                                                                  |                        spill_register_flushable__parameterized3_354 |         36 |         36 |       0 |    0 |   128 |      0 |      0 |          0 |
|         gen_mux.i_aw_arbiter                                                                          |                                    rr_arb_tree__parameterized18_344 |         70 |         70 |       0 |    0 |     6 |      0 |      0 |          0 |
|         gen_mux.i_aw_spill_reg                                                                        |                                  spill_register__parameterized1_345 |        149 |        149 |       0 |    0 |   138 |      0 |      0 |          0 |
|           spill_register_flushable_i                                                                  |                        spill_register_flushable__parameterized1_353 |        149 |        149 |       0 |    0 |   138 |      0 |      0 |          0 |
|         gen_mux.i_b_spill_reg                                                                         |                                                  spill_register_346 |          8 |          8 |       0 |    0 |    14 |      0 |      0 |          0 |
|           spill_register_flushable_i                                                                  |                                        spill_register_flushable_352 |          8 |          8 |       0 |    0 |    14 |      0 |      0 |          0 |
|         gen_mux.i_r_spill_reg                                                                         |                                  spill_register__parameterized0_347 |         42 |         42 |       0 |    0 |   144 |      0 |      0 |          0 |
|           spill_register_flushable_i                                                                  |                        spill_register_flushable__parameterized0_351 |         42 |         42 |       0 |    0 |   144 |      0 |      0 |          0 |
|         gen_mux.i_w_fifo                                                                              |                                        fifo_v3__parameterized44_348 |        154 |        154 |       0 |    0 |    64 |      0 |      0 |          0 |
|         gen_mux.i_w_spill_reg                                                                         |                                  spill_register__parameterized2_349 |         41 |         41 |       0 |    0 |   148 |      0 |      0 |          0 |
|           spill_register_flushable_i                                                                  |                        spill_register_flushable__parameterized2_350 |         41 |         41 |       0 |    0 |   148 |      0 |      0 |          0 |
|       gen_mst_port_mux[2].i_axi_mux                                                                   |                                         axi_mux__parameterized1_198 |        519 |        519 |       0 |    0 |   654 |      0 |      0 |          0 |
|         (gen_mst_port_mux[2].i_axi_mux)                                                               |                                         axi_mux__parameterized1_198 |          0 |          0 |       0 |    0 |     1 |      0 |      0 |          0 |
|         gen_mux.i_ar_arbiter                                                                          |                                    rr_arb_tree__parameterized19_329 |         18 |         18 |       0 |    0 |     7 |      0 |      0 |          0 |
|         gen_mux.i_ar_spill_reg                                                                        |                                  spill_register__parameterized3_330 |         36 |         36 |       0 |    0 |   130 |      0 |      0 |          0 |
|           spill_register_flushable_i                                                                  |                        spill_register_flushable__parameterized3_341 |         36 |         36 |       0 |    0 |   130 |      0 |      0 |          0 |
|         gen_mux.i_aw_arbiter                                                                          |                                    rr_arb_tree__parameterized18_331 |         71 |         71 |       0 |    0 |     6 |      0 |      0 |          0 |
|         gen_mux.i_aw_spill_reg                                                                        |                                  spill_register__parameterized1_332 |        147 |        147 |       0 |    0 |   140 |      0 |      0 |          0 |
|           spill_register_flushable_i                                                                  |                        spill_register_flushable__parameterized1_340 |        147 |        147 |       0 |    0 |   140 |      0 |      0 |          0 |
|         gen_mux.i_b_spill_reg                                                                         |                                                  spill_register_333 |          9 |          9 |       0 |    0 |    14 |      0 |      0 |          0 |
|           spill_register_flushable_i                                                                  |                                        spill_register_flushable_339 |          9 |          9 |       0 |    0 |    14 |      0 |      0 |          0 |
|         gen_mux.i_r_spill_reg                                                                         |                                  spill_register__parameterized0_334 |         42 |         42 |       0 |    0 |   144 |      0 |      0 |          0 |
|           spill_register_flushable_i                                                                  |                        spill_register_flushable__parameterized0_338 |         42 |         42 |       0 |    0 |   144 |      0 |      0 |          0 |
|         gen_mux.i_w_fifo                                                                              |                                        fifo_v3__parameterized44_335 |        154 |        154 |       0 |    0 |    64 |      0 |      0 |          0 |
|         gen_mux.i_w_spill_reg                                                                         |                                  spill_register__parameterized2_336 |         42 |         42 |       0 |    0 |   148 |      0 |      0 |          0 |
|           spill_register_flushable_i                                                                  |                        spill_register_flushable__parameterized2_337 |         42 |         42 |       0 |    0 |   148 |      0 |      0 |          0 |
|       gen_mst_port_mux[3].i_axi_mux                                                                   |                                         axi_mux__parameterized1_199 |        500 |        500 |       0 |    0 |   596 |      0 |      0 |          0 |
|         (gen_mst_port_mux[3].i_axi_mux)                                                               |                                         axi_mux__parameterized1_199 |          0 |          0 |       0 |    0 |     1 |      0 |      0 |          0 |
|         gen_mux.i_ar_arbiter                                                                          |                                        rr_arb_tree__parameterized19 |         18 |         18 |       0 |    0 |     7 |      0 |      0 |          0 |
|         gen_mux.i_ar_spill_reg                                                                        |                                  spill_register__parameterized3_319 |         37 |         37 |       0 |    0 |   132 |      0 |      0 |          0 |
|           spill_register_flushable_i                                                                  |                        spill_register_flushable__parameterized3_328 |         37 |         37 |       0 |    0 |   132 |      0 |      0 |          0 |
|         gen_mux.i_aw_arbiter                                                                          |                                        rr_arb_tree__parameterized18 |         72 |         72 |       0 |    0 |     6 |      0 |      0 |          0 |
|         gen_mux.i_aw_spill_reg                                                                        |                                  spill_register__parameterized1_320 |        144 |        144 |       0 |    0 |   142 |      0 |      0 |          0 |
|           spill_register_flushable_i                                                                  |                        spill_register_flushable__parameterized1_327 |        144 |        144 |       0 |    0 |   142 |      0 |      0 |          0 |
|         gen_mux.i_b_spill_reg                                                                         |                                                  spill_register_321 |          9 |          9 |       0 |    0 |    14 |      0 |      0 |          0 |
|           spill_register_flushable_i                                                                  |                                        spill_register_flushable_326 |          9 |          9 |       0 |    0 |    14 |      0 |      0 |          0 |
|         gen_mux.i_r_spill_reg                                                                         |                                  spill_register__parameterized0_322 |         26 |         26 |       0 |    0 |    82 |      0 |      0 |          0 |
|           spill_register_flushable_i                                                                  |                        spill_register_flushable__parameterized0_325 |         26 |         26 |       0 |    0 |    82 |      0 |      0 |          0 |
|         gen_mux.i_w_fifo                                                                              |                                            fifo_v3__parameterized44 |        154 |        154 |       0 |    0 |    64 |      0 |      0 |          0 |
|         gen_mux.i_w_spill_reg                                                                         |                                  spill_register__parameterized2_323 |         40 |         40 |       0 |    0 |   148 |      0 |      0 |          0 |
|           spill_register_flushable_i                                                                  |                        spill_register_flushable__parameterized2_324 |         40 |         40 |       0 |    0 |   148 |      0 |      0 |          0 |
|       i_xbar_unmuxed                                                                                  |                                                    axi_xbar_unmuxed |       2525 |       2525 |       0 |    0 |  2217 |      0 |      0 |          0 |
|         (i_xbar_unmuxed)                                                                              |                                                    axi_xbar_unmuxed |          9 |          9 |       0 |    0 |     0 |      0 |      0 |          0 |
|         gen_slv_port_demux[0].i_axi_ar_decode                                                         |                                         addr_decode__parameterized1 |          0 |          0 |       0 |    0 |     0 |      0 |      0 |          0 |
|           i_addr_decode_dync                                                                          |                                addr_decode_dync__parameterized1_318 |          0 |          0 |       0 |    0 |     0 |      0 |      0 |          0 |
|         gen_slv_port_demux[0].i_axi_aw_decode                                                         |                                     addr_decode__parameterized1_200 |          0 |          0 |       0 |    0 |     0 |      0 |      0 |          0 |
|           i_addr_decode_dync                                                                          |                                addr_decode_dync__parameterized1_317 |          0 |          0 |       0 |    0 |     0 |      0 |      0 |          0 |
|         gen_slv_port_demux[0].i_axi_demux                                                             |                                           axi_demux__parameterized3 |        749 |        749 |       0 |    0 |   650 |      0 |      0 |          0 |
|           i_ar_sel_spill_reg                                                                          |                                 spill_register__parameterized29_288 |         14 |         14 |       0 |    0 |     8 |      0 |      0 |          0 |
|             spill_register_flushable_i                                                                |                       spill_register_flushable__parameterized30_316 |         14 |         14 |       0 |    0 |     8 |      0 |      0 |          0 |
|           i_ar_spill_reg                                                                              |                                 spill_register__parameterized30_289 |        200 |        200 |       0 |    0 |   114 |      0 |      0 |          0 |
|             spill_register_flushable_i                                                                |                       spill_register_flushable__parameterized31_315 |        200 |        200 |       0 |    0 |   114 |      0 |      0 |          0 |
|           i_aw_select_spill_reg                                                                       |                                 spill_register__parameterized29_290 |         33 |         33 |       0 |    0 |     8 |      0 |      0 |          0 |
|             spill_register_flushable_i                                                                |                       spill_register_flushable__parameterized30_314 |         33 |         33 |       0 |    0 |     8 |      0 |      0 |          0 |
|           i_aw_spill_reg                                                                              |                                 spill_register__parameterized28_291 |         85 |         85 |       0 |    0 |   122 |      0 |      0 |          0 |
|             spill_register_flushable_i                                                                |                       spill_register_flushable__parameterized29_313 |         85 |         85 |       0 |    0 |   122 |      0 |      0 |          0 |
|           i_b_spill_reg                                                                               |                                 spill_register__parameterized31_292 |         12 |         12 |       0 |    0 |    10 |      0 |      0 |          0 |
|             spill_register_flushable_i                                                                |                       spill_register_flushable__parameterized32_312 |         12 |         12 |       0 |    0 |    10 |      0 |      0 |          0 |
|           i_demux_simple                                                                              |                                axi_demux_simple__parameterized3_293 |        250 |        250 |       0 |    0 |   100 |      0 |      0 |          0 |
|             (i_demux_simple)                                                                          |                                axi_demux_simple__parameterized3_293 |          3 |          3 |       0 |    0 |     5 |      0 |      0 |          0 |
|             gen_ar_id_counter.i_ar_id_counter                                                         |                           axi_demux_id_counters__parameterized3_298 |         40 |         40 |       0 |    0 |    36 |      0 |      0 |          0 |
|               (gen_ar_id_counter.i_ar_id_counter)                                                     |                           axi_demux_id_counters__parameterized3_298 |         15 |         15 |       0 |    0 |    12 |      0 |      0 |          0 |
|               gen_counters[0].i_in_flight_cnt                                                         |                                   delta_counter__parameterized1_308 |          6 |          6 |       0 |    0 |     6 |      0 |      0 |          0 |
|               gen_counters[1].i_in_flight_cnt                                                         |                                   delta_counter__parameterized1_309 |          5 |          5 |       0 |    0 |     6 |      0 |      0 |          0 |
|               gen_counters[2].i_in_flight_cnt                                                         |                                   delta_counter__parameterized1_310 |          8 |          8 |       0 |    0 |     6 |      0 |      0 |          0 |
|               gen_counters[3].i_in_flight_cnt                                                         |                                   delta_counter__parameterized1_311 |          6 |          6 |       0 |    0 |     6 |      0 |      0 |          0 |
|             gen_aw_id_counter.i_aw_id_counter                                                         |                           axi_demux_id_counters__parameterized3_299 |         42 |         42 |       0 |    0 |    36 |      0 |      0 |          0 |
|               (gen_aw_id_counter.i_aw_id_counter)                                                     |                           axi_demux_id_counters__parameterized3_299 |         12 |         12 |       0 |    0 |    12 |      0 |      0 |          0 |
|               gen_counters[0].i_in_flight_cnt                                                         |                                   delta_counter__parameterized1_304 |         11 |         11 |       0 |    0 |     6 |      0 |      0 |          0 |
|               gen_counters[1].i_in_flight_cnt                                                         |                                   delta_counter__parameterized1_305 |          8 |          8 |       0 |    0 |     6 |      0 |      0 |          0 |
|               gen_counters[2].i_in_flight_cnt                                                         |                                   delta_counter__parameterized1_306 |          6 |          6 |       0 |    0 |     6 |      0 |      0 |          0 |
|               gen_counters[3].i_in_flight_cnt                                                         |                                   delta_counter__parameterized1_307 |          5 |          5 |       0 |    0 |     6 |      0 |      0 |          0 |
|             i_b_mux                                                                                   |                                    rr_arb_tree__parameterized20_300 |         48 |         48 |       0 |    0 |     9 |      0 |      0 |          0 |
|             i_counter_open_w                                                                          |                                         counter__parameterized1_301 |          6 |          6 |       0 |    0 |     5 |      0 |      0 |          0 |
|               i_counter                                                                               |                                   delta_counter__parameterized1_303 |          6 |          6 |       0 |    0 |     5 |      0 |      0 |          0 |
|             i_r_mux                                                                                   |                                    rr_arb_tree__parameterized20_302 |        111 |        111 |       0 |    0 |     9 |      0 |      0 |          0 |
|           i_r_spill_reg                                                                               |                                 spill_register__parameterized32_294 |        116 |        116 |       0 |    0 |   140 |      0 |      0 |          0 |
|             spill_register_flushable_i                                                                |                       spill_register_flushable__parameterized33_297 |        116 |        116 |       0 |    0 |   140 |      0 |      0 |          0 |
|           i_w_spill_reg                                                                               |                                  spill_register__parameterized2_295 |         40 |         40 |       0 |    0 |   148 |      0 |      0 |          0 |
|             spill_register_flushable_i                                                                |                        spill_register_flushable__parameterized2_296 |         40 |         40 |       0 |    0 |   148 |      0 |      0 |          0 |
|         gen_slv_port_demux[0].i_axi_err_slv                                                           |                                         axi_err_slv__parameterized1 |        128 |        128 |       0 |    0 |    72 |      0 |      0 |          0 |
|           (gen_slv_port_demux[0].i_axi_err_slv)                                                       |                                         axi_err_slv__parameterized1 |          0 |          0 |       0 |    0 |     1 |      0 |      0 |          0 |
|           i_atop_filter                                                                               |                                 axi_atop_filter__parameterized0_282 |         72 |         72 |       0 |    0 |    21 |      0 |      0 |          0 |
|             (i_atop_filter)                                                                           |                                 axi_atop_filter__parameterized0_282 |         59 |         59 |       0 |    0 |    19 |      0 |      0 |          0 |
|             r_resp_cmd                                                                                |                                     stream_register__parameterized0 |         13 |         13 |       0 |    0 |     2 |      0 |      0 |          0 |
|           i_b_fifo                                                                                    |                                        fifo_v3__parameterized41_283 |          9 |          9 |       0 |    0 |     8 |      0 |      0 |          0 |
|           i_r_counter                                                                                 |                                                         counter_284 |          9 |          9 |       0 |    0 |     8 |      0 |      0 |          0 |
|             i_counter                                                                                 |                                                   delta_counter_287 |          9 |          9 |       0 |    0 |     8 |      0 |      0 |          0 |
|           i_r_fifo                                                                                    |                                        fifo_v3__parameterized46_285 |         19 |         19 |       0 |    0 |    19 |      0 |      0 |          0 |
|           i_w_fifo                                                                                    |                                        fifo_v3__parameterized45_286 |         19 |         19 |       0 |    0 |    15 |      0 |      0 |          0 |
|         gen_slv_port_demux[1].i_axi_ar_decode                                                         |                                     addr_decode__parameterized1_201 |          0 |          0 |       0 |    0 |     0 |      0 |      0 |          0 |
|           i_addr_decode_dync                                                                          |                                addr_decode_dync__parameterized1_281 |          0 |          0 |       0 |    0 |     0 |      0 |      0 |          0 |
|         gen_slv_port_demux[1].i_axi_aw_decode                                                         |                                     addr_decode__parameterized1_202 |          0 |          0 |       0 |    0 |     0 |      0 |      0 |          0 |
|           i_addr_decode_dync                                                                          |                                addr_decode_dync__parameterized1_280 |          0 |          0 |       0 |    0 |     0 |      0 |      0 |          0 |
|         gen_slv_port_demux[1].i_axi_demux                                                             |                                       axi_demux__parameterized3_203 |        479 |        479 |       0 |    0 |   579 |      0 |      0 |          0 |
|           i_ar_sel_spill_reg                                                                          |                                 spill_register__parameterized29_251 |         15 |         15 |       0 |    0 |     8 |      0 |      0 |          0 |
|             spill_register_flushable_i                                                                |                       spill_register_flushable__parameterized30_279 |         15 |         15 |       0 |    0 |     8 |      0 |      0 |          0 |
|           i_ar_spill_reg                                                                              |                                 spill_register__parameterized30_252 |         30 |         30 |       0 |    0 |   100 |      0 |      0 |          0 |
|             spill_register_flushable_i                                                                |                       spill_register_flushable__parameterized31_278 |         30 |         30 |       0 |    0 |   100 |      0 |      0 |          0 |
|           i_aw_select_spill_reg                                                                       |                                 spill_register__parameterized29_253 |         27 |         27 |       0 |    0 |     8 |      0 |      0 |          0 |
|             spill_register_flushable_i                                                                |                       spill_register_flushable__parameterized30_277 |         27 |         27 |       0 |    0 |     8 |      0 |      0 |          0 |
|           i_aw_spill_reg                                                                              |                                 spill_register__parameterized28_254 |         27 |         27 |       0 |    0 |   100 |      0 |      0 |          0 |
|             spill_register_flushable_i                                                                |                       spill_register_flushable__parameterized29_276 |         27 |         27 |       0 |    0 |   100 |      0 |      0 |          0 |
|           i_b_spill_reg                                                                               |                                 spill_register__parameterized31_255 |          6 |          6 |       0 |    0 |     4 |      0 |      0 |          0 |
|             spill_register_flushable_i                                                                |                       spill_register_flushable__parameterized32_275 |          6 |          6 |       0 |    0 |     4 |      0 |      0 |          0 |
|           i_demux_simple                                                                              |                                axi_demux_simple__parameterized3_256 |        210 |        210 |       0 |    0 |    79 |      0 |      0 |          0 |
|             (i_demux_simple)                                                                          |                                axi_demux_simple__parameterized3_256 |          0 |          0 |       0 |    0 |     5 |      0 |      0 |          0 |
|             gen_ar_id_counter.i_ar_id_counter                                                         |                           axi_demux_id_counters__parameterized3_261 |         24 |         24 |       0 |    0 |    27 |      0 |      0 |          0 |
|               (gen_ar_id_counter.i_ar_id_counter)                                                     |                           axi_demux_id_counters__parameterized3_261 |          1 |          1 |       0 |    0 |     3 |      0 |      0 |          0 |
|               gen_counters[0].i_in_flight_cnt                                                         |                                   delta_counter__parameterized1_271 |          6 |          6 |       0 |    0 |     6 |      0 |      0 |          0 |
|               gen_counters[1].i_in_flight_cnt                                                         |                                   delta_counter__parameterized1_272 |          5 |          5 |       0 |    0 |     6 |      0 |      0 |          0 |
|               gen_counters[2].i_in_flight_cnt                                                         |                                   delta_counter__parameterized1_273 |          6 |          6 |       0 |    0 |     6 |      0 |      0 |          0 |
|               gen_counters[3].i_in_flight_cnt                                                         |                                   delta_counter__parameterized1_274 |          6 |          6 |       0 |    0 |     6 |      0 |      0 |          0 |
|             gen_aw_id_counter.i_aw_id_counter                                                         |                           axi_demux_id_counters__parameterized3_262 |         26 |         26 |       0 |    0 |    24 |      0 |      0 |          0 |
|               gen_counters[0].i_in_flight_cnt                                                         |                                   delta_counter__parameterized1_267 |          7 |          7 |       0 |    0 |     6 |      0 |      0 |          0 |
|               gen_counters[1].i_in_flight_cnt                                                         |                                   delta_counter__parameterized1_268 |          5 |          5 |       0 |    0 |     6 |      0 |      0 |          0 |
|               gen_counters[2].i_in_flight_cnt                                                         |                                   delta_counter__parameterized1_269 |          9 |          9 |       0 |    0 |     6 |      0 |      0 |          0 |
|               gen_counters[3].i_in_flight_cnt                                                         |                                   delta_counter__parameterized1_270 |          5 |          5 |       0 |    0 |     6 |      0 |      0 |          0 |
|             i_b_mux                                                                                   |                                    rr_arb_tree__parameterized20_263 |         44 |         44 |       0 |    0 |     9 |      0 |      0 |          0 |
|             i_counter_open_w                                                                          |                                         counter__parameterized1_264 |          6 |          6 |       0 |    0 |     5 |      0 |      0 |          0 |
|               i_counter                                                                               |                                   delta_counter__parameterized1_266 |          6 |          6 |       0 |    0 |     5 |      0 |      0 |          0 |
|             i_r_mux                                                                                   |                                    rr_arb_tree__parameterized20_265 |        117 |        117 |       0 |    0 |     9 |      0 |      0 |          0 |
|           i_r_spill_reg                                                                               |                                 spill_register__parameterized32_257 |        125 |        125 |       0 |    0 |   132 |      0 |      0 |          0 |
|             spill_register_flushable_i                                                                |                       spill_register_flushable__parameterized33_260 |        125 |        125 |       0 |    0 |   132 |      0 |      0 |          0 |
|           i_w_spill_reg                                                                               |                                  spill_register__parameterized2_258 |         41 |         41 |       0 |    0 |   148 |      0 |      0 |          0 |
|             spill_register_flushable_i                                                                |                        spill_register_flushable__parameterized2_259 |         41 |         41 |       0 |    0 |   148 |      0 |      0 |          0 |
|         gen_slv_port_demux[1].i_axi_err_slv                                                           |                                     axi_err_slv__parameterized1_204 |         69 |         69 |       0 |    0 |    34 |      0 |      0 |          0 |
|           (gen_slv_port_demux[1].i_axi_err_slv)                                                       |                                     axi_err_slv__parameterized1_204 |          0 |          0 |       0 |    0 |     1 |      0 |      0 |          0 |
|           i_atop_filter                                                                               |                                 axi_atop_filter__parameterized0_245 |         50 |         50 |       0 |    0 |    17 |      0 |      0 |          0 |
|           i_b_fifo                                                                                    |                                        fifo_v3__parameterized41_246 |          2 |          2 |       0 |    0 |     2 |      0 |      0 |          0 |
|           i_r_counter                                                                                 |                                                         counter_247 |          9 |          9 |       0 |    0 |     8 |      0 |      0 |          0 |
|             i_counter                                                                                 |                                                   delta_counter_250 |          9 |          9 |       0 |    0 |     8 |      0 |      0 |          0 |
|           i_r_fifo                                                                                    |                                        fifo_v3__parameterized46_248 |          5 |          5 |       0 |    0 |     3 |      0 |      0 |          0 |
|           i_w_fifo                                                                                    |                                        fifo_v3__parameterized45_249 |          3 |          3 |       0 |    0 |     3 |      0 |      0 |          0 |
|         gen_slv_port_demux[2].i_axi_demux                                                             |                                       axi_demux__parameterized3_205 |        608 |        608 |       0 |    0 |   617 |      0 |      0 |          0 |
|           i_ar_sel_spill_reg                                                                          |                                 spill_register__parameterized29_219 |         16 |         16 |       0 |    0 |     8 |      0 |      0 |          0 |
|             spill_register_flushable_i                                                                |                       spill_register_flushable__parameterized30_244 |         16 |         16 |       0 |    0 |     8 |      0 |      0 |          0 |
|           i_ar_spill_reg                                                                              |                                 spill_register__parameterized30_220 |         66 |         66 |       0 |    0 |   112 |      0 |      0 |          0 |
|             spill_register_flushable_i                                                                |                       spill_register_flushable__parameterized31_243 |         66 |         66 |       0 |    0 |   112 |      0 |      0 |          0 |
|           i_aw_select_spill_reg                                                                       |                                 spill_register__parameterized29_221 |         28 |         28 |       0 |    0 |     8 |      0 |      0 |          0 |
|             spill_register_flushable_i                                                                |                       spill_register_flushable__parameterized30_242 |         28 |         28 |       0 |    0 |     8 |      0 |      0 |          0 |
|           i_aw_spill_reg                                                                              |                                     spill_register__parameterized28 |         31 |         31 |       0 |    0 |   112 |      0 |      0 |          0 |
|             spill_register_flushable_i                                                                |                           spill_register_flushable__parameterized29 |         31 |         31 |       0 |    0 |   112 |      0 |      0 |          0 |
|           i_b_spill_reg                                                                               |                                 spill_register__parameterized31_222 |         14 |         14 |       0 |    0 |    10 |      0 |      0 |          0 |
|             spill_register_flushable_i                                                                |                       spill_register_flushable__parameterized32_241 |         14 |         14 |       0 |    0 |    10 |      0 |      0 |          0 |
|           i_demux_simple                                                                              |                                axi_demux_simple__parameterized3_223 |        225 |        225 |       0 |    0 |    79 |      0 |      0 |          0 |
|             (i_demux_simple)                                                                          |                                axi_demux_simple__parameterized3_223 |          0 |          0 |       0 |    0 |     5 |      0 |      0 |          0 |
|             gen_ar_id_counter.i_ar_id_counter                                                         |                           axi_demux_id_counters__parameterized3_228 |         26 |         26 |       0 |    0 |    27 |      0 |      0 |          0 |
|               (gen_ar_id_counter.i_ar_id_counter)                                                     |                           axi_demux_id_counters__parameterized3_228 |          3 |          3 |       0 |    0 |     3 |      0 |      0 |          0 |
|               gen_counters[0].i_in_flight_cnt                                                         |                                   delta_counter__parameterized1_237 |          8 |          8 |       0 |    0 |     6 |      0 |      0 |          0 |
|               gen_counters[1].i_in_flight_cnt                                                         |                                   delta_counter__parameterized1_238 |          4 |          4 |       0 |    0 |     6 |      0 |      0 |          0 |
|               gen_counters[2].i_in_flight_cnt                                                         |                                   delta_counter__parameterized1_239 |          6 |          6 |       0 |    0 |     6 |      0 |      0 |          0 |
|               gen_counters[3].i_in_flight_cnt                                                         |                                   delta_counter__parameterized1_240 |          5 |          5 |       0 |    0 |     6 |      0 |      0 |          0 |
|             gen_aw_id_counter.i_aw_id_counter                                                         |                           axi_demux_id_counters__parameterized3_229 |         29 |         29 |       0 |    0 |    24 |      0 |      0 |          0 |
|               gen_counters[0].i_in_flight_cnt                                                         |                                   delta_counter__parameterized1_233 |         10 |         10 |       0 |    0 |     6 |      0 |      0 |          0 |
|               gen_counters[1].i_in_flight_cnt                                                         |                                   delta_counter__parameterized1_234 |          5 |          5 |       0 |    0 |     6 |      0 |      0 |          0 |
|               gen_counters[2].i_in_flight_cnt                                                         |                                   delta_counter__parameterized1_235 |          5 |          5 |       0 |    0 |     6 |      0 |      0 |          0 |
|               gen_counters[3].i_in_flight_cnt                                                         |                                   delta_counter__parameterized1_236 |          9 |          9 |       0 |    0 |     6 |      0 |      0 |          0 |
|             i_b_mux                                                                                   |                                    rr_arb_tree__parameterized20_230 |         47 |         47 |       0 |    0 |     9 |      0 |      0 |          0 |
|             i_counter_open_w                                                                          |                                             counter__parameterized1 |          7 |          7 |       0 |    0 |     5 |      0 |      0 |          0 |
|               i_counter                                                                               |                                   delta_counter__parameterized1_232 |          7 |          7 |       0 |    0 |     5 |      0 |      0 |          0 |
|             i_r_mux                                                                                   |                                    rr_arb_tree__parameterized20_231 |        120 |        120 |       0 |    0 |     9 |      0 |      0 |          0 |
|           i_r_spill_reg                                                                               |                                 spill_register__parameterized32_224 |        183 |        183 |       0 |    0 |   140 |      0 |      0 |          0 |
|             spill_register_flushable_i                                                                |                       spill_register_flushable__parameterized33_227 |        183 |        183 |       0 |    0 |   140 |      0 |      0 |          0 |
|           i_w_spill_reg                                                                               |                                  spill_register__parameterized2_225 |         47 |         47 |       0 |    0 |   148 |      0 |      0 |          0 |
|             spill_register_flushable_i                                                                |                        spill_register_flushable__parameterized2_226 |         47 |         47 |       0 |    0 |   148 |      0 |      0 |          0 |
|         gen_slv_port_demux[2].i_axi_err_slv                                                           |                                     axi_err_slv__parameterized1_206 |         90 |         90 |       0 |    0 |    70 |      0 |      0 |          0 |
|           (gen_slv_port_demux[2].i_axi_err_slv)                                                       |                                     axi_err_slv__parameterized1_206 |          0 |          0 |       0 |    0 |     1 |      0 |      0 |          0 |
|           i_atop_filter                                                                               |                                 axi_atop_filter__parameterized0_214 |         54 |         54 |       0 |    0 |    17 |      0 |      0 |          0 |
|           i_b_fifo                                                                                    |                                        fifo_v3__parameterized41_215 |          4 |          4 |       0 |    0 |     2 |      0 |      0 |          0 |
|           i_r_counter                                                                                 |                                                         counter_216 |          8 |          8 |       0 |    0 |     8 |      0 |      0 |          0 |
|             i_counter                                                                                 |                                                   delta_counter_218 |          8 |          8 |       0 |    0 |     8 |      0 |      0 |          0 |
|           i_r_fifo                                                                                    |                                        fifo_v3__parameterized46_217 |         21 |         21 |       0 |    0 |    39 |      0 |      0 |          0 |
|           i_w_fifo                                                                                    |                                            fifo_v3__parameterized45 |          3 |          3 |       0 |    0 |     3 |      0 |      0 |          0 |
|         gen_slv_port_demux[3].i_axi_ar_decode                                                         |                                     addr_decode__parameterized1_207 |          0 |          0 |       0 |    0 |     0 |      0 |      0 |          0 |
|           i_addr_decode_dync                                                                          |                                    addr_decode_dync__parameterized1 |          0 |          0 |       0 |    0 |     0 |      0 |      0 |          0 |
|         gen_slv_port_demux[3].i_axi_demux                                                             |                                       axi_demux__parameterized3_208 |        364 |        364 |       0 |    0 |   168 |      0 |      0 |          0 |
|           i_ar_sel_spill_reg                                                                          |                                     spill_register__parameterized29 |         21 |         21 |       0 |    0 |     8 |      0 |      0 |          0 |
|             spill_register_flushable_i                                                                |                           spill_register_flushable__parameterized30 |         21 |         21 |       0 |    0 |     8 |      0 |      0 |          0 |
|           i_ar_spill_reg                                                                              |                                     spill_register__parameterized30 |        212 |        212 |       0 |    0 |   100 |      0 |      0 |          0 |
|             spill_register_flushable_i                                                                |                           spill_register_flushable__parameterized31 |        212 |        212 |       0 |    0 |   100 |      0 |      0 |          0 |
|           i_b_spill_reg                                                                               |                                     spill_register__parameterized31 |          2 |          2 |       0 |    0 |     2 |      0 |      0 |          0 |
|             spill_register_flushable_i                                                                |                           spill_register_flushable__parameterized32 |          2 |          2 |       0 |    0 |     2 |      0 |      0 |          0 |
|           i_demux_simple                                                                              |                                    axi_demux_simple__parameterized3 |        124 |        124 |       0 |    0 |    46 |      0 |      0 |          0 |
|             (i_demux_simple)                                                                          |                                    axi_demux_simple__parameterized3 |          1 |          1 |       0 |    0 |     1 |      0 |      0 |          0 |
|             gen_ar_id_counter.i_ar_id_counter                                                         |                               axi_demux_id_counters__parameterized3 |         24 |         24 |       0 |    0 |    27 |      0 |      0 |          0 |
|               (gen_ar_id_counter.i_ar_id_counter)                                                     |                               axi_demux_id_counters__parameterized3 |          0 |          0 |       0 |    0 |     3 |      0 |      0 |          0 |
|               gen_counters[0].i_in_flight_cnt                                                         |                                       delta_counter__parameterized1 |          6 |          6 |       0 |    0 |     6 |      0 |      0 |          0 |
|               gen_counters[1].i_in_flight_cnt                                                         |                                   delta_counter__parameterized1_211 |          4 |          4 |       0 |    0 |     6 |      0 |      0 |          0 |
|               gen_counters[2].i_in_flight_cnt                                                         |                                   delta_counter__parameterized1_212 |          5 |          5 |       0 |    0 |     6 |      0 |      0 |          0 |
|               gen_counters[3].i_in_flight_cnt                                                         |                                   delta_counter__parameterized1_213 |         10 |         10 |       0 |    0 |     6 |      0 |      0 |          0 |
|             i_b_mux                                                                                   |                                        rr_arb_tree__parameterized20 |         36 |         36 |       0 |    0 |     9 |      0 |      0 |          0 |
|             i_r_mux                                                                                   |                                    rr_arb_tree__parameterized20_210 |         63 |         63 |       0 |    0 |     9 |      0 |      0 |          0 |
|           i_r_spill_reg                                                                               |                                     spill_register__parameterized32 |          5 |          5 |       0 |    0 |    12 |      0 |      0 |          0 |
|             spill_register_flushable_i                                                                |                           spill_register_flushable__parameterized33 |          5 |          5 |       0 |    0 |    12 |      0 |      0 |          0 |
|         gen_slv_port_demux[3].i_axi_err_slv                                                           |                                     axi_err_slv__parameterized1_209 |         29 |         29 |       0 |    0 |    27 |      0 |      0 |          0 |
|           (gen_slv_port_demux[3].i_axi_err_slv)                                                       |                                     axi_err_slv__parameterized1_209 |          0 |          0 |       0 |    0 |     1 |      0 |      0 |          0 |
|           i_atop_filter                                                                               |                                     axi_atop_filter__parameterized0 |         15 |         15 |       0 |    0 |    13 |      0 |      0 |          0 |
|           i_b_fifo                                                                                    |                                            fifo_v3__parameterized41 |          1 |          1 |       0 |    0 |     2 |      0 |      0 |          0 |
|           i_r_counter                                                                                 |                                                             counter |          9 |          9 |       0 |    0 |     8 |      0 |      0 |          0 |
|             i_counter                                                                                 |                                                       delta_counter |          9 |          9 |       0 |    0 |     8 |      0 |      0 |          0 |
|           i_r_fifo                                                                                    |                                            fifo_v3__parameterized46 |          4 |          4 |       0 |    0 |     3 |      0 |      0 |          0 |
|     i_clint                                                                                           |                                                               clint |         63 |         63 |       0 |    0 |   132 |      0 |      0 |          0 |
|       (i_clint)                                                                                       |                                                               clint |          0 |          0 |       0 |    0 |     0 |      0 |      0 |          0 |
|       i_clint_reg_top                                                                                 |                                                       clint_reg_top |         63 |         63 |       0 |    0 |   129 |      0 |      0 |          0 |
|         u_msip_p_0                                                                                    |                                     prim_subreg__parameterized4_192 |          0 |          0 |       0 |    0 |     1 |      0 |      0 |          0 |
|         u_mtime_high                                                                                  |                                                     prim_subreg_193 |         47 |         47 |       0 |    0 |    32 |      0 |      0 |          0 |
|         u_mtime_low                                                                                   |                                                     prim_subreg_194 |         16 |         16 |       0 |    0 |    32 |      0 |      0 |          0 |
|         u_mtimecmp_high0                                                                              |                                                     prim_subreg_195 |         16 |         16 |       0 |    0 |    32 |      0 |      0 |          0 |
|         u_mtimecmp_low0                                                                               |                                                     prim_subreg_196 |         16 |         16 |       0 |    0 |    32 |      0 |      0 |          0 |
|       i_sync_edge                                                                                     |                                                    clint_sync_wedge |          0 |          0 |       0 |    0 |     3 |      0 |      0 |          0 |
|         (i_sync_edge)                                                                                 |                                                    clint_sync_wedge |          0 |          0 |       0 |    0 |     1 |      0 |      0 |          0 |
|         i_sync                                                                                        |                                                          clint_sync |          0 |          0 |       0 |    0 |     2 |      0 |      0 |          0 |
|     i_dbg_dm_top                                                                                      |                                                              dm_top |       1233 |       1233 |       0 |    0 |   682 |      0 |      0 |          0 |
|       i_dm_csrs                                                                                       |                                                             dm_csrs |       1097 |       1097 |       0 |    0 |   606 |      0 |      0 |          0 |
|         (i_dm_csrs)                                                                                   |                                                             dm_csrs |        915 |        915 |       0 |    0 |   536 |      0 |      0 |          0 |
|         i_fifo                                                                                        |                                                             fifo_v2 |        182 |        182 |       0 |    0 |    70 |      0 |      0 |          0 |
|           i_fifo_v3                                                                                   |                                            fifo_v3__parameterized60 |        182 |        182 |       0 |    0 |    70 |      0 |      0 |          0 |
|       i_dm_mem                                                                                        |                                                              dm_mem |        102 |        102 |       0 |    0 |    73 |      0 |      0 |          0 |
|         (i_dm_mem)                                                                                    |                                                              dm_mem |         28 |         28 |       0 |    0 |    69 |      0 |      0 |          0 |
|         gen_rom_one_scratch.i_debug_rom                                                               |                                               debug_rom_one_scratch |         74 |         74 |       0 |    0 |     4 |      0 |      0 |          0 |
|       i_dm_sba                                                                                        |                                                              dm_sba |         34 |         34 |       0 |    0 |     3 |      0 |      0 |          0 |
|     i_dbg_dmi_jtag                                                                                    |                                                            dmi_jtag |        634 |        634 |       0 |    0 |   426 |      0 |      0 |          0 |
|       (i_dbg_dmi_jtag)                                                                                |                                                            dmi_jtag |          3 |          3 |       0 |    0 |   117 |      0 |      0 |          0 |
|       i_dmi_cdc                                                                                       |                                                             dmi_cdc |        505 |        505 |       0 |    0 |   249 |      0 |      0 |          0 |
|         (i_dmi_cdc)                                                                                   |                                                             dmi_cdc |          0 |          0 |       0 |    0 |     1 |      0 |      0 |          0 |
|         i_cdc_req                                                                                     |                                                cdc_2phase_clearable |        380 |        380 |       0 |    0 |   131 |      0 |      0 |          0 |
|           (i_cdc_req)                                                                                 |                                                cdc_2phase_clearable |          0 |          0 |       0 |    0 |     4 |      0 |      0 |          0 |
|           i_cdc_reset_ctrlr                                                                           |                                          cdc_reset_ctrlr__xdcDup__1 |         52 |         52 |       0 |    0 |    36 |      0 |      0 |          0 |
|             i_cdc_reset_ctrlr_half_a                                                                  |                                     cdc_reset_ctrlr_half__xdcDup__1 |         26 |         26 |       0 |    0 |    18 |      0 |      0 |          0 |
|               (i_cdc_reset_ctrlr_half_a)                                                              |                                     cdc_reset_ctrlr_half__xdcDup__1 |          5 |          5 |       0 |    0 |     6 |      0 |      0 |          0 |
|               i_state_transition_cdc_dst                                                              |                                           cdc_4phase_dst__xdcDup__1 |          9 |          9 |       0 |    0 |     5 |      0 |      0 |          0 |
|                 (i_state_transition_cdc_dst)                                                          |                                           cdc_4phase_dst__xdcDup__1 |          8 |          8 |       0 |    0 |     3 |      0 |      0 |          0 |
|                 i_sync                                                                                |                                                            sync__78 |          1 |          1 |       0 |    0 |     2 |      0 |      0 |          0 |
|               i_state_transition_cdc_src                                                              |                                           cdc_4phase_src__xdcDup__1 |         12 |         12 |       0 |    0 |     7 |      0 |      0 |          0 |
|                 (i_state_transition_cdc_src)                                                          |                                           cdc_4phase_src__xdcDup__1 |         11 |         11 |       0 |    0 |     5 |      0 |      0 |          0 |
|                 i_sync                                                                                |                                                            sync__79 |          1 |          1 |       0 |    0 |     2 |      0 |      0 |          0 |
|             i_cdc_reset_ctrlr_half_b                                                                  |                                     cdc_reset_ctrlr_half__xdcDup__2 |         26 |         26 |       0 |    0 |    18 |      0 |      0 |          0 |
|               (i_cdc_reset_ctrlr_half_b)                                                              |                                     cdc_reset_ctrlr_half__xdcDup__2 |          5 |          5 |       0 |    0 |     6 |      0 |      0 |          0 |
|               i_state_transition_cdc_dst                                                              |                                           cdc_4phase_dst__xdcDup__2 |         10 |         10 |       0 |    0 |     5 |      0 |      0 |          0 |
|                 (i_state_transition_cdc_dst)                                                          |                                           cdc_4phase_dst__xdcDup__2 |          9 |          9 |       0 |    0 |     3 |      0 |      0 |          0 |
|                 i_sync                                                                                |                                                            sync__76 |          1 |          1 |       0 |    0 |     2 |      0 |      0 |          0 |
|               i_state_transition_cdc_src                                                              |                                           cdc_4phase_src__xdcDup__2 |         12 |         12 |       0 |    0 |     7 |      0 |      0 |          0 |
|                 (i_state_transition_cdc_src)                                                          |                                           cdc_4phase_src__xdcDup__2 |         11 |         11 |       0 |    0 |     5 |      0 |      0 |          0 |
|                 i_sync                                                                                |                                                            sync__77 |          1 |          1 |       0 |    0 |     2 |      0 |      0 |          0 |
|           i_dst                                                                                       |                                            cdc_2phase_dst_clearable |        282 |        282 |       0 |    0 |    46 |      0 |      0 |          0 |
|             (i_dst)                                                                                   |                                            cdc_2phase_dst_clearable |        281 |        281 |       0 |    0 |    43 |      0 |      0 |          0 |
|             i_sync                                                                                    |                                             sync__parameterized1__3 |          1 |          1 |       0 |    0 |     3 |      0 |      0 |          0 |
|           i_src                                                                                       |                                            cdc_2phase_src_clearable |         46 |         46 |       0 |    0 |    45 |      0 |      0 |          0 |
|             (i_src)                                                                                   |                                            cdc_2phase_src_clearable |         45 |         45 |       0 |    0 |    42 |      0 |      0 |          0 |
|             i_sync                                                                                    |                                                sync__parameterized1 |          1 |          1 |       0 |    0 |     3 |      0 |      0 |          0 |
|         i_cdc_resp                                                                                    |                                cdc_2phase_clearable__parameterized0 |        128 |        128 |       0 |    0 |   117 |      0 |      0 |          0 |
|           (i_cdc_resp)                                                                                |                                cdc_2phase_clearable__parameterized0 |          0 |          0 |       0 |    0 |     4 |      0 |      0 |          0 |
|           i_cdc_reset_ctrlr                                                                           |                                                     cdc_reset_ctrlr |         55 |         55 |       0 |    0 |    36 |      0 |      0 |          0 |
|             (i_cdc_reset_ctrlr)                                                                       |                                                     cdc_reset_ctrlr |          1 |          1 |       0 |    0 |     0 |      0 |      0 |          0 |
|             i_cdc_reset_ctrlr_half_a                                                                  |                                     cdc_reset_ctrlr_half__xdcDup__3 |         25 |         25 |       0 |    0 |    18 |      0 |      0 |          0 |
|               (i_cdc_reset_ctrlr_half_a)                                                              |                                     cdc_reset_ctrlr_half__xdcDup__3 |          5 |          5 |       0 |    0 |     6 |      0 |      0 |          0 |
|               i_state_transition_cdc_dst                                                              |                                           cdc_4phase_dst__xdcDup__3 |          9 |          9 |       0 |    0 |     5 |      0 |      0 |          0 |
|                 (i_state_transition_cdc_dst)                                                          |                                           cdc_4phase_dst__xdcDup__3 |          8 |          8 |       0 |    0 |     3 |      0 |      0 |          0 |
|                 i_sync                                                                                |                                                            sync__74 |          1 |          1 |       0 |    0 |     2 |      0 |      0 |          0 |
|               i_state_transition_cdc_src                                                              |                                           cdc_4phase_src__xdcDup__3 |         12 |         12 |       0 |    0 |     7 |      0 |      0 |          0 |
|                 (i_state_transition_cdc_src)                                                          |                                           cdc_4phase_src__xdcDup__3 |         11 |         11 |       0 |    0 |     5 |      0 |      0 |          0 |
|                 i_sync                                                                                |                                                            sync__75 |          1 |          1 |       0 |    0 |     2 |      0 |      0 |          0 |
|             i_cdc_reset_ctrlr_half_b                                                                  |                                                cdc_reset_ctrlr_half |         30 |         30 |       0 |    0 |    18 |      0 |      0 |          0 |
|               (i_cdc_reset_ctrlr_half_b)                                                              |                                                cdc_reset_ctrlr_half |          6 |          6 |       0 |    0 |     6 |      0 |      0 |          0 |
|               i_state_transition_cdc_dst                                                              |                                                      cdc_4phase_dst |         12 |         12 |       0 |    0 |     5 |      0 |      0 |          0 |
|                 (i_state_transition_cdc_dst)                                                          |                                                      cdc_4phase_dst |         11 |         11 |       0 |    0 |     3 |      0 |      0 |          0 |
|                 i_sync                                                                                |                                                            sync__72 |          1 |          1 |       0 |    0 |     2 |      0 |      0 |          0 |
|               i_state_transition_cdc_src                                                              |                                                      cdc_4phase_src |         12 |         12 |       0 |    0 |     7 |      0 |      0 |          0 |
|                 (i_state_transition_cdc_src)                                                          |                                                      cdc_4phase_src |         11 |         11 |       0 |    0 |     5 |      0 |      0 |          0 |
|                 i_sync                                                                                |                                                            sync__73 |          1 |          1 |       0 |    0 |     2 |      0 |      0 |          0 |
|           i_dst                                                                                       |                            cdc_2phase_dst_clearable__parameterized0 |         70 |         70 |       0 |    0 |    39 |      0 |      0 |          0 |
|             (i_dst)                                                                                   |                            cdc_2phase_dst_clearable__parameterized0 |         69 |         69 |       0 |    0 |    36 |      0 |      0 |          0 |
|             i_sync                                                                                    |                                             sync__parameterized1__1 |          1 |          1 |       0 |    0 |     3 |      0 |      0 |          0 |
|           i_src                                                                                       |                            cdc_2phase_src_clearable__parameterized0 |          4 |          4 |       0 |    0 |    38 |      0 |      0 |          0 |
|             (i_src)                                                                                   |                            cdc_2phase_src_clearable__parameterized0 |          3 |          3 |       0 |    0 |    35 |      0 |      0 |          0 |
|             i_sync                                                                                    |                                             sync__parameterized1__2 |          1 |          1 |       0 |    0 |     3 |      0 |      0 |          0 |
|       i_dmi_jtag_tap                                                                                  |                                                        dmi_jtag_tap |        127 |        127 |       0 |    0 |    60 |      0 |      0 |          0 |
|         (i_dmi_jtag_tap)                                                                              |                                                        dmi_jtag_tap |        126 |        126 |       0 |    0 |    60 |      0 |      0 |          0 |
|         i_dft_tck_mux                                                                                 |                                                     tc_clk_mux2_191 |          1 |          1 |       0 |    0 |     0 |      0 |      0 |          0 |
|     i_dbg_sba_axi_from_mem                                                                            |                                                        axi_from_mem |         13 |         13 |       0 |    0 |    13 |      0 |      0 |          0 |
|       i_axi_lite_from_mem                                                                             |                                                   axi_lite_from_mem |         13 |         13 |       0 |    0 |    13 |      0 |      0 |          0 |
|         (i_axi_lite_from_mem)                                                                         |                                                   axi_lite_from_mem |          0 |          0 |       0 |    0 |     2 |      0 |      0 |          0 |
|         i_fifo_rsp_mux                                                                                |                                            fifo_v3__parameterized61 |         13 |         13 |       0 |    0 |    11 |      0 |      0 |          0 |
|     i_dbg_slv_axi_atomics                                                                             |                         axi_riscv_atomics_structs__parameterized0_4 |       2621 |       2621 |       0 |    0 |  1580 |      0 |      0 |          0 |
|       (i_dbg_slv_axi_atomics)                                                                         |                         axi_riscv_atomics_structs__parameterized0_4 |        566 |        566 |       0 |    0 |     0 |      0 |      0 |          0 |
|       i_axi_riscv_atomics_wrap                                                                        |                              axi_riscv_atomics_wrap__parameterized0 |       2072 |       2072 |       0 |    0 |  1580 |      0 |      0 |          0 |
|         i_atomics                                                                                     |                                   axi_riscv_atomics__parameterized0 |       2072 |       2072 |       0 |    0 |  1580 |      0 |      0 |          0 |
|           (i_atomics)                                                                                 |                                   axi_riscv_atomics__parameterized0 |          1 |          1 |       0 |    0 |     0 |      0 |      0 |          0 |
|           i_amos                                                                                      |                                      axi_riscv_amos__parameterized0 |        626 |        626 |       0 |    0 |   307 |      0 |      0 |          0 |
|           i_axi_wide_in_cut                                                                           |                                                    axi_multicut_168 |        430 |        430 |       0 |    0 |   559 |      0 |      0 |          0 |
|             gen_axi_cut.gen_axi_cuts[0].i_cut                                                         |                                                         axi_cut_180 |        430 |        430 |       0 |    0 |   559 |      0 |      0 |          0 |
|               i_reg_ar                                                                                |                                  spill_register__parameterized3_181 |        226 |        226 |       0 |    0 |   128 |      0 |      0 |          0 |
|                 spill_register_flushable_i                                                            |                        spill_register_flushable__parameterized3_190 |        226 |        226 |       0 |    0 |   128 |      0 |      0 |          0 |
|               i_reg_aw                                                                                |                                  spill_register__parameterized1_182 |        115 |        115 |       0 |    0 |   129 |      0 |      0 |          0 |
|                 spill_register_flushable_i                                                            |                        spill_register_flushable__parameterized1_189 |        115 |        115 |       0 |    0 |   129 |      0 |      0 |          0 |
|               i_reg_b                                                                                 |                                                  spill_register_183 |         10 |         10 |       0 |    0 |    12 |      0 |      0 |          0 |
|                 spill_register_flushable_i                                                            |                                        spill_register_flushable_188 |         10 |         10 |       0 |    0 |    12 |      0 |      0 |          0 |
|               i_reg_r                                                                                 |                                  spill_register__parameterized0_184 |         41 |         41 |       0 |    0 |   142 |      0 |      0 |          0 |
|                 spill_register_flushable_i                                                            |                        spill_register_flushable__parameterized0_187 |         41 |         41 |       0 |    0 |   142 |      0 |      0 |          0 |
|               i_reg_w                                                                                 |                                  spill_register__parameterized2_185 |         38 |         38 |       0 |    0 |   148 |      0 |      0 |          0 |
|                 spill_register_flushable_i                                                            |                        spill_register_flushable__parameterized2_186 |         38 |         38 |       0 |    0 |   148 |      0 |      0 |          0 |
|           i_lrsc                                                                                      |                                      axi_riscv_lrsc__parameterized0 |       1016 |       1016 |       0 |    0 |   714 |      0 |      0 |          0 |
|             (i_lrsc)                                                                                  |                                      axi_riscv_lrsc__parameterized0 |         23 |         23 |       0 |    0 |    60 |      0 |      0 |          0 |
|             i_ar_push_fork                                                                            |                                                     stream_fork_169 |          4 |          4 |       0 |    0 |     3 |      0 |      0 |          0 |
|             i_art                                                                                     |                                                     axi_res_tbl_170 |         31 |         31 |       0 |    0 |    45 |      0 |      0 |          0 |
|             i_aw_trans_reg                                                                            |                                           fall_through_register_171 |        137 |        137 |       0 |    0 |    64 |      0 |      0 |          0 |
|               i_fifo                                                                                  |                                         fifo_v3__parameterized1_179 |        137 |        137 |       0 |    0 |    64 |      0 |      0 |          0 |
|             i_b_inj_fifo                                                                              |                                            fifo_v3__parameterized24 |         45 |         45 |       0 |    0 |    23 |      0 |      0 |          0 |
|             i_b_status_queue                                                                          |                                            id_queue__parameterized3 |        165 |        165 |       0 |    0 |    56 |      0 |      0 |          0 |
|             i_mst_b_fork                                                                              |                                                     stream_fork_172 |          2 |          2 |       0 |    0 |     3 |      0 |      0 |          0 |
|             i_read_in_flight_queue                                                                    |                                            id_queue__parameterized2 |        114 |        114 |       0 |    0 |    52 |      0 |      0 |          0 |
|             i_w_cmd_fifo                                                                              |                                            fifo_v3__parameterized23 |         43 |         43 |       0 |    0 |    27 |      0 |      0 |          0 |
|             i_wifq_exists_arb                                                                         |                                                  stream_arbiter_173 |          0 |          0 |       0 |    0 |     1 |      0 |      0 |          0 |
|               i_arb                                                                                   |                                        stream_arbiter_flushable_177 |          0 |          0 |       0 |    0 |     1 |      0 |      0 |          0 |
|                 gen_rr_arb.i_arbiter                                                                  |                                                     rr_arb_tree_178 |          0 |          0 |       0 |    0 |     1 |      0 |      0 |          0 |
|             i_write_in_flight_queue                                                                   |                                            id_queue__parameterized4 |        416 |        416 |       0 |    0 |   232 |      0 |      0 |          0 |
|             slv_b_reg                                                                                 |                                                 stream_register_174 |          1 |          1 |       0 |    0 |     6 |      0 |      0 |          0 |
|             slv_r_reg                                                                                 |                                  spill_register__parameterized4_175 |         37 |         37 |       0 |    0 |   142 |      0 |      0 |          0 |
|               spill_register_flushable_i                                                              |                        spill_register_flushable__parameterized4_176 |         37 |         37 |       0 |    0 |   142 |      0 |      0 |          0 |
|     i_dbg_slv_axi_atomics_cut                                                                         |                                                           axi_cut_5 |        283 |        283 |       0 |    0 |   406 |      0 |      0 |          0 |
|       i_reg_ar                                                                                        |                                  spill_register__parameterized3_158 |         56 |         56 |       0 |    0 |    54 |      0 |      0 |          0 |
|         spill_register_flushable_i                                                                    |                        spill_register_flushable__parameterized3_167 |         56 |         56 |       0 |    0 |    54 |      0 |      0 |          0 |
|       i_reg_aw                                                                                        |                                  spill_register__parameterized1_159 |         59 |         59 |       0 |    0 |    54 |      0 |      0 |          0 |
|         spill_register_flushable_i                                                                    |                        spill_register_flushable__parameterized1_166 |         59 |         59 |       0 |    0 |    54 |      0 |      0 |          0 |
|       i_reg_b                                                                                         |                                                  spill_register_160 |         28 |         28 |       0 |    0 |    10 |      0 |      0 |          0 |
|         spill_register_flushable_i                                                                    |                                        spill_register_flushable_165 |         28 |         28 |       0 |    0 |    10 |      0 |      0 |          0 |
|       i_reg_r                                                                                         |                                  spill_register__parameterized0_161 |        101 |        101 |       0 |    0 |   140 |      0 |      0 |          0 |
|         spill_register_flushable_i                                                                    |                        spill_register_flushable__parameterized0_164 |        101 |        101 |       0 |    0 |   140 |      0 |      0 |          0 |
|       i_reg_w                                                                                         |                                  spill_register__parameterized2_162 |         39 |         39 |       0 |    0 |   148 |      0 |      0 |          0 |
|         spill_register_flushable_i                                                                    |                        spill_register_flushable__parameterized2_163 |         39 |         39 |       0 |    0 |   148 |      0 |      0 |          0 |
|     i_dbg_slv_axi_to_mem                                                                              |                                              axi_to_mem_interleaved |        875 |        875 |       0 |    0 |  1072 |      0 |      0 |          0 |
|       genblk1[0].i_fifo_v3_response_trgt_store                                                        |                                            fifo_v3__parameterized54 |         62 |         62 |       0 |    0 |    15 |      0 |      0 |          0 |
|       genblk1[0].i_rr_arb_tree                                                                        |                                        rr_arb_tree__parameterized22 |          0 |          0 |       0 |    0 |     1 |      0 |      0 |          0 |
|       i_axi_to_mem_read                                                                               |                                                          axi_to_mem |        277 |        277 |       0 |    0 |   519 |      0 |      0 |          0 |
|         i_axi_to_detailed_mem                                                                         |                             axi_to_detailed_mem__parameterized0_142 |        277 |        277 |       0 |    0 |   519 |      0 |      0 |          0 |
|           (i_axi_to_detailed_mem)                                                                     |                             axi_to_detailed_mem__parameterized0_142 |         35 |         35 |       0 |    0 |    48 |      0 |      0 |          0 |
|           i_fork                                                                                      |                                     stream_fork__parameterized0_143 |          5 |          5 |       0 |    0 |     4 |      0 |      0 |          0 |
|           i_fork_dynamic                                                                              |                                             stream_fork_dynamic_144 |          3 |          3 |       0 |    0 |     3 |      0 |      0 |          0 |
|             i_fork                                                                                    |                                                     stream_fork_157 |          3 |          3 |       0 |    0 |     3 |      0 |      0 |          0 |
|           i_mem_to_banks                                                                              |                           mem_to_banks_detailed__parameterized0_145 |         14 |         14 |       0 |    0 |   147 |      0 |      0 |          0 |
|             gen_reqs[0].i_ft_reg                                                                      |                                    stream_fifo__parameterized16_153 |         14 |         14 |       0 |    0 |    83 |      0 |      0 |          0 |
|               fifo_i                                                                                  |                                        fifo_v3__parameterized58_156 |         14 |         14 |       0 |    0 |    83 |      0 |      0 |          0 |
|             gen_resp_regs[0].i_ft_reg                                                                 |                                    stream_fifo__parameterized17_154 |          0 |          0 |       0 |    0 |    64 |      0 |      0 |          0 |
|               fifo_i                                                                                  |                                        fifo_v3__parameterized59_155 |          0 |          0 |       0 |    0 |    64 |      0 |      0 |          0 |
|           i_meta_buf                                                                                  |                                    stream_fifo__parameterized14_146 |         42 |         42 |       0 |    0 |    35 |      0 |      0 |          0 |
|             fifo_i                                                                                    |                                        fifo_v3__parameterized56_152 |         42 |         42 |       0 |    0 |    35 |      0 |      0 |          0 |
|           i_sel_buf                                                                                   |                                    stream_fifo__parameterized13_147 |         41 |         41 |       0 |    0 |    15 |      0 |      0 |          0 |
|             fifo_i                                                                                    |                                        fifo_v3__parameterized55_151 |         41 |         41 |       0 |    0 |    15 |      0 |      0 |          0 |
|           i_stream_to_mem                                                                             |                                   stream_to_mem__parameterized0_148 |        142 |        142 |       0 |    0 |   267 |      0 |      0 |          0 |
|             (i_stream_to_mem)                                                                         |                                   stream_to_mem__parameterized0_148 |          7 |          7 |       0 |    0 |     4 |      0 |      0 |          0 |
|             gen_buf.i_resp_buf                                                                        |                                    stream_fifo__parameterized15_149 |        135 |        135 |       0 |    0 |   263 |      0 |      0 |          0 |
|               fifo_i                                                                                  |                                        fifo_v3__parameterized57_150 |        135 |        135 |       0 |    0 |   263 |      0 |      0 |          0 |
|       i_axi_to_mem_write                                                                              |                                                      axi_to_mem_139 |        521 |        521 |       0 |    0 |   526 |      0 |      0 |          0 |
|         i_axi_to_detailed_mem                                                                         |                                 axi_to_detailed_mem__parameterized0 |        521 |        521 |       0 |    0 |   526 |      0 |      0 |          0 |
|           (i_axi_to_detailed_mem)                                                                     |                                 axi_to_detailed_mem__parameterized0 |         33 |         33 |       0 |    0 |    49 |      0 |      0 |          0 |
|           i_fork                                                                                      |                                         stream_fork__parameterized0 |          8 |          8 |       0 |    0 |     4 |      0 |      0 |          0 |
|           i_fork_dynamic                                                                              |                                                 stream_fork_dynamic |         11 |         11 |       0 |    0 |     3 |      0 |      0 |          0 |
|             i_fork                                                                                    |                                                     stream_fork_141 |         11 |         11 |       0 |    0 |     3 |      0 |      0 |          0 |
|           i_mem_to_banks                                                                              |                               mem_to_banks_detailed__parameterized0 |        249 |        249 |       0 |    0 |   148 |      0 |      0 |          0 |
|             gen_reqs[0].i_ft_reg                                                                      |                                        stream_fifo__parameterized16 |        249 |        249 |       0 |    0 |    84 |      0 |      0 |          0 |
|               fifo_i                                                                                  |                                            fifo_v3__parameterized58 |        249 |        249 |       0 |    0 |    84 |      0 |      0 |          0 |
|             gen_resp_regs[0].i_ft_reg                                                                 |                                        stream_fifo__parameterized17 |          0 |          0 |       0 |    0 |    64 |      0 |      0 |          0 |
|               fifo_i                                                                                  |                                            fifo_v3__parameterized59 |          0 |          0 |       0 |    0 |    64 |      0 |      0 |          0 |
|           i_meta_buf                                                                                  |                                        stream_fifo__parameterized14 |         37 |         37 |       0 |    0 |    35 |      0 |      0 |          0 |
|             fifo_i                                                                                    |                                            fifo_v3__parameterized56 |         37 |         37 |       0 |    0 |    35 |      0 |      0 |          0 |
|           i_sel_buf                                                                                   |                                        stream_fifo__parameterized13 |         41 |         41 |       0 |    0 |    20 |      0 |      0 |          0 |
|             fifo_i                                                                                    |                                            fifo_v3__parameterized55 |         41 |         41 |       0 |    0 |    20 |      0 |      0 |          0 |
|           i_stream_to_mem                                                                             |                                       stream_to_mem__parameterized0 |        143 |        143 |       0 |    0 |   267 |      0 |      0 |          0 |
|             (i_stream_to_mem)                                                                         |                                       stream_to_mem__parameterized0 |          5 |          5 |       0 |    0 |     4 |      0 |      0 |          0 |
|             gen_buf.i_resp_buf                                                                        |                                        stream_fifo__parameterized15 |        138 |        138 |       0 |    0 |   263 |      0 |      0 |          0 |
|               fifo_i                                                                                  |                                            fifo_v3__parameterized57 |        138 |        138 |       0 |    0 |   263 |      0 |      0 |          0 |
|       i_split_read_write                                                                              |                                    axi_demux_simple__parameterized4 |         16 |         16 |       0 |    0 |    11 |      0 |      0 |          0 |
|         (i_split_read_write)                                                                          |                                    axi_demux_simple__parameterized4 |          1 |          1 |       0 |    0 |     3 |      0 |      0 |          0 |
|         i_b_mux                                                                                       |                                         rr_arb_tree__parameterized0 |          0 |          0 |       0 |    0 |     2 |      0 |      0 |          0 |
|         i_counter_open_w                                                                              |                                             counter__parameterized9 |         14 |         14 |       0 |    0 |     2 |      0 |      0 |          0 |
|           i_counter                                                                                   |                                       delta_counter__parameterized9 |         14 |         14 |       0 |    0 |     2 |      0 |      0 |          0 |
|         i_r_mux                                                                                       |                                     rr_arb_tree__parameterized0_140 |          1 |          1 |       0 |    0 |     4 |      0 |      0 |          0 |
|     i_plic                                                                                            |                                                             rv_plic |        308 |        308 |       0 |    0 |   298 |      0 |      0 |          0 |
|       gen_target[0].u_target                                                                          |                                                      rv_plic_target |          6 |          6 |       0 |    0 |     6 |      0 |      0 |          0 |
|       u_gateway                                                                                       |                                                     rv_plic_gateway |         80 |         80 |       0 |    0 |    64 |      0 |      0 |          0 |
|       u_prim_flop_2sync                                                                               |                                     prim_flop_2sync__parameterized1 |         18 |         18 |       0 |    0 |    64 |      0 |      0 |          0 |
|         gen_syncs[0].i_sync                                                                           |                                                            sync__81 |          1 |          1 |       0 |    0 |     2 |      0 |      0 |          0 |
|         gen_syncs[10].i_sync                                                                          |                                                            sync__91 |          1 |          1 |       0 |    0 |     2 |      0 |      0 |          0 |
|         gen_syncs[11].i_sync                                                                          |                                                            sync__92 |          1 |          1 |       0 |    0 |     2 |      0 |      0 |          0 |
|         gen_syncs[12].i_sync                                                                          |                                                            sync__93 |          1 |          1 |       0 |    0 |     2 |      0 |      0 |          0 |
|         gen_syncs[13].i_sync                                                                          |                                                            sync__94 |          1 |          1 |       0 |    0 |     2 |      0 |      0 |          0 |
|         gen_syncs[14].i_sync                                                                          |                                                            sync__95 |          1 |          1 |       0 |    0 |     2 |      0 |      0 |          0 |
|         gen_syncs[15].i_sync                                                                          |                                                            sync__96 |          1 |          1 |       0 |    0 |     2 |      0 |      0 |          0 |
|         gen_syncs[16].i_sync                                                                          |                                                            sync__97 |          1 |          1 |       0 |    0 |     2 |      0 |      0 |          0 |
|         gen_syncs[17].i_sync                                                                          |                                                            sync__98 |          1 |          1 |       0 |    0 |     2 |      0 |      0 |          0 |
|         gen_syncs[18].i_sync                                                                          |                                                            sync__99 |          1 |          1 |       0 |    0 |     2 |      0 |      0 |          0 |
|         gen_syncs[19].i_sync                                                                          |                                                           sync__100 |          1 |          1 |       0 |    0 |     2 |      0 |      0 |          0 |
|         gen_syncs[1].i_sync                                                                           |                                                            sync__82 |          1 |          1 |       0 |    0 |     2 |      0 |      0 |          0 |
|         gen_syncs[20].i_sync                                                                          |                                                           sync__101 |          1 |          1 |       0 |    0 |     2 |      0 |      0 |          0 |
|         gen_syncs[21].i_sync                                                                          |                                                           sync__102 |          1 |          1 |       0 |    0 |     2 |      0 |      0 |          0 |
|         gen_syncs[22].i_sync                                                                          |                                                           sync__103 |          1 |          1 |       0 |    0 |     2 |      0 |      0 |          0 |
|         gen_syncs[23].i_sync                                                                          |                                                           sync__104 |          1 |          1 |       0 |    0 |     2 |      0 |      0 |          0 |
|         gen_syncs[24].i_sync                                                                          |                                                           sync__105 |          1 |          1 |       0 |    0 |     2 |      0 |      0 |          0 |
|         gen_syncs[25].i_sync                                                                          |                                                           sync__106 |          1 |          1 |       0 |    0 |     2 |      0 |      0 |          0 |
|         gen_syncs[26].i_sync                                                                          |                                                           sync__107 |          1 |          1 |       0 |    0 |     2 |      0 |      0 |          0 |
|         gen_syncs[27].i_sync                                                                          |                                                           sync__108 |          1 |          1 |       0 |    0 |     2 |      0 |      0 |          0 |
|         gen_syncs[28].i_sync                                                                          |                                                           sync__109 |          1 |          1 |       0 |    0 |     2 |      0 |      0 |          0 |
|         gen_syncs[29].i_sync                                                                          |                                                           sync__110 |          1 |          1 |       0 |    0 |     2 |      0 |      0 |          0 |
|         gen_syncs[2].i_sync                                                                           |                                                            sync__83 |          1 |          1 |       0 |    0 |     2 |      0 |      0 |          0 |
|         gen_syncs[30].i_sync                                                                          |                                                           sync__111 |          1 |          1 |       0 |    0 |     2 |      0 |      0 |          0 |
|         gen_syncs[31].i_sync                                                                          |                                                           sync__112 |          1 |          1 |       0 |    0 |     2 |      0 |      0 |          0 |
|         gen_syncs[3].i_sync                                                                           |                                                            sync__84 |          1 |          1 |       0 |    0 |     2 |      0 |      0 |          0 |
|         gen_syncs[4].i_sync                                                                           |                                                            sync__85 |          1 |          1 |       0 |    0 |     2 |      0 |      0 |          0 |
|         gen_syncs[5].i_sync                                                                           |                                                            sync__86 |          1 |          1 |       0 |    0 |     2 |      0 |      0 |          0 |
|         gen_syncs[6].i_sync                                                                           |                                                            sync__87 |          1 |          1 |       0 |    0 |     2 |      0 |      0 |          0 |
|         gen_syncs[7].i_sync                                                                           |                                                            sync__88 |          1 |          1 |       0 |    0 |     2 |      0 |      0 |          0 |
|         gen_syncs[8].i_sync                                                                           |                                                            sync__89 |          1 |          1 |       0 |    0 |     2 |      0 |      0 |          0 |
|         gen_syncs[9].i_sync                                                                           |                                                            sync__90 |          1 |          1 |       0 |    0 |     2 |      0 |      0 |          0 |
|       u_reg                                                                                           |                                                     rv_plic_reg_top |        220 |        220 |       0 |    0 |   164 |      0 |      0 |          0 |
|         u_ie0_e_0                                                                                     |                                         prim_subreg__parameterized4 |          0 |          0 |       0 |    0 |     1 |      0 |      0 |          0 |
|         u_ie0_e_1                                                                                     |                                      prim_subreg__parameterized4_44 |          1 |          1 |       0 |    0 |     1 |      0 |      0 |          0 |
|         u_ie0_e_10                                                                                    |                                      prim_subreg__parameterized4_45 |          0 |          0 |       0 |    0 |     1 |      0 |      0 |          0 |
|         u_ie0_e_11                                                                                    |                                      prim_subreg__parameterized4_46 |          2 |          2 |       0 |    0 |     1 |      0 |      0 |          0 |
|         u_ie0_e_12                                                                                    |                                      prim_subreg__parameterized4_47 |          0 |          0 |       0 |    0 |     1 |      0 |      0 |          0 |
|         u_ie0_e_13                                                                                    |                                      prim_subreg__parameterized4_48 |          1 |          1 |       0 |    0 |     1 |      0 |      0 |          0 |
|         u_ie0_e_14                                                                                    |                                      prim_subreg__parameterized4_49 |          0 |          0 |       0 |    0 |     1 |      0 |      0 |          0 |
|         u_ie0_e_15                                                                                    |                                      prim_subreg__parameterized4_50 |          4 |          4 |       0 |    0 |     1 |      0 |      0 |          0 |
|         u_ie0_e_16                                                                                    |                                      prim_subreg__parameterized4_51 |          0 |          0 |       0 |    0 |     1 |      0 |      0 |          0 |
|         u_ie0_e_17                                                                                    |                                      prim_subreg__parameterized4_52 |          1 |          1 |       0 |    0 |     1 |      0 |      0 |          0 |
|         u_ie0_e_18                                                                                    |                                      prim_subreg__parameterized4_53 |          0 |          0 |       0 |    0 |     1 |      0 |      0 |          0 |
|         u_ie0_e_19                                                                                    |                                      prim_subreg__parameterized4_54 |          2 |          2 |       0 |    0 |     1 |      0 |      0 |          0 |
|         u_ie0_e_2                                                                                     |                                      prim_subreg__parameterized4_55 |          0 |          0 |       0 |    0 |     1 |      0 |      0 |          0 |
|         u_ie0_e_20                                                                                    |                                      prim_subreg__parameterized4_56 |          0 |          0 |       0 |    0 |     1 |      0 |      0 |          0 |
|         u_ie0_e_21                                                                                    |                                      prim_subreg__parameterized4_57 |          1 |          1 |       0 |    0 |     1 |      0 |      0 |          0 |
|         u_ie0_e_22                                                                                    |                                      prim_subreg__parameterized4_58 |          0 |          0 |       0 |    0 |     1 |      0 |      0 |          0 |
|         u_ie0_e_23                                                                                    |                                      prim_subreg__parameterized4_59 |          3 |          3 |       0 |    0 |     1 |      0 |      0 |          0 |
|         u_ie0_e_24                                                                                    |                                      prim_subreg__parameterized4_60 |          0 |          0 |       0 |    0 |     1 |      0 |      0 |          0 |
|         u_ie0_e_25                                                                                    |                                      prim_subreg__parameterized4_61 |          1 |          1 |       0 |    0 |     1 |      0 |      0 |          0 |
|         u_ie0_e_26                                                                                    |                                      prim_subreg__parameterized4_62 |          0 |          0 |       0 |    0 |     1 |      0 |      0 |          0 |
|         u_ie0_e_27                                                                                    |                                      prim_subreg__parameterized4_63 |          2 |          2 |       0 |    0 |     1 |      0 |      0 |          0 |
|         u_ie0_e_28                                                                                    |                                      prim_subreg__parameterized4_64 |          0 |          0 |       0 |    0 |     1 |      0 |      0 |          0 |
|         u_ie0_e_29                                                                                    |                                      prim_subreg__parameterized4_65 |          1 |          1 |       0 |    0 |     1 |      0 |      0 |          0 |
|         u_ie0_e_3                                                                                     |                                      prim_subreg__parameterized4_66 |          2 |          2 |       0 |    0 |     1 |      0 |      0 |          0 |
|         u_ie0_e_30                                                                                    |                                      prim_subreg__parameterized4_67 |          0 |          0 |       0 |    0 |     1 |      0 |      0 |          0 |
|         u_ie0_e_31                                                                                    |                                      prim_subreg__parameterized4_68 |          5 |          5 |       0 |    0 |     1 |      0 |      0 |          0 |
|         u_ie0_e_4                                                                                     |                                      prim_subreg__parameterized4_69 |          0 |          0 |       0 |    0 |     1 |      0 |      0 |          0 |
|         u_ie0_e_5                                                                                     |                                      prim_subreg__parameterized4_70 |          1 |          1 |       0 |    0 |     1 |      0 |      0 |          0 |
|         u_ie0_e_6                                                                                     |                                      prim_subreg__parameterized4_71 |          0 |          0 |       0 |    0 |     1 |      0 |      0 |          0 |
|         u_ie0_e_7                                                                                     |                                      prim_subreg__parameterized4_72 |          3 |          3 |       0 |    0 |     1 |      0 |      0 |          0 |
|         u_ie0_e_8                                                                                     |                                      prim_subreg__parameterized4_73 |          0 |          0 |       0 |    0 |     1 |      0 |      0 |          0 |
|         u_ie0_e_9                                                                                     |                                      prim_subreg__parameterized4_74 |          1 |          1 |       0 |    0 |     1 |      0 |      0 |          0 |
|         u_ip_p_0                                                                                      |                                         prim_subreg__parameterized2 |          0 |          0 |       0 |    0 |     1 |      0 |      0 |          0 |
|         u_ip_p_1                                                                                      |                                      prim_subreg__parameterized2_75 |          0 |          0 |       0 |    0 |     1 |      0 |      0 |          0 |
|         u_ip_p_10                                                                                     |                                      prim_subreg__parameterized2_76 |          0 |          0 |       0 |    0 |     1 |      0 |      0 |          0 |
|         u_ip_p_11                                                                                     |                                      prim_subreg__parameterized2_77 |          0 |          0 |       0 |    0 |     1 |      0 |      0 |          0 |
|         u_ip_p_12                                                                                     |                                      prim_subreg__parameterized2_78 |          0 |          0 |       0 |    0 |     1 |      0 |      0 |          0 |
|         u_ip_p_13                                                                                     |                                      prim_subreg__parameterized2_79 |          0 |          0 |       0 |    0 |     1 |      0 |      0 |          0 |
|         u_ip_p_14                                                                                     |                                      prim_subreg__parameterized2_80 |          0 |          0 |       0 |    0 |     1 |      0 |      0 |          0 |
|         u_ip_p_15                                                                                     |                                      prim_subreg__parameterized2_81 |          0 |          0 |       0 |    0 |     1 |      0 |      0 |          0 |
|         u_ip_p_16                                                                                     |                                      prim_subreg__parameterized2_82 |          0 |          0 |       0 |    0 |     1 |      0 |      0 |          0 |
|         u_ip_p_17                                                                                     |                                      prim_subreg__parameterized2_83 |          0 |          0 |       0 |    0 |     1 |      0 |      0 |          0 |
|         u_ip_p_18                                                                                     |                                      prim_subreg__parameterized2_84 |          0 |          0 |       0 |    0 |     1 |      0 |      0 |          0 |
|         u_ip_p_19                                                                                     |                                      prim_subreg__parameterized2_85 |          0 |          0 |       0 |    0 |     1 |      0 |      0 |          0 |
|         u_ip_p_2                                                                                      |                                      prim_subreg__parameterized2_86 |          0 |          0 |       0 |    0 |     1 |      0 |      0 |          0 |
|         u_ip_p_20                                                                                     |                                      prim_subreg__parameterized2_87 |          0 |          0 |       0 |    0 |     1 |      0 |      0 |          0 |
|         u_ip_p_21                                                                                     |                                      prim_subreg__parameterized2_88 |          0 |          0 |       0 |    0 |     1 |      0 |      0 |          0 |
|         u_ip_p_22                                                                                     |                                      prim_subreg__parameterized2_89 |          0 |          0 |       0 |    0 |     1 |      0 |      0 |          0 |
|         u_ip_p_23                                                                                     |                                      prim_subreg__parameterized2_90 |          0 |          0 |       0 |    0 |     1 |      0 |      0 |          0 |
|         u_ip_p_24                                                                                     |                                      prim_subreg__parameterized2_91 |          0 |          0 |       0 |    0 |     1 |      0 |      0 |          0 |
|         u_ip_p_25                                                                                     |                                      prim_subreg__parameterized2_92 |          0 |          0 |       0 |    0 |     1 |      0 |      0 |          0 |
|         u_ip_p_26                                                                                     |                                      prim_subreg__parameterized2_93 |          0 |          0 |       0 |    0 |     1 |      0 |      0 |          0 |
|         u_ip_p_27                                                                                     |                                      prim_subreg__parameterized2_94 |          0 |          0 |       0 |    0 |     1 |      0 |      0 |          0 |
|         u_ip_p_28                                                                                     |                                      prim_subreg__parameterized2_95 |          0 |          0 |       0 |    0 |     1 |      0 |      0 |          0 |
|         u_ip_p_29                                                                                     |                                      prim_subreg__parameterized2_96 |          0 |          0 |       0 |    0 |     1 |      0 |      0 |          0 |
|         u_ip_p_3                                                                                      |                                      prim_subreg__parameterized2_97 |          0 |          0 |       0 |    0 |     1 |      0 |      0 |          0 |
|         u_ip_p_30                                                                                     |                                      prim_subreg__parameterized2_98 |          0 |          0 |       0 |    0 |     1 |      0 |      0 |          0 |
|         u_ip_p_31                                                                                     |                                      prim_subreg__parameterized2_99 |          0 |          0 |       0 |    0 |     1 |      0 |      0 |          0 |
|         u_ip_p_4                                                                                      |                                     prim_subreg__parameterized2_100 |          0 |          0 |       0 |    0 |     1 |      0 |      0 |          0 |
|         u_ip_p_5                                                                                      |                                     prim_subreg__parameterized2_101 |          0 |          0 |       0 |    0 |     1 |      0 |      0 |          0 |
|         u_ip_p_6                                                                                      |                                     prim_subreg__parameterized2_102 |          0 |          0 |       0 |    0 |     1 |      0 |      0 |          0 |
|         u_ip_p_7                                                                                      |                                     prim_subreg__parameterized2_103 |          0 |          0 |       0 |    0 |     1 |      0 |      0 |          0 |
|         u_ip_p_8                                                                                      |                                     prim_subreg__parameterized2_104 |          0 |          0 |       0 |    0 |     1 |      0 |      0 |          0 |
|         u_ip_p_9                                                                                      |                                     prim_subreg__parameterized2_105 |          0 |          0 |       0 |    0 |     1 |      0 |      0 |          0 |
|         u_msip0                                                                                       |                                     prim_subreg__parameterized4_106 |          0 |          0 |       0 |    0 |     1 |      0 |      0 |          0 |
|         u_prio0                                                                                       |                                         prim_subreg__parameterized7 |          0 |          0 |       0 |    0 |     3 |      0 |      0 |          0 |
|         u_prio1                                                                                       |                                     prim_subreg__parameterized7_107 |          9 |          9 |       0 |    0 |     3 |      0 |      0 |          0 |
|         u_prio10                                                                                      |                                     prim_subreg__parameterized7_108 |          0 |          0 |       0 |    0 |     3 |      0 |      0 |          0 |
|         u_prio11                                                                                      |                                     prim_subreg__parameterized7_109 |         11 |         11 |       0 |    0 |     3 |      0 |      0 |          0 |
|         u_prio12                                                                                      |                                     prim_subreg__parameterized7_110 |          0 |          0 |       0 |    0 |     3 |      0 |      0 |          0 |
|         u_prio13                                                                                      |                                     prim_subreg__parameterized7_111 |          6 |          6 |       0 |    0 |     3 |      0 |      0 |          0 |
|         u_prio14                                                                                      |                                     prim_subreg__parameterized7_112 |          0 |          0 |       0 |    0 |     3 |      0 |      0 |          0 |
|         u_prio15                                                                                      |                                     prim_subreg__parameterized7_113 |         23 |         23 |       0 |    0 |     3 |      0 |      0 |          0 |
|         u_prio16                                                                                      |                                     prim_subreg__parameterized7_114 |          0 |          0 |       0 |    0 |     3 |      0 |      0 |          0 |
|         u_prio17                                                                                      |                                     prim_subreg__parameterized7_115 |          8 |          8 |       0 |    0 |     3 |      0 |      0 |          0 |
|         u_prio18                                                                                      |                                     prim_subreg__parameterized7_116 |          0 |          0 |       0 |    0 |     3 |      0 |      0 |          0 |
|         u_prio19                                                                                      |                                     prim_subreg__parameterized7_117 |         11 |         11 |       0 |    0 |     3 |      0 |      0 |          0 |
|         u_prio2                                                                                       |                                     prim_subreg__parameterized7_118 |          8 |          8 |       0 |    0 |     3 |      0 |      0 |          0 |
|         u_prio20                                                                                      |                                     prim_subreg__parameterized7_119 |          0 |          0 |       0 |    0 |     3 |      0 |      0 |          0 |
|         u_prio21                                                                                      |                                     prim_subreg__parameterized7_120 |          6 |          6 |       0 |    0 |     3 |      0 |      0 |          0 |
|         u_prio22                                                                                      |                                     prim_subreg__parameterized7_121 |          0 |          0 |       0 |    0 |     3 |      0 |      0 |          0 |
|         u_prio23                                                                                      |                                     prim_subreg__parameterized7_122 |         17 |         17 |       0 |    0 |     3 |      0 |      0 |          0 |
|         u_prio24                                                                                      |                                     prim_subreg__parameterized7_123 |          0 |          0 |       0 |    0 |     3 |      0 |      0 |          0 |
|         u_prio25                                                                                      |                                     prim_subreg__parameterized7_124 |          7 |          7 |       0 |    0 |     3 |      0 |      0 |          0 |
|         u_prio26                                                                                      |                                     prim_subreg__parameterized7_125 |          0 |          0 |       0 |    0 |     3 |      0 |      0 |          0 |
|         u_prio27                                                                                      |                                     prim_subreg__parameterized7_126 |         11 |         11 |       0 |    0 |     3 |      0 |      0 |          0 |
|         u_prio28                                                                                      |                                     prim_subreg__parameterized7_127 |          0 |          0 |       0 |    0 |     3 |      0 |      0 |          0 |
|         u_prio29                                                                                      |                                     prim_subreg__parameterized7_128 |          6 |          6 |       0 |    0 |     3 |      0 |      0 |          0 |
|         u_prio3                                                                                       |                                     prim_subreg__parameterized7_129 |         14 |         14 |       0 |    0 |     3 |      0 |      0 |          0 |
|         u_prio30                                                                                      |                                     prim_subreg__parameterized7_130 |          0 |          0 |       0 |    0 |     3 |      0 |      0 |          0 |
|         u_prio31                                                                                      |                                     prim_subreg__parameterized7_131 |         33 |         33 |       0 |    0 |     3 |      0 |      0 |          0 |
|         u_prio4                                                                                       |                                     prim_subreg__parameterized7_132 |          0 |          0 |       0 |    0 |     3 |      0 |      0 |          0 |
|         u_prio5                                                                                       |                                     prim_subreg__parameterized7_133 |         14 |         14 |       0 |    0 |     3 |      0 |      0 |          0 |
|         u_prio6                                                                                       |                                     prim_subreg__parameterized7_134 |          3 |          3 |       0 |    0 |     3 |      0 |      0 |          0 |
|         u_prio7                                                                                       |                                     prim_subreg__parameterized7_135 |         17 |         17 |       0 |    0 |     3 |      0 |      0 |          0 |
|         u_prio8                                                                                       |                                     prim_subreg__parameterized7_136 |          0 |          0 |       0 |    0 |     3 |      0 |      0 |          0 |
|         u_prio9                                                                                       |                                     prim_subreg__parameterized7_137 |          7 |          7 |       0 |    0 |     3 |      0 |      0 |          0 |
|         u_threshold0                                                                                  |                                     prim_subreg__parameterized7_138 |          0 |          0 |       0 |    0 |     3 |      0 |      0 |          0 |
|     i_reg_atomics                                                                                     |                           axi_riscv_atomics_structs__parameterized1 |       3631 |       3631 |       0 |    0 |  2046 |      0 |      0 |          0 |
|       i_axi_riscv_atomics_wrap                                                                        |                              axi_riscv_atomics_wrap__parameterized1 |       3631 |       3631 |       0 |    0 |  2046 |      0 |      0 |          0 |
|         i_atomics                                                                                     |                                   axi_riscv_atomics__parameterized1 |       3631 |       3631 |       0 |    0 |  2046 |      0 |      0 |          0 |
|           i_amos                                                                                      |                                      axi_riscv_amos__parameterized1 |        894 |        894 |       0 |    0 |   312 |      0 |      0 |          0 |
|           i_axi_wide_in_cut                                                                           |                                                        axi_multicut |        427 |        427 |       0 |    0 |   563 |      0 |      0 |          0 |
|             gen_axi_cut.gen_axi_cuts[0].i_cut                                                         |                                                          axi_cut_33 |        427 |        427 |       0 |    0 |   563 |      0 |      0 |          0 |
|               i_reg_ar                                                                                |                                   spill_register__parameterized3_34 |        167 |        167 |       0 |    0 |   128 |      0 |      0 |          0 |
|                 spill_register_flushable_i                                                            |                         spill_register_flushable__parameterized3_43 |        167 |        167 |       0 |    0 |   128 |      0 |      0 |          0 |
|               i_reg_aw                                                                                |                                   spill_register__parameterized1_35 |        162 |        162 |       0 |    0 |   129 |      0 |      0 |          0 |
|                 spill_register_flushable_i                                                            |                         spill_register_flushable__parameterized1_42 |        162 |        162 |       0 |    0 |   129 |      0 |      0 |          0 |
|               i_reg_b                                                                                 |                                                   spill_register_36 |         13 |         13 |       0 |    0 |    14 |      0 |      0 |          0 |
|                 spill_register_flushable_i                                                            |                                         spill_register_flushable_41 |         13 |         13 |       0 |    0 |    14 |      0 |      0 |          0 |
|               i_reg_r                                                                                 |                                   spill_register__parameterized0_37 |         41 |         41 |       0 |    0 |   144 |      0 |      0 |          0 |
|                 spill_register_flushable_i                                                            |                         spill_register_flushable__parameterized0_40 |         41 |         41 |       0 |    0 |   144 |      0 |      0 |          0 |
|               i_reg_w                                                                                 |                                   spill_register__parameterized2_38 |         44 |         44 |       0 |    0 |   148 |      0 |      0 |          0 |
|                 spill_register_flushable_i                                                            |                         spill_register_flushable__parameterized2_39 |         44 |         44 |       0 |    0 |   148 |      0 |      0 |          0 |
|           i_lrsc                                                                                      |                                      axi_riscv_lrsc__parameterized1 |       2313 |       2313 |       0 |    0 |  1171 |      0 |      0 |          0 |
|             (i_lrsc)                                                                                  |                                      axi_riscv_lrsc__parameterized1 |         16 |         16 |       0 |    0 |    60 |      0 |      0 |          0 |
|             i_ar_push_fork                                                                            |                                                         stream_fork |         10 |         10 |       0 |    0 |     3 |      0 |      0 |          0 |
|             i_art                                                                                     |                                                         axi_res_tbl |         42 |         42 |       0 |    0 |    45 |      0 |      0 |          0 |
|             i_aw_trans_reg                                                                            |                                               fall_through_register |         64 |         64 |       0 |    0 |    64 |      0 |      0 |          0 |
|               i_fifo                                                                                  |                                             fifo_v3__parameterized1 |         64 |         64 |       0 |    0 |    64 |      0 |      0 |          0 |
|             i_b_inj_fifo                                                                              |                                            fifo_v3__parameterized48 |         38 |         38 |       0 |    0 |    42 |      0 |      0 |          0 |
|             i_b_status_queue                                                                          |                                            id_queue__parameterized9 |        587 |        587 |       0 |    0 |   136 |      0 |      0 |          0 |
|             i_mst_b_fork                                                                              |                                                      stream_fork_32 |          6 |          6 |       0 |    0 |     3 |      0 |      0 |          0 |
|             i_read_in_flight_queue                                                                    |                                            id_queue__parameterized8 |        492 |        492 |       0 |    0 |   128 |      0 |      0 |          0 |
|             i_w_cmd_fifo                                                                              |                                            fifo_v3__parameterized47 |         33 |         33 |       0 |    0 |    50 |      0 |      0 |          0 |
|             i_wifq_exists_arb                                                                         |                                                      stream_arbiter |          1 |          1 |       0 |    0 |     1 |      0 |      0 |          0 |
|               i_arb                                                                                   |                                            stream_arbiter_flushable |          1 |          1 |       0 |    0 |     1 |      0 |      0 |          0 |
|                 gen_rr_arb.i_arbiter                                                                  |                                                         rr_arb_tree |          1 |          1 |       0 |    0 |     1 |      0 |      0 |          0 |
|             i_write_in_flight_queue                                                                   |                                           id_queue__parameterized10 |        986 |        986 |       0 |    0 |   488 |      0 |      0 |          0 |
|             slv_b_reg                                                                                 |                                                     stream_register |          1 |          1 |       0 |    0 |     7 |      0 |      0 |          0 |
|             slv_r_reg                                                                                 |                                      spill_register__parameterized4 |         40 |         40 |       0 |    0 |   144 |      0 |      0 |          0 |
|               spill_register_flushable_i                                                              |                            spill_register_flushable__parameterized4 |         40 |         40 |       0 |    0 |   144 |      0 |      0 |          0 |
|     i_reg_atomics_cut                                                                                 |                                                           axi_cut_6 |        470 |        470 |       0 |    0 |   552 |      0 |      0 |          0 |
|       i_reg_ar                                                                                        |                                   spill_register__parameterized3_22 |        125 |        125 |       0 |    0 |   126 |      0 |      0 |          0 |
|         spill_register_flushable_i                                                                    |                         spill_register_flushable__parameterized3_31 |        125 |        125 |       0 |    0 |   126 |      0 |      0 |          0 |
|       i_reg_aw                                                                                        |                                   spill_register__parameterized1_23 |        127 |        127 |       0 |    0 |   126 |      0 |      0 |          0 |
|         spill_register_flushable_i                                                                    |                         spill_register_flushable__parameterized1_30 |        127 |        127 |       0 |    0 |   126 |      0 |      0 |          0 |
|       i_reg_b                                                                                         |                                                   spill_register_24 |         76 |         76 |       0 |    0 |    12 |      0 |      0 |          0 |
|         spill_register_flushable_i                                                                    |                                         spill_register_flushable_29 |         76 |         76 |       0 |    0 |    12 |      0 |      0 |          0 |
|       i_reg_r                                                                                         |                                   spill_register__parameterized0_25 |         55 |         55 |       0 |    0 |   142 |      0 |      0 |          0 |
|         spill_register_flushable_i                                                                    |                         spill_register_flushable__parameterized0_28 |         55 |         55 |       0 |    0 |   142 |      0 |      0 |          0 |
|       i_reg_w                                                                                         |                                   spill_register__parameterized2_26 |         88 |         88 |       0 |    0 |   146 |      0 |      0 |          0 |
|         spill_register_flushable_i                                                                    |                         spill_register_flushable__parameterized2_27 |         88 |         88 |       0 |    0 |   146 |      0 |      0 |          0 |
|     i_reg_demux_decode                                                                                |                                         addr_decode__parameterized2 |          1 |          1 |       0 |    0 |     0 |      0 |      0 |          0 |
|       i_addr_decode_dync                                                                              |                                    addr_decode_dync__parameterized2 |          1 |          1 |       0 |    0 |     0 |      0 |      0 |          0 |
|     i_regs                                                                                            |                                                    cheshire_reg_top |         97 |         97 |       0 |    0 |   512 |      0 |      0 |          0 |
|       u_scratch_0                                                                                     |                                                         prim_subreg |          0 |          0 |       0 |    0 |    32 |      0 |      0 |          0 |
|       u_scratch_1                                                                                     |                                                       prim_subreg_7 |          0 |          0 |       0 |    0 |    32 |      0 |      0 |          0 |
|       u_scratch_10                                                                                    |                                                       prim_subreg_8 |         20 |         20 |       0 |    0 |    32 |      0 |      0 |          0 |
|       u_scratch_11                                                                                    |                                                       prim_subreg_9 |         42 |         42 |       0 |    0 |    32 |      0 |      0 |          0 |
|       u_scratch_12                                                                                    |                                                      prim_subreg_10 |          0 |          0 |       0 |    0 |    32 |      0 |      0 |          0 |
|       u_scratch_13                                                                                    |                                                      prim_subreg_11 |          0 |          0 |       0 |    0 |    32 |      0 |      0 |          0 |
|       u_scratch_14                                                                                    |                                                      prim_subreg_12 |          0 |          0 |       0 |    0 |    32 |      0 |      0 |          0 |
|       u_scratch_15                                                                                    |                                                      prim_subreg_13 |          1 |          1 |       0 |    0 |    32 |      0 |      0 |          0 |
|       u_scratch_2                                                                                     |                                                      prim_subreg_14 |          0 |          0 |       0 |    0 |    32 |      0 |      0 |          0 |
|       u_scratch_3                                                                                     |                                                      prim_subreg_15 |          0 |          0 |       0 |    0 |    32 |      0 |      0 |          0 |
|       u_scratch_4                                                                                     |                                                      prim_subreg_16 |          0 |          0 |       0 |    0 |    32 |      0 |      0 |          0 |
|       u_scratch_5                                                                                     |                                                      prim_subreg_17 |         23 |         23 |       0 |    0 |    32 |      0 |      0 |          0 |
|       u_scratch_6                                                                                     |                                                      prim_subreg_18 |          1 |          1 |       0 |    0 |    32 |      0 |      0 |          0 |
|       u_scratch_7                                                                                     |                                                      prim_subreg_19 |          0 |          0 |       0 |    0 |    32 |      0 |      0 |          0 |
|       u_scratch_8                                                                                     |                                                      prim_subreg_20 |          1 |          1 |       0 |    0 |    32 |      0 |      0 |          0 |
|       u_scratch_9                                                                                     |                                                      prim_subreg_21 |          9 |          9 |       0 |    0 |    32 |      0 |      0 |          0 |
|   i_clkwiz                                                                                            |                                                              clkwiz |          0 |          0 |       0 |    0 |     0 |      0 |      0 |          0 |
|     inst                                                                                              |                                                      clkwiz_clk_wiz |          0 |          0 |       0 |    0 |     0 |      0 |      0 |          0 |
|   i_dram_wrapper                                                                                      |                                                 dram_wrapper_xilinx |      12710 |      11508 |     852 |  350 | 16868 |      1 |      0 |          0 |
|     (i_dram_wrapper)                                                                                  |                                                 dram_wrapper_xilinx |          1 |          1 |       0 |    0 |     0 |      0 |      0 |          0 |
|     gen_cdc.i_axi_cdc_mig                                                                             |                                                             axi_cdc |       2623 |       2623 |       0 |    0 |  8214 |      0 |      0 |          0 |
|       i_axi_cdc_dst                                                                                   |                                                         axi_cdc_dst |        907 |        907 |       0 |    0 |  2818 |      0 |      0 |          0 |
|         i_cdc_fifo_gray_dst_ar                                                                        |                                   cdc_fifo_gray_dst__parameterized3 |         39 |         39 |       0 |    0 |   108 |      0 |      0 |          0 |
|           (i_cdc_fifo_gray_dst_ar)                                                                    |                                   cdc_fifo_gray_dst__parameterized3 |          5 |          5 |       0 |    0 |     6 |      0 |      0 |          0 |
|           gen_sync[0].i_sync                                                                          |                                                           sync__119 |          0 |          0 |       0 |    0 |     2 |      0 |      0 |          0 |
|           gen_sync[1].i_sync                                                                          |                                                           sync__120 |          0 |          0 |       0 |    0 |     2 |      0 |      0 |          0 |
|           gen_sync[2].i_sync                                                                          |                                                           sync__121 |          0 |          0 |       0 |    0 |     2 |      0 |      0 |          0 |
|           gen_sync[3].i_sync                                                                          |                                                           sync__122 |          0 |          0 |       0 |    0 |     2 |      0 |      0 |          0 |
|           gen_sync[4].i_sync                                                                          |                                                           sync__123 |          0 |          0 |       0 |    0 |     2 |      0 |      0 |          0 |
|           gen_sync[5].i_sync                                                                          |                                                           sync__124 |          0 |          0 |       0 |    0 |     2 |      0 |      0 |          0 |
|           i_spill_register                                                                            |                                      spill_register__parameterized3 |         34 |         34 |       0 |    0 |    90 |      0 |      0 |          0 |
|             spill_register_flushable_i                                                                |                            spill_register_flushable__parameterized3 |         34 |         34 |       0 |    0 |    90 |      0 |      0 |          0 |
|         i_cdc_fifo_gray_dst_aw                                                                        |                                   cdc_fifo_gray_dst__parameterized1 |         39 |         39 |       0 |    0 |   108 |      0 |      0 |          0 |
|           (i_cdc_fifo_gray_dst_aw)                                                                    |                                   cdc_fifo_gray_dst__parameterized1 |          5 |          5 |       0 |    0 |     6 |      0 |      0 |          0 |
|           gen_sync[0].i_sync                                                                          |                                                           sync__137 |          0 |          0 |       0 |    0 |     2 |      0 |      0 |          0 |
|           gen_sync[1].i_sync                                                                          |                                                           sync__138 |          0 |          0 |       0 |    0 |     2 |      0 |      0 |          0 |
|           gen_sync[2].i_sync                                                                          |                                                           sync__139 |          0 |          0 |       0 |    0 |     2 |      0 |      0 |          0 |
|           gen_sync[3].i_sync                                                                          |                                                           sync__140 |          0 |          0 |       0 |    0 |     2 |      0 |      0 |          0 |
|           gen_sync[4].i_sync                                                                          |                                                           sync__141 |          0 |          0 |       0 |    0 |     2 |      0 |      0 |          0 |
|           gen_sync[5].i_sync                                                                          |                                                           sync__142 |          0 |          0 |       0 |    0 |     2 |      0 |      0 |          0 |
|           i_spill_register                                                                            |                                      spill_register__parameterized1 |         34 |         34 |       0 |    0 |    90 |      0 |      0 |          0 |
|             spill_register_flushable_i                                                                |                            spill_register_flushable__parameterized1 |         34 |         34 |       0 |    0 |    90 |      0 |      0 |          0 |
|         i_cdc_fifo_gray_dst_w                                                                         |                                   cdc_fifo_gray_dst__parameterized2 |         51 |         51 |       0 |    0 |   166 |      0 |      0 |          0 |
|           (i_cdc_fifo_gray_dst_w)                                                                     |                                   cdc_fifo_gray_dst__parameterized2 |          4 |          4 |       0 |    0 |     6 |      0 |      0 |          0 |
|           gen_sync[0].i_sync                                                                          |                                                           sync__131 |          0 |          0 |       0 |    0 |     2 |      0 |      0 |          0 |
|           gen_sync[1].i_sync                                                                          |                                                           sync__132 |          0 |          0 |       0 |    0 |     2 |      0 |      0 |          0 |
|           gen_sync[2].i_sync                                                                          |                                                           sync__133 |          0 |          0 |       0 |    0 |     2 |      0 |      0 |          0 |
|           gen_sync[3].i_sync                                                                          |                                                           sync__134 |          0 |          0 |       0 |    0 |     2 |      0 |      0 |          0 |
|           gen_sync[4].i_sync                                                                          |                                                           sync__135 |          0 |          0 |       0 |    0 |     2 |      0 |      0 |          0 |
|           gen_sync[5].i_sync                                                                          |                                                           sync__136 |          0 |          0 |       0 |    0 |     2 |      0 |      0 |          0 |
|           i_spill_register                                                                            |                                      spill_register__parameterized2 |         47 |         47 |       0 |    0 |   148 |      0 |      0 |          0 |
|             spill_register_flushable_i                                                                |                            spill_register_flushable__parameterized2 |         47 |         47 |       0 |    0 |   148 |      0 |      0 |          0 |
|         i_cdc_fifo_gray_src_b                                                                         |                                   cdc_fifo_gray_src__parameterized2 |         94 |         94 |       0 |    0 |   178 |      0 |      0 |          0 |
|           (i_cdc_fifo_gray_src_b)                                                                     |                                   cdc_fifo_gray_src__parameterized2 |         94 |         94 |       0 |    0 |   166 |      0 |      0 |          0 |
|           gen_sync[0].i_sync                                                                          |                                                           sync__125 |          0 |          0 |       0 |    0 |     2 |      0 |      0 |          0 |
|           gen_sync[1].i_sync                                                                          |                                                           sync__126 |          0 |          0 |       0 |    0 |     2 |      0 |      0 |          0 |
|           gen_sync[2].i_sync                                                                          |                                                           sync__127 |          0 |          0 |       0 |    0 |     2 |      0 |      0 |          0 |
|           gen_sync[3].i_sync                                                                          |                                                           sync__128 |          0 |          0 |       0 |    0 |     2 |      0 |      0 |          0 |
|           gen_sync[4].i_sync                                                                          |                                                           sync__129 |          0 |          0 |       0 |    0 |     2 |      0 |      0 |          0 |
|           gen_sync[5].i_sync                                                                          |                                                           sync__130 |          0 |          0 |       0 |    0 |     2 |      0 |      0 |          0 |
|         i_cdc_fifo_gray_src_r                                                                         |                                   cdc_fifo_gray_src__parameterized3 |        684 |        684 |       0 |    0 |  2258 |      0 |      0 |          0 |
|           (i_cdc_fifo_gray_src_r)                                                                     |                                   cdc_fifo_gray_src__parameterized3 |        684 |        684 |       0 |    0 |  2246 |      0 |      0 |          0 |
|           gen_sync[0].i_sync                                                                          |                                                           sync__113 |          0 |          0 |       0 |    0 |     2 |      0 |      0 |          0 |
|           gen_sync[1].i_sync                                                                          |                                                           sync__114 |          0 |          0 |       0 |    0 |     2 |      0 |      0 |          0 |
|           gen_sync[2].i_sync                                                                          |                                                           sync__115 |          0 |          0 |       0 |    0 |     2 |      0 |      0 |          0 |
|           gen_sync[3].i_sync                                                                          |                                                           sync__116 |          0 |          0 |       0 |    0 |     2 |      0 |      0 |          0 |
|           gen_sync[4].i_sync                                                                          |                                                           sync__117 |          0 |          0 |       0 |    0 |     2 |      0 |      0 |          0 |
|           gen_sync[5].i_sync                                                                          |                                                           sync__118 |          0 |          0 |       0 |    0 |     2 |      0 |      0 |          0 |
|       i_axi_cdc_src                                                                                   |                                                         axi_cdc_src |       1716 |       1716 |       0 |    0 |  5396 |      0 |      0 |          0 |
|         i_cdc_fifo_gray_dst_b                                                                         |                                                   cdc_fifo_gray_dst |         32 |         32 |       0 |    0 |    30 |      0 |      0 |          0 |
|           (i_cdc_fifo_gray_dst_b)                                                                     |                                                   cdc_fifo_gray_dst |          6 |          6 |       0 |    0 |     6 |      0 |      0 |          0 |
|           gen_sync[0].i_sync                                                                          |                                                           sync__155 |          1 |          1 |       0 |    0 |     2 |      0 |      0 |          0 |
|           gen_sync[1].i_sync                                                                          |                                                           sync__156 |          1 |          1 |       0 |    0 |     2 |      0 |      0 |          0 |
|           gen_sync[2].i_sync                                                                          |                                                           sync__157 |          1 |          1 |       0 |    0 |     2 |      0 |      0 |          0 |
|           gen_sync[3].i_sync                                                                          |                                                           sync__158 |          1 |          1 |       0 |    0 |     2 |      0 |      0 |          0 |
|           gen_sync[4].i_sync                                                                          |                                                           sync__159 |          1 |          1 |       0 |    0 |     2 |      0 |      0 |          0 |
|           gen_sync[5].i_sync                                                                          |                                                           sync__160 |          1 |          1 |       0 |    0 |     2 |      0 |      0 |          0 |
|           i_spill_register                                                                            |                                                      spill_register |         21 |         21 |       0 |    0 |    12 |      0 |      0 |          0 |
|             spill_register_flushable_i                                                                |                                            spill_register_flushable |         21 |         21 |       0 |    0 |    12 |      0 |      0 |          0 |
|         i_cdc_fifo_gray_dst_r                                                                         |                                   cdc_fifo_gray_dst__parameterized0 |         66 |         66 |       0 |    0 |   160 |      0 |      0 |          0 |
|           (i_cdc_fifo_gray_dst_r)                                                                     |                                   cdc_fifo_gray_dst__parameterized0 |          4 |          4 |       0 |    0 |     6 |      0 |      0 |          0 |
|           gen_sync[0].i_sync                                                                          |                                                           sync__143 |          1 |          1 |       0 |    0 |     2 |      0 |      0 |          0 |
|           gen_sync[1].i_sync                                                                          |                                                           sync__144 |          1 |          1 |       0 |    0 |     2 |      0 |      0 |          0 |
|           gen_sync[2].i_sync                                                                          |                                                           sync__145 |          1 |          1 |       0 |    0 |     2 |      0 |      0 |          0 |
|           gen_sync[3].i_sync                                                                          |                                                           sync__146 |          1 |          1 |       0 |    0 |     2 |      0 |      0 |          0 |
|           gen_sync[4].i_sync                                                                          |                                                           sync__147 |          1 |          1 |       0 |    0 |     2 |      0 |      0 |          0 |
|           gen_sync[5].i_sync                                                                          |                                                           sync__148 |          1 |          1 |       0 |    0 |     2 |      0 |      0 |          0 |
|           i_spill_register                                                                            |                                      spill_register__parameterized0 |         58 |         58 |       0 |    0 |   142 |      0 |      0 |          0 |
|             spill_register_flushable_i                                                                |                            spill_register_flushable__parameterized0 |         58 |         58 |       0 |    0 |   142 |      0 |      0 |          0 |
|         i_cdc_fifo_gray_src_ar                                                                        |                                   cdc_fifo_gray_src__parameterized1 |        452 |        452 |       0 |    0 |  1426 |      0 |      0 |          0 |
|           (i_cdc_fifo_gray_src_ar)                                                                    |                                   cdc_fifo_gray_src__parameterized1 |        449 |        449 |       0 |    0 |  1414 |      0 |      0 |          0 |
|           gen_sync[0].i_sync                                                                          |                                                           sync__149 |          1 |          1 |       0 |    0 |     2 |      0 |      0 |          0 |
|           gen_sync[1].i_sync                                                                          |                                                           sync__150 |          1 |          1 |       0 |    0 |     2 |      0 |      0 |          0 |
|           gen_sync[2].i_sync                                                                          |                                                           sync__151 |          1 |          1 |       0 |    0 |     2 |      0 |      0 |          0 |
|           gen_sync[3].i_sync                                                                          |                                                           sync__152 |          1 |          1 |       0 |    0 |     2 |      0 |      0 |          0 |
|           gen_sync[4].i_sync                                                                          |                                                           sync__153 |          1 |          1 |       0 |    0 |     2 |      0 |      0 |          0 |
|           gen_sync[5].i_sync                                                                          |                                                           sync__154 |          1 |          1 |       0 |    0 |     2 |      0 |      0 |          0 |
|         i_cdc_fifo_gray_src_aw                                                                        |                                                   cdc_fifo_gray_src |        454 |        454 |       0 |    0 |  1426 |      0 |      0 |          0 |
|           (i_cdc_fifo_gray_src_aw)                                                                    |                                                   cdc_fifo_gray_src |        450 |        450 |       0 |    0 |  1414 |      0 |      0 |          0 |
|           gen_sync[0].i_sync                                                                          |                                                           sync__167 |          1 |          1 |       0 |    0 |     2 |      0 |      0 |          0 |
|           gen_sync[1].i_sync                                                                          |                                                           sync__168 |          1 |          1 |       0 |    0 |     2 |      0 |      0 |          0 |
|           gen_sync[2].i_sync                                                                          |                                                           sync__169 |          1 |          1 |       0 |    0 |     2 |      0 |      0 |          0 |
|           gen_sync[3].i_sync                                                                          |                                                           sync__170 |          1 |          1 |       0 |    0 |     2 |      0 |      0 |          0 |
|           gen_sync[4].i_sync                                                                          |                                                           sync__171 |          1 |          1 |       0 |    0 |     2 |      0 |      0 |          0 |
|           gen_sync[5].i_sync                                                                          |                                                                sync |          1 |          1 |       0 |    0 |     2 |      0 |      0 |          0 |
|         i_cdc_fifo_gray_src_w                                                                         |                                   cdc_fifo_gray_src__parameterized0 |        714 |        714 |       0 |    0 |  2354 |      0 |      0 |          0 |
|           (i_cdc_fifo_gray_src_w)                                                                     |                                   cdc_fifo_gray_src__parameterized0 |        711 |        711 |       0 |    0 |  2342 |      0 |      0 |          0 |
|           gen_sync[0].i_sync                                                                          |                                                           sync__161 |          1 |          1 |       0 |    0 |     2 |      0 |      0 |          0 |
|           gen_sync[1].i_sync                                                                          |                                                           sync__162 |          1 |          1 |       0 |    0 |     2 |      0 |      0 |          0 |
|           gen_sync[2].i_sync                                                                          |                                                           sync__163 |          1 |          1 |       0 |    0 |     2 |      0 |      0 |          0 |
|           gen_sync[3].i_sync                                                                          |                                                           sync__164 |          1 |          1 |       0 |    0 |     2 |      0 |      0 |          0 |
|           gen_sync[4].i_sync                                                                          |                                                           sync__165 |          1 |          1 |       0 |    0 |     2 |      0 |      0 |          0 |
|           gen_sync[5].i_sync                                                                          |                                                           sync__166 |          1 |          1 |       0 |    0 |     2 |      0 |      0 |          0 |
|     i_axi_iw_converter                                                                                |                                                    axi_iw_converter |        297 |        297 |       0 |    0 |   168 |      0 |      0 |          0 |
|       gen_downsize.gen_remap.i_axi_id_remap                                                           |                                                        axi_id_remap |        297 |        297 |       0 |    0 |   168 |      0 |      0 |          0 |
|         (gen_downsize.gen_remap.i_axi_id_remap)                                                       |                                                        axi_id_remap |          5 |          5 |       0 |    0 |     8 |      0 |      0 |          0 |
|         i_rd_table                                                                                    |                                                  axi_id_remap_table |        168 |        168 |       0 |    0 |    80 |      0 |      0 |          0 |
|         i_wr_table                                                                                    |                                                axi_id_remap_table_2 |        124 |        124 |       0 |    0 |    80 |      0 |      0 |          0 |
|     i_dram                                                                                            |                                                               mig7s |       9789 |       8587 |     852 |  350 |  8486 |      1 |      0 |          0 |
|       (i_dram)                                                                                        |                                                               mig7s |         58 |          0 |      58 |    0 |     0 |      0 |      0 |          0 |
|       u_mig7s_mig                                                                                     |                                                           mig7s_mig |       9731 |       8587 |     794 |  350 |  8486 |      1 |      0 |          0 |
|         temp_mon_enabled.u_tempmon                                                                    |                                      mig7s_mig_7series_v4_2_tempmon |         38 |         38 |       0 |    0 |   122 |      0 |      0 |          0 |
|         u_ddr3_clk_ibuf                                                                               |                                     mig7s_mig_7series_v4_2_clk_ibuf |          0 |          0 |       0 |    0 |     0 |      0 |      0 |          0 |
|         u_ddr3_infrastructure                                                                         |                               mig7s_mig_7series_v4_2_infrastructure |         21 |         21 |       0 |    0 |    65 |      0 |      0 |          0 |
|         u_iodelay_ctrl                                                                                |                                 mig7s_mig_7series_v4_2_iodelay_ctrl |          0 |          0 |       0 |    0 |    29 |      0 |      0 |          0 |
|         u_memc_ui_top_axi                                                                             |                              mig7s_mig_7series_v4_2_memc_ui_top_axi |       9674 |       8530 |     794 |  350 |  8270 |      1 |      0 |          0 |
|           (u_memc_ui_top_axi)                                                                         |                              mig7s_mig_7series_v4_2_memc_ui_top_axi |          0 |          0 |       0 |    0 |     2 |      0 |      0 |          0 |
|           mem_intfc0                                                                                  |                                    mig7s_mig_7series_v4_2_mem_intfc |       6624 |       6186 |     418 |   20 |  4779 |      1 |      0 |          0 |
|             ddr_phy_top0                                                                              |                                  mig7s_mig_7series_v4_2_ddr_phy_top |       5982 |       5553 |     410 |   19 |  4224 |      1 |      0 |          0 |
|               u_ddr_calib_top                                                                         |                                mig7s_mig_7series_v4_2_ddr_calib_top |       4721 |       4705 |       0 |   16 |  3569 |      1 |      0 |          0 |
|                 (u_ddr_calib_top)                                                                     |                                mig7s_mig_7series_v4_2_ddr_calib_top |         64 |         63 |       0 |    1 |    39 |      0 |      0 |          0 |
|                 ddr_phy_prbs_rdlvl_gen.u_ddr_phy_prbs_rdlvl                                           |                           mig7s_mig_7series_v4_2_ddr_phy_prbs_rdlvl |        963 |        963 |       0 |    0 |   730 |      1 |      0 |          0 |
|                 ddr_phy_rdlvl_gen.u_ddr_phy_rdlvl                                                     |                                mig7s_mig_7series_v4_2_ddr_phy_rdlvl |        574 |        574 |       0 |    0 |   908 |      0 |      0 |          0 |
|                 ddr_phy_tempmon_0                                                                     |                              mig7s_mig_7series_v4_2_ddr_phy_tempmon |        261 |        261 |       0 |    0 |   229 |      0 |      0 |          0 |
|                 dqsfind_calib_right.u_ddr_phy_dqs_found_cal                                           |                        mig7s_mig_7series_v4_2_ddr_phy_dqs_found_cal |        172 |        171 |       0 |    1 |   132 |      0 |      0 |          0 |
|                 mb_wrlvl_inst.u_ddr_phy_ck_addr_cmd_delay                                             |                    mig7s_mig_7series_v4_2_ddr_phy_ck_addr_cmd_delay |         37 |         36 |       0 |    1 |    26 |      0 |      0 |          0 |
|                 mb_wrlvl_inst.u_ddr_phy_wrlvl                                                         |                                mig7s_mig_7series_v4_2_ddr_phy_wrlvl |        357 |        356 |       0 |    1 |   255 |      0 |      0 |          0 |
|                 oclk_calib.u_ddr_phy_oclkdelay_cal                                                    |                        mig7s_mig_7series_v4_2_ddr_phy_oclkdelay_cal |        790 |        788 |       0 |    2 |   522 |      0 |      0 |          0 |
|                   u_ocd_cntlr                                                                         |                            mig7s_mig_7series_v4_2_ddr_phy_ocd_cntlr |         34 |         34 |       0 |    0 |    14 |      0 |      0 |          0 |
|                   u_ocd_data                                                                          |                             mig7s_mig_7series_v4_2_ddr_phy_ocd_data |         27 |         27 |       0 |    0 |    64 |      0 |      0 |          0 |
|                   u_ocd_edge                                                                          |                             mig7s_mig_7series_v4_2_ddr_phy_ocd_edge |         42 |         42 |       0 |    0 |    32 |      0 |      0 |          0 |
|                   u_ocd_lim                                                                           |                              mig7s_mig_7series_v4_2_ddr_phy_ocd_lim |        204 |        204 |       0 |    0 |    98 |      0 |      0 |          0 |
|                   u_ocd_mux                                                                           |                              mig7s_mig_7series_v4_2_ddr_phy_ocd_mux |         14 |         14 |       0 |    0 |    10 |      0 |      0 |          0 |
|                   u_ocd_po_cntlr                                                                      |                         mig7s_mig_7series_v4_2_ddr_phy_ocd_po_cntlr |        151 |        151 |       0 |    0 |    94 |      0 |      0 |          0 |
|                   u_ocd_samp                                                                          |                             mig7s_mig_7series_v4_2_ddr_phy_ocd_samp |         79 |         79 |       0 |    0 |    48 |      0 |      0 |          0 |
|                   u_poc                                                                               |                                      mig7s_mig_7series_v4_2_poc_top |        246 |        244 |       0 |    2 |   162 |      0 |      0 |          0 |
|                     u_edge_center                                                                     |                               mig7s_mig_7series_v4_2_poc_edge_store |          8 |          8 |       0 |    0 |    12 |      0 |      0 |          0 |
|                     u_edge_left                                                                       |                            mig7s_mig_7series_v4_2_poc_edge_store_97 |         32 |         32 |       0 |    0 |    12 |      0 |      0 |          0 |
|                     u_edge_right                                                                      |                            mig7s_mig_7series_v4_2_poc_edge_store_98 |         16 |         16 |       0 |    0 |    12 |      0 |      0 |          0 |
|                     u_poc_meta                                                                        |                                     mig7s_mig_7series_v4_2_poc_meta |         82 |         80 |       0 |    2 |    63 |      0 |      0 |          0 |
|                     u_poc_tap_base                                                                    |                                 mig7s_mig_7series_v4_2_poc_tap_base |        108 |        108 |       0 |    0 |    63 |      0 |      0 |          0 |
|                 u_ddr_phy_init                                                                        |                                 mig7s_mig_7series_v4_2_ddr_phy_init |       1195 |       1190 |       0 |    5 |   388 |      0 |      0 |          0 |
|                 u_ddr_phy_wrcal                                                                       |                                mig7s_mig_7series_v4_2_ddr_phy_wrcal |        175 |        170 |       0 |    5 |   307 |      0 |      0 |          0 |
|                 u_ddr_prbs_gen                                                                        |                                 mig7s_mig_7series_v4_2_ddr_prbs_gen |        140 |        140 |       0 |    0 |    33 |      0 |      0 |          0 |
|               u_ddr_mc_phy_wrapper                                                                    |                           mig7s_mig_7series_v4_2_ddr_mc_phy_wrapper |       1272 |        859 |     410 |    3 |   655 |      0 |      0 |          0 |
|                 (u_ddr_mc_phy_wrapper)                                                                |                           mig7s_mig_7series_v4_2_ddr_mc_phy_wrapper |         50 |         50 |       0 |    0 |    55 |      0 |      0 |          0 |
|                 gen_dqs_iobuf_HP.gen_dqs_iobuf[0].gen_dqs_diff.u_iddr_edge_det                        |                                       mig7s_mig_7series_v4_2_poc_pd |          0 |          0 |       0 |    0 |     2 |      0 |      0 |          0 |
|                 gen_dqs_iobuf_HP.gen_dqs_iobuf[1].gen_dqs_diff.u_iddr_edge_det                        |                                    mig7s_mig_7series_v4_2_poc_pd_81 |          0 |          0 |       0 |    0 |     2 |      0 |      0 |          0 |
|                 gen_dqs_iobuf_HP.gen_dqs_iobuf[2].gen_dqs_diff.u_iddr_edge_det                        |                                    mig7s_mig_7series_v4_2_poc_pd_82 |          0 |          0 |       0 |    0 |     2 |      0 |      0 |          0 |
|                 gen_dqs_iobuf_HP.gen_dqs_iobuf[3].gen_dqs_diff.u_iddr_edge_det                        |                                    mig7s_mig_7series_v4_2_poc_pd_83 |          1 |          1 |       0 |    0 |     2 |      0 |      0 |          0 |
|                 u_ddr_mc_phy                                                                          |                                   mig7s_mig_7series_v4_2_ddr_mc_phy |       1221 |        808 |     410 |    3 |   592 |      0 |      0 |          0 |
|                   (u_ddr_mc_phy)                                                                      |                                   mig7s_mig_7series_v4_2_ddr_mc_phy |          3 |          3 |       0 |    0 |    16 |      0 |      0 |          0 |
|                   ddr_phy_4lanes_0.u_ddr_phy_4lanes                                                   |                               mig7s_mig_7series_v4_2_ddr_phy_4lanes |       1104 |        728 |     374 |    2 |   485 |      0 |      0 |          0 |
|                     (ddr_phy_4lanes_0.u_ddr_phy_4lanes)                                               |                               mig7s_mig_7series_v4_2_ddr_phy_4lanes |         11 |         10 |       0 |    1 |    20 |      0 |      0 |          0 |
|                     ddr_byte_lane_A.ddr_byte_lane_A                                                   |                                mig7s_mig_7series_v4_2_ddr_byte_lane |        458 |        366 |      92 |    0 |   116 |      0 |      0 |          0 |
|                       (ddr_byte_lane_A.ddr_byte_lane_A)                                               |                                mig7s_mig_7series_v4_2_ddr_byte_lane |          0 |          0 |       0 |    0 |    69 |      0 |      0 |          0 |
|                       ddr_byte_group_io                                                               |                            mig7s_mig_7series_v4_2_ddr_byte_group_io |          1 |          1 |       0 |    0 |     9 |      0 |      0 |          0 |
|                       dq_gen_40.if_post_fifo_gen.u_ddr_if_post_fifo                                   |                          mig7s_mig_7series_v4_2_ddr_if_post_fifo_95 |        383 |        339 |      44 |    0 |    14 |      0 |      0 |          0 |
|                       of_pre_fifo_gen.u_ddr_of_pre_fifo                                               |           mig7s_mig_7series_v4_2_ddr_of_pre_fifo__parameterized1_96 |         74 |         26 |      48 |    0 |    24 |      0 |      0 |          0 |
|                     ddr_byte_lane_B.ddr_byte_lane_B                                                   |                mig7s_mig_7series_v4_2_ddr_byte_lane__parameterized0 |        219 |        125 |      94 |    0 |   116 |      0 |      0 |          0 |
|                       (ddr_byte_lane_B.ddr_byte_lane_B)                                               |                mig7s_mig_7series_v4_2_ddr_byte_lane__parameterized0 |         15 |         15 |       0 |    0 |    69 |      0 |      0 |          0 |
|                       ddr_byte_group_io                                                               |         mig7s_mig_7series_v4_2_ddr_byte_group_io__parameterized0_92 |          1 |          1 |       0 |    0 |     9 |      0 |      0 |          0 |
|                       dq_gen_40.if_post_fifo_gen.u_ddr_if_post_fifo                                   |                          mig7s_mig_7series_v4_2_ddr_if_post_fifo_93 |        127 |         83 |      44 |    0 |    14 |      0 |      0 |          0 |
|                       of_pre_fifo_gen.u_ddr_of_pre_fifo                                               |           mig7s_mig_7series_v4_2_ddr_of_pre_fifo__parameterized1_94 |         76 |         26 |      50 |    0 |    24 |      0 |      0 |          0 |
|                     ddr_byte_lane_C.ddr_byte_lane_C                                                   |                mig7s_mig_7series_v4_2_ddr_byte_lane__parameterized1 |        205 |        111 |      94 |    0 |   116 |      0 |      0 |          0 |
|                       (ddr_byte_lane_C.ddr_byte_lane_C)                                               |                mig7s_mig_7series_v4_2_ddr_byte_lane__parameterized1 |          0 |          0 |       0 |    0 |    69 |      0 |      0 |          0 |
|                       ddr_byte_group_io                                                               |         mig7s_mig_7series_v4_2_ddr_byte_group_io__parameterized0_89 |          1 |          1 |       0 |    0 |     9 |      0 |      0 |          0 |
|                       dq_gen_40.if_post_fifo_gen.u_ddr_if_post_fifo                                   |                          mig7s_mig_7series_v4_2_ddr_if_post_fifo_90 |        128 |         84 |      44 |    0 |    14 |      0 |      0 |          0 |
|                       of_pre_fifo_gen.u_ddr_of_pre_fifo                                               |           mig7s_mig_7series_v4_2_ddr_of_pre_fifo__parameterized1_91 |         76 |         26 |      50 |    0 |    24 |      0 |      0 |          0 |
|                     ddr_byte_lane_D.ddr_byte_lane_D                                                   |                mig7s_mig_7series_v4_2_ddr_byte_lane__parameterized2 |        211 |        116 |      94 |    1 |   117 |      0 |      0 |          0 |
|                       (ddr_byte_lane_D.ddr_byte_lane_D)                                               |                mig7s_mig_7series_v4_2_ddr_byte_lane__parameterized2 |          1 |          1 |       0 |    0 |    69 |      0 |      0 |          0 |
|                       ddr_byte_group_io                                                               |            mig7s_mig_7series_v4_2_ddr_byte_group_io__parameterized0 |          2 |          1 |       0 |    1 |    10 |      0 |      0 |          0 |
|                       dq_gen_40.if_post_fifo_gen.u_ddr_if_post_fifo                                   |                             mig7s_mig_7series_v4_2_ddr_if_post_fifo |        132 |         88 |      44 |    0 |    14 |      0 |      0 |          0 |
|                       of_pre_fifo_gen.u_ddr_of_pre_fifo                                               |           mig7s_mig_7series_v4_2_ddr_of_pre_fifo__parameterized1_88 |         76 |         26 |      50 |    0 |    24 |      0 |      0 |          0 |
|                   ddr_phy_4lanes_1.u_ddr_phy_4lanes                                                   |               mig7s_mig_7series_v4_2_ddr_phy_4lanes__parameterized0 |        114 |         77 |      36 |    1 |    91 |      0 |      0 |          0 |
|                     (ddr_phy_4lanes_1.u_ddr_phy_4lanes)                                               |               mig7s_mig_7series_v4_2_ddr_phy_4lanes__parameterized0 |         10 |          9 |       0 |    1 |    14 |      0 |      0 |          0 |
|                     ddr_byte_lane_A.ddr_byte_lane_A                                                   |                mig7s_mig_7series_v4_2_ddr_byte_lane__parameterized3 |         14 |         14 |       0 |    0 |    19 |      0 |      0 |          0 |
|                       (ddr_byte_lane_A.ddr_byte_lane_A)                                               |                mig7s_mig_7series_v4_2_ddr_byte_lane__parameterized3 |          0 |          0 |       0 |    0 |     0 |      0 |      0 |          0 |
|                       ddr_byte_group_io                                                               |            mig7s_mig_7series_v4_2_ddr_byte_group_io__parameterized1 |          0 |          0 |       0 |    0 |     0 |      0 |      0 |          0 |
|                       of_pre_fifo_gen.u_ddr_of_pre_fifo                                               |           mig7s_mig_7series_v4_2_ddr_of_pre_fifo__parameterized1_87 |         14 |         14 |       0 |    0 |    19 |      0 |      0 |          0 |
|                     ddr_byte_lane_B.ddr_byte_lane_B                                                   |                mig7s_mig_7series_v4_2_ddr_byte_lane__parameterized4 |         22 |         22 |       0 |    0 |    20 |      0 |      0 |          0 |
|                       (ddr_byte_lane_B.ddr_byte_lane_B)                                               |                mig7s_mig_7series_v4_2_ddr_byte_lane__parameterized4 |          9 |          9 |       0 |    0 |     1 |      0 |      0 |          0 |
|                       ddr_byte_group_io                                                               |            mig7s_mig_7series_v4_2_ddr_byte_group_io__parameterized2 |          0 |          0 |       0 |    0 |     0 |      0 |      0 |          0 |
|                       of_pre_fifo_gen.u_ddr_of_pre_fifo                                               |           mig7s_mig_7series_v4_2_ddr_of_pre_fifo__parameterized1_86 |         13 |         13 |       0 |    0 |    19 |      0 |      0 |          0 |
|                     ddr_byte_lane_C.ddr_byte_lane_C                                                   |                mig7s_mig_7series_v4_2_ddr_byte_lane__parameterized5 |         14 |         14 |       0 |    0 |    19 |      0 |      0 |          0 |
|                       (ddr_byte_lane_C.ddr_byte_lane_C)                                               |                mig7s_mig_7series_v4_2_ddr_byte_lane__parameterized5 |          0 |          0 |       0 |    0 |     0 |      0 |      0 |          0 |
|                       ddr_byte_group_io                                                               |            mig7s_mig_7series_v4_2_ddr_byte_group_io__parameterized3 |          0 |          0 |       0 |    0 |     0 |      0 |      0 |          0 |
|                       of_pre_fifo_gen.u_ddr_of_pre_fifo                                               |           mig7s_mig_7series_v4_2_ddr_of_pre_fifo__parameterized1_85 |         14 |         14 |       0 |    0 |    19 |      0 |      0 |          0 |
|                     ddr_byte_lane_D.ddr_byte_lane_D                                                   |                mig7s_mig_7series_v4_2_ddr_byte_lane__parameterized6 |         54 |         18 |      36 |    0 |    19 |      0 |      0 |          0 |
|                       (ddr_byte_lane_D.ddr_byte_lane_D)                                               |                mig7s_mig_7series_v4_2_ddr_byte_lane__parameterized6 |          1 |          1 |       0 |    0 |     0 |      0 |      0 |          0 |
|                       ddr_byte_group_io                                                               |            mig7s_mig_7series_v4_2_ddr_byte_group_io__parameterized4 |          0 |          0 |       0 |    0 |     0 |      0 |      0 |          0 |
|                       of_pre_fifo_gen.u_ddr_of_pre_fifo                                               |              mig7s_mig_7series_v4_2_ddr_of_pre_fifo__parameterized1 |         53 |         17 |      36 |    0 |    19 |      0 |      0 |          0 |
|             mc0                                                                                       |                                           mig7s_mig_7series_v4_2_mc |        647 |        638 |       8 |    1 |   555 |      0 |      0 |          0 |
|               (mc0)                                                                                   |                                           mig7s_mig_7series_v4_2_mc |        103 |        103 |       0 |    0 |    83 |      0 |      0 |          0 |
|               bank_mach0                                                                              |                                    mig7s_mig_7series_v4_2_bank_mach |        464 |        464 |       0 |    0 |   377 |      0 |      0 |          0 |
|                 arb_mux0                                                                              |                                      mig7s_mig_7series_v4_2_arb_mux |        165 |        165 |       0 |    0 |    36 |      0 |      0 |          0 |
|                   arb_row_col0                                                                        |                                  mig7s_mig_7series_v4_2_arb_row_col |        165 |        165 |       0 |    0 |    32 |      0 |      0 |          0 |
|                     (arb_row_col0)                                                                    |                                  mig7s_mig_7series_v4_2_arb_row_col |          4 |          4 |       0 |    0 |     8 |      0 |      0 |          0 |
|                     col_arb0                                                                          |              mig7s_mig_7series_v4_2_round_robin_arb__parameterized1 |         60 |         60 |       0 |    0 |     8 |      0 |      0 |          0 |
|                     pre_4_1_1T_arb.pre_arb0                                                           |           mig7s_mig_7series_v4_2_round_robin_arb__parameterized1_79 |         49 |         49 |       0 |    0 |     8 |      0 |      0 |          0 |
|                     row_arb0                                                                          |           mig7s_mig_7series_v4_2_round_robin_arb__parameterized1_80 |         53 |         53 |       0 |    0 |     8 |      0 |      0 |          0 |
|                   arb_select0                                                                         |                                   mig7s_mig_7series_v4_2_arb_select |          0 |          0 |       0 |    0 |     4 |      0 |      0 |          0 |
|                 bank_cntrl[0].bank0                                                                   |                                   mig7s_mig_7series_v4_2_bank_cntrl |         70 |         70 |       0 |    0 |    81 |      0 |      0 |          0 |
|                   bank_compare0                                                                       |                              mig7s_mig_7series_v4_2_bank_compare_78 |          7 |          7 |       0 |    0 |    36 |      0 |      0 |          0 |
|                   bank_queue0                                                                         |                                   mig7s_mig_7series_v4_2_bank_queue |         36 |         36 |       0 |    0 |    18 |      0 |      0 |          0 |
|                   bank_state0                                                                         |                                   mig7s_mig_7series_v4_2_bank_state |         27 |         27 |       0 |    0 |    27 |      0 |      0 |          0 |
|                 bank_cntrl[1].bank0                                                                   |                   mig7s_mig_7series_v4_2_bank_cntrl__parameterized0 |         69 |         69 |       0 |    0 |    79 |      0 |      0 |          0 |
|                   bank_compare0                                                                       |                              mig7s_mig_7series_v4_2_bank_compare_77 |         16 |         16 |       0 |    0 |    36 |      0 |      0 |          0 |
|                   bank_queue0                                                                         |                   mig7s_mig_7series_v4_2_bank_queue__parameterized0 |         28 |         28 |       0 |    0 |    18 |      0 |      0 |          0 |
|                   bank_state0                                                                         |                   mig7s_mig_7series_v4_2_bank_state__parameterized0 |         25 |         25 |       0 |    0 |    25 |      0 |      0 |          0 |
|                 bank_cntrl[2].bank0                                                                   |                   mig7s_mig_7series_v4_2_bank_cntrl__parameterized1 |         69 |         69 |       0 |    0 |    80 |      0 |      0 |          0 |
|                   bank_compare0                                                                       |                              mig7s_mig_7series_v4_2_bank_compare_76 |         17 |         17 |       0 |    0 |    36 |      0 |      0 |          0 |
|                   bank_queue0                                                                         |                   mig7s_mig_7series_v4_2_bank_queue__parameterized1 |         29 |         29 |       0 |    0 |    18 |      0 |      0 |          0 |
|                   bank_state0                                                                         |                   mig7s_mig_7series_v4_2_bank_state__parameterized1 |         23 |         23 |       0 |    0 |    26 |      0 |      0 |          0 |
|                 bank_cntrl[3].bank0                                                                   |                   mig7s_mig_7series_v4_2_bank_cntrl__parameterized2 |         68 |         68 |       0 |    0 |    79 |      0 |      0 |          0 |
|                   bank_compare0                                                                       |                                 mig7s_mig_7series_v4_2_bank_compare |         15 |         15 |       0 |    0 |    36 |      0 |      0 |          0 |
|                   bank_queue0                                                                         |                   mig7s_mig_7series_v4_2_bank_queue__parameterized2 |         28 |         28 |       0 |    0 |    18 |      0 |      0 |          0 |
|                   bank_state0                                                                         |                   mig7s_mig_7series_v4_2_bank_state__parameterized2 |         25 |         25 |       0 |    0 |    25 |      0 |      0 |          0 |
|                 bank_common0                                                                          |                                  mig7s_mig_7series_v4_2_bank_common |         23 |         23 |       0 |    0 |    22 |      0 |      0 |          0 |
|               col_mach0                                                                               |                                     mig7s_mig_7series_v4_2_col_mach |         23 |         15 |       8 |    0 |    25 |      0 |      0 |          0 |
|               rank_mach0                                                                              |                                    mig7s_mig_7series_v4_2_rank_mach |         62 |         61 |       0 |    1 |    70 |      0 |      0 |          0 |
|                 rank_cntrl[0].rank_cntrl0                                                             |                                   mig7s_mig_7series_v4_2_rank_cntrl |         10 |          9 |       0 |    1 |    16 |      0 |      0 |          0 |
|                 rank_common0                                                                          |                                  mig7s_mig_7series_v4_2_rank_common |         52 |         52 |       0 |    0 |    54 |      0 |      0 |          0 |
|                   (rank_common0)                                                                      |                                  mig7s_mig_7series_v4_2_rank_common |         44 |         44 |       0 |    0 |    48 |      0 |      0 |          0 |
|                   maintenance_request.maint_arb0                                                      |                              mig7s_mig_7series_v4_2_round_robin_arb |          8 |          8 |       0 |    0 |     6 |      0 |      0 |          0 |
|           u_axi_mc                                                                                    |                                       mig7s_mig_7series_v4_2_axi_mc |       2437 |       2107 |       0 |  330 |  2521 |      0 |      0 |          0 |
|             (u_axi_mc)                                                                                |                                       mig7s_mig_7series_v4_2_axi_mc |          0 |          0 |       0 |    0 |    14 |      0 |      0 |          0 |
|             USE_UPSIZER.upsizer_d2                                                                    |                              mig7s_mig_7series_v4_2_ddr_axi_upsizer |       1680 |       1613 |       0 |   67 |  1695 |      0 |      0 |          0 |
|               USE_READ.read_addr_inst                                                                 |                mig7s_mig_7series_v4_2_ddr_a_upsizer__parameterized0 |        166 |        133 |       0 |   33 |    91 |      0 |      0 |          0 |
|                 (USE_READ.read_addr_inst)                                                             |                mig7s_mig_7series_v4_2_ddr_a_upsizer__parameterized0 |         59 |         59 |       0 |    0 |    40 |      0 |      0 |          0 |
|                 USE_BURSTS.cmd_queue                                                                  |                          mig7s_mig_7series_v4_2_ddr_command_fifo_62 |        107 |         74 |       0 |   33 |    46 |      0 |      0 |          0 |
|                   (USE_BURSTS.cmd_queue)                                                              |                          mig7s_mig_7series_v4_2_ddr_command_fifo_62 |         97 |         64 |       0 |   33 |    45 |      0 |      0 |          0 |
|                   USE_FPGA_VALID_WRITE.new_write_inst                                                 |                        mig7s_mig_7series_v4_2_ddr_carry_latch_or_69 |          6 |          6 |       0 |    0 |     1 |      0 |      0 |          0 |
|                   USE_FPGA_VALID_WRITE.s_valid_dummy_inst1                                            |                             mig7s_mig_7series_v4_2_ddr_carry_and_70 |          1 |          1 |       0 |    0 |     0 |      0 |      0 |          0 |
|                   USE_FPGA_VALID_WRITE.s_valid_dummy_inst2                                            |                             mig7s_mig_7series_v4_2_ddr_carry_and_71 |          0 |          0 |       0 |    0 |     0 |      0 |      0 |          0 |
|                   USE_FPGA_VALID_WRITE.valid_write_dummy_inst1                                        |                             mig7s_mig_7series_v4_2_ddr_carry_and_72 |          0 |          0 |       0 |    0 |     0 |      0 |      0 |          0 |
|                   USE_FPGA_VALID_WRITE.valid_write_dummy_inst2                                        |                             mig7s_mig_7series_v4_2_ddr_carry_and_73 |          0 |          0 |       0 |    0 |     0 |      0 |      0 |          0 |
|                   USE_FPGA_VALID_WRITE.valid_write_dummy_inst3                                        |                             mig7s_mig_7series_v4_2_ddr_carry_and_74 |          0 |          0 |       0 |    0 |     0 |      0 |      0 |          0 |
|                   USE_FPGA_VALID_WRITE.valid_write_inst                                               |                             mig7s_mig_7series_v4_2_ddr_carry_and_75 |          3 |          3 |       0 |    0 |     0 |      0 |      0 |          0 |
|                 USE_FPGA_ADJUSTED_LEN.LUT_LAST_MASK[0].last_mask_inst                                 |                       mig7s_mig_7series_v4_2_ddr_carry_latch_and_63 |          0 |          0 |       0 |    0 |     1 |      0 |      0 |          0 |
|                 USE_FPGA_ADJUSTED_LEN.LUT_LAST_MASK[1].last_mask_inst                                 |                       mig7s_mig_7series_v4_2_ddr_carry_latch_and_64 |          0 |          0 |       0 |    0 |     1 |      0 |      0 |          0 |
|                 USE_FPGA_ADJUSTED_LEN.LUT_LAST_MASK[2].last_mask_inst                                 |                       mig7s_mig_7series_v4_2_ddr_carry_latch_and_65 |          0 |          0 |       0 |    0 |     1 |      0 |      0 |          0 |
|                 USE_FPGA_ADJUSTED_LEN.LUT_LAST_MASK[3].last_mask_inst                                 |                       mig7s_mig_7series_v4_2_ddr_carry_latch_and_66 |          0 |          0 |       0 |    0 |     1 |      0 |      0 |          0 |
|                 USE_FPGA_ADJUSTED_LEN.LUT_LAST_MASK[4].last_mask_inst                                 |                       mig7s_mig_7series_v4_2_ddr_carry_latch_and_67 |          0 |          0 |       0 |    0 |     1 |      0 |      0 |          0 |
|                 USE_FPGA_ADJUSTED_LEN.access_need_extra_word_inst                                     |                             mig7s_mig_7series_v4_2_ddr_carry_and_68 |          0 |          0 |       0 |    0 |     0 |      0 |      0 |          0 |
|               USE_READ.read_data_inst                                                                 |                                mig7s_mig_7series_v4_2_ddr_r_upsizer |        163 |        163 |       0 |    0 |   282 |      0 |      0 |          0 |
|                 (USE_READ.read_data_inst)                                                             |                                mig7s_mig_7series_v4_2_ddr_r_upsizer |        151 |        151 |       0 |    0 |   281 |      0 |      0 |          0 |
|                 USE_FPGA_CTRL.cmd_ready_inst                                                          |                       mig7s_mig_7series_v4_2_ddr_carry_latch_and_37 |          1 |          1 |       0 |    0 |     1 |      0 |      0 |          0 |
|                 USE_FPGA_LAST_WORD.USE_FPGA_PACK.last_beat_inst_1                                     |                             mig7s_mig_7series_v4_2_ddr_carry_and_38 |          1 |          1 |       0 |    0 |     0 |      0 |      0 |          0 |
|                 USE_FPGA_LAST_WORD.USE_FPGA_PACK.last_beat_wrap_inst                                  |                              mig7s_mig_7series_v4_2_ddr_carry_or_39 |          1 |          1 |       0 |    0 |     0 |      0 |      0 |          0 |
|                 USE_FPGA_LAST_WORD.last_beat_curr_word_inst                                           |                        mig7s_mig_7series_v4_2_ddr_comparator_sel_40 |          0 |          0 |       0 |    0 |     0 |      0 |      0 |          0 |
|                   LUT_LEVEL[0].compare_inst                                                           |                             mig7s_mig_7series_v4_2_ddr_carry_and_57 |          0 |          0 |       0 |    0 |     0 |      0 |      0 |          0 |
|                   LUT_LEVEL[1].compare_inst                                                           |                             mig7s_mig_7series_v4_2_ddr_carry_and_58 |          0 |          0 |       0 |    0 |     0 |      0 |      0 |          0 |
|                   LUT_LEVEL[2].compare_inst                                                           |                             mig7s_mig_7series_v4_2_ddr_carry_and_59 |          0 |          0 |       0 |    0 |     0 |      0 |      0 |          0 |
|                   LUT_LEVEL[3].compare_inst                                                           |                             mig7s_mig_7series_v4_2_ddr_carry_and_60 |          0 |          0 |       0 |    0 |     0 |      0 |      0 |          0 |
|                   LUT_LEVEL[4].compare_inst                                                           |                             mig7s_mig_7series_v4_2_ddr_carry_and_61 |          0 |          0 |       0 |    0 |     0 |      0 |      0 |          0 |
|                 USE_FPGA_LAST_WORD.last_beat_inst                                                     | mig7s_mig_7series_v4_2_ddr_comparator_sel_static__parameterized0_41 |          5 |          5 |       0 |    0 |     0 |      0 |      0 |          0 |
|                   LUT_LEVEL[0].compare_inst                                                           |                             mig7s_mig_7series_v4_2_ddr_carry_and_53 |          1 |          1 |       0 |    0 |     0 |      0 |      0 |          0 |
|                   LUT_LEVEL[1].compare_inst                                                           |                             mig7s_mig_7series_v4_2_ddr_carry_and_54 |          1 |          1 |       0 |    0 |     0 |      0 |      0 |          0 |
|                   LUT_LEVEL[2].compare_inst                                                           |                             mig7s_mig_7series_v4_2_ddr_carry_and_55 |          1 |          1 |       0 |    0 |     0 |      0 |      0 |          0 |
|                   LUT_LEVEL[3].compare_inst                                                           |                             mig7s_mig_7series_v4_2_ddr_carry_and_56 |          2 |          2 |       0 |    0 |     0 |      0 |      0 |          0 |
|                 USE_FPGA_WORD_COMPLETED.next_word_wrap_inst                                           |                 mig7s_mig_7series_v4_2_ddr_comparator_sel_static_42 |          0 |          0 |       0 |    0 |     0 |      0 |      0 |          0 |
|                   LUT_LEVEL[0].compare_inst                                                           |                             mig7s_mig_7series_v4_2_ddr_carry_and_50 |          0 |          0 |       0 |    0 |     0 |      0 |      0 |          0 |
|                   LUT_LEVEL[1].compare_inst                                                           |                             mig7s_mig_7series_v4_2_ddr_carry_and_51 |          0 |          0 |       0 |    0 |     0 |      0 |      0 |          0 |
|                   LUT_LEVEL[2].compare_inst                                                           |                             mig7s_mig_7series_v4_2_ddr_carry_and_52 |          0 |          0 |       0 |    0 |     0 |      0 |      0 |          0 |
|                 USE_FPGA_WORD_COMPLETED.word_complete_last_word_inst                                  |                             mig7s_mig_7series_v4_2_ddr_carry_and_43 |          1 |          1 |       0 |    0 |     0 |      0 |      0 |          0 |
|                 USE_FPGA_WORD_COMPLETED.word_complete_next_wrap_inst                                  |                             mig7s_mig_7series_v4_2_ddr_carry_and_44 |          0 |          0 |       0 |    0 |     0 |      0 |      0 |          0 |
|                 USE_FPGA_WORD_COMPLETED.word_complete_next_wrap_pop_inst                              |                             mig7s_mig_7series_v4_2_ddr_carry_and_45 |          0 |          0 |       0 |    0 |     0 |      0 |      0 |          0 |
|                 USE_FPGA_WORD_COMPLETED.word_complete_next_wrap_ready_inst                            |                             mig7s_mig_7series_v4_2_ddr_carry_and_46 |          1 |          1 |       0 |    0 |     0 |      0 |      0 |          0 |
|                 USE_FPGA_WORD_COMPLETED.word_complete_rest_inst                                       |                              mig7s_mig_7series_v4_2_ddr_carry_or_47 |          2 |          2 |       0 |    0 |     0 |      0 |      0 |          0 |
|                 USE_FPGA_WORD_COMPLETED.word_complete_rest_pop_inst                                   |                             mig7s_mig_7series_v4_2_ddr_carry_and_48 |          0 |          0 |       0 |    0 |     0 |      0 |      0 |          0 |
|                 USE_FPGA_WORD_COMPLETED.word_complete_rest_ready_inst                                 |                             mig7s_mig_7series_v4_2_ddr_carry_and_49 |          1 |          1 |       0 |    0 |     0 |      0 |      0 |          0 |
|               USE_WRITE.write_addr_inst                                                               |                                mig7s_mig_7series_v4_2_ddr_a_upsizer |        175 |        141 |       0 |   34 |    92 |      0 |      0 |          0 |
|                 (USE_WRITE.write_addr_inst)                                                           |                                mig7s_mig_7series_v4_2_ddr_a_upsizer |         50 |         50 |       0 |    0 |    40 |      0 |      0 |          0 |
|                 USE_BURSTS.cmd_queue                                                                  |                             mig7s_mig_7series_v4_2_ddr_command_fifo |        125 |         91 |       0 |   34 |    47 |      0 |      0 |          0 |
|                   (USE_BURSTS.cmd_queue)                                                              |                             mig7s_mig_7series_v4_2_ddr_command_fifo |        115 |         81 |       0 |   34 |    46 |      0 |      0 |          0 |
|                   USE_FPGA_VALID_WRITE.new_write_inst                                                 |                           mig7s_mig_7series_v4_2_ddr_carry_latch_or |          6 |          6 |       0 |    0 |     1 |      0 |      0 |          0 |
|                   USE_FPGA_VALID_WRITE.s_valid_dummy_inst1                                            |                             mig7s_mig_7series_v4_2_ddr_carry_and_31 |          1 |          1 |       0 |    0 |     0 |      0 |      0 |          0 |
|                   USE_FPGA_VALID_WRITE.s_valid_dummy_inst2                                            |                             mig7s_mig_7series_v4_2_ddr_carry_and_32 |          0 |          0 |       0 |    0 |     0 |      0 |      0 |          0 |
|                   USE_FPGA_VALID_WRITE.valid_write_dummy_inst1                                        |                             mig7s_mig_7series_v4_2_ddr_carry_and_33 |          0 |          0 |       0 |    0 |     0 |      0 |      0 |          0 |
|                   USE_FPGA_VALID_WRITE.valid_write_dummy_inst2                                        |                             mig7s_mig_7series_v4_2_ddr_carry_and_34 |          0 |          0 |       0 |    0 |     0 |      0 |      0 |          0 |
|                   USE_FPGA_VALID_WRITE.valid_write_dummy_inst3                                        |                             mig7s_mig_7series_v4_2_ddr_carry_and_35 |          0 |          0 |       0 |    0 |     0 |      0 |      0 |          0 |
|                   USE_FPGA_VALID_WRITE.valid_write_inst                                               |                             mig7s_mig_7series_v4_2_ddr_carry_and_36 |          3 |          3 |       0 |    0 |     0 |      0 |      0 |          0 |
|                 USE_FPGA_ADJUSTED_LEN.LUT_LAST_MASK[0].last_mask_inst                                 |                       mig7s_mig_7series_v4_2_ddr_carry_latch_and_25 |          0 |          0 |       0 |    0 |     1 |      0 |      0 |          0 |
|                 USE_FPGA_ADJUSTED_LEN.LUT_LAST_MASK[1].last_mask_inst                                 |                       mig7s_mig_7series_v4_2_ddr_carry_latch_and_26 |          0 |          0 |       0 |    0 |     1 |      0 |      0 |          0 |
|                 USE_FPGA_ADJUSTED_LEN.LUT_LAST_MASK[2].last_mask_inst                                 |                       mig7s_mig_7series_v4_2_ddr_carry_latch_and_27 |          0 |          0 |       0 |    0 |     1 |      0 |      0 |          0 |
|                 USE_FPGA_ADJUSTED_LEN.LUT_LAST_MASK[3].last_mask_inst                                 |                       mig7s_mig_7series_v4_2_ddr_carry_latch_and_28 |          0 |          0 |       0 |    0 |     1 |      0 |      0 |          0 |
|                 USE_FPGA_ADJUSTED_LEN.LUT_LAST_MASK[4].last_mask_inst                                 |                       mig7s_mig_7series_v4_2_ddr_carry_latch_and_29 |          0 |          0 |       0 |    0 |     1 |      0 |      0 |          0 |
|                 USE_FPGA_ADJUSTED_LEN.access_need_extra_word_inst                                     |                             mig7s_mig_7series_v4_2_ddr_carry_and_30 |          0 |          0 |       0 |    0 |     0 |      0 |      0 |          0 |
|               USE_WRITE.write_data_inst                                                               |                                mig7s_mig_7series_v4_2_ddr_w_upsizer |        694 |        694 |       0 |    0 |   599 |      0 |      0 |          0 |
|                 (USE_WRITE.write_data_inst)                                                           |                                mig7s_mig_7series_v4_2_ddr_w_upsizer |        382 |        382 |       0 |    0 |   598 |      0 |      0 |          0 |
|                 USE_FPGA_LAST_WORD.last_beat_curr_word_inst                                           |                           mig7s_mig_7series_v4_2_ddr_comparator_sel |          0 |          0 |       0 |    0 |     0 |      0 |      0 |          0 |
|                   LUT_LEVEL[0].compare_inst                                                           |                             mig7s_mig_7series_v4_2_ddr_carry_and_20 |          0 |          0 |       0 |    0 |     0 |      0 |      0 |          0 |
|                   LUT_LEVEL[1].compare_inst                                                           |                             mig7s_mig_7series_v4_2_ddr_carry_and_21 |          0 |          0 |       0 |    0 |     0 |      0 |      0 |          0 |
|                   LUT_LEVEL[2].compare_inst                                                           |                             mig7s_mig_7series_v4_2_ddr_carry_and_22 |          0 |          0 |       0 |    0 |     0 |      0 |      0 |          0 |
|                   LUT_LEVEL[3].compare_inst                                                           |                             mig7s_mig_7series_v4_2_ddr_carry_and_23 |          0 |          0 |       0 |    0 |     0 |      0 |      0 |          0 |
|                   LUT_LEVEL[4].compare_inst                                                           |                             mig7s_mig_7series_v4_2_ddr_carry_and_24 |          0 |          0 |       0 |    0 |     0 |      0 |      0 |          0 |
|                 USE_FPGA_LAST_WORD.last_beat_inst                                                     |    mig7s_mig_7series_v4_2_ddr_comparator_sel_static__parameterized0 |          4 |          4 |       0 |    0 |     0 |      0 |      0 |          0 |
|                   LUT_LEVEL[0].compare_inst                                                           |                             mig7s_mig_7series_v4_2_ddr_carry_and_16 |          1 |          1 |       0 |    0 |     0 |      0 |      0 |          0 |
|                   LUT_LEVEL[1].compare_inst                                                           |                             mig7s_mig_7series_v4_2_ddr_carry_and_17 |          1 |          1 |       0 |    0 |     0 |      0 |      0 |          0 |
|                   LUT_LEVEL[2].compare_inst                                                           |                             mig7s_mig_7series_v4_2_ddr_carry_and_18 |          1 |          1 |       0 |    0 |     0 |      0 |      0 |          0 |
|                   LUT_LEVEL[3].compare_inst                                                           |                             mig7s_mig_7series_v4_2_ddr_carry_and_19 |          1 |          1 |       0 |    0 |     0 |      0 |      0 |          0 |
|                 USE_FPGA_LAST_WORD.last_word_inst                                                     |                                mig7s_mig_7series_v4_2_ddr_carry_and |          0 |          0 |       0 |    0 |     0 |      0 |      0 |          0 |
|                 USE_FPGA_USE_WRAP.last_word_inst2                                                     |                              mig7s_mig_7series_v4_2_ddr_carry_and_1 |          0 |          0 |       0 |    0 |     0 |      0 |      0 |          0 |
|                 USE_FPGA_USE_WRAP.last_word_inst3                                                     |                              mig7s_mig_7series_v4_2_ddr_carry_and_2 |          0 |          0 |       0 |    0 |     0 |      0 |      0 |          0 |
|                 USE_FPGA_USE_WRAP.word_complete_next_wrap_stall_inst                                  |                          mig7s_mig_7series_v4_2_ddr_carry_latch_and |         17 |         17 |       0 |    0 |     1 |      0 |      0 |          0 |
|                 USE_FPGA_WORD_COMPLETED.last_word_inst_2                                              |                              mig7s_mig_7series_v4_2_ddr_carry_and_3 |          0 |          0 |       0 |    0 |     0 |      0 |      0 |          0 |
|                 USE_FPGA_WORD_COMPLETED.next_word_wrap_inst                                           |                    mig7s_mig_7series_v4_2_ddr_comparator_sel_static |          0 |          0 |       0 |    0 |     0 |      0 |      0 |          0 |
|                   LUT_LEVEL[0].compare_inst                                                           |                             mig7s_mig_7series_v4_2_ddr_carry_and_13 |          0 |          0 |       0 |    0 |     0 |      0 |      0 |          0 |
|                   LUT_LEVEL[1].compare_inst                                                           |                             mig7s_mig_7series_v4_2_ddr_carry_and_14 |          0 |          0 |       0 |    0 |     0 |      0 |      0 |          0 |
|                   LUT_LEVEL[2].compare_inst                                                           |                             mig7s_mig_7series_v4_2_ddr_carry_and_15 |          0 |          0 |       0 |    0 |     0 |      0 |      0 |          0 |
|                 USE_FPGA_WORD_COMPLETED.pop_si_data_inst                                              |                                 mig7s_mig_7series_v4_2_ddr_carry_or |          0 |          0 |       0 |    0 |     0 |      0 |      0 |          0 |
|                 USE_FPGA_WORD_COMPLETED.word_complete_next_wrap_inst                                  |                              mig7s_mig_7series_v4_2_ddr_carry_and_4 |          1 |          1 |       0 |    0 |     0 |      0 |      0 |          0 |
|                 USE_FPGA_WORD_COMPLETED.word_complete_next_wrap_last_inst                             |                              mig7s_mig_7series_v4_2_ddr_carry_and_5 |          0 |          0 |       0 |    0 |     0 |      0 |      0 |          0 |
|                 USE_FPGA_WORD_COMPLETED.word_complete_next_wrap_pop_inst                              |                              mig7s_mig_7series_v4_2_ddr_carry_and_6 |          0 |          0 |       0 |    0 |     0 |      0 |      0 |          0 |
|                 USE_FPGA_WORD_COMPLETED.word_complete_next_wrap_qual_inst                             |                              mig7s_mig_7series_v4_2_ddr_carry_and_7 |          1 |          1 |       0 |    0 |     0 |      0 |      0 |          0 |
|                 USE_FPGA_WORD_COMPLETED.word_complete_next_wrap_valid_inst                            |                              mig7s_mig_7series_v4_2_ddr_carry_and_8 |          0 |          0 |       0 |    0 |     0 |      0 |      0 |          0 |
|                 USE_FPGA_WORD_COMPLETED.word_complete_rest_last_inst                                  |                              mig7s_mig_7series_v4_2_ddr_carry_and_9 |        289 |        289 |       0 |    0 |     0 |      0 |      0 |          0 |
|                 USE_FPGA_WORD_COMPLETED.word_complete_rest_pop_inst                                   |                             mig7s_mig_7series_v4_2_ddr_carry_and_10 |          0 |          0 |       0 |    0 |     0 |      0 |      0 |          0 |
|                 USE_FPGA_WORD_COMPLETED.word_complete_rest_qual_inst                                  |                             mig7s_mig_7series_v4_2_ddr_carry_and_11 |          0 |          0 |       0 |    0 |     0 |      0 |      0 |          0 |
|                 USE_FPGA_WORD_COMPLETED.word_complete_rest_valid_inst                                 |                             mig7s_mig_7series_v4_2_ddr_carry_and_12 |          0 |          0 |       0 |    0 |     0 |      0 |      0 |          0 |
|               mi_register_slice_inst                                                                  |       mig7s_mig_7series_v4_2_ddr_axi_register_slice__parameterized0 |        398 |        398 |       0 |    0 |   536 |      0 |      0 |          0 |
|                 (mi_register_slice_inst)                                                              |       mig7s_mig_7series_v4_2_ddr_axi_register_slice__parameterized0 |          1 |          1 |       0 |    0 |     1 |      0 |      0 |          0 |
|                 r_pipe                                                                                |      mig7s_mig_7series_v4_2_ddr_axic_register_slice__parameterized5 |        397 |        397 |       0 |    0 |   535 |      0 |      0 |          0 |
|               si_register_slice_inst                                                                  |                       mig7s_mig_7series_v4_2_ddr_axi_register_slice |         89 |         89 |       0 |    0 |    95 |      0 |      0 |          0 |
|                 (si_register_slice_inst)                                                              |                       mig7s_mig_7series_v4_2_ddr_axi_register_slice |          0 |          0 |       0 |    0 |     1 |      0 |      0 |          0 |
|                 ar_pipe                                                                               |                      mig7s_mig_7series_v4_2_ddr_axic_register_slice |         41 |         41 |       0 |    0 |    46 |      0 |      0 |          0 |
|                 aw_pipe                                                                               |                    mig7s_mig_7series_v4_2_ddr_axic_register_slice_0 |         48 |         48 |       0 |    0 |    48 |      0 |      0 |          0 |
|             axi_mc_ar_channel_0                                                                       |                            mig7s_mig_7series_v4_2_axi_mc_ar_channel |         66 |         66 |       0 |    0 |    84 |      0 |      0 |          0 |
|               (axi_mc_ar_channel_0)                                                                   |                            mig7s_mig_7series_v4_2_axi_mc_ar_channel |          0 |          0 |       0 |    0 |    41 |      0 |      0 |          0 |
|               ar_cmd_fsm_0                                                                            |                               mig7s_mig_7series_v4_2_axi_mc_cmd_fsm |         64 |         64 |       0 |    0 |     1 |      0 |      0 |          0 |
|               axi_mc_cmd_translator_0                                                                 |        mig7s_mig_7series_v4_2_axi_mc_cmd_translator__parameterized0 |          2 |          2 |       0 |    0 |    42 |      0 |      0 |          0 |
|                 axi_mc_incr_cmd_0                                                                     |              mig7s_mig_7series_v4_2_axi_mc_incr_cmd__parameterized0 |          0 |          0 |       0 |    0 |    34 |      0 |      0 |          0 |
|                 axi_mc_wrap_cmd_0                                                                     |              mig7s_mig_7series_v4_2_axi_mc_wrap_cmd__parameterized0 |          2 |          2 |       0 |    0 |     8 |      0 |      0 |          0 |
|             axi_mc_aw_channel_0                                                                       |                            mig7s_mig_7series_v4_2_axi_mc_aw_channel |         72 |         72 |       0 |    0 |    82 |      0 |      0 |          0 |
|               (axi_mc_aw_channel_0)                                                                   |                            mig7s_mig_7series_v4_2_axi_mc_aw_channel |          0 |          0 |       0 |    0 |    39 |      0 |      0 |          0 |
|               aw_cmd_fsm_0                                                                            |                            mig7s_mig_7series_v4_2_axi_mc_wr_cmd_fsm |         66 |         66 |       0 |    0 |     1 |      0 |      0 |          0 |
|               axi_mc_cmd_translator_0                                                                 |                        mig7s_mig_7series_v4_2_axi_mc_cmd_translator |          6 |          6 |       0 |    0 |    42 |      0 |      0 |          0 |
|                 axi_mc_incr_cmd_0                                                                     |                              mig7s_mig_7series_v4_2_axi_mc_incr_cmd |          0 |          0 |       0 |    0 |    34 |      0 |      0 |          0 |
|                 axi_mc_wrap_cmd_0                                                                     |                              mig7s_mig_7series_v4_2_axi_mc_wrap_cmd |          6 |          6 |       0 |    0 |     8 |      0 |      0 |          0 |
|             axi_mc_b_channel_0                                                                        |                             mig7s_mig_7series_v4_2_axi_mc_b_channel |         10 |          7 |       0 |    3 |     8 |      0 |      0 |          0 |
|               (axi_mc_b_channel_0)                                                                    |                             mig7s_mig_7series_v4_2_axi_mc_b_channel |          0 |          0 |       0 |    0 |     4 |      0 |      0 |          0 |
|               bid_fifo_0                                                                              |                                  mig7s_mig_7series_v4_2_axi_mc_fifo |         10 |          7 |       0 |    3 |     4 |      0 |      0 |          0 |
|             axi_mc_cmd_arbiter_0                                                                      |                           mig7s_mig_7series_v4_2_axi_mc_cmd_arbiter |         27 |         27 |       0 |    0 |    31 |      0 |      0 |          0 |
|             axi_mc_r_channel_0                                                                        |                             mig7s_mig_7series_v4_2_axi_mc_r_channel |        290 |         30 |       0 |  260 |    28 |      0 |      0 |          0 |
|               (axi_mc_r_channel_0)                                                                    |                             mig7s_mig_7series_v4_2_axi_mc_r_channel |          0 |          0 |       0 |    0 |    10 |      0 |      0 |          0 |
|               rd_data_fifo_0                                                                          |                  mig7s_mig_7series_v4_2_axi_mc_fifo__parameterized0 |        272 |         16 |       0 |  256 |    12 |      0 |      0 |          0 |
|               transaction_fifo_0                                                                      |                  mig7s_mig_7series_v4_2_axi_mc_fifo__parameterized1 |         18 |         14 |       0 |    4 |     6 |      0 |      0 |          0 |
|             axi_mc_w_channel_0                                                                        |                             mig7s_mig_7series_v4_2_axi_mc_w_channel |        293 |        293 |       0 |    0 |   579 |      0 |      0 |          0 |
|           u_ui_top                                                                                    |                                       mig7s_mig_7series_v4_2_ui_top |        615 |        239 |     376 |    0 |   968 |      0 |      0 |          0 |
|             ui_cmd0                                                                                   |                                       mig7s_mig_7series_v4_2_ui_cmd |         31 |         31 |       0 |    0 |    56 |      0 |      0 |          0 |
|             ui_rd_data0                                                                               |                                   mig7s_mig_7series_v4_2_ui_rd_data |        201 |         25 |     176 |    0 |   291 |      0 |      0 |          0 |
|             ui_wr_data0                                                                               |                                   mig7s_mig_7series_v4_2_ui_wr_data |        383 |        183 |     200 |    0 |   621 |      0 |      0 |          0 |
|   i_rstgen                                                                                            |                                                              rstgen |          2 |          2 |       0 |    0 |     4 |      0 |      0 |          0 |
|     i_rstgen_bypass                                                                                   |                                                       rstgen_bypass |          2 |          2 |       0 |    0 |     4 |      0 |      0 |          0 |
|       (i_rstgen_bypass)                                                                               |                                                       rstgen_bypass |          1 |          1 |       0 |    0 |     4 |      0 |      0 |          0 |
|       i_tc_clk_mux2_rst_n                                                                             |                                                       tc_clk_mux2_0 |          0 |          0 |       0 |    0 |     0 |      0 |      0 |          0 |
|       i_tc_clk_mux2_rst_no                                                                            |                                                       tc_clk_mux2_1 |          1 |          1 |       0 |    0 |     0 |      0 |      0 |          0 |
+-------------------------------------------------------------------------------------------------------+---------------------------------------------------------------------+------------+------------+---------+------+-------+--------+--------+------------+
* Note: The sum of lower-level cells may be larger than their parent cells total, due to cross-hierarchy LUT combining


