#-----------------------------------------------------------
# Vivado v2022.2 (64-bit)
# SW Build 3671981 on Fri Oct 14 04:59:54 MDT 2022
# IP Build 3669848 on Fri Oct 14 08:30:02 MDT 2022
# Start of session at: Fri Feb 27 02:03:13 2026
# Process ID: 4045240
# Current directory: /home/shc/projects/chs-nv/cheshire_nv_built/target/xilinx/build/genesys2.mig7s
# Command line: vivado -mode batch -log ../genesys2.mig7s.log -jou ../genesys2.mig7s.jou -source /home/shc/projects/chs-nv/cheshire_nv_built/target/xilinx/scripts/impl_ip.tcl -tclargs genesys2 mig7s
# Log file: /home/shc/projects/chs-nv/cheshire_nv_built/target/xilinx/build/genesys2.mig7s/../genesys2.mig7s.log
# Journal file: /home/shc/projects/chs-nv/cheshire_nv_built/target/xilinx/build/genesys2.mig7s/../genesys2.mig7s.jou
# Running On: karpuz, OS: Linux, CPU Frequency: 4700.000 MHz, CPU Physical cores: 12, Host memory: 67154 MB
#-----------------------------------------------------------
source /home/shc/projects/chs-nv/cheshire_nv_built/target/xilinx/scripts/impl_ip.tcl
# set xilinx_root [file dirname [file dirname [file normalize [info script]]]]
# source ${xilinx_root}/scripts/common.tcl
## set bpart(genesys2) "digilentinc.com:genesys2:part0:1.1"
## set fpart(genesys2) "xc7k325tffg900-2"
## set hwdev(genesys2) "xc7k325t_0"
## set cfgmp(genesys2) "s25fl256sxxxxxx0-spi-x1_x2_x4"
## set bpart(vcu128) "xilinx.com:vcu128:part0:1.0"
## set fpart(vcu128) "xcvu37p-fsvh2892-2L-e"
## set hwdev(vcu128) "xcvu37p_0"
## set cfgmp(vcu128) "mt25qu02g-spi-x1_x2_x4"
## set_param board.repoPaths [list /home/shc/temp/vivado-boards-master/new/board_files/genesys2/H]
## proc init_impl {xilinx_root argc argv} {
##     global fpart
##     global bpart
##     # We declare these variables into the global context
##     global num_threads
##     global num_jobs
##     global project_root
##     global board
##     global proj
##     # Check argument count
##     if { $argc < 2 } {
##         puts "Error: Insufficient implementation arguments (${argc}): ${argv}."
##         return -code error
##     }
##     # Configure parallelism
##     set num_threads 8
##     set num_jobs 8
##     # Get arguments
##     set board [lindex $argv 0]
##     set proj [lindex $argv 1]
##     # Set up multithreading
##     set_param general.maxThreads $num_threads
##     # Remove prior build
##     set project_root ${xilinx_root}/build/${board}.${proj}
##     file delete -force [glob -nocomplain ${project_root}/*]
##     # Create project
##     create_project $proj $project_root -force -part $fpart($board)
##     set_property board_part $bpart($board) [current_project]
## }
## proc open_target {xilinx_root argc argv suffix} {
##     global hwdev
##     # We declare these variables into the global context
##     global project_root
##     global board
##     global hw_tgt
##     global hw_device
##     # Check argument count
##     if { $argc < 3 } {
##         puts "Error: Insufficient target arguments (${argc}): ${argv}."
##         return -code error
##     }
##     # Get arguments
##     set url [lindex $argv 0]
##     set path [lindex $argv 1]
##     set board [lindex $argv 2]
##     # Remove prior build
##     set project_root ${xilinx_root}/build/${board}.${suffix}
##     file delete -force [glob -nocomplain ${project_root}/*]
##     # Connect to HW server
##     open_hw_manager
##     connect_hw_server -url $url
##     # Open HW target, set JTAG frequency
##     set hw_tgts [get_hw_targets ${url}/${path}]
##     # From all matching targets, choose last (most specific) one
##     set hw_tgt [lindex ${hw_tgts} [expr { [llength ${hw_tgts}] - 1 }]]
##     open_hw_target $hw_tgt
##     set_property PARAM.FREQUENCY 15000000 $hw_tgt
##     # Get hardware device
##     set hw_device [get_hw_devices $hwdev($board)]
## }
## proc no_cfg_exit {proj board} {
##     puts "Error: Unsupported board ${board} for ${proj}."
##     return -code error
## }
## proc gen_reports {rptdir} {
##     file delete -force $rptdir
##     file mkdir ${rptdir}
##     # tclint-disable spacing, line-length
##     check_timing             -file ${rptdir}/check_timing.rpt       -verbose
##     report_timing            -file ${rptdir}/timing_worst_100.rpt   -max_paths 100 -nworst 100 -delay_type max -sort_by slack
##     report_timing            -file ${rptdir}/timing_worst.rpt       -nworst 1 -delay_type max -sort_by group
##     report_utilization       -file ${rptdir}/utilization.rpt        -hierarchical
##     report_cdc               -file ${rptdir}/cdc.rpt
##     report_clock_interaction -file ${rptdir}/clock_interaction.rpt
##     report_timing_summary    -file ${rptdir}/timing_summary.rpt
##     # tclint-enable spacing, line-length
## }
## proc insert_ilas {clk_net_name} {
##     global project_root
##     # Get nets to debug
##     set debug_nets [lsort -dictionary [get_nets -hier -filter {MARK_DEBUG == 1}]]
##     # Create debug core only if there are probes
##     if { ![llength $debug_nets] } { return }
##     # Create and configure debug core
##     create_debug_core i_ila ila
##     set_property -dict [list \
##         ALL_PROBE_SAME_MU {true} ALL_PROBE_SAME_MU_CNT {4} C_ADV_TRIGGER {true} \
##         C_DATA_DEPTH {16384} C_EN_STRG_QUAL {true} C_INPUT_PIPE_STAGES {0} \
##         C_TRIGIN_EN {false} C_TRIGOUT_EN {false} \
##         ] [get_debug_cores i_ila]
##     # Connect SoC clock
##     set_property port_width 1 [get_debug_ports i_ila/clk]
##     connect_debug_port i_ila/clk [get_nets $clk_net_name]
##     # Loop through debug nets (add extra list element to ensure last net is processed)
##     set net_name_last ""
##     set i 0
##     foreach net [concat $debug_nets {""}] {
##         # Remove trailing array index
##         regsub {\[[0-9]*\]$} $net {} net_name
##         # Create probe after all signals with the same name have been collected
##         if { $net_name_last != $net_name } {
##             if { $net_name_last != "" } {
##                 puts "Creating probe $i of width [llength $sig_list] for `$net_name_last`."
##                 # probe0 already exists, and does not need to be created
##                 if { $i != 0 } { create_debug_port i_ila probe }
##                 set_property port_width [llength $sig_list] [get_debug_ports i_ila/probe$i]
##                 set_property PROBE_TYPE DATA_AND_TRIGGER [get_debug_ports i_ila/probe$i]
##                 connect_debug_port i_ila/probe$i [get_nets $sig_list]
##                 incr i
##             }
##             set sig_list ""
##         }
##         lappend sig_list $net
##         set net_name_last $net_name
##     }
##     # Save constraints, then implement the debug core
##     save_constraints -force
##     implement_debug_core
## }
# init_impl $xilinx_root $argc $argv
WARNING: [Board 49-151] The current board 'digilentinc.com::genesys2:1.1' is from a local repo. The vivado install has a corresponding board with version greater than or equal to the local repo board. Please use boards from vivado install to avoid any upgrade/migrate issues
# switch $proj {
# 
#     clkwiz {
#         create_ip -name clk_wiz -vendor xilinx.com -library ip -version 6.0 -module_name $proj
#         switch $board {
#             genesys2 {
#                 set_property -dict [list \
#                     CONFIG.PRIM_SOURCE {No_buffer} \
#                     CONFIG.PRIM_IN_FREQ {200.000} \
#                     CONFIG.CLKOUT1_USED {true} \
#                     CONFIG.CLKOUT2_USED {true} \
#                     CONFIG.CLKOUT3_USED {true} \
#                     CONFIG.CLKOUT4_USED {true} \
#                     CONFIG.CLK_OUT1_PORT {clk_50} \
#                     CONFIG.CLK_OUT2_PORT {clk_48} \
#                     CONFIG.CLK_OUT3_PORT {clk_20} \
#                     CONFIG.CLK_OUT4_PORT {clk_10} \
#                     CONFIG.CLKOUT1_REQUESTED_OUT_FREQ {50.000} \
#                     CONFIG.CLKOUT2_REQUESTED_OUT_FREQ {48.000} \
#                     CONFIG.CLKOUT3_REQUESTED_OUT_FREQ {20.000} \
#                     CONFIG.CLKOUT4_REQUESTED_OUT_FREQ {10.000} \
#                     CONFIG.CLKIN1_JITTER_PS {50.0} \
#                     CONFIG.MMCM_CLKFBOUT_MULT_F {6.000} \
#                     CONFIG.MMCM_CLKIN1_PERIOD {5.000} \
#                     CONFIG.MMCM_CLKOUT1_DIVIDE {24} \
#                     CONFIG.MMCM_CLKOUT2_DIVIDE {25} \
#                     CONFIG.MMCM_CLKOUT3_DIVIDE {60} \
#                     CONFIG.MMCM_CLKOUT4_DIVIDE {120} \
#                     CONFIG.NUM_OUT_CLKS {4} \
#                     CONFIG.CLKOUT1_JITTER {112.316} \
#                     CONFIG.CLKOUT1_PHASE_ERROR {89.971} \
#                     CONFIG.CLKOUT2_JITTER {129.198} \
#                     CONFIG.CLKOUT2_PHASE_ERROR {89.971} \
#                     CONFIG.CLKOUT3_JITTER {155.330} \
#                     CONFIG.CLKOUT3_PHASE_ERROR {89.971} \
#                     CONFIG.CLKOUT4_JITTER {178.053} \
#                     CONFIG.CLKOUT4_PHASE_ERROR {89.971} \
#                     ] [get_ips $proj]
#             }
#             vcu128 {
#                 set_property -dict [list \
#                     CONFIG.CLK_IN1_BOARD_INTERFACE {Custom} \
#                     CONFIG.RESET_BOARD_INTERFACE {Custom} \
#                     CONFIG.USE_RESET {true} \
#                     CONFIG.PRIM_SOURCE {No_buffer} \
#                     CONFIG.PRIM_IN_FREQ {100.000} \
#                     CONFIG.CLKOUT1_USED {true} \
#                     CONFIG.CLKOUT2_USED {true} \
#                     CONFIG.CLKOUT3_USED {true} \
#                     CONFIG.CLKOUT4_USED {true} \
#                     CONFIG.CLK_OUT1_PORT {clk_50} \
#                     CONFIG.CLK_OUT2_PORT {clk_48} \
#                     CONFIG.CLK_OUT3_PORT {clk_20} \
#                     CONFIG.CLK_OUT4_PORT {clk_10} \
#                     CONFIG.CLKOUT1_REQUESTED_OUT_FREQ {50.000} \
#                     CONFIG.CLKOUT2_REQUESTED_OUT_FREQ {48.000} \
#                     CONFIG.CLKOUT3_REQUESTED_OUT_FREQ {20.000} \
#                     CONFIG.CLKOUT4_REQUESTED_OUT_FREQ {10.000} \
#                     CONFIG.MMCM_CLKFBOUT_MULT_F {12.000} \
#                     CONFIG.MMCM_CLKIN1_PERIOD {5.000} \
#                     CONFIG.MMCM_CLKOUT1_DIVIDE {24} \
#                     CONFIG.MMCM_CLKOUT2_DIVIDE {25} \
#                     CONFIG.MMCM_CLKOUT3_DIVIDE {60} \
#                     CONFIG.MMCM_CLKOUT4_DIVIDE {120} \
#                     CONFIG.NUM_OUT_CLKS {4} \
#                     CONFIG.CLKOUT1_JITTER {112.316} \
#                     CONFIG.CLKOUT1_PHASE_ERROR {89.971} \
#                     CONFIG.CLKOUT2_JITTER {129.198} \
#                     CONFIG.CLKOUT2_PHASE_ERROR {89.971} \
#                     CONFIG.CLKOUT3_JITTER {155.330} \
#                     CONFIG.CLKOUT3_PHASE_ERROR {89.971} \
#                     CONFIG.CLKOUT4_JITTER {178.053} \
#                     CONFIG.CLKOUT4_PHASE_ERROR {89.971} \
#                     ] [get_ips $proj]
#             }
#             default { nocfgexit $proj $board }
#         }
#     }
# 
#     vio {
#         create_ip -name vio -vendor xilinx.com -library ip -version 3.0 -module_name $proj
#         switch $board {
#             genesys2 {
#                 set_property -dict [list \
#                     CONFIG.C_NUM_PROBE_OUT {3} \
#                     CONFIG.C_PROBE_OUT0_INIT_VAL {0x0} \
#                     CONFIG.C_PROBE_OUT1_INIT_VAL {0x0} \
#                     CONFIG.C_PROBE_OUT2_INIT_VAL {0x0} \
#                     CONFIG.C_PROBE_OUT1_WIDTH {2} \
#                     CONFIG.C_EN_PROBE_IN_ACTIVITY {0} \
#                     CONFIG.C_NUM_PROBE_IN {0} \
#                     ] [get_ips $proj]
#             }
#             vcu128 {
#                 set_property -dict [list \
#                     CONFIG.C_NUM_PROBE_OUT {3} \
#                     CONFIG.C_PROBE_OUT0_INIT_VAL {0x0} \
#                     CONFIG.C_PROBE_OUT1_INIT_VAL {0x2} \
#                     CONFIG.C_PROBE_OUT2_INIT_VAL {0x1} \
#                     CONFIG.C_PROBE_OUT1_WIDTH {2} \
#                     CONFIG.C_EN_PROBE_IN_ACTIVITY {0} \
#                     CONFIG.C_NUM_PROBE_IN {0} \
#                     ] [get_ips $proj]
#             }
#             default { nocfgexit $proj $board }
#         }
#     }
# 
#     mig7s {
#         create_ip -name mig_7series -vendor xilinx.com -library ip -module_name $proj
#         # Inject existing project file
#         file copy ${xilinx_root}/src/ips/${board}.${proj}.prj \
#             ${project_root}/${proj}.srcs/sources_1/ip/${proj}/mig_a.prj
#         switch $board {
#             genesys2 {
#                 set_property -dict [list \
#                     CONFIG.XML_INPUT_FILE {mig_a.prj} \
#                     CONFIG.RESET_BOARD_INTERFACE {Custom} \
#                     CONFIG.MIG_DONT_TOUCH_PARAM {Custom} \
#                     CONFIG.BOARD_MIG_PARAM {Custom} \
#                     ] [get_ips $proj]
#             }
#             default { nocfgexit $proj $board }
#         }
#     }
# 
#     ddr4 {
#         create_ip -name ddr4 -vendor xilinx.com -library ip -version 2.2 -module_name $proj
#         switch $board {
#             vcu128 {
#                 set_property -dict [list \
#                     CONFIG.C0.DDR4_Clamshell {true} \
#                     CONFIG.C0_DDR4_BOARD_INTERFACE {ddr4_sdram} \
#                     CONFIG.System_Clock {No_Buffer} \
#                     CONFIG.Reference_Clock {No_Buffer} \
#                     CONFIG.C0.DDR4_InputClockPeriod {10000} \
#                     CONFIG.C0.DDR4_CLKOUT0_DIVIDE {3} \
#                     CONFIG.C0.DDR4_MemoryPart {MT40A512M16HA-075E} \
#                     CONFIG.C0.DDR4_DataWidth {72} \
#                     CONFIG.C0.DDR4_DataMask {NO_DM_NO_DBI} \
#                     CONFIG.C0.DDR4_Ecc {true} \
#                     CONFIG.C0.DDR4_AxiDataWidth {512} \
#                     CONFIG.C0.DDR4_AxiAddressWidth {32} \
#                     CONFIG.C0.DDR4_AxiIDWidth {8} \
#                     CONFIG.ADDN_UI_CLKOUT1_FREQ_HZ {100} \
#                     CONFIG.C0.BANK_GROUP_WIDTH {1} \
#                     CONFIG.C0.CS_WIDTH {2} \
#                     CONFIG.C0.DDR4_AxiSelection {true} \
#                     ] [get_ips $proj]
#             }
#             default { nocfgexit $proj $board }
#         }
#     }
# 
# }
INFO: [IP_Flow 19-234] Refreshing IP repositories
INFO: [IP_Flow 19-1704] No user IP repositories specified
INFO: [IP_Flow 19-2313] Loaded Vivado IP repository '/tools/Xilinx/Vivado/2022.2/data/ip'.
# set xci ${project_root}/${proj}.srcs/sources_1/ip/${proj}/${proj}.xci
# generate_target all [get_files $xci]
INFO: [IP_Flow 19-1686] Generating 'Instantiation Template' target for IP 'mig7s'...
INFO: [IP_Flow 19-1686] Generating 'Synthesis' target for IP 'mig7s'...
INFO: [IP_Flow 19-1686] Generating 'Simulation' target for IP 'mig7s'...
INFO: [IP_Flow 19-1686] Generating 'Implementation' target for IP 'mig7s'...
INFO: [IP_Flow 19-1686] Generating 'Change Log' target for IP 'mig7s'...
generate_target: Time (s): cpu = 00:00:13 ; elapsed = 00:00:14 . Memory (MB): peak = 2282.188 ; gain = 256.539 ; free physical = 14129 ; free virtual = 24156
# create_ip_run [get_files -of_objects [get_fileset sources_1] $xci]
# launch_run -jobs $num_jobs ${proj}_synth_1
[Fri Feb 27 02:03:38 2026] Launched mig7s_synth_1...
Run output will be captured here: /home/shc/projects/chs-nv/cheshire_nv_built/target/xilinx/build/genesys2.mig7s/mig7s.runs/mig7s_synth_1/runme.log
# wait_on_run ${proj}_synth_1
[Fri Feb 27 02:03:38 2026] Waiting for mig7s_synth_1 to finish...

*** Running vivado
    with args -log mig7s.vds -m64 -product Vivado -mode batch -messageDb vivado.pb -notrace -source mig7s.tcl


****** Vivado v2022.2 (64-bit)
  **** SW Build 3671981 on Fri Oct 14 04:59:54 MDT 2022
  **** IP Build 3669848 on Fri Oct 14 08:30:02 MDT 2022
    ** Copyright 1986-2022 Xilinx, Inc. All Rights Reserved.

source mig7s.tcl -notrace
Command: synth_design -top mig7s -part xc7k325tffg900-2 -incremental_mode off -mode out_of_context
Starting synth_design
Attempting to get a license for feature 'Synthesis' and/or device 'xc7k325t'
INFO: [Common 17-349] Got license for feature 'Synthesis' and/or device 'xc7k325t'
INFO: [Common 17-86] Your Synthesis license expires in 23 day(s)
INFO: [Device 21-403] Loading part xc7k325tffg900-2
INFO: [Synth 8-7079] Multithreading enabled for synth_design using a maximum of 4 processes.
INFO: [Synth 8-7078] Launching helper process for spawning children vivado processes
INFO: [Synth 8-7075] Helper process launched with PID 4045818
INFO: [Synth 8-11241] undeclared symbol 'REGCCE', assumed default net type 'wire' [/tools/Xilinx/Vivado/2022.2/data/verilog/src/unimacro/BRAM_SINGLE_MACRO.v:2170]
WARNING: [Synth 8-10515] begin/end is required for generate-for in this mode of Verilog [/home/shc/projects/chs-nv/cheshire_nv_built/target/xilinx/build/genesys2.mig7s/mig7s.gen/sources_1/ip/mig7s/mig7s/user_design/rtl/controller/mig_7series_v4_2_arb_row_col.v:253]
INFO: [Synth 8-11241] undeclared symbol 'dbg_sel_po_incdec', assumed default net type 'wire' [/home/shc/projects/chs-nv/cheshire_nv_built/target/xilinx/build/genesys2.mig7s/mig7s.gen/sources_1/ip/mig7s/mig7s/user_design/rtl/mig7s_mig.v:1221]
INFO: [Synth 8-11241] undeclared symbol 'dbg_po_f_inc', assumed default net type 'wire' [/home/shc/projects/chs-nv/cheshire_nv_built/target/xilinx/build/genesys2.mig7s/mig7s.gen/sources_1/ip/mig7s/mig7s/user_design/rtl/mig7s_mig.v:1225]
INFO: [Synth 8-11241] undeclared symbol 'dbg_po_f_stg23_sel', assumed default net type 'wire' [/home/shc/projects/chs-nv/cheshire_nv_built/target/xilinx/build/genesys2.mig7s/mig7s.gen/sources_1/ip/mig7s/mig7s/user_design/rtl/mig7s_mig.v:1226]
INFO: [Synth 8-11241] undeclared symbol 'dbg_po_f_dec', assumed default net type 'wire' [/home/shc/projects/chs-nv/cheshire_nv_built/target/xilinx/build/genesys2.mig7s/mig7s.gen/sources_1/ip/mig7s/mig7s/user_design/rtl/mig7s_mig.v:1227]
---------------------------------------------------------------------------------
Starting RTL Elaboration : Time (s): cpu = 00:00:02 ; elapsed = 00:00:02 . Memory (MB): peak = 2496.535 ; gain = 371.738 ; free physical = 12425 ; free virtual = 22453
Synthesis current peak Physical Memory [PSS] (MB): peak = 1844.823; parent = 1668.710; children = 176.113
Synthesis current peak Virtual Memory [VSS] (MB): peak = 3495.500; parent = 2514.383; children = 981.117
---------------------------------------------------------------------------------
INFO: [Synth 8-6157] synthesizing module 'mig7s' [/home/shc/projects/chs-nv/cheshire_nv_built/target/xilinx/build/genesys2.mig7s/mig7s.gen/sources_1/ip/mig7s/mig7s/user_design/rtl/mig7s.v:70]
INFO: [Synth 8-6157] synthesizing module 'mig7s_mig' [/home/shc/projects/chs-nv/cheshire_nv_built/target/xilinx/build/genesys2.mig7s/mig7s.gen/sources_1/ip/mig7s/mig7s/user_design/rtl/mig7s_mig.v:75]
INFO: [Synth 8-6157] synthesizing module 'mig_7series_v4_2_tempmon' [/home/shc/projects/chs-nv/cheshire_nv_built/target/xilinx/build/genesys2.mig7s/mig7s.gen/sources_1/ip/mig7s/mig7s/user_design/rtl/clocking/mig_7series_v4_2_tempmon.v:69]
	Parameter TCQ bound to: 100 - type: integer 
	Parameter TEMP_MON_CONTROL bound to: INTERNAL - type: string 
	Parameter XADC_CLK_PERIOD bound to: 5000 - type: integer 
	Parameter tTEMPSAMPLE bound to: 10000000 - type: integer 
INFO: [Synth 8-6157] synthesizing module 'XADC' [/tools/Xilinx/Vivado/2022.2/scripts/rt/data/unisim_comp.v:136349]
	Parameter INIT_40 bound to: 16'b0001000000000000 
	Parameter INIT_41 bound to: 16'b0010111111111111 
	Parameter INIT_42 bound to: 16'b0000100000000000 
	Parameter INIT_48 bound to: 16'b0000000100000001 
	Parameter INIT_49 bound to: 16'b0000000000000000 
	Parameter INIT_4A bound to: 16'b0000000100000000 
	Parameter INIT_4B bound to: 16'b0000000000000000 
	Parameter INIT_4C bound to: 16'b0000000000000000 
	Parameter INIT_4D bound to: 16'b0000000000000000 
	Parameter INIT_4E bound to: 16'b0000000000000000 
	Parameter INIT_4F bound to: 16'b0000000000000000 
	Parameter INIT_50 bound to: 16'b1011010111101101 
	Parameter INIT_51 bound to: 16'b0101011111100100 
	Parameter INIT_52 bound to: 16'b1010000101000111 
	Parameter INIT_53 bound to: 16'b1100101000110011 
	Parameter INIT_54 bound to: 16'b1010100100111010 
	Parameter INIT_55 bound to: 16'b0101001011000110 
	Parameter INIT_56 bound to: 16'b1001010101010101 
	Parameter INIT_57 bound to: 16'b1010111001001110 
	Parameter INIT_58 bound to: 16'b0101100110011001 
	Parameter INIT_5C bound to: 16'b0101000100010001 
	Parameter SIM_DEVICE bound to: 7SERIES - type: string 
INFO: [Synth 8-6155] done synthesizing module 'XADC' (0#1) [/tools/Xilinx/Vivado/2022.2/scripts/rt/data/unisim_comp.v:136349]
INFO: [Synth 8-6155] done synthesizing module 'mig_7series_v4_2_tempmon' (0#1) [/home/shc/projects/chs-nv/cheshire_nv_built/target/xilinx/build/genesys2.mig7s/mig7s.gen/sources_1/ip/mig7s/mig7s/user_design/rtl/clocking/mig_7series_v4_2_tempmon.v:69]
INFO: [Synth 8-6157] synthesizing module 'mig_7series_v4_2_iodelay_ctrl' [/home/shc/projects/chs-nv/cheshire_nv_built/target/xilinx/build/genesys2.mig7s/mig7s.gen/sources_1/ip/mig7s/mig7s/user_design/rtl/clocking/mig_7series_v4_2_iodelay_ctrl.v:80]
	Parameter TCQ bound to: 100 - type: integer 
	Parameter IODELAY_GRP0 bound to: MIG7S_IODELAY_MIG0 - type: string 
	Parameter IODELAY_GRP1 bound to: MIG7S_IODELAY_MIG1 - type: string 
	Parameter REFCLK_TYPE bound to: USE_SYSTEM_CLOCK - type: string 
	Parameter SYSCLK_TYPE bound to: NO_BUFFER - type: string 
	Parameter SYS_RST_PORT bound to: FALSE - type: string 
	Parameter RST_ACT_LOW bound to: 0 - type: integer 
	Parameter DIFF_TERM_REFCLK bound to: TRUE - type: string 
	Parameter FPGA_SPEED_GRADE bound to: 2 - type: integer 
	Parameter REF_CLK_MMCM_IODELAY_CTRL bound to: TRUE - type: string 
INFO: [Synth 8-6157] synthesizing module 'MMCME2_ADV' [/tools/Xilinx/Vivado/2022.2/scripts/rt/data/unisim_comp.v:79852]
	Parameter BANDWIDTH bound to: HIGH - type: string 
	Parameter CLKFBOUT_MULT_F bound to: 6.000000 - type: double 
	Parameter CLKFBOUT_PHASE bound to: 0.000000 - type: double 
	Parameter CLKFBOUT_USE_FINE_PS bound to: FALSE - type: string 
	Parameter CLKIN1_PERIOD bound to: 5.000000 - type: double 
	Parameter CLKOUT0_DIVIDE_F bound to: 4.000000 - type: double 
	Parameter CLKOUT0_DUTY_CYCLE bound to: 0.500000 - type: double 
	Parameter CLKOUT0_PHASE bound to: 0.000000 - type: double 
	Parameter CLKOUT0_USE_FINE_PS bound to: FALSE - type: string 
	Parameter CLKOUT1_DIVIDE bound to: 3 - type: integer 
	Parameter CLKOUT1_DUTY_CYCLE bound to: 0.500000 - type: double 
	Parameter CLKOUT1_PHASE bound to: 0.000000 - type: double 
	Parameter CLKOUT1_USE_FINE_PS bound to: FALSE - type: string 
	Parameter CLKOUT4_CASCADE bound to: FALSE - type: string 
	Parameter COMPENSATION bound to: INTERNAL - type: string 
	Parameter DIVCLK_DIVIDE bound to: 1 - type: integer 
	Parameter REF_JITTER1 bound to: 0.000000 - type: double 
	Parameter STARTUP_WAIT bound to: FALSE - type: string 
INFO: [Synth 8-6155] done synthesizing module 'MMCME2_ADV' (0#1) [/tools/Xilinx/Vivado/2022.2/scripts/rt/data/unisim_comp.v:79852]
INFO: [Synth 8-6157] synthesizing module 'BUFG' [/tools/Xilinx/Vivado/2022.2/scripts/rt/data/unisim_comp.v:1082]
INFO: [Synth 8-6155] done synthesizing module 'BUFG' (0#1) [/tools/Xilinx/Vivado/2022.2/scripts/rt/data/unisim_comp.v:1082]
INFO: [Synth 8-6157] synthesizing module 'IDELAYCTRL' [/tools/Xilinx/Vivado/2022.2/scripts/rt/data/unisim_comp.v:73432]
INFO: [Synth 8-6155] done synthesizing module 'IDELAYCTRL' (0#1) [/tools/Xilinx/Vivado/2022.2/scripts/rt/data/unisim_comp.v:73432]
INFO: [Synth 8-6155] done synthesizing module 'mig_7series_v4_2_iodelay_ctrl' (0#1) [/home/shc/projects/chs-nv/cheshire_nv_built/target/xilinx/build/genesys2.mig7s/mig7s.gen/sources_1/ip/mig7s/mig7s/user_design/rtl/clocking/mig_7series_v4_2_iodelay_ctrl.v:80]
INFO: [Synth 8-6157] synthesizing module 'mig_7series_v4_2_clk_ibuf' [/home/shc/projects/chs-nv/cheshire_nv_built/target/xilinx/build/genesys2.mig7s/mig7s.gen/sources_1/ip/mig7s/mig7s/user_design/rtl/clocking/mig_7series_v4_2_clk_ibuf.v:68]
	Parameter SYSCLK_TYPE bound to: NO_BUFFER - type: string 
	Parameter DIFF_TERM_SYSCLK bound to: TRUE - type: string 
INFO: [Synth 8-6155] done synthesizing module 'mig_7series_v4_2_clk_ibuf' (0#1) [/home/shc/projects/chs-nv/cheshire_nv_built/target/xilinx/build/genesys2.mig7s/mig7s.gen/sources_1/ip/mig7s/mig7s/user_design/rtl/clocking/mig_7series_v4_2_clk_ibuf.v:68]
INFO: [Synth 8-6157] synthesizing module 'mig_7series_v4_2_infrastructure' [/home/shc/projects/chs-nv/cheshire_nv_built/target/xilinx/build/genesys2.mig7s/mig7s.gen/sources_1/ip/mig7s/mig7s/user_design/rtl/clocking/mig_7series_v4_2_infrastructure.v:78]
	Parameter TCQ bound to: 100 - type: integer 
	Parameter CLKIN_PERIOD bound to: 5000 - type: integer 
	Parameter nCK_PER_CLK bound to: 4 - type: integer 
	Parameter SYSCLK_TYPE bound to: NO_BUFFER - type: string 
	Parameter CLKFBOUT_MULT bound to: 8 - type: integer 
	Parameter DIVCLK_DIVIDE bound to: 1 - type: integer 
	Parameter CLKOUT0_PHASE bound to: 337.500000 - type: double 
	Parameter CLKOUT0_DIVIDE bound to: 2 - type: integer 
	Parameter CLKOUT1_DIVIDE bound to: 2 - type: integer 
	Parameter CLKOUT2_DIVIDE bound to: 32 - type: integer 
	Parameter CLKOUT3_DIVIDE bound to: 8 - type: integer 
	Parameter MMCM_VCO bound to: 800 - type: integer 
	Parameter MMCM_MULT_F bound to: 4 - type: integer 
	Parameter MMCM_DIVCLK_DIVIDE bound to: 1 - type: integer 
	Parameter RST_ACT_LOW bound to: 0 - type: integer 
	Parameter tCK bound to: 1250 - type: integer 
	Parameter MEM_TYPE bound to: DDR3 - type: string 
INFO: [Synth 8-6157] synthesizing module 'MMCME2_ADV__parameterized0' [/tools/Xilinx/Vivado/2022.2/scripts/rt/data/unisim_comp.v:79852]
	Parameter BANDWIDTH bound to: HIGH - type: string 
	Parameter CLKFBOUT_MULT_F bound to: 4.000000 - type: double 
	Parameter CLKFBOUT_PHASE bound to: 0.000000 - type: double 
	Parameter CLKFBOUT_USE_FINE_PS bound to: FALSE - type: string 
	Parameter CLKIN1_PERIOD bound to: 5.000000 - type: double 
	Parameter CLKOUT0_DIVIDE_F bound to: 8.000000 - type: double 
	Parameter CLKOUT0_DUTY_CYCLE bound to: 0.500000 - type: double 
	Parameter CLKOUT0_PHASE bound to: 0.000000 - type: double 
	Parameter CLKOUT0_USE_FINE_PS bound to: TRUE - type: string 
	Parameter CLKOUT1_DIVIDE bound to: 2 - type: integer 
	Parameter CLKOUT1_DUTY_CYCLE bound to: 0.500000 - type: double 
	Parameter CLKOUT1_PHASE bound to: 0.000000 - type: double 
	Parameter CLKOUT1_USE_FINE_PS bound to: FALSE - type: string 
	Parameter CLKOUT4_CASCADE bound to: FALSE - type: string 
	Parameter COMPENSATION bound to: BUF_IN - type: string 
	Parameter DIVCLK_DIVIDE bound to: 1 - type: integer 
	Parameter REF_JITTER1 bound to: 0.000000 - type: double 
	Parameter STARTUP_WAIT bound to: FALSE - type: string 
INFO: [Synth 8-6155] done synthesizing module 'MMCME2_ADV__parameterized0' (0#1) [/tools/Xilinx/Vivado/2022.2/scripts/rt/data/unisim_comp.v:79852]
INFO: [Synth 8-6157] synthesizing module 'PLLE2_ADV' [/tools/Xilinx/Vivado/2022.2/scripts/rt/data/unisim_comp.v:108916]
	Parameter BANDWIDTH bound to: OPTIMIZED - type: string 
	Parameter CLKFBOUT_MULT bound to: 8 - type: integer 
	Parameter CLKFBOUT_PHASE bound to: 0.000000 - type: double 
	Parameter CLKIN1_PERIOD bound to: 5.000000 - type: double 
	Parameter CLKOUT0_DIVIDE bound to: 2 - type: integer 
	Parameter CLKOUT0_DUTY_CYCLE bound to: 0.500000 - type: double 
	Parameter CLKOUT0_PHASE bound to: 337.500000 - type: double 
	Parameter CLKOUT1_DIVIDE bound to: 2 - type: integer 
	Parameter CLKOUT1_DUTY_CYCLE bound to: 0.500000 - type: double 
	Parameter CLKOUT1_PHASE bound to: 0.000000 - type: double 
	Parameter CLKOUT2_DIVIDE bound to: 32 - type: integer 
	Parameter CLKOUT2_DUTY_CYCLE bound to: 0.062500 - type: double 
	Parameter CLKOUT2_PHASE bound to: 9.843750 - type: double 
	Parameter CLKOUT3_DIVIDE bound to: 8 - type: integer 
	Parameter CLKOUT3_DUTY_CYCLE bound to: 0.500000 - type: double 
	Parameter CLKOUT3_PHASE bound to: 0.000000 - type: double 
	Parameter CLKOUT4_DIVIDE bound to: 4 - type: integer 
	Parameter CLKOUT4_DUTY_CYCLE bound to: 0.500000 - type: double 
	Parameter CLKOUT4_PHASE bound to: 168.750000 - type: double 
	Parameter CLKOUT5_DUTY_CYCLE bound to: 0.500000 - type: double 
	Parameter CLKOUT5_PHASE bound to: 0.000000 - type: double 
	Parameter COMPENSATION bound to: INTERNAL - type: string 
	Parameter DIVCLK_DIVIDE bound to: 1 - type: integer 
	Parameter REF_JITTER1 bound to: 0.010000 - type: double 
	Parameter REF_JITTER2 bound to: 0.010000 - type: double 
	Parameter STARTUP_WAIT bound to: FALSE - type: string 
INFO: [Synth 8-6155] done synthesizing module 'PLLE2_ADV' (0#1) [/tools/Xilinx/Vivado/2022.2/scripts/rt/data/unisim_comp.v:108916]
INFO: [Synth 8-6157] synthesizing module 'BUFH' [/tools/Xilinx/Vivado/2022.2/scripts/rt/data/unisim_comp.v:1329]
INFO: [Synth 8-6155] done synthesizing module 'BUFH' (0#1) [/tools/Xilinx/Vivado/2022.2/scripts/rt/data/unisim_comp.v:1329]
INFO: [Synth 8-6155] done synthesizing module 'mig_7series_v4_2_infrastructure' (0#1) [/home/shc/projects/chs-nv/cheshire_nv_built/target/xilinx/build/genesys2.mig7s/mig7s.gen/sources_1/ip/mig7s/mig7s/user_design/rtl/clocking/mig_7series_v4_2_infrastructure.v:78]
INFO: [Synth 8-6157] synthesizing module 'mig_7series_v4_2_memc_ui_top_axi' [/home/shc/projects/chs-nv/cheshire_nv_built/target/xilinx/build/genesys2.mig7s/mig7s.gen/sources_1/ip/mig7s/mig7s/user_design/rtl/ip_top/mig_7series_v4_2_memc_ui_top_axi.v:71]
	Parameter TCQ bound to: 100 - type: integer 
	Parameter DDR3_VDD_OP_VOLT bound to: 150 - type: string 
	Parameter PAYLOAD_WIDTH bound to: 32 - type: integer 
	Parameter ADDR_CMD_MODE bound to: 1T - type: string 
	Parameter AL bound to: 0 - type: string 
	Parameter BANK_WIDTH bound to: 3 - type: integer 
	Parameter BM_CNT_WIDTH bound to: 2 - type: integer 
	Parameter BURST_MODE bound to: 8 - type: string 
	Parameter BURST_TYPE bound to: SEQ - type: string 
	Parameter CA_MIRROR bound to: OFF - type: string 
	Parameter CK_WIDTH bound to: 1 - type: integer 
	Parameter CL bound to: 11 - type: integer 
	Parameter COL_WIDTH bound to: 10 - type: integer 
	Parameter CMD_PIPE_PLUS1 bound to: ON - type: string 
	Parameter CS_WIDTH bound to: 1 - type: integer 
	Parameter CKE_WIDTH bound to: 1 - type: integer 
	Parameter CWL bound to: 8 - type: integer 
	Parameter DATA_WIDTH bound to: 32 - type: integer 
	Parameter DATA_BUF_ADDR_WIDTH bound to: 5 - type: integer 
	Parameter DM_WIDTH bound to: 4 - type: integer 
	Parameter DQ_CNT_WIDTH bound to: 5 - type: integer 
	Parameter DQ_WIDTH bound to: 32 - type: integer 
	Parameter DQS_CNT_WIDTH bound to: 2 - type: integer 
	Parameter DQS_WIDTH bound to: 4 - type: integer 
	Parameter DRAM_TYPE bound to: DDR3 - type: string 
	Parameter DRAM_WIDTH bound to: 8 - type: integer 
	Parameter ECC bound to: OFF - type: string 
	Parameter ECC_WIDTH bound to: 0 - type: integer 
	Parameter ECC_TEST bound to: OFF - type: string 
	Parameter MC_ERR_ADDR_WIDTH bound to: 29 - type: integer 
	Parameter MASTER_PHY_CTL bound to: 1 - type: integer 
	Parameter nAL bound to: 0 - type: integer 
	Parameter nBANK_MACHS bound to: 4 - type: integer 
	Parameter nCK_PER_CLK bound to: 4 - type: integer 
	Parameter nCS_PER_RANK bound to: 1 - type: integer 
	Parameter ORDERING bound to: NORM - type: string 
	Parameter IBUF_LPWR_MODE bound to: OFF - type: string 
	Parameter BANK_TYPE bound to: HP_IO - type: string 
	Parameter DATA_IO_PRIM_TYPE bound to: HP_LP - type: string 
	Parameter DATA_IO_IDLE_PWRDWN bound to: ON - type: string 
	Parameter IODELAY_GRP0 bound to: MIG7S_IODELAY_MIG0 - type: string 
	Parameter IODELAY_GRP1 bound to: MIG7S_IODELAY_MIG1 - type: string 
	Parameter FPGA_SPEED_GRADE bound to: 2 - type: integer 
	Parameter OUTPUT_DRV bound to: HIGH - type: string 
	Parameter REG_CTRL bound to: OFF - type: string 
	Parameter RTT_NOM bound to: 40 - type: string 
	Parameter RTT_WR bound to: OFF - type: string 
	Parameter STARVE_LIMIT bound to: 2 - type: integer 
	Parameter tCK bound to: 1250 - type: integer 
	Parameter tCKE bound to: 5000 - type: integer 
	Parameter tFAW bound to: 35000 - type: integer 
	Parameter tPRDI bound to: 1000000 - type: integer 
	Parameter tRAS bound to: 34000 - type: integer 
	Parameter tRCD bound to: 13910 - type: integer 
	Parameter tREFI bound to: 7800000 - type: integer 
	Parameter tRFC bound to: 260000 - type: integer 
	Parameter tRP bound to: 13910 - type: integer 
	Parameter tRRD bound to: 6000 - type: integer 
	Parameter tRTP bound to: 7500 - type: integer 
	Parameter tWTR bound to: 7500 - type: integer 
	Parameter tZQI bound to: 128000000 - type: integer 
	Parameter tZQCS bound to: 64 - type: integer 
	Parameter USER_REFRESH bound to: OFF - type: string 
	Parameter TEMP_MON_EN bound to: ON - type: string 
	Parameter WRLVL bound to: ON - type: string 
	Parameter DEBUG_PORT bound to: OFF - type: string 
	Parameter CAL_WIDTH bound to: HALF - type: string 
	Parameter RANK_WIDTH bound to: 1 - type: integer 
	Parameter RANKS bound to: 1 - type: integer 
	Parameter ODT_WIDTH bound to: 1 - type: integer 
	Parameter ROW_WIDTH bound to: 15 - type: integer 
	Parameter ADDR_WIDTH bound to: 29 - type: integer 
	Parameter APP_MASK_WIDTH bound to: 32 - type: integer 
	Parameter APP_DATA_WIDTH bound to: 256 - type: integer 
	Parameter BYTE_LANES_B0 bound to: 4'b1111 
	Parameter BYTE_LANES_B1 bound to: 4'b1111 
	Parameter BYTE_LANES_B2 bound to: 4'b0000 
	Parameter BYTE_LANES_B3 bound to: 4'b0000 
	Parameter BYTE_LANES_B4 bound to: 4'b0000 
	Parameter DATA_CTL_B0 bound to: 4'b1111 
	Parameter DATA_CTL_B1 bound to: 4'b0000 
	Parameter DATA_CTL_B2 bound to: 4'b0000 
	Parameter DATA_CTL_B3 bound to: 4'b0000 
	Parameter DATA_CTL_B4 bound to: 4'b0000 
	Parameter PHY_0_BITLANES bound to: 48'b001111111110001111111110001111111110001011111111 
	Parameter PHY_1_BITLANES bound to: 48'b001111111110111111111100110000010000000000000011 
	Parameter PHY_2_BITLANES bound to: 48'b000000000000000000000000000000000000000000000000 
	Parameter CK_BYTE_MAP bound to: 144'b000000000000000000000000000000000000000000000000000000000000000000000000000000000000000000000000000000000000000000000000000000000000000000010011 
	Parameter ADDR_MAP bound to: 192'b000000000000000100010100000100111001000100111000000100110111000100110110000100110101000100110100000100110011000100110010000100110001000100100101000100101000000100100111000100100110000100101011 
	Parameter BANK_MAP bound to: 36'b000100101010000100101001000100100100 
	Parameter CAS_MAP bound to: 12'b000100100010 
	Parameter CKE_ODT_BYTE_MAP bound to: 8'b00000000 
	Parameter CKE_MAP bound to: 96'b000000000000000000000000000000000000000000000000000000000000000000000000000000000000000100011011 
	Parameter ODT_MAP bound to: 96'b000000000000000000000000000000000000000000000000000000000000000000000000000000000000000100011010 
	Parameter CKE_ODT_AUX bound to: FALSE - type: string 
	Parameter CS_MAP bound to: 120'b000000000000000000000000000000000000000000000000000000000000000000000000000000000000000000000000000000000000000100000000 
	Parameter PARITY_MAP bound to: 12'b000000000000 
	Parameter RAS_MAP bound to: 12'b000100100011 
	Parameter WE_MAP bound to: 12'b000100000001 
	Parameter DQS_BYTE_MAP bound to: 144'b000000000000000000000000000000000000000000000000000000000000000000000000000000000000000000000000000000000000000000000000000000010000001000000011 
	Parameter DATA0_MAP bound to: 96'b000000110001000000110010000000110011000000110100000000110101000000110110000000110111000000111000 
	Parameter DATA1_MAP bound to: 96'b000000100001000000100010000000100011000000100100000000100101000000100110000000100111000000101000 
	Parameter DATA2_MAP bound to: 96'b000000010001000000010010000000010011000000010100000000010101000000010110000000010111000000011000 
	Parameter DATA3_MAP bound to: 96'b000000000000000000000001000000000010000000000011000000000100000000000101000000000110000000000111 
	Parameter DATA4_MAP bound to: 96'b000000000000000000000000000000000000000000000000000000000000000000000000000000000000000000000000 
	Parameter DATA5_MAP bound to: 96'b000000000000000000000000000000000000000000000000000000000000000000000000000000000000000000000000 
	Parameter DATA6_MAP bound to: 96'b000000000000000000000000000000000000000000000000000000000000000000000000000000000000000000000000 
	Parameter DATA7_MAP bound to: 96'b000000000000000000000000000000000000000000000000000000000000000000000000000000000000000000000000 
	Parameter DATA8_MAP bound to: 96'b000000000000000000000000000000000000000000000000000000000000000000000000000000000000000000000000 
	Parameter DATA9_MAP bound to: 96'b000000000000000000000000000000000000000000000000000000000000000000000000000000000000000000000000 
	Parameter DATA10_MAP bound to: 96'b000000000000000000000000000000000000000000000000000000000000000000000000000000000000000000000000 
	Parameter DATA11_MAP bound to: 96'b000000000000000000000000000000000000000000000000000000000000000000000000000000000000000000000000 
	Parameter DATA12_MAP bound to: 96'b000000000000000000000000000000000000000000000000000000000000000000000000000000000000000000000000 
	Parameter DATA13_MAP bound to: 96'b000000000000000000000000000000000000000000000000000000000000000000000000000000000000000000000000 
	Parameter DATA14_MAP bound to: 96'b000000000000000000000000000000000000000000000000000000000000000000000000000000000000000000000000 
	Parameter DATA15_MAP bound to: 96'b000000000000000000000000000000000000000000000000000000000000000000000000000000000000000000000000 
	Parameter DATA16_MAP bound to: 96'b000000000000000000000000000000000000000000000000000000000000000000000000000000000000000000000000 
	Parameter DATA17_MAP bound to: 96'b000000000000000000000000000000000000000000000000000000000000000000000000000000000000000000000000 
	Parameter MASK0_MAP bound to: 108'b000000000000000000000000000000000000000000000000000000000000000000001001000000011001000000101001000000111001 
	Parameter MASK1_MAP bound to: 108'b000000000000000000000000000000000000000000000000000000000000000000000000000000000000000000000000000000000000 
	Parameter SLOT_0_CONFIG bound to: 8'b00000001 
	Parameter SLOT_1_CONFIG bound to: 8'b00000000 
	Parameter MEM_ADDR_ORDER bound to: BANK_ROW_COLUMN - type: string 
	Parameter CALIB_ROW_ADD bound to: 16'b0000000000000000 
	Parameter CALIB_COL_ADD bound to: 12'b000000000000 
	Parameter CALIB_BA_ADD bound to: 3'b000 
	Parameter SIM_BYPASS_INIT_CAL bound to: OFF - type: string 
	Parameter REFCLK_FREQ bound to: 200.000000 - type: double 
	Parameter USE_CS_PORT bound to: 1 - type: integer 
	Parameter USE_DM_PORT bound to: 1 - type: integer 
	Parameter USE_ODT_PORT bound to: 1 - type: integer 
	Parameter IDELAY_ADJ bound to: ON - type: string 
	Parameter FINE_PER_BIT bound to: ON - type: string 
	Parameter CENTER_COMP_MODE bound to: ON - type: string 
	Parameter PI_VAL_ADJ bound to: ON - type: string 
	Parameter SKIP_CALIB bound to: FALSE - type: string 
	Parameter TAPSPERKCLK bound to: 56 - type: integer 
	Parameter C_S_AXI_ID_WIDTH bound to: 4 - type: integer 
	Parameter C_S_AXI_ADDR_WIDTH bound to: 30 - type: integer 
	Parameter C_S_AXI_DATA_WIDTH bound to: 64 - type: integer 
	Parameter C_S_AXI_SUPPORTS_NARROW_BURST bound to: 0 - type: integer 
	Parameter C_RD_WR_ARB_ALGORITHM bound to: RD_PRI_REG - type: string 
	Parameter C_S_AXI_REG_EN0 bound to: 20'b00000000000000000000 
	Parameter C_S_AXI_REG_EN1 bound to: 20'b00000000000000000000 
	Parameter C_S_AXI_CTRL_ADDR_WIDTH bound to: 32 - type: integer 
	Parameter C_S_AXI_CTRL_DATA_WIDTH bound to: 32 - type: integer 
	Parameter C_S_AXI_BASEADDR bound to: 0 - type: integer 
	Parameter C_ECC_ONOFF_RESET_VALUE bound to: 1 - type: integer 
	Parameter C_ECC_CE_COUNTER_WIDTH bound to: 8 - type: integer 
	Parameter FPGA_VOLT_TYPE bound to: N - type: string 
INFO: [Synth 8-6157] synthesizing module 'mig_7series_v4_2_mem_intfc' [/home/shc/projects/chs-nv/cheshire_nv_built/target/xilinx/build/genesys2.mig7s/mig7s.gen/sources_1/ip/mig7s/mig7s/user_design/rtl/ip_top/mig_7series_v4_2_mem_intfc.v:70]
INFO: [Synth 8-6157] synthesizing module 'mig_7series_v4_2_mc' [/home/shc/projects/chs-nv/cheshire_nv_built/target/xilinx/build/genesys2.mig7s/mig7s.gen/sources_1/ip/mig7s/mig7s/user_design/rtl/controller/mig_7series_v4_2_mc.v:73]
INFO: [Synth 8-6157] synthesizing module 'mig_7series_v4_2_rank_mach' [/home/shc/projects/chs-nv/cheshire_nv_built/target/xilinx/build/genesys2.mig7s/mig7s.gen/sources_1/ip/mig7s/mig7s/user_design/rtl/controller/mig_7series_v4_2_rank_mach.v:71]
INFO: [Synth 8-6157] synthesizing module 'mig_7series_v4_2_rank_cntrl' [/home/shc/projects/chs-nv/cheshire_nv_built/target/xilinx/build/genesys2.mig7s/mig7s.gen/sources_1/ip/mig7s/mig7s/user_design/rtl/controller/mig_7series_v4_2_rank_cntrl.v:79]
INFO: [Synth 8-6157] synthesizing module 'SRLC32E' [/tools/Xilinx/Vivado/2022.2/scripts/rt/data/unisim_comp.v:131794]
INFO: [Synth 8-6155] done synthesizing module 'SRLC32E' (0#1) [/tools/Xilinx/Vivado/2022.2/scripts/rt/data/unisim_comp.v:131794]
WARNING: [Synth 8-567] referenced signal 'periodic_rd_generation.periodic_rd_timer_one' should be on the sensitivity list [/home/shc/projects/chs-nv/cheshire_nv_built/target/xilinx/build/genesys2.mig7s/mig7s.gen/sources_1/ip/mig7s/mig7s/user_design/rtl/controller/mig_7series_v4_2_rank_cntrl.v:509]
INFO: [Synth 8-6155] done synthesizing module 'mig_7series_v4_2_rank_cntrl' (0#1) [/home/shc/projects/chs-nv/cheshire_nv_built/target/xilinx/build/genesys2.mig7s/mig7s.gen/sources_1/ip/mig7s/mig7s/user_design/rtl/controller/mig_7series_v4_2_rank_cntrl.v:79]
INFO: [Synth 8-6157] synthesizing module 'mig_7series_v4_2_rank_common' [/home/shc/projects/chs-nv/cheshire_nv_built/target/xilinx/build/genesys2.mig7s/mig7s.gen/sources_1/ip/mig7s/mig7s/user_design/rtl/controller/mig_7series_v4_2_rank_common.v:72]
WARNING: [Synth 8-567] referenced signal 'zq_cntrl.zq_tick' should be on the sensitivity list [/home/shc/projects/chs-nv/cheshire_nv_built/target/xilinx/build/genesys2.mig7s/mig7s.gen/sources_1/ip/mig7s/mig7s/user_design/rtl/controller/mig_7series_v4_2_rank_common.v:172]
INFO: [Synth 8-6157] synthesizing module 'mig_7series_v4_2_round_robin_arb' [/home/shc/projects/chs-nv/cheshire_nv_built/target/xilinx/build/genesys2.mig7s/mig7s.gen/sources_1/ip/mig7s/mig7s/user_design/rtl/controller/mig_7series_v4_2_round_robin_arb.v:121]
INFO: [Synth 8-6155] done synthesizing module 'mig_7series_v4_2_round_robin_arb' (0#1) [/home/shc/projects/chs-nv/cheshire_nv_built/target/xilinx/build/genesys2.mig7s/mig7s.gen/sources_1/ip/mig7s/mig7s/user_design/rtl/controller/mig_7series_v4_2_round_robin_arb.v:121]
INFO: [Synth 8-6157] synthesizing module 'mig_7series_v4_2_round_robin_arb__parameterized0' [/home/shc/projects/chs-nv/cheshire_nv_built/target/xilinx/build/genesys2.mig7s/mig7s.gen/sources_1/ip/mig7s/mig7s/user_design/rtl/controller/mig_7series_v4_2_round_robin_arb.v:121]
INFO: [Synth 8-6155] done synthesizing module 'mig_7series_v4_2_round_robin_arb__parameterized0' (0#1) [/home/shc/projects/chs-nv/cheshire_nv_built/target/xilinx/build/genesys2.mig7s/mig7s.gen/sources_1/ip/mig7s/mig7s/user_design/rtl/controller/mig_7series_v4_2_round_robin_arb.v:121]
INFO: [Synth 8-6155] done synthesizing module 'mig_7series_v4_2_rank_common' (0#1) [/home/shc/projects/chs-nv/cheshire_nv_built/target/xilinx/build/genesys2.mig7s/mig7s.gen/sources_1/ip/mig7s/mig7s/user_design/rtl/controller/mig_7series_v4_2_rank_common.v:72]
INFO: [Synth 8-6155] done synthesizing module 'mig_7series_v4_2_rank_mach' (0#1) [/home/shc/projects/chs-nv/cheshire_nv_built/target/xilinx/build/genesys2.mig7s/mig7s.gen/sources_1/ip/mig7s/mig7s/user_design/rtl/controller/mig_7series_v4_2_rank_mach.v:71]
INFO: [Synth 8-6157] synthesizing module 'mig_7series_v4_2_bank_mach' [/home/shc/projects/chs-nv/cheshire_nv_built/target/xilinx/build/genesys2.mig7s/mig7s.gen/sources_1/ip/mig7s/mig7s/user_design/rtl/controller/mig_7series_v4_2_bank_mach.v:72]
INFO: [Synth 8-6157] synthesizing module 'mig_7series_v4_2_bank_cntrl' [/home/shc/projects/chs-nv/cheshire_nv_built/target/xilinx/build/genesys2.mig7s/mig7s.gen/sources_1/ip/mig7s/mig7s/user_design/rtl/controller/mig_7series_v4_2_bank_cntrl.v:70]
INFO: [Synth 8-6157] synthesizing module 'mig_7series_v4_2_bank_compare' [/home/shc/projects/chs-nv/cheshire_nv_built/target/xilinx/build/genesys2.mig7s/mig7s.gen/sources_1/ip/mig7s/mig7s/user_design/rtl/controller/mig_7series_v4_2_bank_compare.v:74]
INFO: [Synth 8-6155] done synthesizing module 'mig_7series_v4_2_bank_compare' (0#1) [/home/shc/projects/chs-nv/cheshire_nv_built/target/xilinx/build/genesys2.mig7s/mig7s.gen/sources_1/ip/mig7s/mig7s/user_design/rtl/controller/mig_7series_v4_2_bank_compare.v:74]
INFO: [Synth 8-6157] synthesizing module 'mig_7series_v4_2_bank_state' [/home/shc/projects/chs-nv/cheshire_nv_built/target/xilinx/build/genesys2.mig7s/mig7s.gen/sources_1/ip/mig7s/mig7s/user_design/rtl/controller/mig_7series_v4_2_bank_state.v:141]
INFO: [Synth 8-6155] done synthesizing module 'mig_7series_v4_2_bank_state' (0#1) [/home/shc/projects/chs-nv/cheshire_nv_built/target/xilinx/build/genesys2.mig7s/mig7s.gen/sources_1/ip/mig7s/mig7s/user_design/rtl/controller/mig_7series_v4_2_bank_state.v:141]
INFO: [Synth 8-6157] synthesizing module 'mig_7series_v4_2_bank_queue' [/home/shc/projects/chs-nv/cheshire_nv_built/target/xilinx/build/genesys2.mig7s/mig7s.gen/sources_1/ip/mig7s/mig7s/user_design/rtl/controller/mig_7series_v4_2_bank_queue.v:174]
INFO: [Synth 8-6155] done synthesizing module 'mig_7series_v4_2_bank_queue' (0#1) [/home/shc/projects/chs-nv/cheshire_nv_built/target/xilinx/build/genesys2.mig7s/mig7s.gen/sources_1/ip/mig7s/mig7s/user_design/rtl/controller/mig_7series_v4_2_bank_queue.v:174]
INFO: [Synth 8-6155] done synthesizing module 'mig_7series_v4_2_bank_cntrl' (0#1) [/home/shc/projects/chs-nv/cheshire_nv_built/target/xilinx/build/genesys2.mig7s/mig7s.gen/sources_1/ip/mig7s/mig7s/user_design/rtl/controller/mig_7series_v4_2_bank_cntrl.v:70]
INFO: [Synth 8-6157] synthesizing module 'mig_7series_v4_2_bank_cntrl__parameterized0' [/home/shc/projects/chs-nv/cheshire_nv_built/target/xilinx/build/genesys2.mig7s/mig7s.gen/sources_1/ip/mig7s/mig7s/user_design/rtl/controller/mig_7series_v4_2_bank_cntrl.v:70]
INFO: [Synth 8-6157] synthesizing module 'mig_7series_v4_2_bank_state__parameterized0' [/home/shc/projects/chs-nv/cheshire_nv_built/target/xilinx/build/genesys2.mig7s/mig7s.gen/sources_1/ip/mig7s/mig7s/user_design/rtl/controller/mig_7series_v4_2_bank_state.v:141]
INFO: [Synth 8-6155] done synthesizing module 'mig_7series_v4_2_bank_state__parameterized0' (0#1) [/home/shc/projects/chs-nv/cheshire_nv_built/target/xilinx/build/genesys2.mig7s/mig7s.gen/sources_1/ip/mig7s/mig7s/user_design/rtl/controller/mig_7series_v4_2_bank_state.v:141]
INFO: [Synth 8-6157] synthesizing module 'mig_7series_v4_2_bank_queue__parameterized0' [/home/shc/projects/chs-nv/cheshire_nv_built/target/xilinx/build/genesys2.mig7s/mig7s.gen/sources_1/ip/mig7s/mig7s/user_design/rtl/controller/mig_7series_v4_2_bank_queue.v:174]
INFO: [Synth 8-6155] done synthesizing module 'mig_7series_v4_2_bank_queue__parameterized0' (0#1) [/home/shc/projects/chs-nv/cheshire_nv_built/target/xilinx/build/genesys2.mig7s/mig7s.gen/sources_1/ip/mig7s/mig7s/user_design/rtl/controller/mig_7series_v4_2_bank_queue.v:174]
INFO: [Synth 8-6155] done synthesizing module 'mig_7series_v4_2_bank_cntrl__parameterized0' (0#1) [/home/shc/projects/chs-nv/cheshire_nv_built/target/xilinx/build/genesys2.mig7s/mig7s.gen/sources_1/ip/mig7s/mig7s/user_design/rtl/controller/mig_7series_v4_2_bank_cntrl.v:70]
INFO: [Synth 8-6157] synthesizing module 'mig_7series_v4_2_bank_cntrl__parameterized1' [/home/shc/projects/chs-nv/cheshire_nv_built/target/xilinx/build/genesys2.mig7s/mig7s.gen/sources_1/ip/mig7s/mig7s/user_design/rtl/controller/mig_7series_v4_2_bank_cntrl.v:70]
INFO: [Synth 8-6157] synthesizing module 'mig_7series_v4_2_bank_state__parameterized1' [/home/shc/projects/chs-nv/cheshire_nv_built/target/xilinx/build/genesys2.mig7s/mig7s.gen/sources_1/ip/mig7s/mig7s/user_design/rtl/controller/mig_7series_v4_2_bank_state.v:141]
INFO: [Synth 8-6155] done synthesizing module 'mig_7series_v4_2_bank_state__parameterized1' (0#1) [/home/shc/projects/chs-nv/cheshire_nv_built/target/xilinx/build/genesys2.mig7s/mig7s.gen/sources_1/ip/mig7s/mig7s/user_design/rtl/controller/mig_7series_v4_2_bank_state.v:141]
INFO: [Synth 8-6157] synthesizing module 'mig_7series_v4_2_bank_queue__parameterized1' [/home/shc/projects/chs-nv/cheshire_nv_built/target/xilinx/build/genesys2.mig7s/mig7s.gen/sources_1/ip/mig7s/mig7s/user_design/rtl/controller/mig_7series_v4_2_bank_queue.v:174]
INFO: [Synth 8-6155] done synthesizing module 'mig_7series_v4_2_bank_queue__parameterized1' (0#1) [/home/shc/projects/chs-nv/cheshire_nv_built/target/xilinx/build/genesys2.mig7s/mig7s.gen/sources_1/ip/mig7s/mig7s/user_design/rtl/controller/mig_7series_v4_2_bank_queue.v:174]
INFO: [Synth 8-6155] done synthesizing module 'mig_7series_v4_2_bank_cntrl__parameterized1' (0#1) [/home/shc/projects/chs-nv/cheshire_nv_built/target/xilinx/build/genesys2.mig7s/mig7s.gen/sources_1/ip/mig7s/mig7s/user_design/rtl/controller/mig_7series_v4_2_bank_cntrl.v:70]
INFO: [Synth 8-6157] synthesizing module 'mig_7series_v4_2_bank_cntrl__parameterized2' [/home/shc/projects/chs-nv/cheshire_nv_built/target/xilinx/build/genesys2.mig7s/mig7s.gen/sources_1/ip/mig7s/mig7s/user_design/rtl/controller/mig_7series_v4_2_bank_cntrl.v:70]
INFO: [Synth 8-6157] synthesizing module 'mig_7series_v4_2_bank_state__parameterized2' [/home/shc/projects/chs-nv/cheshire_nv_built/target/xilinx/build/genesys2.mig7s/mig7s.gen/sources_1/ip/mig7s/mig7s/user_design/rtl/controller/mig_7series_v4_2_bank_state.v:141]
INFO: [Synth 8-6155] done synthesizing module 'mig_7series_v4_2_bank_state__parameterized2' (0#1) [/home/shc/projects/chs-nv/cheshire_nv_built/target/xilinx/build/genesys2.mig7s/mig7s.gen/sources_1/ip/mig7s/mig7s/user_design/rtl/controller/mig_7series_v4_2_bank_state.v:141]
INFO: [Synth 8-6157] synthesizing module 'mig_7series_v4_2_bank_queue__parameterized2' [/home/shc/projects/chs-nv/cheshire_nv_built/target/xilinx/build/genesys2.mig7s/mig7s.gen/sources_1/ip/mig7s/mig7s/user_design/rtl/controller/mig_7series_v4_2_bank_queue.v:174]
INFO: [Synth 8-6155] done synthesizing module 'mig_7series_v4_2_bank_queue__parameterized2' (0#1) [/home/shc/projects/chs-nv/cheshire_nv_built/target/xilinx/build/genesys2.mig7s/mig7s.gen/sources_1/ip/mig7s/mig7s/user_design/rtl/controller/mig_7series_v4_2_bank_queue.v:174]
INFO: [Synth 8-6155] done synthesizing module 'mig_7series_v4_2_bank_cntrl__parameterized2' (0#1) [/home/shc/projects/chs-nv/cheshire_nv_built/target/xilinx/build/genesys2.mig7s/mig7s.gen/sources_1/ip/mig7s/mig7s/user_design/rtl/controller/mig_7series_v4_2_bank_cntrl.v:70]
INFO: [Synth 8-6157] synthesizing module 'mig_7series_v4_2_bank_common' [/home/shc/projects/chs-nv/cheshire_nv_built/target/xilinx/build/genesys2.mig7s/mig7s.gen/sources_1/ip/mig7s/mig7s/user_design/rtl/controller/mig_7series_v4_2_bank_common.v:73]
INFO: [Synth 8-6155] done synthesizing module 'mig_7series_v4_2_bank_common' (0#1) [/home/shc/projects/chs-nv/cheshire_nv_built/target/xilinx/build/genesys2.mig7s/mig7s.gen/sources_1/ip/mig7s/mig7s/user_design/rtl/controller/mig_7series_v4_2_bank_common.v:73]
INFO: [Synth 8-6157] synthesizing module 'mig_7series_v4_2_arb_mux' [/home/shc/projects/chs-nv/cheshire_nv_built/target/xilinx/build/genesys2.mig7s/mig7s.gen/sources_1/ip/mig7s/mig7s/user_design/rtl/controller/mig_7series_v4_2_arb_mux.v:69]
INFO: [Synth 8-6157] synthesizing module 'mig_7series_v4_2_arb_row_col' [/home/shc/projects/chs-nv/cheshire_nv_built/target/xilinx/build/genesys2.mig7s/mig7s.gen/sources_1/ip/mig7s/mig7s/user_design/rtl/controller/mig_7series_v4_2_arb_row_col.v:83]
INFO: [Synth 8-6157] synthesizing module 'mig_7series_v4_2_round_robin_arb__parameterized1' [/home/shc/projects/chs-nv/cheshire_nv_built/target/xilinx/build/genesys2.mig7s/mig7s.gen/sources_1/ip/mig7s/mig7s/user_design/rtl/controller/mig_7series_v4_2_round_robin_arb.v:121]
INFO: [Synth 8-6155] done synthesizing module 'mig_7series_v4_2_round_robin_arb__parameterized1' (0#1) [/home/shc/projects/chs-nv/cheshire_nv_built/target/xilinx/build/genesys2.mig7s/mig7s.gen/sources_1/ip/mig7s/mig7s/user_design/rtl/controller/mig_7series_v4_2_round_robin_arb.v:121]
INFO: [Synth 8-6155] done synthesizing module 'mig_7series_v4_2_arb_row_col' (0#1) [/home/shc/projects/chs-nv/cheshire_nv_built/target/xilinx/build/genesys2.mig7s/mig7s.gen/sources_1/ip/mig7s/mig7s/user_design/rtl/controller/mig_7series_v4_2_arb_row_col.v:83]
INFO: [Synth 8-6157] synthesizing module 'mig_7series_v4_2_arb_select' [/home/shc/projects/chs-nv/cheshire_nv_built/target/xilinx/build/genesys2.mig7s/mig7s.gen/sources_1/ip/mig7s/mig7s/user_design/rtl/controller/mig_7series_v4_2_arb_select.v:75]
INFO: [Synth 8-6155] done synthesizing module 'mig_7series_v4_2_arb_select' (0#1) [/home/shc/projects/chs-nv/cheshire_nv_built/target/xilinx/build/genesys2.mig7s/mig7s.gen/sources_1/ip/mig7s/mig7s/user_design/rtl/controller/mig_7series_v4_2_arb_select.v:75]
INFO: [Synth 8-6155] done synthesizing module 'mig_7series_v4_2_arb_mux' (0#1) [/home/shc/projects/chs-nv/cheshire_nv_built/target/xilinx/build/genesys2.mig7s/mig7s.gen/sources_1/ip/mig7s/mig7s/user_design/rtl/controller/mig_7series_v4_2_arb_mux.v:69]
INFO: [Synth 8-6155] done synthesizing module 'mig_7series_v4_2_bank_mach' (0#1) [/home/shc/projects/chs-nv/cheshire_nv_built/target/xilinx/build/genesys2.mig7s/mig7s.gen/sources_1/ip/mig7s/mig7s/user_design/rtl/controller/mig_7series_v4_2_bank_mach.v:72]
WARNING: [Synth 8-7071] port 'idle' of module 'mig_7series_v4_2_bank_mach' is unconnected for instance 'bank_mach0' [/home/shc/projects/chs-nv/cheshire_nv_built/target/xilinx/build/genesys2.mig7s/mig7s.gen/sources_1/ip/mig7s/mig7s/user_design/rtl/controller/mig_7series_v4_2_mc.v:670]
WARNING: [Synth 8-7023] instance 'bank_mach0' of module 'mig_7series_v4_2_bank_mach' has 74 connections declared, but only 73 given [/home/shc/projects/chs-nv/cheshire_nv_built/target/xilinx/build/genesys2.mig7s/mig7s.gen/sources_1/ip/mig7s/mig7s/user_design/rtl/controller/mig_7series_v4_2_mc.v:670]
INFO: [Synth 8-6157] synthesizing module 'mig_7series_v4_2_col_mach' [/home/shc/projects/chs-nv/cheshire_nv_built/target/xilinx/build/genesys2.mig7s/mig7s.gen/sources_1/ip/mig7s/mig7s/user_design/rtl/controller/mig_7series_v4_2_col_mach.v:88]
INFO: [Synth 8-6157] synthesizing module 'RAM32M' [/tools/Xilinx/Vivado/2022.2/scripts/rt/data/unisim_comp.v:123711]
INFO: [Synth 8-6155] done synthesizing module 'RAM32M' (0#1) [/tools/Xilinx/Vivado/2022.2/scripts/rt/data/unisim_comp.v:123711]
INFO: [Synth 8-6155] done synthesizing module 'mig_7series_v4_2_col_mach' (0#1) [/home/shc/projects/chs-nv/cheshire_nv_built/target/xilinx/build/genesys2.mig7s/mig7s.gen/sources_1/ip/mig7s/mig7s/user_design/rtl/controller/mig_7series_v4_2_col_mach.v:88]
INFO: [Synth 8-6155] done synthesizing module 'mig_7series_v4_2_mc' (0#1) [/home/shc/projects/chs-nv/cheshire_nv_built/target/xilinx/build/genesys2.mig7s/mig7s.gen/sources_1/ip/mig7s/mig7s/user_design/rtl/controller/mig_7series_v4_2_mc.v:73]
INFO: [Synth 8-6157] synthesizing module 'mig_7series_v4_2_ddr_phy_top' [/home/shc/projects/chs-nv/cheshire_nv_built/target/xilinx/build/genesys2.mig7s/mig7s.gen/sources_1/ip/mig7s/mig7s/user_design/rtl/phy/mig_7series_v4_2_ddr_phy_top.v:70]
INFO: [Synth 8-6157] synthesizing module 'mig_7series_v4_2_ddr_mc_phy_wrapper' [/home/shc/projects/chs-nv/cheshire_nv_built/target/xilinx/build/genesys2.mig7s/mig7s.gen/sources_1/ip/mig7s/mig7s/user_design/rtl/phy/mig_7series_v4_2_ddr_mc_phy_wrapper.v:71]
INFO: [Synth 8-6157] synthesizing module 'OBUF' [/tools/Xilinx/Vivado/2022.2/scripts/rt/data/unisim_comp.v:90662]
INFO: [Synth 8-6155] done synthesizing module 'OBUF' (0#1) [/tools/Xilinx/Vivado/2022.2/scripts/rt/data/unisim_comp.v:90662]
INFO: [Synth 8-6157] synthesizing module 'OBUFT' [/tools/Xilinx/Vivado/2022.2/scripts/rt/data/unisim_comp.v:91032]
INFO: [Synth 8-6155] done synthesizing module 'OBUFT' (0#1) [/tools/Xilinx/Vivado/2022.2/scripts/rt/data/unisim_comp.v:91032]
INFO: [Synth 8-6157] synthesizing module 'IOBUF_DCIEN' [/tools/Xilinx/Vivado/2022.2/scripts/rt/data/unisim_comp.v:76343]
INFO: [Synth 8-6155] done synthesizing module 'IOBUF_DCIEN' (0#1) [/tools/Xilinx/Vivado/2022.2/scripts/rt/data/unisim_comp.v:76343]
INFO: [Synth 8-6157] synthesizing module 'IOBUFDS_DIFF_OUT_DCIEN' [/tools/Xilinx/Vivado/2022.2/scripts/rt/data/unisim_comp.v:76060]
INFO: [Synth 8-6155] done synthesizing module 'IOBUFDS_DIFF_OUT_DCIEN' (0#1) [/tools/Xilinx/Vivado/2022.2/scripts/rt/data/unisim_comp.v:76060]
WARNING: [Synth 8-7071] port 'IBUFDISABLE' of module 'IOBUFDS_DIFF_OUT_DCIEN' is unconnected for instance 'u_iobuf_dqs' [/home/shc/projects/chs-nv/cheshire_nv_built/target/xilinx/build/genesys2.mig7s/mig7s.gen/sources_1/ip/mig7s/mig7s/user_design/rtl/phy/mig_7series_v4_2_ddr_mc_phy_wrapper.v:1261]
WARNING: [Synth 8-7023] instance 'u_iobuf_dqs' of module 'IOBUFDS_DIFF_OUT_DCIEN' has 9 connections declared, but only 8 given [/home/shc/projects/chs-nv/cheshire_nv_built/target/xilinx/build/genesys2.mig7s/mig7s.gen/sources_1/ip/mig7s/mig7s/user_design/rtl/phy/mig_7series_v4_2_ddr_mc_phy_wrapper.v:1261]
INFO: [Synth 8-6157] synthesizing module 'mig_7series_v4_2_poc_pd' [/home/shc/projects/chs-nv/cheshire_nv_built/target/xilinx/build/genesys2.mig7s/mig7s.gen/sources_1/ip/mig7s/mig7s/user_design/rtl/phy/mig_7series_v4_2_poc_pd.v:70]
INFO: [Synth 8-6157] synthesizing module 'IDDR' [/tools/Xilinx/Vivado/2022.2/scripts/rt/data/unisim_comp.v:73310]
INFO: [Synth 8-6155] done synthesizing module 'IDDR' (0#1) [/tools/Xilinx/Vivado/2022.2/scripts/rt/data/unisim_comp.v:73310]
INFO: [Synth 8-6155] done synthesizing module 'mig_7series_v4_2_poc_pd' (0#1) [/home/shc/projects/chs-nv/cheshire_nv_built/target/xilinx/build/genesys2.mig7s/mig7s.gen/sources_1/ip/mig7s/mig7s/user_design/rtl/phy/mig_7series_v4_2_poc_pd.v:70]
WARNING: [Synth 8-7071] port 'IBUFDISABLE' of module 'IOBUFDS_DIFF_OUT_DCIEN' is unconnected for instance 'u_iobuf_dqs' [/home/shc/projects/chs-nv/cheshire_nv_built/target/xilinx/build/genesys2.mig7s/mig7s.gen/sources_1/ip/mig7s/mig7s/user_design/rtl/phy/mig_7series_v4_2_ddr_mc_phy_wrapper.v:1261]
WARNING: [Synth 8-7023] instance 'u_iobuf_dqs' of module 'IOBUFDS_DIFF_OUT_DCIEN' has 9 connections declared, but only 8 given [/home/shc/projects/chs-nv/cheshire_nv_built/target/xilinx/build/genesys2.mig7s/mig7s.gen/sources_1/ip/mig7s/mig7s/user_design/rtl/phy/mig_7series_v4_2_ddr_mc_phy_wrapper.v:1261]
WARNING: [Synth 8-7071] port 'IBUFDISABLE' of module 'IOBUFDS_DIFF_OUT_DCIEN' is unconnected for instance 'u_iobuf_dqs' [/home/shc/projects/chs-nv/cheshire_nv_built/target/xilinx/build/genesys2.mig7s/mig7s.gen/sources_1/ip/mig7s/mig7s/user_design/rtl/phy/mig_7series_v4_2_ddr_mc_phy_wrapper.v:1261]
WARNING: [Synth 8-7023] instance 'u_iobuf_dqs' of module 'IOBUFDS_DIFF_OUT_DCIEN' has 9 connections declared, but only 8 given [/home/shc/projects/chs-nv/cheshire_nv_built/target/xilinx/build/genesys2.mig7s/mig7s.gen/sources_1/ip/mig7s/mig7s/user_design/rtl/phy/mig_7series_v4_2_ddr_mc_phy_wrapper.v:1261]
WARNING: [Synth 8-7071] port 'IBUFDISABLE' of module 'IOBUFDS_DIFF_OUT_DCIEN' is unconnected for instance 'u_iobuf_dqs' [/home/shc/projects/chs-nv/cheshire_nv_built/target/xilinx/build/genesys2.mig7s/mig7s.gen/sources_1/ip/mig7s/mig7s/user_design/rtl/phy/mig_7series_v4_2_ddr_mc_phy_wrapper.v:1261]
WARNING: [Synth 8-7023] instance 'u_iobuf_dqs' of module 'IOBUFDS_DIFF_OUT_DCIEN' has 9 connections declared, but only 8 given [/home/shc/projects/chs-nv/cheshire_nv_built/target/xilinx/build/genesys2.mig7s/mig7s.gen/sources_1/ip/mig7s/mig7s/user_design/rtl/phy/mig_7series_v4_2_ddr_mc_phy_wrapper.v:1261]
INFO: [Synth 8-6157] synthesizing module 'mig_7series_v4_2_ddr_of_pre_fifo' [/home/shc/projects/chs-nv/cheshire_nv_built/target/xilinx/build/genesys2.mig7s/mig7s.gen/sources_1/ip/mig7s/mig7s/user_design/rtl/phy/mig_7series_v4_2_ddr_of_pre_fifo.v:76]
INFO: [Synth 8-6155] done synthesizing module 'mig_7series_v4_2_ddr_of_pre_fifo' (0#1) [/home/shc/projects/chs-nv/cheshire_nv_built/target/xilinx/build/genesys2.mig7s/mig7s.gen/sources_1/ip/mig7s/mig7s/user_design/rtl/phy/mig_7series_v4_2_ddr_of_pre_fifo.v:76]
WARNING: [Synth 8-7071] port 'afull' of module 'mig_7series_v4_2_ddr_of_pre_fifo' is unconnected for instance 'phy_ctl_pre_fifo_0' [/home/shc/projects/chs-nv/cheshire_nv_built/target/xilinx/build/genesys2.mig7s/mig7s.gen/sources_1/ip/mig7s/mig7s/user_design/rtl/phy/mig_7series_v4_2_ddr_mc_phy_wrapper.v:1428]
WARNING: [Synth 8-7023] instance 'phy_ctl_pre_fifo_0' of module 'mig_7series_v4_2_ddr_of_pre_fifo' has 8 connections declared, but only 7 given [/home/shc/projects/chs-nv/cheshire_nv_built/target/xilinx/build/genesys2.mig7s/mig7s.gen/sources_1/ip/mig7s/mig7s/user_design/rtl/phy/mig_7series_v4_2_ddr_mc_phy_wrapper.v:1428]
INFO: [Synth 8-6157] synthesizing module 'mig_7series_v4_2_ddr_of_pre_fifo__parameterized0' [/home/shc/projects/chs-nv/cheshire_nv_built/target/xilinx/build/genesys2.mig7s/mig7s.gen/sources_1/ip/mig7s/mig7s/user_design/rtl/phy/mig_7series_v4_2_ddr_of_pre_fifo.v:76]
INFO: [Synth 8-6155] done synthesizing module 'mig_7series_v4_2_ddr_of_pre_fifo__parameterized0' (0#1) [/home/shc/projects/chs-nv/cheshire_nv_built/target/xilinx/build/genesys2.mig7s/mig7s.gen/sources_1/ip/mig7s/mig7s/user_design/rtl/phy/mig_7series_v4_2_ddr_of_pre_fifo.v:76]
WARNING: [Synth 8-7071] port 'afull' of module 'mig_7series_v4_2_ddr_of_pre_fifo' is unconnected for instance 'phy_ctl_pre_fifo_1' [/home/shc/projects/chs-nv/cheshire_nv_built/target/xilinx/build/genesys2.mig7s/mig7s.gen/sources_1/ip/mig7s/mig7s/user_design/rtl/phy/mig_7series_v4_2_ddr_mc_phy_wrapper.v:1445]
WARNING: [Synth 8-7023] instance 'phy_ctl_pre_fifo_1' of module 'mig_7series_v4_2_ddr_of_pre_fifo' has 8 connections declared, but only 7 given [/home/shc/projects/chs-nv/cheshire_nv_built/target/xilinx/build/genesys2.mig7s/mig7s.gen/sources_1/ip/mig7s/mig7s/user_design/rtl/phy/mig_7series_v4_2_ddr_mc_phy_wrapper.v:1445]
WARNING: [Synth 8-7071] port 'afull' of module 'mig_7series_v4_2_ddr_of_pre_fifo' is unconnected for instance 'phy_ctl_pre_fifo_2' [/home/shc/projects/chs-nv/cheshire_nv_built/target/xilinx/build/genesys2.mig7s/mig7s.gen/sources_1/ip/mig7s/mig7s/user_design/rtl/phy/mig_7series_v4_2_ddr_mc_phy_wrapper.v:1462]
WARNING: [Synth 8-7023] instance 'phy_ctl_pre_fifo_2' of module 'mig_7series_v4_2_ddr_of_pre_fifo' has 8 connections declared, but only 7 given [/home/shc/projects/chs-nv/cheshire_nv_built/target/xilinx/build/genesys2.mig7s/mig7s.gen/sources_1/ip/mig7s/mig7s/user_design/rtl/phy/mig_7series_v4_2_ddr_mc_phy_wrapper.v:1462]
WARNING: [Synth 8-5974] attribute "use_dsp48" has been deprecated, please use "use_dsp" instead 
INFO: [Synth 8-6157] synthesizing module 'mig_7series_v4_2_ddr_mc_phy' [/home/shc/projects/chs-nv/cheshire_nv_built/target/xilinx/build/genesys2.mig7s/mig7s.gen/sources_1/ip/mig7s/mig7s/user_design/rtl/phy/mig_7series_v4_2_ddr_mc_phy.v:70]
INFO: [Synth 8-6157] synthesizing module 'mig_7series_v4_2_ddr_phy_4lanes' [/home/shc/projects/chs-nv/cheshire_nv_built/target/xilinx/build/genesys2.mig7s/mig7s.gen/sources_1/ip/mig7s/mig7s/user_design/rtl/phy/mig_7series_v4_2_ddr_phy_4lanes.v:72]
INFO: [Synth 8-6157] synthesizing module 'mig_7series_v4_2_ddr_byte_lane' [/home/shc/projects/chs-nv/cheshire_nv_built/target/xilinx/build/genesys2.mig7s/mig7s.gen/sources_1/ip/mig7s/mig7s/user_design/rtl/phy/mig_7series_v4_2_ddr_byte_lane.v:70]
INFO: [Synth 8-6157] synthesizing module 'mig_7series_v4_2_ddr_if_post_fifo' [/home/shc/projects/chs-nv/cheshire_nv_built/target/xilinx/build/genesys2.mig7s/mig7s.gen/sources_1/ip/mig7s/mig7s/user_design/rtl/phy/mig_7series_v4_2_ddr_if_post_fifo.v:68]
INFO: [Synth 8-155] case statement is not full and has no default [/home/shc/projects/chs-nv/cheshire_nv_built/target/xilinx/build/genesys2.mig7s/mig7s.gen/sources_1/ip/mig7s/mig7s/user_design/rtl/phy/mig_7series_v4_2_ddr_if_post_fifo.v:110]
INFO: [Synth 8-6155] done synthesizing module 'mig_7series_v4_2_ddr_if_post_fifo' (0#1) [/home/shc/projects/chs-nv/cheshire_nv_built/target/xilinx/build/genesys2.mig7s/mig7s.gen/sources_1/ip/mig7s/mig7s/user_design/rtl/phy/mig_7series_v4_2_ddr_if_post_fifo.v:68]
INFO: [Synth 8-6157] synthesizing module 'mig_7series_v4_2_ddr_of_pre_fifo__parameterized1' [/home/shc/projects/chs-nv/cheshire_nv_built/target/xilinx/build/genesys2.mig7s/mig7s.gen/sources_1/ip/mig7s/mig7s/user_design/rtl/phy/mig_7series_v4_2_ddr_of_pre_fifo.v:76]
INFO: [Synth 8-6155] done synthesizing module 'mig_7series_v4_2_ddr_of_pre_fifo__parameterized1' (0#1) [/home/shc/projects/chs-nv/cheshire_nv_built/target/xilinx/build/genesys2.mig7s/mig7s.gen/sources_1/ip/mig7s/mig7s/user_design/rtl/phy/mig_7series_v4_2_ddr_of_pre_fifo.v:76]
INFO: [Synth 8-6157] synthesizing module 'PHASER_IN_PHY' [/tools/Xilinx/Vivado/2022.2/scripts/rt/data/unisim_comp.v:108602]
INFO: [Synth 8-6155] done synthesizing module 'PHASER_IN_PHY' (0#1) [/tools/Xilinx/Vivado/2022.2/scripts/rt/data/unisim_comp.v:108602]
INFO: [Synth 8-6157] synthesizing module 'IN_FIFO' [/tools/Xilinx/Vivado/2022.2/scripts/rt/data/unisim_comp.v:75834]
INFO: [Synth 8-6155] done synthesizing module 'IN_FIFO' (0#1) [/tools/Xilinx/Vivado/2022.2/scripts/rt/data/unisim_comp.v:75834]
INFO: [Synth 8-6157] synthesizing module 'PHASER_OUT_PHY' [/tools/Xilinx/Vivado/2022.2/scripts/rt/data/unisim_comp.v:108739]
INFO: [Synth 8-6155] done synthesizing module 'PHASER_OUT_PHY' (0#1) [/tools/Xilinx/Vivado/2022.2/scripts/rt/data/unisim_comp.v:108739]
INFO: [Synth 8-6157] synthesizing module 'OUT_FIFO' [/tools/Xilinx/Vivado/2022.2/scripts/rt/data/unisim_comp.v:94990]
INFO: [Synth 8-6155] done synthesizing module 'OUT_FIFO' (0#1) [/tools/Xilinx/Vivado/2022.2/scripts/rt/data/unisim_comp.v:94990]
INFO: [Synth 8-6157] synthesizing module 'mig_7series_v4_2_ddr_byte_group_io' [/home/shc/projects/chs-nv/cheshire_nv_built/target/xilinx/build/genesys2.mig7s/mig7s.gen/sources_1/ip/mig7s/mig7s/user_design/rtl/phy/mig_7series_v4_2_ddr_byte_group_io.v:69]
INFO: [Synth 8-6157] synthesizing module 'IDELAYE2_FINEDELAY' [/tools/Xilinx/Vivado/2022.2/scripts/rt/data/unisim_comp.v:73487]
INFO: [Synth 8-6155] done synthesizing module 'IDELAYE2_FINEDELAY' (0#1) [/tools/Xilinx/Vivado/2022.2/scripts/rt/data/unisim_comp.v:73487]
INFO: [Synth 8-6157] synthesizing module 'ISERDESE2' [/tools/Xilinx/Vivado/2022.2/scripts/rt/data/unisim_comp.v:78437]
INFO: [Synth 8-6155] done synthesizing module 'ISERDESE2' (0#1) [/tools/Xilinx/Vivado/2022.2/scripts/rt/data/unisim_comp.v:78437]
INFO: [Synth 8-6157] synthesizing module 'OSERDESE2' [/tools/Xilinx/Vivado/2022.2/scripts/rt/data/unisim_comp.v:94875]
INFO: [Synth 8-6155] done synthesizing module 'OSERDESE2' (0#1) [/tools/Xilinx/Vivado/2022.2/scripts/rt/data/unisim_comp.v:94875]
INFO: [Synth 8-6157] synthesizing module 'OSERDESE2__parameterized0' [/tools/Xilinx/Vivado/2022.2/scripts/rt/data/unisim_comp.v:94875]
INFO: [Synth 8-6155] done synthesizing module 'OSERDESE2__parameterized0' (0#1) [/tools/Xilinx/Vivado/2022.2/scripts/rt/data/unisim_comp.v:94875]
INFO: [Synth 8-6157] synthesizing module 'ODDR' [/tools/Xilinx/Vivado/2022.2/scripts/rt/data/unisim_comp.v:94268]
INFO: [Synth 8-6155] done synthesizing module 'ODDR' (0#1) [/tools/Xilinx/Vivado/2022.2/scripts/rt/data/unisim_comp.v:94268]
INFO: [Synth 8-6155] done synthesizing module 'mig_7series_v4_2_ddr_byte_group_io' (0#1) [/home/shc/projects/chs-nv/cheshire_nv_built/target/xilinx/build/genesys2.mig7s/mig7s.gen/sources_1/ip/mig7s/mig7s/user_design/rtl/phy/mig_7series_v4_2_ddr_byte_group_io.v:69]
INFO: [Synth 8-6155] done synthesizing module 'mig_7series_v4_2_ddr_byte_lane' (0#1) [/home/shc/projects/chs-nv/cheshire_nv_built/target/xilinx/build/genesys2.mig7s/mig7s.gen/sources_1/ip/mig7s/mig7s/user_design/rtl/phy/mig_7series_v4_2_ddr_byte_lane.v:70]
INFO: [Synth 8-6157] synthesizing module 'mig_7series_v4_2_ddr_byte_lane__parameterized0' [/home/shc/projects/chs-nv/cheshire_nv_built/target/xilinx/build/genesys2.mig7s/mig7s.gen/sources_1/ip/mig7s/mig7s/user_design/rtl/phy/mig_7series_v4_2_ddr_byte_lane.v:70]
INFO: [Synth 8-6157] synthesizing module 'mig_7series_v4_2_ddr_byte_group_io__parameterized0' [/home/shc/projects/chs-nv/cheshire_nv_built/target/xilinx/build/genesys2.mig7s/mig7s.gen/sources_1/ip/mig7s/mig7s/user_design/rtl/phy/mig_7series_v4_2_ddr_byte_group_io.v:69]
INFO: [Synth 8-6155] done synthesizing module 'mig_7series_v4_2_ddr_byte_group_io__parameterized0' (0#1) [/home/shc/projects/chs-nv/cheshire_nv_built/target/xilinx/build/genesys2.mig7s/mig7s.gen/sources_1/ip/mig7s/mig7s/user_design/rtl/phy/mig_7series_v4_2_ddr_byte_group_io.v:69]
INFO: [Synth 8-6155] done synthesizing module 'mig_7series_v4_2_ddr_byte_lane__parameterized0' (0#1) [/home/shc/projects/chs-nv/cheshire_nv_built/target/xilinx/build/genesys2.mig7s/mig7s.gen/sources_1/ip/mig7s/mig7s/user_design/rtl/phy/mig_7series_v4_2_ddr_byte_lane.v:70]
INFO: [Synth 8-6157] synthesizing module 'mig_7series_v4_2_ddr_byte_lane__parameterized1' [/home/shc/projects/chs-nv/cheshire_nv_built/target/xilinx/build/genesys2.mig7s/mig7s.gen/sources_1/ip/mig7s/mig7s/user_design/rtl/phy/mig_7series_v4_2_ddr_byte_lane.v:70]
INFO: [Synth 8-6155] done synthesizing module 'mig_7series_v4_2_ddr_byte_lane__parameterized1' (0#1) [/home/shc/projects/chs-nv/cheshire_nv_built/target/xilinx/build/genesys2.mig7s/mig7s.gen/sources_1/ip/mig7s/mig7s/user_design/rtl/phy/mig_7series_v4_2_ddr_byte_lane.v:70]
INFO: [Synth 8-6157] synthesizing module 'mig_7series_v4_2_ddr_byte_lane__parameterized2' [/home/shc/projects/chs-nv/cheshire_nv_built/target/xilinx/build/genesys2.mig7s/mig7s.gen/sources_1/ip/mig7s/mig7s/user_design/rtl/phy/mig_7series_v4_2_ddr_byte_lane.v:70]
INFO: [Synth 8-6155] done synthesizing module 'mig_7series_v4_2_ddr_byte_lane__parameterized2' (0#1) [/home/shc/projects/chs-nv/cheshire_nv_built/target/xilinx/build/genesys2.mig7s/mig7s.gen/sources_1/ip/mig7s/mig7s/user_design/rtl/phy/mig_7series_v4_2_ddr_byte_lane.v:70]
INFO: [Synth 8-6157] synthesizing module 'BUFIO' [/tools/Xilinx/Vivado/2022.2/scripts/rt/data/unisim_comp.v:1354]
INFO: [Synth 8-6155] done synthesizing module 'BUFIO' (0#1) [/tools/Xilinx/Vivado/2022.2/scripts/rt/data/unisim_comp.v:1354]
INFO: [Synth 8-6157] synthesizing module 'PHY_CONTROL' [/tools/Xilinx/Vivado/2022.2/scripts/rt/data/unisim_comp.v:108830]
INFO: [Synth 8-6155] done synthesizing module 'PHY_CONTROL' (0#1) [/tools/Xilinx/Vivado/2022.2/scripts/rt/data/unisim_comp.v:108830]
INFO: [Synth 8-226] default block is never used [/home/shc/projects/chs-nv/cheshire_nv_built/target/xilinx/build/genesys2.mig7s/mig7s.gen/sources_1/ip/mig7s/mig7s/user_design/rtl/phy/mig_7series_v4_2_ddr_phy_4lanes.v:1557]
INFO: [Synth 8-6157] synthesizing module 'PHASER_REF' [/tools/Xilinx/Vivado/2022.2/scripts/rt/data/unisim_comp.v:108814]
INFO: [Synth 8-6155] done synthesizing module 'PHASER_REF' (0#1) [/tools/Xilinx/Vivado/2022.2/scripts/rt/data/unisim_comp.v:108814]
INFO: [Synth 8-6155] done synthesizing module 'mig_7series_v4_2_ddr_phy_4lanes' (0#1) [/home/shc/projects/chs-nv/cheshire_nv_built/target/xilinx/build/genesys2.mig7s/mig7s.gen/sources_1/ip/mig7s/mig7s/user_design/rtl/phy/mig_7series_v4_2_ddr_phy_4lanes.v:72]
INFO: [Synth 8-6157] synthesizing module 'mig_7series_v4_2_ddr_phy_4lanes__parameterized0' [/home/shc/projects/chs-nv/cheshire_nv_built/target/xilinx/build/genesys2.mig7s/mig7s.gen/sources_1/ip/mig7s/mig7s/user_design/rtl/phy/mig_7series_v4_2_ddr_phy_4lanes.v:72]
INFO: [Synth 8-6157] synthesizing module 'mig_7series_v4_2_ddr_byte_lane__parameterized3' [/home/shc/projects/chs-nv/cheshire_nv_built/target/xilinx/build/genesys2.mig7s/mig7s.gen/sources_1/ip/mig7s/mig7s/user_design/rtl/phy/mig_7series_v4_2_ddr_byte_lane.v:70]
INFO: [Synth 8-6157] synthesizing module 'PHASER_OUT_PHY__parameterized0' [/tools/Xilinx/Vivado/2022.2/scripts/rt/data/unisim_comp.v:108739]
INFO: [Synth 8-6155] done synthesizing module 'PHASER_OUT_PHY__parameterized0' (0#1) [/tools/Xilinx/Vivado/2022.2/scripts/rt/data/unisim_comp.v:108739]
INFO: [Synth 8-6157] synthesizing module 'OUT_FIFO__parameterized0' [/tools/Xilinx/Vivado/2022.2/scripts/rt/data/unisim_comp.v:94990]
INFO: [Synth 8-6155] done synthesizing module 'OUT_FIFO__parameterized0' (0#1) [/tools/Xilinx/Vivado/2022.2/scripts/rt/data/unisim_comp.v:94990]
INFO: [Synth 8-6157] synthesizing module 'mig_7series_v4_2_ddr_byte_group_io__parameterized1' [/home/shc/projects/chs-nv/cheshire_nv_built/target/xilinx/build/genesys2.mig7s/mig7s.gen/sources_1/ip/mig7s/mig7s/user_design/rtl/phy/mig_7series_v4_2_ddr_byte_group_io.v:69]
INFO: [Synth 8-6157] synthesizing module 'OSERDESE2__parameterized1' [/tools/Xilinx/Vivado/2022.2/scripts/rt/data/unisim_comp.v:94875]
INFO: [Synth 8-6155] done synthesizing module 'OSERDESE2__parameterized1' (0#1) [/tools/Xilinx/Vivado/2022.2/scripts/rt/data/unisim_comp.v:94875]
INFO: [Synth 8-6155] done synthesizing module 'mig_7series_v4_2_ddr_byte_group_io__parameterized1' (0#1) [/home/shc/projects/chs-nv/cheshire_nv_built/target/xilinx/build/genesys2.mig7s/mig7s.gen/sources_1/ip/mig7s/mig7s/user_design/rtl/phy/mig_7series_v4_2_ddr_byte_group_io.v:69]
INFO: [Synth 8-6155] done synthesizing module 'mig_7series_v4_2_ddr_byte_lane__parameterized3' (0#1) [/home/shc/projects/chs-nv/cheshire_nv_built/target/xilinx/build/genesys2.mig7s/mig7s.gen/sources_1/ip/mig7s/mig7s/user_design/rtl/phy/mig_7series_v4_2_ddr_byte_lane.v:70]
INFO: [Synth 8-6157] synthesizing module 'mig_7series_v4_2_ddr_byte_lane__parameterized4' [/home/shc/projects/chs-nv/cheshire_nv_built/target/xilinx/build/genesys2.mig7s/mig7s.gen/sources_1/ip/mig7s/mig7s/user_design/rtl/phy/mig_7series_v4_2_ddr_byte_lane.v:70]
INFO: [Synth 8-6157] synthesizing module 'mig_7series_v4_2_ddr_byte_group_io__parameterized2' [/home/shc/projects/chs-nv/cheshire_nv_built/target/xilinx/build/genesys2.mig7s/mig7s.gen/sources_1/ip/mig7s/mig7s/user_design/rtl/phy/mig_7series_v4_2_ddr_byte_group_io.v:69]
INFO: [Synth 8-6155] done synthesizing module 'mig_7series_v4_2_ddr_byte_group_io__parameterized2' (0#1) [/home/shc/projects/chs-nv/cheshire_nv_built/target/xilinx/build/genesys2.mig7s/mig7s.gen/sources_1/ip/mig7s/mig7s/user_design/rtl/phy/mig_7series_v4_2_ddr_byte_group_io.v:69]
INFO: [Synth 8-6155] done synthesizing module 'mig_7series_v4_2_ddr_byte_lane__parameterized4' (0#1) [/home/shc/projects/chs-nv/cheshire_nv_built/target/xilinx/build/genesys2.mig7s/mig7s.gen/sources_1/ip/mig7s/mig7s/user_design/rtl/phy/mig_7series_v4_2_ddr_byte_lane.v:70]
INFO: [Synth 8-6157] synthesizing module 'mig_7series_v4_2_ddr_byte_lane__parameterized5' [/home/shc/projects/chs-nv/cheshire_nv_built/target/xilinx/build/genesys2.mig7s/mig7s.gen/sources_1/ip/mig7s/mig7s/user_design/rtl/phy/mig_7series_v4_2_ddr_byte_lane.v:70]
INFO: [Synth 8-6157] synthesizing module 'mig_7series_v4_2_ddr_byte_group_io__parameterized3' [/home/shc/projects/chs-nv/cheshire_nv_built/target/xilinx/build/genesys2.mig7s/mig7s.gen/sources_1/ip/mig7s/mig7s/user_design/rtl/phy/mig_7series_v4_2_ddr_byte_group_io.v:69]
INFO: [Synth 8-6155] done synthesizing module 'mig_7series_v4_2_ddr_byte_group_io__parameterized3' (0#1) [/home/shc/projects/chs-nv/cheshire_nv_built/target/xilinx/build/genesys2.mig7s/mig7s.gen/sources_1/ip/mig7s/mig7s/user_design/rtl/phy/mig_7series_v4_2_ddr_byte_group_io.v:69]
INFO: [Synth 8-6155] done synthesizing module 'mig_7series_v4_2_ddr_byte_lane__parameterized5' (0#1) [/home/shc/projects/chs-nv/cheshire_nv_built/target/xilinx/build/genesys2.mig7s/mig7s.gen/sources_1/ip/mig7s/mig7s/user_design/rtl/phy/mig_7series_v4_2_ddr_byte_lane.v:70]
INFO: [Synth 8-6157] synthesizing module 'mig_7series_v4_2_ddr_byte_lane__parameterized6' [/home/shc/projects/chs-nv/cheshire_nv_built/target/xilinx/build/genesys2.mig7s/mig7s.gen/sources_1/ip/mig7s/mig7s/user_design/rtl/phy/mig_7series_v4_2_ddr_byte_lane.v:70]
INFO: [Synth 8-6157] synthesizing module 'OBUFDS' [/tools/Xilinx/Vivado/2022.2/scripts/rt/data/unisim_comp.v:90676]
INFO: [Synth 8-6155] done synthesizing module 'OBUFDS' (0#1) [/tools/Xilinx/Vivado/2022.2/scripts/rt/data/unisim_comp.v:90676]
INFO: [Synth 8-6157] synthesizing module 'mig_7series_v4_2_ddr_byte_group_io__parameterized4' [/home/shc/projects/chs-nv/cheshire_nv_built/target/xilinx/build/genesys2.mig7s/mig7s.gen/sources_1/ip/mig7s/mig7s/user_design/rtl/phy/mig_7series_v4_2_ddr_byte_group_io.v:69]
INFO: [Synth 8-6155] done synthesizing module 'mig_7series_v4_2_ddr_byte_group_io__parameterized4' (0#1) [/home/shc/projects/chs-nv/cheshire_nv_built/target/xilinx/build/genesys2.mig7s/mig7s.gen/sources_1/ip/mig7s/mig7s/user_design/rtl/phy/mig_7series_v4_2_ddr_byte_group_io.v:69]
INFO: [Synth 8-6155] done synthesizing module 'mig_7series_v4_2_ddr_byte_lane__parameterized6' (0#1) [/home/shc/projects/chs-nv/cheshire_nv_built/target/xilinx/build/genesys2.mig7s/mig7s.gen/sources_1/ip/mig7s/mig7s/user_design/rtl/phy/mig_7series_v4_2_ddr_byte_lane.v:70]
INFO: [Synth 8-6157] synthesizing module 'PHY_CONTROL__parameterized0' [/tools/Xilinx/Vivado/2022.2/scripts/rt/data/unisim_comp.v:108830]
INFO: [Synth 8-6155] done synthesizing module 'PHY_CONTROL__parameterized0' (0#1) [/tools/Xilinx/Vivado/2022.2/scripts/rt/data/unisim_comp.v:108830]
INFO: [Synth 8-226] default block is never used [/home/shc/projects/chs-nv/cheshire_nv_built/target/xilinx/build/genesys2.mig7s/mig7s.gen/sources_1/ip/mig7s/mig7s/user_design/rtl/phy/mig_7series_v4_2_ddr_phy_4lanes.v:1557]
INFO: [Synth 8-6155] done synthesizing module 'mig_7series_v4_2_ddr_phy_4lanes__parameterized0' (0#1) [/home/shc/projects/chs-nv/cheshire_nv_built/target/xilinx/build/genesys2.mig7s/mig7s.gen/sources_1/ip/mig7s/mig7s/user_design/rtl/phy/mig_7series_v4_2_ddr_phy_4lanes.v:72]
INFO: [Synth 8-6155] done synthesizing module 'mig_7series_v4_2_ddr_mc_phy' (0#1) [/home/shc/projects/chs-nv/cheshire_nv_built/target/xilinx/build/genesys2.mig7s/mig7s.gen/sources_1/ip/mig7s/mig7s/user_design/rtl/phy/mig_7series_v4_2_ddr_mc_phy.v:70]
WARNING: [Synth 8-689] width (12) of port connection 'pi_dqs_found_lanes' does not match port width (8) of module 'mig_7series_v4_2_ddr_mc_phy' [/home/shc/projects/chs-nv/cheshire_nv_built/target/xilinx/build/genesys2.mig7s/mig7s.gen/sources_1/ip/mig7s/mig7s/user_design/rtl/phy/mig_7series_v4_2_ddr_mc_phy_wrapper.v:1671]
WARNING: [Synth 8-689] width (12) of port connection 'pi_phase_locked_lanes' does not match port width (8) of module 'mig_7series_v4_2_ddr_mc_phy' [/home/shc/projects/chs-nv/cheshire_nv_built/target/xilinx/build/genesys2.mig7s/mig7s.gen/sources_1/ip/mig7s/mig7s/user_design/rtl/phy/mig_7series_v4_2_ddr_mc_phy_wrapper.v:1679]
WARNING: [Synth 8-7071] port 'of_data_a_full' of module 'mig_7series_v4_2_ddr_mc_phy' is unconnected for instance 'u_ddr_mc_phy' [/home/shc/projects/chs-nv/cheshire_nv_built/target/xilinx/build/genesys2.mig7s/mig7s.gen/sources_1/ip/mig7s/mig7s/user_design/rtl/phy/mig_7series_v4_2_ddr_mc_phy_wrapper.v:1579]
WARNING: [Synth 8-7023] instance 'u_ddr_mc_phy' of module 'mig_7series_v4_2_ddr_mc_phy' has 89 connections declared, but only 88 given [/home/shc/projects/chs-nv/cheshire_nv_built/target/xilinx/build/genesys2.mig7s/mig7s.gen/sources_1/ip/mig7s/mig7s/user_design/rtl/phy/mig_7series_v4_2_ddr_mc_phy_wrapper.v:1579]
INFO: [Synth 8-6155] done synthesizing module 'mig_7series_v4_2_ddr_mc_phy_wrapper' (0#1) [/home/shc/projects/chs-nv/cheshire_nv_built/target/xilinx/build/genesys2.mig7s/mig7s.gen/sources_1/ip/mig7s/mig7s/user_design/rtl/phy/mig_7series_v4_2_ddr_mc_phy_wrapper.v:71]
INFO: [Synth 8-6157] synthesizing module 'mig_7series_v4_2_ddr_calib_top' [/home/shc/projects/chs-nv/cheshire_nv_built/target/xilinx/build/genesys2.mig7s/mig7s.gen/sources_1/ip/mig7s/mig7s/user_design/rtl/phy/mig_7series_v4_2_ddr_calib_top.v:82]
INFO: [Synth 8-6157] synthesizing module 'mig_7series_v4_2_ddr_phy_wrlvl' [/home/shc/projects/chs-nv/cheshire_nv_built/target/xilinx/build/genesys2.mig7s/mig7s.gen/sources_1/ip/mig7s/mig7s/user_design/rtl/phy/mig_7series_v4_2_ddr_phy_wrlvl.v:90]
INFO: [Synth 8-155] case statement is not full and has no default [/home/shc/projects/chs-nv/cheshire_nv_built/target/xilinx/build/genesys2.mig7s/mig7s.gen/sources_1/ip/mig7s/mig7s/user_design/rtl/phy/mig_7series_v4_2_ddr_phy_wrlvl.v:797]
INFO: [Synth 8-6155] done synthesizing module 'mig_7series_v4_2_ddr_phy_wrlvl' (0#1) [/home/shc/projects/chs-nv/cheshire_nv_built/target/xilinx/build/genesys2.mig7s/mig7s.gen/sources_1/ip/mig7s/mig7s/user_design/rtl/phy/mig_7series_v4_2_ddr_phy_wrlvl.v:90]
INFO: [Synth 8-6157] synthesizing module 'mig_7series_v4_2_ddr_phy_ck_addr_cmd_delay' [/home/shc/projects/chs-nv/cheshire_nv_built/target/xilinx/build/genesys2.mig7s/mig7s.gen/sources_1/ip/mig7s/mig7s/user_design/rtl/phy/mig_7series_v4_2_ddr_phy_ck_addr_cmd_delay.v:68]
INFO: [Synth 8-6155] done synthesizing module 'mig_7series_v4_2_ddr_phy_ck_addr_cmd_delay' (0#1) [/home/shc/projects/chs-nv/cheshire_nv_built/target/xilinx/build/genesys2.mig7s/mig7s.gen/sources_1/ip/mig7s/mig7s/user_design/rtl/phy/mig_7series_v4_2_ddr_phy_ck_addr_cmd_delay.v:68]
INFO: [Synth 8-6157] synthesizing module 'mig_7series_v4_2_ddr_phy_oclkdelay_cal' [/home/shc/projects/chs-nv/cheshire_nv_built/target/xilinx/build/genesys2.mig7s/mig7s.gen/sources_1/ip/mig7s/mig7s/user_design/rtl/phy/mig_7series_v4_2_ddr_phy_oclkdelay_cal.v:69]
INFO: [Synth 8-6157] synthesizing module 'mig_7series_v4_2_ddr_phy_ocd_lim' [/home/shc/projects/chs-nv/cheshire_nv_built/target/xilinx/build/genesys2.mig7s/mig7s.gen/sources_1/ip/mig7s/mig7s/user_design/rtl/phy/mig_7series_v4_2_ddr_phy_ocd_lim.v:69]
INFO: [Synth 8-6155] done synthesizing module 'mig_7series_v4_2_ddr_phy_ocd_lim' (0#1) [/home/shc/projects/chs-nv/cheshire_nv_built/target/xilinx/build/genesys2.mig7s/mig7s.gen/sources_1/ip/mig7s/mig7s/user_design/rtl/phy/mig_7series_v4_2_ddr_phy_ocd_lim.v:69]
INFO: [Synth 8-6157] synthesizing module 'mig_7series_v4_2_poc_top' [/home/shc/projects/chs-nv/cheshire_nv_built/target/xilinx/build/genesys2.mig7s/mig7s.gen/sources_1/ip/mig7s/mig7s/user_design/rtl/phy/mig_7series_v4_2_poc_top.v:68]
INFO: [Synth 8-6157] synthesizing module 'mig_7series_v4_2_poc_tap_base' [/home/shc/projects/chs-nv/cheshire_nv_built/target/xilinx/build/genesys2.mig7s/mig7s.gen/sources_1/ip/mig7s/mig7s/user_design/rtl/phy/mig_7series_v4_2_poc_tap_base.v:99]
INFO: [Synth 8-6155] done synthesizing module 'mig_7series_v4_2_poc_tap_base' (0#1) [/home/shc/projects/chs-nv/cheshire_nv_built/target/xilinx/build/genesys2.mig7s/mig7s.gen/sources_1/ip/mig7s/mig7s/user_design/rtl/phy/mig_7series_v4_2_poc_tap_base.v:99]
INFO: [Synth 8-6157] synthesizing module 'mig_7series_v4_2_poc_meta' [/home/shc/projects/chs-nv/cheshire_nv_built/target/xilinx/build/genesys2.mig7s/mig7s.gen/sources_1/ip/mig7s/mig7s/user_design/rtl/phy/mig_7series_v4_2_poc_meta.v:106]
INFO: [Synth 8-155] case statement is not full and has no default [/home/shc/projects/chs-nv/cheshire_nv_built/target/xilinx/build/genesys2.mig7s/mig7s.gen/sources_1/ip/mig7s/mig7s/user_design/rtl/phy/mig_7series_v4_2_poc_meta.v:193]
INFO: [Synth 8-6155] done synthesizing module 'mig_7series_v4_2_poc_meta' (0#1) [/home/shc/projects/chs-nv/cheshire_nv_built/target/xilinx/build/genesys2.mig7s/mig7s.gen/sources_1/ip/mig7s/mig7s/user_design/rtl/phy/mig_7series_v4_2_poc_meta.v:106]
INFO: [Synth 8-6157] synthesizing module 'mig_7series_v4_2_poc_edge_store' [/home/shc/projects/chs-nv/cheshire_nv_built/target/xilinx/build/genesys2.mig7s/mig7s.gen/sources_1/ip/mig7s/mig7s/user_design/rtl/phy/mig_7series_v4_2_poc_edge_store.v:68]
INFO: [Synth 8-6155] done synthesizing module 'mig_7series_v4_2_poc_edge_store' (0#1) [/home/shc/projects/chs-nv/cheshire_nv_built/target/xilinx/build/genesys2.mig7s/mig7s.gen/sources_1/ip/mig7s/mig7s/user_design/rtl/phy/mig_7series_v4_2_poc_edge_store.v:68]
INFO: [Synth 8-6157] synthesizing module 'mig_7series_v4_2_poc_cc' [/home/shc/projects/chs-nv/cheshire_nv_built/target/xilinx/build/genesys2.mig7s/mig7s.gen/sources_1/ip/mig7s/mig7s/user_design/rtl/phy/mig_7series_v4_2_poc_cc.v:75]
INFO: [Synth 8-6155] done synthesizing module 'mig_7series_v4_2_poc_cc' (0#1) [/home/shc/projects/chs-nv/cheshire_nv_built/target/xilinx/build/genesys2.mig7s/mig7s.gen/sources_1/ip/mig7s/mig7s/user_design/rtl/phy/mig_7series_v4_2_poc_cc.v:75]
INFO: [Synth 8-6155] done synthesizing module 'mig_7series_v4_2_poc_top' (0#1) [/home/shc/projects/chs-nv/cheshire_nv_built/target/xilinx/build/genesys2.mig7s/mig7s.gen/sources_1/ip/mig7s/mig7s/user_design/rtl/phy/mig_7series_v4_2_poc_top.v:68]
INFO: [Synth 8-6157] synthesizing module 'mig_7series_v4_2_ddr_phy_ocd_mux' [/home/shc/projects/chs-nv/cheshire_nv_built/target/xilinx/build/genesys2.mig7s/mig7s.gen/sources_1/ip/mig7s/mig7s/user_design/rtl/phy/mig_7series_v4_2_ddr_phy_ocd_mux.v:72]
INFO: [Common 17-14] Message 'Synth 8-6157' appears 100 times and further instances of the messages will be disabled. Use the Tcl command set_msg_config to change the current settings.
INFO: [Synth 8-6155] done synthesizing module 'mig_7series_v4_2_ddr_phy_ocd_mux' (0#1) [/home/shc/projects/chs-nv/cheshire_nv_built/target/xilinx/build/genesys2.mig7s/mig7s.gen/sources_1/ip/mig7s/mig7s/user_design/rtl/phy/mig_7series_v4_2_ddr_phy_ocd_mux.v:72]
INFO: [Synth 8-6155] done synthesizing module 'mig_7series_v4_2_ddr_phy_ocd_data' (0#1) [/home/shc/projects/chs-nv/cheshire_nv_built/target/xilinx/build/genesys2.mig7s/mig7s.gen/sources_1/ip/mig7s/mig7s/user_design/rtl/phy/mig_7series_v4_2_ddr_phy_ocd_data.v:120]
INFO: [Synth 8-6155] done synthesizing module 'mig_7series_v4_2_ddr_phy_ocd_samp' (0#1) [/home/shc/projects/chs-nv/cheshire_nv_built/target/xilinx/build/genesys2.mig7s/mig7s.gen/sources_1/ip/mig7s/mig7s/user_design/rtl/phy/mig_7series_v4_2_ddr_phy_ocd_samp.v:109]
INFO: [Synth 8-155] case statement is not full and has no default [/home/shc/projects/chs-nv/cheshire_nv_built/target/xilinx/build/genesys2.mig7s/mig7s.gen/sources_1/ip/mig7s/mig7s/user_design/rtl/phy/mig_7series_v4_2_ddr_phy_ocd_edge.v:184]
INFO: [Synth 8-6155] done synthesizing module 'mig_7series_v4_2_ddr_phy_ocd_edge' (0#1) [/home/shc/projects/chs-nv/cheshire_nv_built/target/xilinx/build/genesys2.mig7s/mig7s.gen/sources_1/ip/mig7s/mig7s/user_design/rtl/phy/mig_7series_v4_2_ddr_phy_ocd_edge.v:91]
INFO: [Synth 8-6155] done synthesizing module 'mig_7series_v4_2_ddr_phy_ocd_cntlr' (0#1) [/home/shc/projects/chs-nv/cheshire_nv_built/target/xilinx/build/genesys2.mig7s/mig7s.gen/sources_1/ip/mig7s/mig7s/user_design/rtl/phy/mig_7series_v4_2_ddr_phy_ocd_cntlr.v:82]
INFO: [Synth 8-155] case statement is not full and has no default [/home/shc/projects/chs-nv/cheshire_nv_built/target/xilinx/build/genesys2.mig7s/mig7s.gen/sources_1/ip/mig7s/mig7s/user_design/rtl/phy/mig_7series_v4_2_ddr_phy_ocd_po_cntlr.v:420]
INFO: [Synth 8-6155] done synthesizing module 'mig_7series_v4_2_ddr_phy_ocd_po_cntlr' (0#1) [/home/shc/projects/chs-nv/cheshire_nv_built/target/xilinx/build/genesys2.mig7s/mig7s.gen/sources_1/ip/mig7s/mig7s/user_design/rtl/phy/mig_7series_v4_2_ddr_phy_ocd_po_cntlr.v:105]
INFO: [Synth 8-6155] done synthesizing module 'mig_7series_v4_2_ddr_phy_oclkdelay_cal' (0#1) [/home/shc/projects/chs-nv/cheshire_nv_built/target/xilinx/build/genesys2.mig7s/mig7s.gen/sources_1/ip/mig7s/mig7s/user_design/rtl/phy/mig_7series_v4_2_ddr_phy_oclkdelay_cal.v:69]
INFO: [Synth 8-6155] done synthesizing module 'mig_7series_v4_2_ddr_phy_dqs_found_cal' (0#1) [/home/shc/projects/chs-nv/cheshire_nv_built/target/xilinx/build/genesys2.mig7s/mig7s.gen/sources_1/ip/mig7s/mig7s/user_design/rtl/phy/mig_7series_v4_2_ddr_phy_dqs_found_cal.v:79]
INFO: [Common 17-14] Message 'Synth 8-6155' appears 100 times and further instances of the messages will be disabled. Use the Tcl command set_msg_config to change the current settings.
WARNING: [Synth 8-5974] attribute "use_dsp48" has been deprecated, please use "use_dsp" instead 
INFO: [Synth 8-155] case statement is not full and has no default [/home/shc/projects/chs-nv/cheshire_nv_built/target/xilinx/build/genesys2.mig7s/mig7s.gen/sources_1/ip/mig7s/mig7s/user_design/rtl/phy/mig_7series_v4_2_ddr_phy_rdlvl.v:2746]
INFO: [Synth 8-155] case statement is not full and has no default [/home/shc/projects/chs-nv/cheshire_nv_built/target/xilinx/build/genesys2.mig7s/mig7s.gen/sources_1/ip/mig7s/mig7s/user_design/rtl/phy/mig_7series_v4_2_ddr_phy_prbs_rdlvl.v:1152]
WARNING: [Synth 8-7186] Applying attribute ram_style = "distributed" is ignored, object 'rd_addr' is not inferred as ram due to incorrect usage [/home/shc/projects/chs-nv/cheshire_nv_built/target/xilinx/build/genesys2.mig7s/mig7s.gen/sources_1/ip/mig7s/mig7s/user_design/rtl/phy/mig_7series_v4_2_ddr_prbs_gen.v:203]
WARNING: [Synth 8-7186] Applying attribute ram_style = "distributed" is ignored, object 'mem_out' is not inferred as ram due to incorrect usage [/home/shc/projects/chs-nv/cheshire_nv_built/target/xilinx/build/genesys2.mig7s/mig7s.gen/sources_1/ip/mig7s/mig7s/user_design/rtl/phy/mig_7series_v4_2_ddr_prbs_gen.v:205]
INFO: [Synth 8-226] default block is never used [/home/shc/projects/chs-nv/cheshire_nv_built/target/xilinx/build/genesys2.mig7s/mig7s.gen/sources_1/ip/mig7s/mig7s/user_design/rtl/phy/mig_7series_v4_2_ddr_phy_init.v:5273]
WARNING: [Synth 8-7071] port 'complex_oclk_prech_req' of module 'mig_7series_v4_2_ddr_phy_init' is unconnected for instance 'u_ddr_phy_init' [/home/shc/projects/chs-nv/cheshire_nv_built/target/xilinx/build/genesys2.mig7s/mig7s.gen/sources_1/ip/mig7s/mig7s/user_design/rtl/phy/mig_7series_v4_2_ddr_calib_top.v:1367]
WARNING: [Synth 8-7023] instance 'u_ddr_phy_init' of module 'mig_7series_v4_2_ddr_phy_init' has 131 connections declared, but only 130 given [/home/shc/projects/chs-nv/cheshire_nv_built/target/xilinx/build/genesys2.mig7s/mig7s.gen/sources_1/ip/mig7s/mig7s/user_design/rtl/phy/mig_7series_v4_2_ddr_calib_top.v:1367]
INFO: [Synth 8-155] case statement is not full and has no default [/home/shc/projects/chs-nv/cheshire_nv_built/target/xilinx/build/genesys2.mig7s/mig7s.gen/sources_1/ip/mig7s/mig7s/user_design/rtl/phy/mig_7series_v4_2_ddr_phy_wrcal.v:1130]
WARNING: [Synth 8-689] width (12) of port connection 'pi_dqs_found_lanes' does not match port width (8) of module 'mig_7series_v4_2_ddr_calib_top' [/home/shc/projects/chs-nv/cheshire_nv_built/target/xilinx/build/genesys2.mig7s/mig7s.gen/sources_1/ip/mig7s/mig7s/user_design/rtl/phy/mig_7series_v4_2_ddr_phy_top.v:1340]
INFO: [Synth 8-155] case statement is not full and has no default [/home/shc/projects/chs-nv/cheshire_nv_built/target/xilinx/build/genesys2.mig7s/mig7s.gen/sources_1/ip/mig7s/mig7s/user_design/rtl/ui/mig_7series_v4_2_ui_wr_data.v:342]
INFO: [Synth 8-155] case statement is not full and has no default [/home/shc/projects/chs-nv/cheshire_nv_built/target/xilinx/build/genesys2.mig7s/mig7s.gen/sources_1/ip/mig7s/mig7s/user_design/rtl/ui/mig_7series_v4_2_ui_wr_data.v:380]
INFO: [Synth 8-155] case statement is not full and has no default [/home/shc/projects/chs-nv/cheshire_nv_built/target/xilinx/build/genesys2.mig7s/mig7s.gen/sources_1/ip/mig7s/mig7s/user_design/rtl/ui/mig_7series_v4_2_ui_rd_data.v:406]
WARNING: [Synth 8-567] referenced signal 'not_strict_mode.occ_cnt_r' should be on the sensitivity list [/home/shc/projects/chs-nv/cheshire_nv_built/target/xilinx/build/genesys2.mig7s/mig7s.gen/sources_1/ip/mig7s/mig7s/user_design/rtl/ui/mig_7series_v4_2_ui_rd_data.v:403]
WARNING: [Synth 8-567] referenced signal 'not_strict_mode.free_rd_buf' should be on the sensitivity list [/home/shc/projects/chs-nv/cheshire_nv_built/target/xilinx/build/genesys2.mig7s/mig7s.gen/sources_1/ip/mig7s/mig7s/user_design/rtl/ui/mig_7series_v4_2_ui_rd_data.v:403]
WARNING: [Synth 8-567] referenced signal 'not_strict_mode.occ_minus_one' should be on the sensitivity list [/home/shc/projects/chs-nv/cheshire_nv_built/target/xilinx/build/genesys2.mig7s/mig7s.gen/sources_1/ip/mig7s/mig7s/user_design/rtl/ui/mig_7series_v4_2_ui_rd_data.v:403]
WARNING: [Synth 8-567] referenced signal 'not_strict_mode.occ_plus_one' should be on the sensitivity list [/home/shc/projects/chs-nv/cheshire_nv_built/target/xilinx/build/genesys2.mig7s/mig7s.gen/sources_1/ip/mig7s/mig7s/user_design/rtl/ui/mig_7series_v4_2_ui_rd_data.v:403]
WARNING: [Synth 8-567] referenced signal 'not_strict_mode.rd_data_buf_addr_r_lcl' should be on the sensitivity list [/home/shc/projects/chs-nv/cheshire_nv_built/target/xilinx/build/genesys2.mig7s/mig7s.gen/sources_1/ip/mig7s/mig7s/user_design/rtl/ui/mig_7series_v4_2_ui_rd_data.v:432]
INFO: [Synth 8-155] case statement is not full and has no default [/home/shc/projects/chs-nv/cheshire_nv_built/target/xilinx/build/genesys2.mig7s/mig7s.gen/sources_1/ip/mig7s/mig7s/user_design/rtl/axi/mig_7series_v4_2_ddr_axic_register_slice.v:183]
WARNING: [Synth 8-589] replacing case/wildcard equality operator === with logical equality operator == [/home/shc/projects/chs-nv/cheshire_nv_built/target/xilinx/build/genesys2.mig7s/mig7s.gen/sources_1/ip/mig7s/mig7s/user_design/rtl/axi/mig_7series_v4_2_axi_mc_r_channel.v:189]
INFO: [Synth 8-155] case statement is not full and has no default [/home/shc/projects/chs-nv/cheshire_nv_built/target/xilinx/build/genesys2.mig7s/mig7s.gen/sources_1/ip/mig7s/mig7s/user_design/rtl/axi/mig_7series_v4_2_axi_mc_r_channel.v:315]
WARNING: [Synth 8-3848] Net ui_addn_clk_0 in module/entity mig_7series_v4_2_infrastructure does not have driver. [/home/shc/projects/chs-nv/cheshire_nv_built/target/xilinx/build/genesys2.mig7s/mig7s.gen/sources_1/ip/mig7s/mig7s/user_design/rtl/clocking/mig_7series_v4_2_infrastructure.v:140]
WARNING: [Synth 8-3848] Net ui_addn_clk_1 in module/entity mig_7series_v4_2_infrastructure does not have driver. [/home/shc/projects/chs-nv/cheshire_nv_built/target/xilinx/build/genesys2.mig7s/mig7s.gen/sources_1/ip/mig7s/mig7s/user_design/rtl/clocking/mig_7series_v4_2_infrastructure.v:141]
WARNING: [Synth 8-3848] Net ui_addn_clk_2 in module/entity mig_7series_v4_2_infrastructure does not have driver. [/home/shc/projects/chs-nv/cheshire_nv_built/target/xilinx/build/genesys2.mig7s/mig7s.gen/sources_1/ip/mig7s/mig7s/user_design/rtl/clocking/mig_7series_v4_2_infrastructure.v:142]
WARNING: [Synth 8-3848] Net ui_addn_clk_3 in module/entity mig_7series_v4_2_infrastructure does not have driver. [/home/shc/projects/chs-nv/cheshire_nv_built/target/xilinx/build/genesys2.mig7s/mig7s.gen/sources_1/ip/mig7s/mig7s/user_design/rtl/clocking/mig_7series_v4_2_infrastructure.v:143]
WARNING: [Synth 8-3848] Net ui_addn_clk_4 in module/entity mig_7series_v4_2_infrastructure does not have driver. [/home/shc/projects/chs-nv/cheshire_nv_built/target/xilinx/build/genesys2.mig7s/mig7s.gen/sources_1/ip/mig7s/mig7s/user_design/rtl/clocking/mig_7series_v4_2_infrastructure.v:144]
WARNING: [Synth 8-6014] Unused sequential element periodic_rd_generation.read_this_rank_r1_reg was removed.  [/home/shc/projects/chs-nv/cheshire_nv_built/target/xilinx/build/genesys2.mig7s/mig7s.gen/sources_1/ip/mig7s/mig7s/user_design/rtl/controller/mig_7series_v4_2_rank_cntrl.v:487]
WARNING: [Synth 8-3936] Found unconnected internal register 'dbl_req_reg' and it is trimmed from '6' to '5' bits. [/home/shc/projects/chs-nv/cheshire_nv_built/target/xilinx/build/genesys2.mig7s/mig7s.gen/sources_1/ip/mig7s/mig7s/user_design/rtl/controller/mig_7series_v4_2_round_robin_arb.v:145]
WARNING: [Synth 8-3936] Found unconnected internal register 'dbl_last_master_ns_reg' and it is trimmed from '6' to '4' bits. [/home/shc/projects/chs-nv/cheshire_nv_built/target/xilinx/build/genesys2.mig7s/mig7s.gen/sources_1/ip/mig7s/mig7s/user_design/rtl/controller/mig_7series_v4_2_round_robin_arb.v:143]
WARNING: [Synth 8-6014] Unused sequential element last_master_r_reg was removed.  [/home/shc/projects/chs-nv/cheshire_nv_built/target/xilinx/build/genesys2.mig7s/mig7s.gen/sources_1/ip/mig7s/mig7s/user_design/rtl/controller/mig_7series_v4_2_round_robin_arb.v:181]
WARNING: [Synth 8-3848] Net channel[0].inh_group in module/entity mig_7series_v4_2_round_robin_arb__parameterized0 does not have driver. [/home/shc/projects/chs-nv/cheshire_nv_built/target/xilinx/build/genesys2.mig7s/mig7s.gen/sources_1/ip/mig7s/mig7s/user_design/rtl/controller/mig_7series_v4_2_round_robin_arb.v:153]
WARNING: [Synth 8-3936] Found unconnected internal register 'col_addr_template_reg' and it is trimmed from '16' to '15' bits. [/home/shc/projects/chs-nv/cheshire_nv_built/target/xilinx/build/genesys2.mig7s/mig7s.gen/sources_1/ip/mig7s/mig7s/user_design/rtl/controller/mig_7series_v4_2_bank_compare.v:251]
WARNING: [Synth 8-3936] Found unconnected internal register 'dbl_req_reg' and it is trimmed from '8' to '7' bits. [/home/shc/projects/chs-nv/cheshire_nv_built/target/xilinx/build/genesys2.mig7s/mig7s.gen/sources_1/ip/mig7s/mig7s/user_design/rtl/controller/mig_7series_v4_2_round_robin_arb.v:145]
WARNING: [Synth 8-3936] Found unconnected internal register 'dbl_last_master_ns_reg' and it is trimmed from '8' to '6' bits. [/home/shc/projects/chs-nv/cheshire_nv_built/target/xilinx/build/genesys2.mig7s/mig7s.gen/sources_1/ip/mig7s/mig7s/user_design/rtl/controller/mig_7series_v4_2_round_robin_arb.v:143]
WARNING: [Synth 8-6014] Unused sequential element sent_row_or_maint_r_reg was removed.  [/home/shc/projects/chs-nv/cheshire_nv_built/target/xilinx/build/genesys2.mig7s/mig7s.gen/sources_1/ip/mig7s/mig7s/user_design/rtl/controller/mig_7series_v4_2_arb_row_col.v:357]
WARNING: [Synth 8-6014] Unused sequential element mc_aux_out_r_1_reg was removed.  [/home/shc/projects/chs-nv/cheshire_nv_built/target/xilinx/build/genesys2.mig7s/mig7s.gen/sources_1/ip/mig7s/mig7s/user_design/rtl/controller/mig_7series_v4_2_arb_select.v:680]
WARNING: [Synth 8-6014] Unused sequential element mc_aux_out_r_2_reg was removed.  [/home/shc/projects/chs-nv/cheshire_nv_built/target/xilinx/build/genesys2.mig7s/mig7s.gen/sources_1/ip/mig7s/mig7s/user_design/rtl/controller/mig_7series_v4_2_arb_select.v:681]
WARNING: [Synth 8-3848] Net col_mux.col_row_r in module/entity mig_7series_v4_2_arb_select does not have driver. [/home/shc/projects/chs-nv/cheshire_nv_built/target/xilinx/build/genesys2.mig7s/mig7s.gen/sources_1/ip/mig7s/mig7s/user_design/rtl/controller/mig_7series_v4_2_arb_select.v:390]
WARNING: [Synth 8-3936] Found unconnected internal register 'read_fifo.fifo_out_data_r_reg' and it is trimmed from '12' to '8' bits. [/home/shc/projects/chs-nv/cheshire_nv_built/target/xilinx/build/genesys2.mig7s/mig7s.gen/sources_1/ip/mig7s/mig7s/user_design/rtl/controller/mig_7series_v4_2_col_mach.v:396]
WARNING: [Synth 8-3848] Net dummy_i5 in module/entity mig_7series_v4_2_ddr_byte_lane does not have driver. [/home/shc/projects/chs-nv/cheshire_nv_built/target/xilinx/build/genesys2.mig7s/mig7s.gen/sources_1/ip/mig7s/mig7s/user_design/rtl/phy/mig_7series_v4_2_ddr_byte_lane.v:269]
WARNING: [Synth 8-3848] Net dummy_i6 in module/entity mig_7series_v4_2_ddr_byte_lane does not have driver. [/home/shc/projects/chs-nv/cheshire_nv_built/target/xilinx/build/genesys2.mig7s/mig7s.gen/sources_1/ip/mig7s/mig7s/user_design/rtl/phy/mig_7series_v4_2_ddr_byte_lane.v:270]
WARNING: [Synth 8-3848] Net dummy_i5 in module/entity mig_7series_v4_2_ddr_byte_lane__parameterized0 does not have driver. [/home/shc/projects/chs-nv/cheshire_nv_built/target/xilinx/build/genesys2.mig7s/mig7s.gen/sources_1/ip/mig7s/mig7s/user_design/rtl/phy/mig_7series_v4_2_ddr_byte_lane.v:269]
WARNING: [Synth 8-3848] Net dummy_i6 in module/entity mig_7series_v4_2_ddr_byte_lane__parameterized0 does not have driver. [/home/shc/projects/chs-nv/cheshire_nv_built/target/xilinx/build/genesys2.mig7s/mig7s.gen/sources_1/ip/mig7s/mig7s/user_design/rtl/phy/mig_7series_v4_2_ddr_byte_lane.v:270]
WARNING: [Synth 8-3848] Net dummy_i5 in module/entity mig_7series_v4_2_ddr_byte_lane__parameterized1 does not have driver. [/home/shc/projects/chs-nv/cheshire_nv_built/target/xilinx/build/genesys2.mig7s/mig7s.gen/sources_1/ip/mig7s/mig7s/user_design/rtl/phy/mig_7series_v4_2_ddr_byte_lane.v:269]
WARNING: [Synth 8-3848] Net dummy_i6 in module/entity mig_7series_v4_2_ddr_byte_lane__parameterized1 does not have driver. [/home/shc/projects/chs-nv/cheshire_nv_built/target/xilinx/build/genesys2.mig7s/mig7s.gen/sources_1/ip/mig7s/mig7s/user_design/rtl/phy/mig_7series_v4_2_ddr_byte_lane.v:270]
WARNING: [Synth 8-3848] Net dummy_i5 in module/entity mig_7series_v4_2_ddr_byte_lane__parameterized2 does not have driver. [/home/shc/projects/chs-nv/cheshire_nv_built/target/xilinx/build/genesys2.mig7s/mig7s.gen/sources_1/ip/mig7s/mig7s/user_design/rtl/phy/mig_7series_v4_2_ddr_byte_lane.v:269]
WARNING: [Synth 8-3848] Net dummy_i6 in module/entity mig_7series_v4_2_ddr_byte_lane__parameterized2 does not have driver. [/home/shc/projects/chs-nv/cheshire_nv_built/target/xilinx/build/genesys2.mig7s/mig7s.gen/sources_1/ip/mig7s/mig7s/user_design/rtl/phy/mig_7series_v4_2_ddr_byte_lane.v:270]
WARNING: [Synth 8-6014] Unused sequential element B_rst_primitives_reg was removed.  [/home/shc/projects/chs-nv/cheshire_nv_built/target/xilinx/build/genesys2.mig7s/mig7s.gen/sources_1/ip/mig7s/mig7s/user_design/rtl/phy/mig_7series_v4_2_ddr_phy_4lanes.v:737]
WARNING: [Synth 8-6014] Unused sequential element C_rst_primitives_reg was removed.  [/home/shc/projects/chs-nv/cheshire_nv_built/target/xilinx/build/genesys2.mig7s/mig7s.gen/sources_1/ip/mig7s/mig7s/user_design/rtl/phy/mig_7series_v4_2_ddr_phy_4lanes.v:738]
WARNING: [Synth 8-6014] Unused sequential element D_rst_primitives_reg was removed.  [/home/shc/projects/chs-nv/cheshire_nv_built/target/xilinx/build/genesys2.mig7s/mig7s.gen/sources_1/ip/mig7s/mig7s/user_design/rtl/phy/mig_7series_v4_2_ddr_phy_4lanes.v:739]
WARNING: [Synth 8-3848] Net oserdes_dqts_buf in module/entity mig_7series_v4_2_ddr_byte_group_io__parameterized1 does not have driver. [/home/shc/projects/chs-nv/cheshire_nv_built/target/xilinx/build/genesys2.mig7s/mig7s.gen/sources_1/ip/mig7s/mig7s/user_design/rtl/phy/mig_7series_v4_2_ddr_byte_group_io.v:143]
WARNING: [Synth 8-3848] Net oserdes_dqs_buf in module/entity mig_7series_v4_2_ddr_byte_group_io__parameterized1 does not have driver. [/home/shc/projects/chs-nv/cheshire_nv_built/target/xilinx/build/genesys2.mig7s/mig7s.gen/sources_1/ip/mig7s/mig7s/user_design/rtl/phy/mig_7series_v4_2_ddr_byte_group_io.v:144]
WARNING: [Synth 8-3848] Net oserdes_dqsts_buf in module/entity mig_7series_v4_2_ddr_byte_group_io__parameterized1 does not have driver. [/home/shc/projects/chs-nv/cheshire_nv_built/target/xilinx/build/genesys2.mig7s/mig7s.gen/sources_1/ip/mig7s/mig7s/user_design/rtl/phy/mig_7series_v4_2_ddr_byte_group_io.v:145]
WARNING: [Synth 8-3848] Net iserdes_dout in module/entity mig_7series_v4_2_ddr_byte_group_io__parameterized1 does not have driver. [/home/shc/projects/chs-nv/cheshire_nv_built/target/xilinx/build/genesys2.mig7s/mig7s.gen/sources_1/ip/mig7s/mig7s/user_design/rtl/phy/mig_7series_v4_2_ddr_byte_group_io.v:92]
WARNING: [Synth 8-6014] Unused sequential element ififo_rst_reg was removed.  [/home/shc/projects/chs-nv/cheshire_nv_built/target/xilinx/build/genesys2.mig7s/mig7s.gen/sources_1/ip/mig7s/mig7s/user_design/rtl/phy/mig_7series_v4_2_ddr_byte_lane.v:307]
WARNING: [Synth 8-3848] Net rclk in module/entity mig_7series_v4_2_ddr_byte_lane__parameterized3 does not have driver. [/home/shc/projects/chs-nv/cheshire_nv_built/target/xilinx/build/genesys2.mig7s/mig7s.gen/sources_1/ip/mig7s/mig7s/user_design/rtl/phy/mig_7series_v4_2_ddr_byte_lane.v:147]
WARNING: [Synth 8-3848] Net pi_iserdes_rst in module/entity mig_7series_v4_2_ddr_byte_lane__parameterized3 does not have driver. [/home/shc/projects/chs-nv/cheshire_nv_built/target/xilinx/build/genesys2.mig7s/mig7s.gen/sources_1/ip/mig7s/mig7s/user_design/rtl/phy/mig_7series_v4_2_ddr_byte_lane.v:193]
WARNING: [Synth 8-3848] Net pi_fine_overflow in module/entity mig_7series_v4_2_ddr_byte_lane__parameterized3 does not have driver. [/home/shc/projects/chs-nv/cheshire_nv_built/target/xilinx/build/genesys2.mig7s/mig7s.gen/sources_1/ip/mig7s/mig7s/user_design/rtl/phy/mig_7series_v4_2_ddr_byte_lane.v:195]
WARNING: [Synth 8-3848] Net pi_counter_read_val_w in module/entity mig_7series_v4_2_ddr_byte_lane__parameterized3 does not have driver. [/home/shc/projects/chs-nv/cheshire_nv_built/target/xilinx/build/genesys2.mig7s/mig7s.gen/sources_1/ip/mig7s/mig7s/user_design/rtl/phy/mig_7series_v4_2_ddr_byte_lane.v:431]
WARNING: [Synth 8-3848] Net dqs_out_of_range in module/entity mig_7series_v4_2_ddr_byte_lane__parameterized3 does not have driver. [/home/shc/projects/chs-nv/cheshire_nv_built/target/xilinx/build/genesys2.mig7s/mig7s.gen/sources_1/ip/mig7s/mig7s/user_design/rtl/phy/mig_7series_v4_2_ddr_byte_lane.v:198]
WARNING: [Synth 8-3848] Net iserdes_clk in module/entity mig_7series_v4_2_ddr_byte_lane__parameterized3 does not have driver. [/home/shc/projects/chs-nv/cheshire_nv_built/target/xilinx/build/genesys2.mig7s/mig7s.gen/sources_1/ip/mig7s/mig7s/user_design/rtl/phy/mig_7series_v4_2_ddr_byte_lane.v:275]
WARNING: [Synth 8-3848] Net iserdes_clkdiv in module/entity mig_7series_v4_2_ddr_byte_lane__parameterized3 does not have driver. [/home/shc/projects/chs-nv/cheshire_nv_built/target/xilinx/build/genesys2.mig7s/mig7s.gen/sources_1/ip/mig7s/mig7s/user_design/rtl/phy/mig_7series_v4_2_ddr_byte_lane.v:276]
WARNING: [Synth 8-3848] Net oserdes_dqts_buf in module/entity mig_7series_v4_2_ddr_byte_group_io__parameterized2 does not have driver. [/home/shc/projects/chs-nv/cheshire_nv_built/target/xilinx/build/genesys2.mig7s/mig7s.gen/sources_1/ip/mig7s/mig7s/user_design/rtl/phy/mig_7series_v4_2_ddr_byte_group_io.v:143]
WARNING: [Synth 8-3848] Net oserdes_dqs_buf in module/entity mig_7series_v4_2_ddr_byte_group_io__parameterized2 does not have driver. [/home/shc/projects/chs-nv/cheshire_nv_built/target/xilinx/build/genesys2.mig7s/mig7s.gen/sources_1/ip/mig7s/mig7s/user_design/rtl/phy/mig_7series_v4_2_ddr_byte_group_io.v:144]
WARNING: [Synth 8-3848] Net oserdes_dqsts_buf in module/entity mig_7series_v4_2_ddr_byte_group_io__parameterized2 does not have driver. [/home/shc/projects/chs-nv/cheshire_nv_built/target/xilinx/build/genesys2.mig7s/mig7s.gen/sources_1/ip/mig7s/mig7s/user_design/rtl/phy/mig_7series_v4_2_ddr_byte_group_io.v:145]
WARNING: [Synth 8-3848] Net iserdes_dout in module/entity mig_7series_v4_2_ddr_byte_group_io__parameterized2 does not have driver. [/home/shc/projects/chs-nv/cheshire_nv_built/target/xilinx/build/genesys2.mig7s/mig7s.gen/sources_1/ip/mig7s/mig7s/user_design/rtl/phy/mig_7series_v4_2_ddr_byte_group_io.v:92]
WARNING: [Synth 8-6014] Unused sequential element ififo_rst_reg was removed.  [/home/shc/projects/chs-nv/cheshire_nv_built/target/xilinx/build/genesys2.mig7s/mig7s.gen/sources_1/ip/mig7s/mig7s/user_design/rtl/phy/mig_7series_v4_2_ddr_byte_lane.v:307]
WARNING: [Synth 8-3848] Net rclk in module/entity mig_7series_v4_2_ddr_byte_lane__parameterized4 does not have driver. [/home/shc/projects/chs-nv/cheshire_nv_built/target/xilinx/build/genesys2.mig7s/mig7s.gen/sources_1/ip/mig7s/mig7s/user_design/rtl/phy/mig_7series_v4_2_ddr_byte_lane.v:147]
WARNING: [Synth 8-3848] Net pi_iserdes_rst in module/entity mig_7series_v4_2_ddr_byte_lane__parameterized4 does not have driver. [/home/shc/projects/chs-nv/cheshire_nv_built/target/xilinx/build/genesys2.mig7s/mig7s.gen/sources_1/ip/mig7s/mig7s/user_design/rtl/phy/mig_7series_v4_2_ddr_byte_lane.v:193]
WARNING: [Synth 8-3848] Net pi_fine_overflow in module/entity mig_7series_v4_2_ddr_byte_lane__parameterized4 does not have driver. [/home/shc/projects/chs-nv/cheshire_nv_built/target/xilinx/build/genesys2.mig7s/mig7s.gen/sources_1/ip/mig7s/mig7s/user_design/rtl/phy/mig_7series_v4_2_ddr_byte_lane.v:195]
WARNING: [Synth 8-3848] Net pi_counter_read_val_w in module/entity mig_7series_v4_2_ddr_byte_lane__parameterized4 does not have driver. [/home/shc/projects/chs-nv/cheshire_nv_built/target/xilinx/build/genesys2.mig7s/mig7s.gen/sources_1/ip/mig7s/mig7s/user_design/rtl/phy/mig_7series_v4_2_ddr_byte_lane.v:431]
WARNING: [Synth 8-3848] Net dqs_out_of_range in module/entity mig_7series_v4_2_ddr_byte_lane__parameterized4 does not have driver. [/home/shc/projects/chs-nv/cheshire_nv_built/target/xilinx/build/genesys2.mig7s/mig7s.gen/sources_1/ip/mig7s/mig7s/user_design/rtl/phy/mig_7series_v4_2_ddr_byte_lane.v:198]
WARNING: [Synth 8-3848] Net iserdes_clk in module/entity mig_7series_v4_2_ddr_byte_lane__parameterized4 does not have driver. [/home/shc/projects/chs-nv/cheshire_nv_built/target/xilinx/build/genesys2.mig7s/mig7s.gen/sources_1/ip/mig7s/mig7s/user_design/rtl/phy/mig_7series_v4_2_ddr_byte_lane.v:275]
WARNING: [Synth 8-3848] Net iserdes_clkdiv in module/entity mig_7series_v4_2_ddr_byte_lane__parameterized4 does not have driver. [/home/shc/projects/chs-nv/cheshire_nv_built/target/xilinx/build/genesys2.mig7s/mig7s.gen/sources_1/ip/mig7s/mig7s/user_design/rtl/phy/mig_7series_v4_2_ddr_byte_lane.v:276]
WARNING: [Synth 8-3848] Net oserdes_dqts_buf in module/entity mig_7series_v4_2_ddr_byte_group_io__parameterized3 does not have driver. [/home/shc/projects/chs-nv/cheshire_nv_built/target/xilinx/build/genesys2.mig7s/mig7s.gen/sources_1/ip/mig7s/mig7s/user_design/rtl/phy/mig_7series_v4_2_ddr_byte_group_io.v:143]
WARNING: [Synth 8-3848] Net oserdes_dqs_buf in module/entity mig_7series_v4_2_ddr_byte_group_io__parameterized3 does not have driver. [/home/shc/projects/chs-nv/cheshire_nv_built/target/xilinx/build/genesys2.mig7s/mig7s.gen/sources_1/ip/mig7s/mig7s/user_design/rtl/phy/mig_7series_v4_2_ddr_byte_group_io.v:144]
WARNING: [Synth 8-3848] Net oserdes_dqsts_buf in module/entity mig_7series_v4_2_ddr_byte_group_io__parameterized3 does not have driver. [/home/shc/projects/chs-nv/cheshire_nv_built/target/xilinx/build/genesys2.mig7s/mig7s.gen/sources_1/ip/mig7s/mig7s/user_design/rtl/phy/mig_7series_v4_2_ddr_byte_group_io.v:145]
WARNING: [Synth 8-3848] Net iserdes_dout in module/entity mig_7series_v4_2_ddr_byte_group_io__parameterized3 does not have driver. [/home/shc/projects/chs-nv/cheshire_nv_built/target/xilinx/build/genesys2.mig7s/mig7s.gen/sources_1/ip/mig7s/mig7s/user_design/rtl/phy/mig_7series_v4_2_ddr_byte_group_io.v:92]
WARNING: [Synth 8-6014] Unused sequential element ififo_rst_reg was removed.  [/home/shc/projects/chs-nv/cheshire_nv_built/target/xilinx/build/genesys2.mig7s/mig7s.gen/sources_1/ip/mig7s/mig7s/user_design/rtl/phy/mig_7series_v4_2_ddr_byte_lane.v:307]
WARNING: [Synth 8-3848] Net rclk in module/entity mig_7series_v4_2_ddr_byte_lane__parameterized5 does not have driver. [/home/shc/projects/chs-nv/cheshire_nv_built/target/xilinx/build/genesys2.mig7s/mig7s.gen/sources_1/ip/mig7s/mig7s/user_design/rtl/phy/mig_7series_v4_2_ddr_byte_lane.v:147]
WARNING: [Synth 8-3848] Net pi_iserdes_rst in module/entity mig_7series_v4_2_ddr_byte_lane__parameterized5 does not have driver. [/home/shc/projects/chs-nv/cheshire_nv_built/target/xilinx/build/genesys2.mig7s/mig7s.gen/sources_1/ip/mig7s/mig7s/user_design/rtl/phy/mig_7series_v4_2_ddr_byte_lane.v:193]
WARNING: [Synth 8-3848] Net pi_fine_overflow in module/entity mig_7series_v4_2_ddr_byte_lane__parameterized5 does not have driver. [/home/shc/projects/chs-nv/cheshire_nv_built/target/xilinx/build/genesys2.mig7s/mig7s.gen/sources_1/ip/mig7s/mig7s/user_design/rtl/phy/mig_7series_v4_2_ddr_byte_lane.v:195]
WARNING: [Synth 8-3848] Net pi_counter_read_val_w in module/entity mig_7series_v4_2_ddr_byte_lane__parameterized5 does not have driver. [/home/shc/projects/chs-nv/cheshire_nv_built/target/xilinx/build/genesys2.mig7s/mig7s.gen/sources_1/ip/mig7s/mig7s/user_design/rtl/phy/mig_7series_v4_2_ddr_byte_lane.v:431]
WARNING: [Synth 8-3848] Net dqs_out_of_range in module/entity mig_7series_v4_2_ddr_byte_lane__parameterized5 does not have driver. [/home/shc/projects/chs-nv/cheshire_nv_built/target/xilinx/build/genesys2.mig7s/mig7s.gen/sources_1/ip/mig7s/mig7s/user_design/rtl/phy/mig_7series_v4_2_ddr_byte_lane.v:198]
WARNING: [Synth 8-3848] Net iserdes_clk in module/entity mig_7series_v4_2_ddr_byte_lane__parameterized5 does not have driver. [/home/shc/projects/chs-nv/cheshire_nv_built/target/xilinx/build/genesys2.mig7s/mig7s.gen/sources_1/ip/mig7s/mig7s/user_design/rtl/phy/mig_7series_v4_2_ddr_byte_lane.v:275]
WARNING: [Synth 8-3848] Net iserdes_clkdiv in module/entity mig_7series_v4_2_ddr_byte_lane__parameterized5 does not have driver. [/home/shc/projects/chs-nv/cheshire_nv_built/target/xilinx/build/genesys2.mig7s/mig7s.gen/sources_1/ip/mig7s/mig7s/user_design/rtl/phy/mig_7series_v4_2_ddr_byte_lane.v:276]
WARNING: [Synth 8-3848] Net oserdes_dqts_buf in module/entity mig_7series_v4_2_ddr_byte_group_io__parameterized4 does not have driver. [/home/shc/projects/chs-nv/cheshire_nv_built/target/xilinx/build/genesys2.mig7s/mig7s.gen/sources_1/ip/mig7s/mig7s/user_design/rtl/phy/mig_7series_v4_2_ddr_byte_group_io.v:143]
WARNING: [Synth 8-3848] Net oserdes_dqs_buf in module/entity mig_7series_v4_2_ddr_byte_group_io__parameterized4 does not have driver. [/home/shc/projects/chs-nv/cheshire_nv_built/target/xilinx/build/genesys2.mig7s/mig7s.gen/sources_1/ip/mig7s/mig7s/user_design/rtl/phy/mig_7series_v4_2_ddr_byte_group_io.v:144]
WARNING: [Synth 8-3848] Net oserdes_dqsts_buf in module/entity mig_7series_v4_2_ddr_byte_group_io__parameterized4 does not have driver. [/home/shc/projects/chs-nv/cheshire_nv_built/target/xilinx/build/genesys2.mig7s/mig7s.gen/sources_1/ip/mig7s/mig7s/user_design/rtl/phy/mig_7series_v4_2_ddr_byte_group_io.v:145]
WARNING: [Synth 8-3848] Net iserdes_dout in module/entity mig_7series_v4_2_ddr_byte_group_io__parameterized4 does not have driver. [/home/shc/projects/chs-nv/cheshire_nv_built/target/xilinx/build/genesys2.mig7s/mig7s.gen/sources_1/ip/mig7s/mig7s/user_design/rtl/phy/mig_7series_v4_2_ddr_byte_group_io.v:92]
WARNING: [Synth 8-6014] Unused sequential element ififo_rst_reg was removed.  [/home/shc/projects/chs-nv/cheshire_nv_built/target/xilinx/build/genesys2.mig7s/mig7s.gen/sources_1/ip/mig7s/mig7s/user_design/rtl/phy/mig_7series_v4_2_ddr_byte_lane.v:307]
WARNING: [Synth 8-3848] Net rclk in module/entity mig_7series_v4_2_ddr_byte_lane__parameterized6 does not have driver. [/home/shc/projects/chs-nv/cheshire_nv_built/target/xilinx/build/genesys2.mig7s/mig7s.gen/sources_1/ip/mig7s/mig7s/user_design/rtl/phy/mig_7series_v4_2_ddr_byte_lane.v:147]
WARNING: [Synth 8-3848] Net pi_iserdes_rst in module/entity mig_7series_v4_2_ddr_byte_lane__parameterized6 does not have driver. [/home/shc/projects/chs-nv/cheshire_nv_built/target/xilinx/build/genesys2.mig7s/mig7s.gen/sources_1/ip/mig7s/mig7s/user_design/rtl/phy/mig_7series_v4_2_ddr_byte_lane.v:193]
WARNING: [Synth 8-3848] Net pi_fine_overflow in module/entity mig_7series_v4_2_ddr_byte_lane__parameterized6 does not have driver. [/home/shc/projects/chs-nv/cheshire_nv_built/target/xilinx/build/genesys2.mig7s/mig7s.gen/sources_1/ip/mig7s/mig7s/user_design/rtl/phy/mig_7series_v4_2_ddr_byte_lane.v:195]
WARNING: [Synth 8-3848] Net pi_counter_read_val_w in module/entity mig_7series_v4_2_ddr_byte_lane__parameterized6 does not have driver. [/home/shc/projects/chs-nv/cheshire_nv_built/target/xilinx/build/genesys2.mig7s/mig7s.gen/sources_1/ip/mig7s/mig7s/user_design/rtl/phy/mig_7series_v4_2_ddr_byte_lane.v:431]
WARNING: [Synth 8-3848] Net dqs_out_of_range in module/entity mig_7series_v4_2_ddr_byte_lane__parameterized6 does not have driver. [/home/shc/projects/chs-nv/cheshire_nv_built/target/xilinx/build/genesys2.mig7s/mig7s.gen/sources_1/ip/mig7s/mig7s/user_design/rtl/phy/mig_7series_v4_2_ddr_byte_lane.v:198]
WARNING: [Synth 8-3848] Net iserdes_clk in module/entity mig_7series_v4_2_ddr_byte_lane__parameterized6 does not have driver. [/home/shc/projects/chs-nv/cheshire_nv_built/target/xilinx/build/genesys2.mig7s/mig7s.gen/sources_1/ip/mig7s/mig7s/user_design/rtl/phy/mig_7series_v4_2_ddr_byte_lane.v:275]
WARNING: [Synth 8-3848] Net iserdes_clkdiv in module/entity mig_7series_v4_2_ddr_byte_lane__parameterized6 does not have driver. [/home/shc/projects/chs-nv/cheshire_nv_built/target/xilinx/build/genesys2.mig7s/mig7s.gen/sources_1/ip/mig7s/mig7s/user_design/rtl/phy/mig_7series_v4_2_ddr_byte_lane.v:276]
WARNING: [Synth 8-6014] Unused sequential element B_rst_primitives_reg was removed.  [/home/shc/projects/chs-nv/cheshire_nv_built/target/xilinx/build/genesys2.mig7s/mig7s.gen/sources_1/ip/mig7s/mig7s/user_design/rtl/phy/mig_7series_v4_2_ddr_phy_4lanes.v:737]
WARNING: [Synth 8-6014] Unused sequential element C_rst_primitives_reg was removed.  [/home/shc/projects/chs-nv/cheshire_nv_built/target/xilinx/build/genesys2.mig7s/mig7s.gen/sources_1/ip/mig7s/mig7s/user_design/rtl/phy/mig_7series_v4_2_ddr_phy_4lanes.v:738]
WARNING: [Synth 8-6014] Unused sequential element D_rst_primitives_reg was removed.  [/home/shc/projects/chs-nv/cheshire_nv_built/target/xilinx/build/genesys2.mig7s/mig7s.gen/sources_1/ip/mig7s/mig7s/user_design/rtl/phy/mig_7series_v4_2_ddr_phy_4lanes.v:739]
WARNING: [Synth 8-3936] Found unconnected internal register 'byte_sel_data_map_reg' and it is trimmed from '96' to '88' bits. [/home/shc/projects/chs-nv/cheshire_nv_built/target/xilinx/build/genesys2.mig7s/mig7s.gen/sources_1/ip/mig7s/mig7s/user_design/rtl/phy/mig_7series_v4_2_ddr_mc_phy_wrapper.v:731]
WARNING: [Synth 8-3848] Net phy_data_full in module/entity mig_7series_v4_2_ddr_mc_phy_wrapper does not have driver. [/home/shc/projects/chs-nv/cheshire_nv_built/target/xilinx/build/genesys2.mig7s/mig7s.gen/sources_1/ip/mig7s/mig7s/user_design/rtl/phy/mig_7series_v4_2_ddr_mc_phy_wrapper.v:227]
WARNING: [Synth 8-6014] Unused sequential element fast_cal_fine_cnt_reg was removed.  [/home/shc/projects/chs-nv/cheshire_nv_built/target/xilinx/build/genesys2.mig7s/mig7s.gen/sources_1/ip/mig7s/mig7s/user_design/rtl/phy/mig_7series_v4_2_ddr_phy_wrlvl.v:790]
WARNING: [Synth 8-6014] Unused sequential element fast_cal_coarse_cnt_reg was removed.  [/home/shc/projects/chs-nv/cheshire_nv_built/target/xilinx/build/genesys2.mig7s/mig7s.gen/sources_1/ip/mig7s/mig7s/user_design/rtl/phy/mig_7series_v4_2_ddr_phy_wrlvl.v:791]
WARNING: [Synth 8-6014] Unused sequential element final_corse_dec_reg was removed.  [/home/shc/projects/chs-nv/cheshire_nv_built/target/xilinx/build/genesys2.mig7s/mig7s.gen/sources_1/ip/mig7s/mig7s/user_design/rtl/phy/mig_7series_v4_2_ddr_phy_wrlvl.v:792]
WARNING: [Synth 8-6014] Unused sequential element add_smallest_reg[1] was removed.  [/home/shc/projects/chs-nv/cheshire_nv_built/target/xilinx/build/genesys2.mig7s/mig7s.gen/sources_1/ip/mig7s/mig7s/user_design/rtl/phy/mig_7series_v4_2_ddr_phy_wrlvl.v:516]
WARNING: [Synth 8-6014] Unused sequential element add_smallest_reg[2] was removed.  [/home/shc/projects/chs-nv/cheshire_nv_built/target/xilinx/build/genesys2.mig7s/mig7s.gen/sources_1/ip/mig7s/mig7s/user_design/rtl/phy/mig_7series_v4_2_ddr_phy_wrlvl.v:516]
WARNING: [Synth 8-6014] Unused sequential element add_smallest_reg[3] was removed.  [/home/shc/projects/chs-nv/cheshire_nv_built/target/xilinx/build/genesys2.mig7s/mig7s.gen/sources_1/ip/mig7s/mig7s/user_design/rtl/phy/mig_7series_v4_2_ddr_phy_wrlvl.v:516]
WARNING: [Synth 8-6014] Unused sequential element add_largest_reg[0] was removed.  [/home/shc/projects/chs-nv/cheshire_nv_built/target/xilinx/build/genesys2.mig7s/mig7s.gen/sources_1/ip/mig7s/mig7s/user_design/rtl/phy/mig_7series_v4_2_ddr_phy_wrlvl.v:517]
WARNING: [Synth 8-6014] Unused sequential element add_largest_reg[1] was removed.  [/home/shc/projects/chs-nv/cheshire_nv_built/target/xilinx/build/genesys2.mig7s/mig7s.gen/sources_1/ip/mig7s/mig7s/user_design/rtl/phy/mig_7series_v4_2_ddr_phy_wrlvl.v:517]
WARNING: [Synth 8-6014] Unused sequential element add_largest_reg[2] was removed.  [/home/shc/projects/chs-nv/cheshire_nv_built/target/xilinx/build/genesys2.mig7s/mig7s.gen/sources_1/ip/mig7s/mig7s/user_design/rtl/phy/mig_7series_v4_2_ddr_phy_wrlvl.v:517]
WARNING: [Synth 8-6014] Unused sequential element add_largest_reg[3] was removed.  [/home/shc/projects/chs-nv/cheshire_nv_built/target/xilinx/build/genesys2.mig7s/mig7s.gen/sources_1/ip/mig7s/mig7s/user_design/rtl/phy/mig_7series_v4_2_ddr_phy_wrlvl.v:517]
WARNING: [Synth 8-6014] Unused sequential element dqs_wl_po_en_stg2_c_reg was removed.  [/home/shc/projects/chs-nv/cheshire_nv_built/target/xilinx/build/genesys2.mig7s/mig7s.gen/sources_1/ip/mig7s/mig7s/user_design/rtl/phy/mig_7series_v4_2_ddr_phy_wrlvl.v:628]
WARNING: [Synth 8-6014] Unused sequential element po_en_stg2_c_reg was removed.  [/home/shc/projects/chs-nv/cheshire_nv_built/target/xilinx/build/genesys2.mig7s/mig7s.gen/sources_1/ip/mig7s/mig7s/user_design/rtl/phy/mig_7series_v4_2_ddr_phy_ck_addr_cmd_delay.v:162]
WARNING: [Synth 8-6014] Unused sequential element oclkdelay_calib_done_r_reg was removed.  [/home/shc/projects/chs-nv/cheshire_nv_built/target/xilinx/build/genesys2.mig7s/mig7s.gen/sources_1/ip/mig7s/mig7s/user_design/rtl/phy/mig_7series_v4_2_ddr_phy_ocd_lim.v:268]
WARNING: [Synth 8-6014] Unused sequential element cmplx_stg3_left_lim_reg was removed.  [/home/shc/projects/chs-nv/cheshire_nv_built/target/xilinx/build/genesys2.mig7s/mig7s.gen/sources_1/ip/mig7s/mig7s/user_design/rtl/phy/mig_7series_v4_2_ddr_phy_ocd_lim.v:394]
WARNING: [Synth 8-6014] Unused sequential element cmplx_stg3_right_lim_reg was removed.  [/home/shc/projects/chs-nv/cheshire_nv_built/target/xilinx/build/genesys2.mig7s/mig7s.gen/sources_1/ip/mig7s/mig7s/user_design/rtl/phy/mig_7series_v4_2_ddr_phy_ocd_lim.v:409]
WARNING: [Synth 8-6014] Unused sequential element pd_out_r_reg was removed.  [/home/shc/projects/chs-nv/cheshire_nv_built/target/xilinx/build/genesys2.mig7s/mig7s.gen/sources_1/ip/mig7s/mig7s/user_design/rtl/phy/mig_7series_v4_2_poc_tap_base.v:138]
WARNING: [Synth 8-6014] Unused sequential element prev_valid_r_reg was removed.  [/home/shc/projects/chs-nv/cheshire_nv_built/target/xilinx/build/genesys2.mig7s/mig7s.gen/sources_1/ip/mig7s/mig7s/user_design/rtl/phy/mig_7series_v4_2_poc_meta.v:281]
WARNING: [Synth 8-6014] Unused sequential element second_half_r_reg was removed.  [/home/shc/projects/chs-nv/cheshire_nv_built/target/xilinx/build/genesys2.mig7s/mig7s.gen/sources_1/ip/mig7s/mig7s/user_design/rtl/phy/mig_7series_v4_2_ddr_phy_ocd_data.v:170]
WARNING: [Synth 8-3936] Found unconnected internal register 'word_shifted_reg' and it is trimmed from '32' to '8' bits. [/home/shc/projects/chs-nv/cheshire_nv_built/target/xilinx/build/genesys2.mig7s/mig7s.gen/sources_1/ip/mig7s/mig7s/user_design/rtl/phy/mig_7series_v4_2_ddr_phy_ocd_data.v:190]
WARNING: [Synth 8-6014] Unused sequential element phy_rddata_en_3_second_r_reg was removed.  [/home/shc/projects/chs-nv/cheshire_nv_built/target/xilinx/build/genesys2.mig7s/mig7s.gen/sources_1/ip/mig7s/mig7s/user_design/rtl/phy/mig_7series_v4_2_ddr_phy_ocd_po_cntlr.v:359]
WARNING: [Synth 8-3848] Net dbg_oclkdelay_rd_data in module/entity mig_7series_v4_2_ddr_phy_oclkdelay_cal does not have driver. [/home/shc/projects/chs-nv/cheshire_nv_built/target/xilinx/build/genesys2.mig7s/mig7s.gen/sources_1/ip/mig7s/mig7s/user_design/rtl/phy/mig_7series_v4_2_ddr_phy_oclkdelay_cal.v:207]
WARNING: [Synth 8-6014] Unused sequential element dqsfound_retry_r1_reg was removed.  [/home/shc/projects/chs-nv/cheshire_nv_built/target/xilinx/build/genesys2.mig7s/mig7s.gen/sources_1/ip/mig7s/mig7s/user_design/rtl/phy/mig_7series_v4_2_ddr_phy_dqs_found_cal.v:691]
WARNING: [Synth 8-3848] Net dqsfound_retry_done in module/entity mig_7series_v4_2_ddr_phy_dqs_found_cal does not have driver. [/home/shc/projects/chs-nv/cheshire_nv_built/target/xilinx/build/genesys2.mig7s/mig7s.gen/sources_1/ip/mig7s/mig7s/user_design/rtl/phy/mig_7series_v4_2_ddr_phy_dqs_found_cal.v:131]
WARNING: [Synth 8-6014] Unused sequential element gen_track_left_edge[0].pb_found_first_edge_r_reg was removed.  [/home/shc/projects/chs-nv/cheshire_nv_built/target/xilinx/build/genesys2.mig7s/mig7s.gen/sources_1/ip/mig7s/mig7s/user_design/rtl/phy/mig_7series_v4_2_ddr_phy_rdlvl.v:2474]
WARNING: [Synth 8-6014] Unused sequential element gen_track_left_edge[1].pb_found_first_edge_r_reg was removed.  [/home/shc/projects/chs-nv/cheshire_nv_built/target/xilinx/build/genesys2.mig7s/mig7s.gen/sources_1/ip/mig7s/mig7s/user_design/rtl/phy/mig_7series_v4_2_ddr_phy_rdlvl.v:2474]
WARNING: [Synth 8-6014] Unused sequential element gen_track_left_edge[2].pb_found_first_edge_r_reg was removed.  [/home/shc/projects/chs-nv/cheshire_nv_built/target/xilinx/build/genesys2.mig7s/mig7s.gen/sources_1/ip/mig7s/mig7s/user_design/rtl/phy/mig_7series_v4_2_ddr_phy_rdlvl.v:2474]
WARNING: [Synth 8-6014] Unused sequential element gen_track_left_edge[3].pb_found_first_edge_r_reg was removed.  [/home/shc/projects/chs-nv/cheshire_nv_built/target/xilinx/build/genesys2.mig7s/mig7s.gen/sources_1/ip/mig7s/mig7s/user_design/rtl/phy/mig_7series_v4_2_ddr_phy_rdlvl.v:2474]
WARNING: [Synth 8-6014] Unused sequential element gen_track_left_edge[4].pb_found_first_edge_r_reg was removed.  [/home/shc/projects/chs-nv/cheshire_nv_built/target/xilinx/build/genesys2.mig7s/mig7s.gen/sources_1/ip/mig7s/mig7s/user_design/rtl/phy/mig_7series_v4_2_ddr_phy_rdlvl.v:2474]
WARNING: [Synth 8-6014] Unused sequential element gen_track_left_edge[5].pb_found_first_edge_r_reg was removed.  [/home/shc/projects/chs-nv/cheshire_nv_built/target/xilinx/build/genesys2.mig7s/mig7s.gen/sources_1/ip/mig7s/mig7s/user_design/rtl/phy/mig_7series_v4_2_ddr_phy_rdlvl.v:2474]
WARNING: [Synth 8-6014] Unused sequential element gen_track_left_edge[6].pb_found_first_edge_r_reg was removed.  [/home/shc/projects/chs-nv/cheshire_nv_built/target/xilinx/build/genesys2.mig7s/mig7s.gen/sources_1/ip/mig7s/mig7s/user_design/rtl/phy/mig_7series_v4_2_ddr_phy_rdlvl.v:2474]
WARNING: [Synth 8-6014] Unused sequential element gen_track_left_edge[7].pb_found_first_edge_r_reg was removed.  [/home/shc/projects/chs-nv/cheshire_nv_built/target/xilinx/build/genesys2.mig7s/mig7s.gen/sources_1/ip/mig7s/mig7s/user_design/rtl/phy/mig_7series_v4_2_ddr_phy_rdlvl.v:2474]
WARNING: [Synth 8-6014] Unused sequential element rdlvl_stg1_done_int_r1_reg was removed.  [/home/shc/projects/chs-nv/cheshire_nv_built/target/xilinx/build/genesys2.mig7s/mig7s.gen/sources_1/ip/mig7s/mig7s/user_design/rtl/phy/mig_7series_v4_2_ddr_phy_rdlvl.v:686]
WARNING: [Synth 8-6014] Unused sequential element rdlvl_stg1_done_int_r2_reg was removed.  [/home/shc/projects/chs-nv/cheshire_nv_built/target/xilinx/build/genesys2.mig7s/mig7s.gen/sources_1/ip/mig7s/mig7s/user_design/rtl/phy/mig_7series_v4_2_ddr_phy_rdlvl.v:687]
WARNING: [Synth 8-6014] Unused sequential element rdlvl_stg1_done_int_r3_reg was removed.  [/home/shc/projects/chs-nv/cheshire_nv_built/target/xilinx/build/genesys2.mig7s/mig7s.gen/sources_1/ip/mig7s/mig7s/user_design/rtl/phy/mig_7series_v4_2_ddr_phy_rdlvl.v:688]
WARNING: [Synth 8-6014] Unused sequential element rdlvl_last_byte_done_int_r1_reg was removed.  [/home/shc/projects/chs-nv/cheshire_nv_built/target/xilinx/build/genesys2.mig7s/mig7s.gen/sources_1/ip/mig7s/mig7s/user_design/rtl/phy/mig_7series_v4_2_ddr_phy_rdlvl.v:689]
WARNING: [Synth 8-6014] Unused sequential element rdlvl_last_byte_done_int_r2_reg was removed.  [/home/shc/projects/chs-nv/cheshire_nv_built/target/xilinx/build/genesys2.mig7s/mig7s.gen/sources_1/ip/mig7s/mig7s/user_design/rtl/phy/mig_7series_v4_2_ddr_phy_rdlvl.v:690]
WARNING: [Synth 8-6014] Unused sequential element rdlvl_last_byte_done_int_r3_reg was removed.  [/home/shc/projects/chs-nv/cheshire_nv_built/target/xilinx/build/genesys2.mig7s/mig7s.gen/sources_1/ip/mig7s/mig7s/user_design/rtl/phy/mig_7series_v4_2_ddr_phy_rdlvl.v:691]
WARNING: [Synth 8-6014] Unused sequential element fine_dly_dec_done_r3_reg was removed.  [/home/shc/projects/chs-nv/cheshire_nv_built/target/xilinx/build/genesys2.mig7s/mig7s.gen/sources_1/ip/mig7s/mig7s/user_design/rtl/phy/mig_7series_v4_2_ddr_phy_rdlvl.v:940]
WARNING: [Synth 8-6014] Unused sequential element fine_dly_dec_done_r4_reg was removed.  [/home/shc/projects/chs-nv/cheshire_nv_built/target/xilinx/build/genesys2.mig7s/mig7s.gen/sources_1/ip/mig7s/mig7s/user_design/rtl/phy/mig_7series_v4_2_ddr_phy_rdlvl.v:941]
WARNING: [Synth 8-6014] Unused sequential element regl_rank_done_r_reg was removed.  [/home/shc/projects/chs-nv/cheshire_nv_built/target/xilinx/build/genesys2.mig7s/mig7s.gen/sources_1/ip/mig7s/mig7s/user_design/rtl/phy/mig_7series_v4_2_ddr_phy_rdlvl.v:1044]
WARNING: [Synth 8-6014] Unused sequential element cal1_state_r2_reg was removed.  [/home/shc/projects/chs-nv/cheshire_nv_built/target/xilinx/build/genesys2.mig7s/mig7s.gen/sources_1/ip/mig7s/mig7s/user_design/rtl/phy/mig_7series_v4_2_ddr_phy_rdlvl.v:2696]
WARNING: [Synth 8-6014] Unused sequential element cal1_state_r3_reg was removed.  [/home/shc/projects/chs-nv/cheshire_nv_built/target/xilinx/build/genesys2.mig7s/mig7s.gen/sources_1/ip/mig7s/mig7s/user_design/rtl/phy/mig_7series_v4_2_ddr_phy_rdlvl.v:2697]
WARNING: [Synth 8-6014] Unused sequential element cal1_cnt_cpt_timing_r_reg was removed.  [/home/shc/projects/chs-nv/cheshire_nv_built/target/xilinx/build/genesys2.mig7s/mig7s.gen/sources_1/ip/mig7s/mig7s/user_design/rtl/phy/mig_7series_v4_2_ddr_phy_rdlvl.v:610]
WARNING: [Synth 8-6014] Unused sequential element gen_mux_div4.gen_rd_4[0].mux_rd_rise0_r4_reg was removed.  [/home/shc/projects/chs-nv/cheshire_nv_built/target/xilinx/build/genesys2.mig7s/mig7s.gen/sources_1/ip/mig7s/mig7s/user_design/rtl/phy/mig_7series_v4_2_ddr_phy_prbs_rdlvl.v:558]
WARNING: [Synth 8-6014] Unused sequential element gen_mux_div4.gen_rd_4[0].mux_rd_fall0_r4_reg was removed.  [/home/shc/projects/chs-nv/cheshire_nv_built/target/xilinx/build/genesys2.mig7s/mig7s.gen/sources_1/ip/mig7s/mig7s/user_design/rtl/phy/mig_7series_v4_2_ddr_phy_prbs_rdlvl.v:559]
WARNING: [Synth 8-6014] Unused sequential element gen_mux_div4.gen_rd_4[0].mux_rd_rise1_r4_reg was removed.  [/home/shc/projects/chs-nv/cheshire_nv_built/target/xilinx/build/genesys2.mig7s/mig7s.gen/sources_1/ip/mig7s/mig7s/user_design/rtl/phy/mig_7series_v4_2_ddr_phy_prbs_rdlvl.v:560]
WARNING: [Synth 8-6014] Unused sequential element gen_mux_div4.gen_rd_4[0].mux_rd_fall1_r4_reg was removed.  [/home/shc/projects/chs-nv/cheshire_nv_built/target/xilinx/build/genesys2.mig7s/mig7s.gen/sources_1/ip/mig7s/mig7s/user_design/rtl/phy/mig_7series_v4_2_ddr_phy_prbs_rdlvl.v:561]
WARNING: [Synth 8-6014] Unused sequential element gen_mux_div4.gen_rd_4[0].mux_rd_rise2_r4_reg was removed.  [/home/shc/projects/chs-nv/cheshire_nv_built/target/xilinx/build/genesys2.mig7s/mig7s.gen/sources_1/ip/mig7s/mig7s/user_design/rtl/phy/mig_7series_v4_2_ddr_phy_prbs_rdlvl.v:562]
WARNING: [Synth 8-6014] Unused sequential element gen_mux_div4.gen_rd_4[0].mux_rd_fall2_r4_reg was removed.  [/home/shc/projects/chs-nv/cheshire_nv_built/target/xilinx/build/genesys2.mig7s/mig7s.gen/sources_1/ip/mig7s/mig7s/user_design/rtl/phy/mig_7series_v4_2_ddr_phy_prbs_rdlvl.v:563]
WARNING: [Synth 8-6014] Unused sequential element gen_mux_div4.gen_rd_4[0].mux_rd_rise3_r4_reg was removed.  [/home/shc/projects/chs-nv/cheshire_nv_built/target/xilinx/build/genesys2.mig7s/mig7s.gen/sources_1/ip/mig7s/mig7s/user_design/rtl/phy/mig_7series_v4_2_ddr_phy_prbs_rdlvl.v:564]
WARNING: [Synth 8-6014] Unused sequential element gen_mux_div4.gen_rd_4[0].mux_rd_fall3_r4_reg was removed.  [/home/shc/projects/chs-nv/cheshire_nv_built/target/xilinx/build/genesys2.mig7s/mig7s.gen/sources_1/ip/mig7s/mig7s/user_design/rtl/phy/mig_7series_v4_2_ddr_phy_prbs_rdlvl.v:565]
WARNING: [Synth 8-6014] Unused sequential element gen_mux_div4.gen_rd_4[1].mux_rd_rise0_r4_reg was removed.  [/home/shc/projects/chs-nv/cheshire_nv_built/target/xilinx/build/genesys2.mig7s/mig7s.gen/sources_1/ip/mig7s/mig7s/user_design/rtl/phy/mig_7series_v4_2_ddr_phy_prbs_rdlvl.v:558]
WARNING: [Synth 8-6014] Unused sequential element gen_mux_div4.gen_rd_4[1].mux_rd_fall0_r4_reg was removed.  [/home/shc/projects/chs-nv/cheshire_nv_built/target/xilinx/build/genesys2.mig7s/mig7s.gen/sources_1/ip/mig7s/mig7s/user_design/rtl/phy/mig_7series_v4_2_ddr_phy_prbs_rdlvl.v:559]
WARNING: [Synth 8-6014] Unused sequential element gen_mux_div4.gen_rd_4[1].mux_rd_rise1_r4_reg was removed.  [/home/shc/projects/chs-nv/cheshire_nv_built/target/xilinx/build/genesys2.mig7s/mig7s.gen/sources_1/ip/mig7s/mig7s/user_design/rtl/phy/mig_7series_v4_2_ddr_phy_prbs_rdlvl.v:560]
WARNING: [Synth 8-6014] Unused sequential element gen_mux_div4.gen_rd_4[1].mux_rd_fall1_r4_reg was removed.  [/home/shc/projects/chs-nv/cheshire_nv_built/target/xilinx/build/genesys2.mig7s/mig7s.gen/sources_1/ip/mig7s/mig7s/user_design/rtl/phy/mig_7series_v4_2_ddr_phy_prbs_rdlvl.v:561]
WARNING: [Synth 8-6014] Unused sequential element gen_mux_div4.gen_rd_4[1].mux_rd_rise2_r4_reg was removed.  [/home/shc/projects/chs-nv/cheshire_nv_built/target/xilinx/build/genesys2.mig7s/mig7s.gen/sources_1/ip/mig7s/mig7s/user_design/rtl/phy/mig_7series_v4_2_ddr_phy_prbs_rdlvl.v:562]
WARNING: [Synth 8-6014] Unused sequential element gen_mux_div4.gen_rd_4[1].mux_rd_fall2_r4_reg was removed.  [/home/shc/projects/chs-nv/cheshire_nv_built/target/xilinx/build/genesys2.mig7s/mig7s.gen/sources_1/ip/mig7s/mig7s/user_design/rtl/phy/mig_7series_v4_2_ddr_phy_prbs_rdlvl.v:563]
WARNING: [Synth 8-6014] Unused sequential element gen_mux_div4.gen_rd_4[1].mux_rd_rise3_r4_reg was removed.  [/home/shc/projects/chs-nv/cheshire_nv_built/target/xilinx/build/genesys2.mig7s/mig7s.gen/sources_1/ip/mig7s/mig7s/user_design/rtl/phy/mig_7series_v4_2_ddr_phy_prbs_rdlvl.v:564]
WARNING: [Synth 8-6014] Unused sequential element gen_mux_div4.gen_rd_4[1].mux_rd_fall3_r4_reg was removed.  [/home/shc/projects/chs-nv/cheshire_nv_built/target/xilinx/build/genesys2.mig7s/mig7s.gen/sources_1/ip/mig7s/mig7s/user_design/rtl/phy/mig_7series_v4_2_ddr_phy_prbs_rdlvl.v:565]
WARNING: [Synth 8-6014] Unused sequential element gen_mux_div4.gen_rd_4[2].mux_rd_rise0_r4_reg was removed.  [/home/shc/projects/chs-nv/cheshire_nv_built/target/xilinx/build/genesys2.mig7s/mig7s.gen/sources_1/ip/mig7s/mig7s/user_design/rtl/phy/mig_7series_v4_2_ddr_phy_prbs_rdlvl.v:558]
WARNING: [Synth 8-6014] Unused sequential element gen_mux_div4.gen_rd_4[2].mux_rd_fall0_r4_reg was removed.  [/home/shc/projects/chs-nv/cheshire_nv_built/target/xilinx/build/genesys2.mig7s/mig7s.gen/sources_1/ip/mig7s/mig7s/user_design/rtl/phy/mig_7series_v4_2_ddr_phy_prbs_rdlvl.v:559]
WARNING: [Synth 8-6014] Unused sequential element gen_mux_div4.gen_rd_4[2].mux_rd_rise1_r4_reg was removed.  [/home/shc/projects/chs-nv/cheshire_nv_built/target/xilinx/build/genesys2.mig7s/mig7s.gen/sources_1/ip/mig7s/mig7s/user_design/rtl/phy/mig_7series_v4_2_ddr_phy_prbs_rdlvl.v:560]
WARNING: [Synth 8-6014] Unused sequential element gen_mux_div4.gen_rd_4[2].mux_rd_fall1_r4_reg was removed.  [/home/shc/projects/chs-nv/cheshire_nv_built/target/xilinx/build/genesys2.mig7s/mig7s.gen/sources_1/ip/mig7s/mig7s/user_design/rtl/phy/mig_7series_v4_2_ddr_phy_prbs_rdlvl.v:561]
WARNING: [Synth 8-6014] Unused sequential element gen_mux_div4.gen_rd_4[2].mux_rd_rise2_r4_reg was removed.  [/home/shc/projects/chs-nv/cheshire_nv_built/target/xilinx/build/genesys2.mig7s/mig7s.gen/sources_1/ip/mig7s/mig7s/user_design/rtl/phy/mig_7series_v4_2_ddr_phy_prbs_rdlvl.v:562]
WARNING: [Synth 8-6014] Unused sequential element gen_mux_div4.gen_rd_4[2].mux_rd_fall2_r4_reg was removed.  [/home/shc/projects/chs-nv/cheshire_nv_built/target/xilinx/build/genesys2.mig7s/mig7s.gen/sources_1/ip/mig7s/mig7s/user_design/rtl/phy/mig_7series_v4_2_ddr_phy_prbs_rdlvl.v:563]
WARNING: [Synth 8-6014] Unused sequential element gen_mux_div4.gen_rd_4[2].mux_rd_rise3_r4_reg was removed.  [/home/shc/projects/chs-nv/cheshire_nv_built/target/xilinx/build/genesys2.mig7s/mig7s.gen/sources_1/ip/mig7s/mig7s/user_design/rtl/phy/mig_7series_v4_2_ddr_phy_prbs_rdlvl.v:564]
WARNING: [Synth 8-6014] Unused sequential element gen_mux_div4.gen_rd_4[2].mux_rd_fall3_r4_reg was removed.  [/home/shc/projects/chs-nv/cheshire_nv_built/target/xilinx/build/genesys2.mig7s/mig7s.gen/sources_1/ip/mig7s/mig7s/user_design/rtl/phy/mig_7series_v4_2_ddr_phy_prbs_rdlvl.v:565]
WARNING: [Synth 8-6014] Unused sequential element gen_mux_div4.gen_rd_4[3].mux_rd_rise0_r4_reg was removed.  [/home/shc/projects/chs-nv/cheshire_nv_built/target/xilinx/build/genesys2.mig7s/mig7s.gen/sources_1/ip/mig7s/mig7s/user_design/rtl/phy/mig_7series_v4_2_ddr_phy_prbs_rdlvl.v:558]
WARNING: [Synth 8-6014] Unused sequential element gen_mux_div4.gen_rd_4[3].mux_rd_fall0_r4_reg was removed.  [/home/shc/projects/chs-nv/cheshire_nv_built/target/xilinx/build/genesys2.mig7s/mig7s.gen/sources_1/ip/mig7s/mig7s/user_design/rtl/phy/mig_7series_v4_2_ddr_phy_prbs_rdlvl.v:559]
WARNING: [Synth 8-6014] Unused sequential element gen_mux_div4.gen_rd_4[3].mux_rd_rise1_r4_reg was removed.  [/home/shc/projects/chs-nv/cheshire_nv_built/target/xilinx/build/genesys2.mig7s/mig7s.gen/sources_1/ip/mig7s/mig7s/user_design/rtl/phy/mig_7series_v4_2_ddr_phy_prbs_rdlvl.v:560]
WARNING: [Synth 8-6014] Unused sequential element gen_mux_div4.gen_rd_4[3].mux_rd_fall1_r4_reg was removed.  [/home/shc/projects/chs-nv/cheshire_nv_built/target/xilinx/build/genesys2.mig7s/mig7s.gen/sources_1/ip/mig7s/mig7s/user_design/rtl/phy/mig_7series_v4_2_ddr_phy_prbs_rdlvl.v:561]
WARNING: [Synth 8-6014] Unused sequential element gen_mux_div4.gen_rd_4[3].mux_rd_rise2_r4_reg was removed.  [/home/shc/projects/chs-nv/cheshire_nv_built/target/xilinx/build/genesys2.mig7s/mig7s.gen/sources_1/ip/mig7s/mig7s/user_design/rtl/phy/mig_7series_v4_2_ddr_phy_prbs_rdlvl.v:562]
WARNING: [Synth 8-6014] Unused sequential element gen_mux_div4.gen_rd_4[3].mux_rd_fall2_r4_reg was removed.  [/home/shc/projects/chs-nv/cheshire_nv_built/target/xilinx/build/genesys2.mig7s/mig7s.gen/sources_1/ip/mig7s/mig7s/user_design/rtl/phy/mig_7series_v4_2_ddr_phy_prbs_rdlvl.v:563]
WARNING: [Synth 8-6014] Unused sequential element gen_mux_div4.gen_rd_4[3].mux_rd_rise3_r4_reg was removed.  [/home/shc/projects/chs-nv/cheshire_nv_built/target/xilinx/build/genesys2.mig7s/mig7s.gen/sources_1/ip/mig7s/mig7s/user_design/rtl/phy/mig_7series_v4_2_ddr_phy_prbs_rdlvl.v:564]
WARNING: [Synth 8-6014] Unused sequential element gen_mux_div4.gen_rd_4[3].mux_rd_fall3_r4_reg was removed.  [/home/shc/projects/chs-nv/cheshire_nv_built/target/xilinx/build/genesys2.mig7s/mig7s.gen/sources_1/ip/mig7s/mig7s/user_design/rtl/phy/mig_7series_v4_2_ddr_phy_prbs_rdlvl.v:565]
WARNING: [Synth 8-6014] Unused sequential element gen_mux_div4.gen_rd_4[4].mux_rd_rise0_r4_reg was removed.  [/home/shc/projects/chs-nv/cheshire_nv_built/target/xilinx/build/genesys2.mig7s/mig7s.gen/sources_1/ip/mig7s/mig7s/user_design/rtl/phy/mig_7series_v4_2_ddr_phy_prbs_rdlvl.v:558]
WARNING: [Synth 8-6014] Unused sequential element gen_mux_div4.gen_rd_4[4].mux_rd_fall0_r4_reg was removed.  [/home/shc/projects/chs-nv/cheshire_nv_built/target/xilinx/build/genesys2.mig7s/mig7s.gen/sources_1/ip/mig7s/mig7s/user_design/rtl/phy/mig_7series_v4_2_ddr_phy_prbs_rdlvl.v:559]
WARNING: [Synth 8-6014] Unused sequential element gen_mux_div4.gen_rd_4[4].mux_rd_rise1_r4_reg was removed.  [/home/shc/projects/chs-nv/cheshire_nv_built/target/xilinx/build/genesys2.mig7s/mig7s.gen/sources_1/ip/mig7s/mig7s/user_design/rtl/phy/mig_7series_v4_2_ddr_phy_prbs_rdlvl.v:560]
WARNING: [Synth 8-6014] Unused sequential element gen_mux_div4.gen_rd_4[4].mux_rd_fall1_r4_reg was removed.  [/home/shc/projects/chs-nv/cheshire_nv_built/target/xilinx/build/genesys2.mig7s/mig7s.gen/sources_1/ip/mig7s/mig7s/user_design/rtl/phy/mig_7series_v4_2_ddr_phy_prbs_rdlvl.v:561]
WARNING: [Synth 8-6014] Unused sequential element gen_mux_div4.gen_rd_4[4].mux_rd_rise2_r4_reg was removed.  [/home/shc/projects/chs-nv/cheshire_nv_built/target/xilinx/build/genesys2.mig7s/mig7s.gen/sources_1/ip/mig7s/mig7s/user_design/rtl/phy/mig_7series_v4_2_ddr_phy_prbs_rdlvl.v:562]
WARNING: [Synth 8-6014] Unused sequential element gen_mux_div4.gen_rd_4[4].mux_rd_fall2_r4_reg was removed.  [/home/shc/projects/chs-nv/cheshire_nv_built/target/xilinx/build/genesys2.mig7s/mig7s.gen/sources_1/ip/mig7s/mig7s/user_design/rtl/phy/mig_7series_v4_2_ddr_phy_prbs_rdlvl.v:563]
WARNING: [Synth 8-6014] Unused sequential element gen_mux_div4.gen_rd_4[4].mux_rd_rise3_r4_reg was removed.  [/home/shc/projects/chs-nv/cheshire_nv_built/target/xilinx/build/genesys2.mig7s/mig7s.gen/sources_1/ip/mig7s/mig7s/user_design/rtl/phy/mig_7series_v4_2_ddr_phy_prbs_rdlvl.v:564]
WARNING: [Synth 8-6014] Unused sequential element gen_mux_div4.gen_rd_4[4].mux_rd_fall3_r4_reg was removed.  [/home/shc/projects/chs-nv/cheshire_nv_built/target/xilinx/build/genesys2.mig7s/mig7s.gen/sources_1/ip/mig7s/mig7s/user_design/rtl/phy/mig_7series_v4_2_ddr_phy_prbs_rdlvl.v:565]
WARNING: [Synth 8-6014] Unused sequential element gen_mux_div4.gen_rd_4[5].mux_rd_rise0_r4_reg was removed.  [/home/shc/projects/chs-nv/cheshire_nv_built/target/xilinx/build/genesys2.mig7s/mig7s.gen/sources_1/ip/mig7s/mig7s/user_design/rtl/phy/mig_7series_v4_2_ddr_phy_prbs_rdlvl.v:558]
WARNING: [Synth 8-6014] Unused sequential element gen_mux_div4.gen_rd_4[5].mux_rd_fall0_r4_reg was removed.  [/home/shc/projects/chs-nv/cheshire_nv_built/target/xilinx/build/genesys2.mig7s/mig7s.gen/sources_1/ip/mig7s/mig7s/user_design/rtl/phy/mig_7series_v4_2_ddr_phy_prbs_rdlvl.v:559]
WARNING: [Synth 8-6014] Unused sequential element gen_mux_div4.gen_rd_4[5].mux_rd_rise1_r4_reg was removed.  [/home/shc/projects/chs-nv/cheshire_nv_built/target/xilinx/build/genesys2.mig7s/mig7s.gen/sources_1/ip/mig7s/mig7s/user_design/rtl/phy/mig_7series_v4_2_ddr_phy_prbs_rdlvl.v:560]
WARNING: [Synth 8-6014] Unused sequential element gen_mux_div4.gen_rd_4[5].mux_rd_fall1_r4_reg was removed.  [/home/shc/projects/chs-nv/cheshire_nv_built/target/xilinx/build/genesys2.mig7s/mig7s.gen/sources_1/ip/mig7s/mig7s/user_design/rtl/phy/mig_7series_v4_2_ddr_phy_prbs_rdlvl.v:561]
WARNING: [Synth 8-6014] Unused sequential element gen_mux_div4.gen_rd_4[5].mux_rd_rise2_r4_reg was removed.  [/home/shc/projects/chs-nv/cheshire_nv_built/target/xilinx/build/genesys2.mig7s/mig7s.gen/sources_1/ip/mig7s/mig7s/user_design/rtl/phy/mig_7series_v4_2_ddr_phy_prbs_rdlvl.v:562]
INFO: [Common 17-14] Message 'Synth 8-6014' appears 100 times and further instances of the messages will be disabled. Use the Tcl command set_msg_config to change the current settings.
WARNING: [Synth 8-3936] Found unconnected internal register 'rdlvl_start_dly0_r_reg' and it is trimmed from '16' to '15' bits. [/home/shc/projects/chs-nv/cheshire_nv_built/target/xilinx/build/genesys2.mig7s/mig7s.gen/sources_1/ip/mig7s/mig7s/user_design/rtl/phy/mig_7series_v4_2_ddr_phy_init.v:1228]
WARNING: [Synth 8-3936] Found unconnected internal register 'wrcal_start_dly_r_reg' and it is trimmed from '16' to '15' bits. [/home/shc/projects/chs-nv/cheshire_nv_built/target/xilinx/build/genesys2.mig7s/mig7s.gen/sources_1/ip/mig7s/mig7s/user_design/rtl/phy/mig_7series_v4_2_ddr_phy_init.v:1230]
WARNING: [Synth 8-3936] Found unconnected internal register 'oclkdelay_start_dly_r_reg' and it is trimmed from '16' to '15' bits. [/home/shc/projects/chs-nv/cheshire_nv_built/target/xilinx/build/genesys2.mig7s/mig7s.gen/sources_1/ip/mig7s/mig7s/user_design/rtl/phy/mig_7series_v4_2_ddr_phy_init.v:1232]
WARNING: [Synth 8-3848] Net calib_aux_out in module/entity mig_7series_v4_2_ddr_phy_init does not have driver. [/home/shc/projects/chs-nv/cheshire_nv_built/target/xilinx/build/genesys2.mig7s/mig7s.gen/sources_1/ip/mig7s/mig7s/user_design/rtl/phy/mig_7series_v4_2_ddr_phy_init.v:276]
WARNING: [Synth 8-3848] Net i in module/entity mig_7series_v4_2_ddr_phy_wrcal does not have driver. [/home/shc/projects/chs-nv/cheshire_nv_built/target/xilinx/build/genesys2.mig7s/mig7s.gen/sources_1/ip/mig7s/mig7s/user_design/rtl/phy/mig_7series_v4_2_ddr_phy_wrcal.v:155]
WARNING: [Synth 8-3848] Net dbg_skip_cal in module/entity mig_7series_v4_2_ddr_calib_top does not have driver. [/home/shc/projects/chs-nv/cheshire_nv_built/target/xilinx/build/genesys2.mig7s/mig7s.gen/sources_1/ip/mig7s/mig7s/user_design/rtl/phy/mig_7series_v4_2_ddr_calib_top.v:673]
WARNING: [Synth 8-3848] Net coarse_dec_err in module/entity mig_7series_v4_2_ddr_calib_top does not have driver. [/home/shc/projects/chs-nv/cheshire_nv_built/target/xilinx/build/genesys2.mig7s/mig7s.gen/sources_1/ip/mig7s/mig7s/user_design/rtl/phy/mig_7series_v4_2_ddr_calib_top.v:662]
WARNING: [Synth 8-3848] Net cmd_wr_bytes in module/entity mig_7series_v4_2_axi_mc_w_channel does not have driver. [/home/shc/projects/chs-nv/cheshire_nv_built/target/xilinx/build/genesys2.mig7s/mig7s.gen/sources_1/ip/mig7s/mig7s/user_design/rtl/axi/mig_7series_v4_2_axi_mc_w_channel.v:96]
WARNING: [Synth 8-3848] Net error in module/entity mig_7series_v4_2_memc_ui_top_axi does not have driver. [/home/shc/projects/chs-nv/cheshire_nv_built/target/xilinx/build/genesys2.mig7s/mig7s.gen/sources_1/ip/mig7s/mig7s/user_design/rtl/ip_top/mig_7series_v4_2_memc_ui_top_axi.v:555]
WARNING: [Synth 8-3848] Net app_correct_en_i in module/entity mig_7series_v4_2_memc_ui_top_axi does not have driver. [/home/shc/projects/chs-nv/cheshire_nv_built/target/xilinx/build/genesys2.mig7s/mig7s.gen/sources_1/ip/mig7s/mig7s/user_design/rtl/ip_top/mig_7series_v4_2_memc_ui_top_axi.v:500]
WARNING: [Synth 8-3848] Net s_axi_ctrl_awvalid in module/entity mig7s_mig does not have driver. [/home/shc/projects/chs-nv/cheshire_nv_built/target/xilinx/build/genesys2.mig7s/mig7s.gen/sources_1/ip/mig7s/mig7s/user_design/rtl/mig7s_mig.v:752]
WARNING: [Synth 8-3848] Net s_axi_ctrl_awaddr in module/entity mig7s_mig does not have driver. [/home/shc/projects/chs-nv/cheshire_nv_built/target/xilinx/build/genesys2.mig7s/mig7s.gen/sources_1/ip/mig7s/mig7s/user_design/rtl/mig7s_mig.v:754]
WARNING: [Synth 8-3848] Net s_axi_ctrl_wvalid in module/entity mig7s_mig does not have driver. [/home/shc/projects/chs-nv/cheshire_nv_built/target/xilinx/build/genesys2.mig7s/mig7s.gen/sources_1/ip/mig7s/mig7s/user_design/rtl/mig7s_mig.v:756]
WARNING: [Synth 8-3848] Net s_axi_ctrl_wdata in module/entity mig7s_mig does not have driver. [/home/shc/projects/chs-nv/cheshire_nv_built/target/xilinx/build/genesys2.mig7s/mig7s.gen/sources_1/ip/mig7s/mig7s/user_design/rtl/mig7s_mig.v:758]
WARNING: [Synth 8-3848] Net s_axi_ctrl_bready in module/entity mig7s_mig does not have driver. [/home/shc/projects/chs-nv/cheshire_nv_built/target/xilinx/build/genesys2.mig7s/mig7s.gen/sources_1/ip/mig7s/mig7s/user_design/rtl/mig7s_mig.v:761]
WARNING: [Synth 8-3848] Net s_axi_ctrl_arvalid in module/entity mig7s_mig does not have driver. [/home/shc/projects/chs-nv/cheshire_nv_built/target/xilinx/build/genesys2.mig7s/mig7s.gen/sources_1/ip/mig7s/mig7s/user_design/rtl/mig7s_mig.v:764]
WARNING: [Synth 8-3848] Net s_axi_ctrl_araddr in module/entity mig7s_mig does not have driver. [/home/shc/projects/chs-nv/cheshire_nv_built/target/xilinx/build/genesys2.mig7s/mig7s.gen/sources_1/ip/mig7s/mig7s/user_design/rtl/mig7s_mig.v:766]
WARNING: [Synth 8-3848] Net s_axi_ctrl_rready in module/entity mig7s_mig does not have driver. [/home/shc/projects/chs-nv/cheshire_nv_built/target/xilinx/build/genesys2.mig7s/mig7s.gen/sources_1/ip/mig7s/mig7s/user_design/rtl/mig7s_mig.v:769]
WARNING: [Synth 8-3848] Net device_temp_i in module/entity mig7s_mig does not have driver. [/home/shc/projects/chs-nv/cheshire_nv_built/target/xilinx/build/genesys2.mig7s/mig7s.gen/sources_1/ip/mig7s/mig7s/user_design/rtl/mig7s_mig.v:783]
WARNING: [Synth 8-3848] Net clk_ref_p in module/entity mig7s_mig does not have driver. [/home/shc/projects/chs-nv/cheshire_nv_built/target/xilinx/build/genesys2.mig7s/mig7s.gen/sources_1/ip/mig7s/mig7s/user_design/rtl/mig7s_mig.v:779]
WARNING: [Synth 8-3848] Net clk_ref_n in module/entity mig7s_mig does not have driver. [/home/shc/projects/chs-nv/cheshire_nv_built/target/xilinx/build/genesys2.mig7s/mig7s.gen/sources_1/ip/mig7s/mig7s/user_design/rtl/mig7s_mig.v:780]
WARNING: [Synth 8-7129] Port mc_app_rd_last in module mig_7series_v4_2_axi_mc_r_channel is either unconnected or has no load
WARNING: [Synth 8-7129] Port axlen[7] in module mig_7series_v4_2_axi_mc_wrap_cmd__parameterized0 is either unconnected or has no load
WARNING: [Synth 8-7129] Port axlen[6] in module mig_7series_v4_2_axi_mc_wrap_cmd__parameterized0 is either unconnected or has no load
WARNING: [Synth 8-7129] Port axlen[5] in module mig_7series_v4_2_axi_mc_wrap_cmd__parameterized0 is either unconnected or has no load
WARNING: [Synth 8-7129] Port axlen[4] in module mig_7series_v4_2_axi_mc_wrap_cmd__parameterized0 is either unconnected or has no load
WARNING: [Synth 8-7129] Port axsize[2] in module mig_7series_v4_2_axi_mc_wrap_cmd__parameterized0 is either unconnected or has no load
WARNING: [Synth 8-7129] Port axsize[1] in module mig_7series_v4_2_axi_mc_wrap_cmd__parameterized0 is either unconnected or has no load
WARNING: [Synth 8-7129] Port axsize[0] in module mig_7series_v4_2_axi_mc_wrap_cmd__parameterized0 is either unconnected or has no load
WARNING: [Synth 8-7129] Port axsize[2] in module mig_7series_v4_2_axi_mc_incr_cmd__parameterized0 is either unconnected or has no load
WARNING: [Synth 8-7129] Port axsize[1] in module mig_7series_v4_2_axi_mc_incr_cmd__parameterized0 is either unconnected or has no load
WARNING: [Synth 8-7129] Port axsize[0] in module mig_7series_v4_2_axi_mc_incr_cmd__parameterized0 is either unconnected or has no load
WARNING: [Synth 8-7129] Port axburst[0] in module mig_7series_v4_2_axi_mc_cmd_translator__parameterized0 is either unconnected or has no load
WARNING: [Synth 8-7129] Port arlock[1] in module mig_7series_v4_2_axi_mc_ar_channel is either unconnected or has no load
WARNING: [Synth 8-7129] Port arlock[0] in module mig_7series_v4_2_axi_mc_ar_channel is either unconnected or has no load
WARNING: [Synth 8-7129] Port arcache[3] in module mig_7series_v4_2_axi_mc_ar_channel is either unconnected or has no load
WARNING: [Synth 8-7129] Port arcache[2] in module mig_7series_v4_2_axi_mc_ar_channel is either unconnected or has no load
WARNING: [Synth 8-7129] Port arcache[1] in module mig_7series_v4_2_axi_mc_ar_channel is either unconnected or has no load
WARNING: [Synth 8-7129] Port arcache[0] in module mig_7series_v4_2_axi_mc_ar_channel is either unconnected or has no load
WARNING: [Synth 8-7129] Port arprot[2] in module mig_7series_v4_2_axi_mc_ar_channel is either unconnected or has no load
WARNING: [Synth 8-7129] Port arprot[1] in module mig_7series_v4_2_axi_mc_ar_channel is either unconnected or has no load
WARNING: [Synth 8-7129] Port arprot[0] in module mig_7series_v4_2_axi_mc_ar_channel is either unconnected or has no load
WARNING: [Synth 8-7129] Port b_resp_rdy in module mig_7series_v4_2_axi_mc_b_channel is either unconnected or has no load
WARNING: [Synth 8-7129] Port cmd_wr_bytes in module mig_7series_v4_2_axi_mc_w_channel is either unconnected or has no load
WARNING: [Synth 8-7129] Port awvalid in module mig_7series_v4_2_axi_mc_w_channel is either unconnected or has no load
WARNING: [Synth 8-7129] Port w_ignore_begin in module mig_7series_v4_2_axi_mc_w_channel is either unconnected or has no load
WARNING: [Synth 8-7129] Port w_ignore_end in module mig_7series_v4_2_axi_mc_w_channel is either unconnected or has no load
WARNING: [Synth 8-7129] Port axlen[7] in module mig_7series_v4_2_axi_mc_wrap_cmd is either unconnected or has no load
WARNING: [Synth 8-7129] Port axlen[6] in module mig_7series_v4_2_axi_mc_wrap_cmd is either unconnected or has no load
WARNING: [Synth 8-7129] Port axlen[5] in module mig_7series_v4_2_axi_mc_wrap_cmd is either unconnected or has no load
WARNING: [Synth 8-7129] Port axlen[4] in module mig_7series_v4_2_axi_mc_wrap_cmd is either unconnected or has no load
WARNING: [Synth 8-7129] Port axsize[2] in module mig_7series_v4_2_axi_mc_wrap_cmd is either unconnected or has no load
WARNING: [Synth 8-7129] Port axsize[1] in module mig_7series_v4_2_axi_mc_wrap_cmd is either unconnected or has no load
WARNING: [Synth 8-7129] Port axsize[0] in module mig_7series_v4_2_axi_mc_wrap_cmd is either unconnected or has no load
WARNING: [Synth 8-7129] Port axsize[2] in module mig_7series_v4_2_axi_mc_incr_cmd is either unconnected or has no load
WARNING: [Synth 8-7129] Port axsize[1] in module mig_7series_v4_2_axi_mc_incr_cmd is either unconnected or has no load
WARNING: [Synth 8-7129] Port axsize[0] in module mig_7series_v4_2_axi_mc_incr_cmd is either unconnected or has no load
WARNING: [Synth 8-7129] Port axburst[0] in module mig_7series_v4_2_axi_mc_cmd_translator is either unconnected or has no load
WARNING: [Synth 8-7129] Port awlock[1] in module mig_7series_v4_2_axi_mc_aw_channel is either unconnected or has no load
WARNING: [Synth 8-7129] Port awlock[0] in module mig_7series_v4_2_axi_mc_aw_channel is either unconnected or has no load
WARNING: [Synth 8-7129] Port awcache[3] in module mig_7series_v4_2_axi_mc_aw_channel is either unconnected or has no load
WARNING: [Synth 8-7129] Port awcache[2] in module mig_7series_v4_2_axi_mc_aw_channel is either unconnected or has no load
WARNING: [Synth 8-7129] Port awcache[1] in module mig_7series_v4_2_axi_mc_aw_channel is either unconnected or has no load
WARNING: [Synth 8-7129] Port awcache[0] in module mig_7series_v4_2_axi_mc_aw_channel is either unconnected or has no load
WARNING: [Synth 8-7129] Port awprot[2] in module mig_7series_v4_2_axi_mc_aw_channel is either unconnected or has no load
WARNING: [Synth 8-7129] Port awprot[1] in module mig_7series_v4_2_axi_mc_aw_channel is either unconnected or has no load
WARNING: [Synth 8-7129] Port awprot[0] in module mig_7series_v4_2_axi_mc_aw_channel is either unconnected or has no load
WARNING: [Synth 8-7129] Port cmd_wr_bytes in module mig_7series_v4_2_axi_mc_aw_channel is either unconnected or has no load
WARNING: [Synth 8-7129] Port ACLK in module mig_7series_v4_2_ddr_axic_register_slice__parameterized11 is either unconnected or has no load
WARNING: [Synth 8-7129] Port ARESET in module mig_7series_v4_2_ddr_axic_register_slice__parameterized11 is either unconnected or has no load
WARNING: [Synth 8-7129] Port ACLK in module mig_7series_v4_2_ddr_axic_register_slice__parameterized6 is either unconnected or has no load
WARNING: [Synth 8-7129] Port ARESET in module mig_7series_v4_2_ddr_axic_register_slice__parameterized6 is either unconnected or has no load
WARNING: [Synth 8-7129] Port ACLK in module mig_7series_v4_2_ddr_axic_register_slice__parameterized8 is either unconnected or has no load
WARNING: [Synth 8-7129] Port ARESET in module mig_7series_v4_2_ddr_axic_register_slice__parameterized8 is either unconnected or has no load
WARNING: [Synth 8-7129] Port ACLK in module mig_7series_v4_2_ddr_axic_register_slice__parameterized10 is either unconnected or has no load
WARNING: [Synth 8-7129] Port ARESET in module mig_7series_v4_2_ddr_axic_register_slice__parameterized10 is either unconnected or has no load
WARNING: [Synth 8-7129] Port S_AXI_AWUSER[0] in module mig_7series_v4_2_ddr_axi_register_slice__parameterized2 is either unconnected or has no load
WARNING: [Synth 8-7129] Port S_AXI_WUSER[0] in module mig_7series_v4_2_ddr_axi_register_slice__parameterized2 is either unconnected or has no load
WARNING: [Synth 8-7129] Port S_AXI_ARUSER[0] in module mig_7series_v4_2_ddr_axi_register_slice__parameterized2 is either unconnected or has no load
WARNING: [Synth 8-7129] Port M_AXI_BUSER[0] in module mig_7series_v4_2_ddr_axi_register_slice__parameterized2 is either unconnected or has no load
WARNING: [Synth 8-7129] Port M_AXI_RUSER[0] in module mig_7series_v4_2_ddr_axi_register_slice__parameterized2 is either unconnected or has no load
WARNING: [Synth 8-7129] Port ACLK in module mig_7series_v4_2_ddr_axic_register_slice__parameterized9 is either unconnected or has no load
WARNING: [Synth 8-7129] Port ARESET in module mig_7series_v4_2_ddr_axic_register_slice__parameterized9 is either unconnected or has no load
WARNING: [Synth 8-7129] Port ACLK in module mig_7series_v4_2_ddr_axic_register_slice__parameterized7 is either unconnected or has no load
WARNING: [Synth 8-7129] Port ARESET in module mig_7series_v4_2_ddr_axic_register_slice__parameterized7 is either unconnected or has no load
WARNING: [Synth 8-7129] Port S_AXI_AWUSER[0] in module mig_7series_v4_2_ddr_axi_register_slice__parameterized1 is either unconnected or has no load
WARNING: [Synth 8-7129] Port S_AXI_WUSER[0] in module mig_7series_v4_2_ddr_axi_register_slice__parameterized1 is either unconnected or has no load
WARNING: [Synth 8-7129] Port S_AXI_ARUSER[0] in module mig_7series_v4_2_ddr_axi_register_slice__parameterized1 is either unconnected or has no load
WARNING: [Synth 8-7129] Port M_AXI_BUSER[0] in module mig_7series_v4_2_ddr_axi_register_slice__parameterized1 is either unconnected or has no load
WARNING: [Synth 8-7129] Port M_AXI_RUSER[0] in module mig_7series_v4_2_ddr_axi_register_slice__parameterized1 is either unconnected or has no load
WARNING: [Synth 8-7129] Port ACLK in module mig_7series_v4_2_ddr_axic_register_slice__parameterized3 is either unconnected or has no load
WARNING: [Synth 8-7129] Port ARESET in module mig_7series_v4_2_ddr_axic_register_slice__parameterized3 is either unconnected or has no load
WARNING: [Synth 8-7129] Port ACLK in module mig_7series_v4_2_ddr_axic_register_slice__parameterized1 is either unconnected or has no load
WARNING: [Synth 8-7129] Port ARESET in module mig_7series_v4_2_ddr_axic_register_slice__parameterized1 is either unconnected or has no load
WARNING: [Synth 8-7129] Port ACLK in module mig_7series_v4_2_ddr_axic_register_slice__parameterized4 is either unconnected or has no load
WARNING: [Synth 8-7129] Port ARESET in module mig_7series_v4_2_ddr_axic_register_slice__parameterized4 is either unconnected or has no load
WARNING: [Synth 8-7129] Port S_AXI_AWUSER[0] in module mig_7series_v4_2_ddr_axi_register_slice__parameterized0 is either unconnected or has no load
WARNING: [Synth 8-7129] Port S_AXI_WUSER[0] in module mig_7series_v4_2_ddr_axi_register_slice__parameterized0 is either unconnected or has no load
WARNING: [Synth 8-7129] Port S_AXI_ARUSER[0] in module mig_7series_v4_2_ddr_axi_register_slice__parameterized0 is either unconnected or has no load
WARNING: [Synth 8-7129] Port M_AXI_BUSER[0] in module mig_7series_v4_2_ddr_axi_register_slice__parameterized0 is either unconnected or has no load
WARNING: [Synth 8-7129] Port M_AXI_RUSER[0] in module mig_7series_v4_2_ddr_axi_register_slice__parameterized0 is either unconnected or has no load
WARNING: [Synth 8-7129] Port ACLK in module mig_7series_v4_2_ddr_axic_register_slice__parameterized2 is either unconnected or has no load
WARNING: [Synth 8-7129] Port ARESET in module mig_7series_v4_2_ddr_axic_register_slice__parameterized2 is either unconnected or has no load
WARNING: [Synth 8-7129] Port ACLK in module mig_7series_v4_2_ddr_axic_register_slice__parameterized0 is either unconnected or has no load
WARNING: [Synth 8-7129] Port ARESET in module mig_7series_v4_2_ddr_axic_register_slice__parameterized0 is either unconnected or has no load
WARNING: [Synth 8-7129] Port S_AXI_AWUSER[0] in module mig_7series_v4_2_ddr_axi_register_slice is either unconnected or has no load
WARNING: [Synth 8-7129] Port S_AXI_WUSER[0] in module mig_7series_v4_2_ddr_axi_register_slice is either unconnected or has no load
WARNING: [Synth 8-7129] Port S_AXI_ARUSER[0] in module mig_7series_v4_2_ddr_axi_register_slice is either unconnected or has no load
WARNING: [Synth 8-7129] Port M_AXI_BUSER[0] in module mig_7series_v4_2_ddr_axi_register_slice is either unconnected or has no load
WARNING: [Synth 8-7129] Port M_AXI_RUSER[0] in module mig_7series_v4_2_ddr_axi_register_slice is either unconnected or has no load
WARNING: [Synth 8-7129] Port cmd_modified in module mig_7series_v4_2_ddr_r_upsizer is either unconnected or has no load
WARNING: [Synth 8-7129] Port M_AXI_RUSER[0] in module mig_7series_v4_2_ddr_r_upsizer is either unconnected or has no load
WARNING: [Synth 8-7129] Port S_AXI_AUSER[0] in module mig_7series_v4_2_ddr_a_upsizer__parameterized0 is either unconnected or has no load
WARNING: [Synth 8-7129] Port S_AXI_WUSER[0] in module mig_7series_v4_2_ddr_w_upsizer is either unconnected or has no load
WARNING: [Synth 8-7129] Port S_AXI_AUSER[0] in module mig_7series_v4_2_ddr_a_upsizer is either unconnected or has no load
WARNING: [Synth 8-7129] Port ecc_multiple[7] in module mig_7series_v4_2_ui_rd_data is either unconnected or has no load
WARNING: [Synth 8-7129] Port ecc_multiple[6] in module mig_7series_v4_2_ui_rd_data is either unconnected or has no load
WARNING: [Synth 8-7129] Port ecc_multiple[5] in module mig_7series_v4_2_ui_rd_data is either unconnected or has no load
WARNING: [Synth 8-7129] Port ecc_multiple[4] in module mig_7series_v4_2_ui_rd_data is either unconnected or has no load
WARNING: [Synth 8-7129] Port ecc_multiple[3] in module mig_7series_v4_2_ui_rd_data is either unconnected or has no load
WARNING: [Synth 8-7129] Port ecc_multiple[2] in module mig_7series_v4_2_ui_rd_data is either unconnected or has no load
INFO: [Common 17-14] Message 'Synth 8-7129' appears 100 times and further instances of the messages will be disabled. Use the Tcl command set_msg_config to change the current settings.
---------------------------------------------------------------------------------
Finished RTL Elaboration : Time (s): cpu = 00:00:07 ; elapsed = 00:00:07 . Memory (MB): peak = 2846.629 ; gain = 721.832 ; free physical = 12126 ; free virtual = 22160
Synthesis current peak Physical Memory [PSS] (MB): peak = 1992.733; parent = 1816.620; children = 176.113
Synthesis current peak Virtual Memory [VSS] (MB): peak = 3827.750; parent = 2846.633; children = 981.117
---------------------------------------------------------------------------------
---------------------------------------------------------------------------------
Start Handling Custom Attributes
---------------------------------------------------------------------------------
---------------------------------------------------------------------------------
Finished Handling Custom Attributes : Time (s): cpu = 00:00:07 ; elapsed = 00:00:08 . Memory (MB): peak = 2864.441 ; gain = 739.645 ; free physical = 12136 ; free virtual = 22170
Synthesis current peak Physical Memory [PSS] (MB): peak = 1992.733; parent = 1816.620; children = 176.113
Synthesis current peak Virtual Memory [VSS] (MB): peak = 3845.562; parent = 2864.445; children = 981.117
---------------------------------------------------------------------------------
---------------------------------------------------------------------------------
Finished RTL Optimization Phase 1 : Time (s): cpu = 00:00:07 ; elapsed = 00:00:08 . Memory (MB): peak = 2864.441 ; gain = 739.645 ; free physical = 12136 ; free virtual = 22170
Synthesis current peak Physical Memory [PSS] (MB): peak = 1992.733; parent = 1816.620; children = 176.113
Synthesis current peak Virtual Memory [VSS] (MB): peak = 3845.562; parent = 2864.445; children = 981.117
---------------------------------------------------------------------------------
Netlist sorting complete. Time (s): cpu = 00:00:00.23 ; elapsed = 00:00:00.23 . Memory (MB): peak = 2870.379 ; gain = 0.000 ; free physical = 12199 ; free virtual = 22233
INFO: [Netlist 29-17] Analyzing 441 Unisim elements for replacement
INFO: [Netlist 29-28] Unisim Transformation completed in 0 CPU seconds
INFO: [Project 1-570] Preparing netlist for logic optimization

Processing XDC Constraints
Initializing timing engine
Parsing XDC File [/home/shc/projects/chs-nv/cheshire_nv_built/target/xilinx/build/genesys2.mig7s/mig7s.gen/sources_1/ip/mig7s/mig7s/user_design/constraints/mig7s_ooc.xdc]
Finished Parsing XDC File [/home/shc/projects/chs-nv/cheshire_nv_built/target/xilinx/build/genesys2.mig7s/mig7s.gen/sources_1/ip/mig7s/mig7s/user_design/constraints/mig7s_ooc.xdc]
Parsing XDC File [/home/shc/projects/chs-nv/cheshire_nv_built/target/xilinx/build/genesys2.mig7s/mig7s.gen/sources_1/ip/mig7s/mig7s/user_design/constraints/mig7s.xdc]
WARNING: [Designutils 20-1567] Use of 'set_multicycle_path' with '-hold' is not supported by synthesis. The constraint will not be passed to synthesis. [/home/shc/projects/chs-nv/cheshire_nv_built/target/xilinx/build/genesys2.mig7s/mig7s.gen/sources_1/ip/mig7s/mig7s/user_design/constraints/mig7s.xdc:527]
WARNING: [Designutils 20-1567] Use of 'set_multicycle_path' with '-hold' is not supported by synthesis. The constraint will not be passed to synthesis. [/home/shc/projects/chs-nv/cheshire_nv_built/target/xilinx/build/genesys2.mig7s/mig7s.gen/sources_1/ip/mig7s/mig7s/user_design/constraints/mig7s.xdc:534]
Finished Parsing XDC File [/home/shc/projects/chs-nv/cheshire_nv_built/target/xilinx/build/genesys2.mig7s/mig7s.gen/sources_1/ip/mig7s/mig7s/user_design/constraints/mig7s.xdc]
INFO: [Project 1-236] Implementation specific constraints were found while reading constraint file [/home/shc/projects/chs-nv/cheshire_nv_built/target/xilinx/build/genesys2.mig7s/mig7s.gen/sources_1/ip/mig7s/mig7s/user_design/constraints/mig7s.xdc]. These constraints will be ignored for synthesis but will be used in implementation. Impacted constraints are listed in the file [.Xil/mig7s_propImpl.xdc].
Resolution: To avoid this warning, move constraints listed in [.Xil/mig7s_propImpl.xdc] to another XDC file and exclude this new file from synthesis with the used_in_synthesis property (File Properties dialog in GUI) and re-run elaboration/synthesis.
INFO: [Timing 38-2] Deriving generated clocks
Completed Processing XDC Constraints

Netlist sorting complete. Time (s): cpu = 00:00:00 ; elapsed = 00:00:00 . Memory (MB): peak = 3025.191 ; gain = 0.000 ; free physical = 12205 ; free virtual = 22239
INFO: [Project 1-111] Unisim Transformation Summary:
  A total of 158 instances were transformed.
  IOBUFDS_DIFF_OUT_DCIEN => IOBUFDS_DIFF_OUT_DCIEN (IBUFDS_IBUFDISABLE_INT(x2), INV, OBUFTDS_DCIEN(x2)): 4 instances
  IOBUF_DCIEN => IOBUF_DCIEN (IBUF_IBUFDISABLE, OBUFT_DCIEN): 32 instances
  LUT6_2 => LUT6_2 (LUT5, LUT6): 26 instances
  RAM32M => RAM32M (RAMD32(x6), RAMS32(x2)): 96 instances

Constraint Validation Runtime : Time (s): cpu = 00:00:00.25 ; elapsed = 00:00:00.09 . Memory (MB): peak = 3025.191 ; gain = 0.000 ; free physical = 12205 ; free virtual = 22239
INFO: [Designutils 20-5008] Incremental synthesis strategy off
INFO: [Synth 8-11241] undeclared symbol 'REGCCE', assumed default net type 'wire' [/tools/Xilinx/Vivado/2022.2/data/verilog/src/unimacro/BRAM_SINGLE_MACRO.v:2170]
---------------------------------------------------------------------------------
Finished Constraint Validation : Time (s): cpu = 00:00:15 ; elapsed = 00:00:15 . Memory (MB): peak = 3025.191 ; gain = 900.395 ; free physical = 12248 ; free virtual = 22283
Synthesis current peak Physical Memory [PSS] (MB): peak = 2072.532; parent = 1896.425; children = 176.113
Synthesis current peak Virtual Memory [VSS] (MB): peak = 3974.297; parent = 2993.180; children = 981.117
---------------------------------------------------------------------------------
---------------------------------------------------------------------------------------------------
                   State |                     New Encoding |                Previous Encoding 
---------------------------------------------------------------------------------------------------
*
                    IDLE |                      00000000001 |                      00000000001
                    INIT |                      00000000010 |                      00000000010
                 NEUTRAL |                      00001000000 |                      00001000000
                 ONE_DEC |                      00010000000 |                      00010000000
                 TWO_DEC |                      00100000000 |                      00100000000
               THREE_DEC |                      01000000000 |                      01000000000
                FOUR_DEC |                      10000000000 |                      10000000000
                 ONE_INC |                      00000100000 |                      00000100000
                 TWO_INC |                      00000010000 |                      00000010000
               THREE_INC |                      00000001000 |                      00000001000
                FOUR_INC |                      00000000100 |                      00000000100
---------------------------------------------------------------------------------------------------
INFO: [Synth 8-3898] No Re-encoding of one hot register 'tempmon_state_reg' in module 'mig_7series_v4_2_ddr_phy_tempmon'
---------------------------------------------------------------------------------------------------
                   State |                     New Encoding |                Previous Encoding 
---------------------------------------------------------------------------------------------------
                    ZERO |                               11 |                               10
                     ONE |                               01 |                               11
                     TWO |                               00 |                               01
                  iSTATE |                               10 |                               00
---------------------------------------------------------------------------------------------------
INFO: [Synth 8-3354] encoded FSM with state register 'state_reg' using encoding 'sequential' in module 'mig_7series_v4_2_axi_mc_r_channel'
---------------------------------------------------------------------------------
Finished RTL Optimization Phase 2 : Time (s): cpu = 00:00:23 ; elapsed = 00:00:25 . Memory (MB): peak = 3025.191 ; gain = 900.395 ; free physical = 7906 ; free virtual = 17947
Synthesis current peak Physical Memory [PSS] (MB): peak = 6507.080; parent = 1896.425; children = 4750.595
Synthesis current peak Virtual Memory [VSS] (MB): peak = 12174.082; parent = 2997.098; children = 9180.902
---------------------------------------------------------------------------------
---------------------------------------------------------------------------------
Start RTL Component Statistics 
---------------------------------------------------------------------------------
Detailed RTL Component Info : 
+---Adders : 
	   2 Input   32 Bit       Adders := 2     
	   3 Input   32 Bit       Adders := 5     
	   2 Input   30 Bit       Adders := 2     
	   3 Input   18 Bit       Adders := 1     
	   2 Input   18 Bit       Adders := 1     
	   2 Input   17 Bit       Adders := 1     
	   2 Input   13 Bit       Adders := 1     
	   2 Input   12 Bit       Adders := 16    
	   2 Input   11 Bit       Adders := 2     
	   2 Input   10 Bit       Adders := 10    
	   2 Input    9 Bit       Adders := 4     
	   2 Input    8 Bit       Adders := 16    
	   3 Input    8 Bit       Adders := 2     
	   2 Input    7 Bit       Adders := 11    
	   3 Input    7 Bit       Adders := 4     
	   2 Input    6 Bit       Adders := 60    
	   3 Input    6 Bit       Adders := 34    
	   4 Input    6 Bit       Adders := 1     
	   2 Input    5 Bit       Adders := 51    
	   2 Input    4 Bit       Adders := 40    
	   2 Input    3 Bit       Adders := 34    
	   3 Input    3 Bit       Adders := 1     
	   2 Input    2 Bit       Adders := 57    
	   3 Input    2 Bit       Adders := 3     
	   4 Input    2 Bit       Adders := 5     
	   5 Input    2 Bit       Adders := 1     
	   8 Input    2 Bit       Adders := 1     
	   2 Input    1 Bit       Adders := 4     
	   3 Input    1 Bit       Adders := 1     
	   4 Input    1 Bit       Adders := 1     
	   5 Input    1 Bit       Adders := 1     
	   6 Input    1 Bit       Adders := 1     
	   7 Input    1 Bit       Adders := 1     
	   8 Input    1 Bit       Adders := 1     
	   9 Input    1 Bit       Adders := 1     
+---XORs : 
	   2 Input      1 Bit         XORs := 22    
+---Registers : 
	              800 Bit    Registers := 1     
	              288 Bit    Registers := 1     
	              263 Bit    Registers := 2     
	              256 Bit    Registers := 6     
	              160 Bit    Registers := 1     
	               88 Bit    Registers := 1     
	               80 Bit    Registers := 4     
	               64 Bit    Registers := 6     
	               60 Bit    Registers := 1     
	               32 Bit    Registers := 8     
	               30 Bit    Registers := 11    
	               29 Bit    Registers := 2     
	               24 Bit    Registers := 10    
	               18 Bit    Registers := 2     
	               17 Bit    Registers := 1     
	               16 Bit    Registers := 9     
	               15 Bit    Registers := 11    
	               14 Bit    Registers := 1     
	               13 Bit    Registers := 1     
	               12 Bit    Registers := 32    
	               11 Bit    Registers := 2     
	               10 Bit    Registers := 8     
	                9 Bit    Registers := 18    
	                8 Bit    Registers := 41    
	                7 Bit    Registers := 11    
	                6 Bit    Registers := 156   
	                5 Bit    Registers := 63    
	                4 Bit    Registers := 112   
	                3 Bit    Registers := 80    
	                2 Bit    Registers := 85    
	                1 Bit    Registers := 2040  
+---ROMs : 
	                    ROMs := 1     
+---Muxes : 
	   4 Input  800 Bit        Muxes := 2     
	   2 Input  800 Bit        Muxes := 1     
	   2 Input  263 Bit        Muxes := 1     
	   2 Input  256 Bit        Muxes := 11    
	   4 Input  256 Bit        Muxes := 1     
	   2 Input  255 Bit        Muxes := 1     
	   2 Input   80 Bit        Muxes := 12    
	   2 Input   64 Bit        Muxes := 2     
	   4 Input   64 Bit        Muxes := 2     
	   2 Input   60 Bit        Muxes := 1     
	   2 Input   41 Bit        Muxes := 2     
	  24 Input   36 Bit        Muxes := 1     
	   2 Input   36 Bit        Muxes := 23    
	   2 Input   32 Bit        Muxes := 9     
	   2 Input   30 Bit        Muxes := 40    
	   4 Input   30 Bit        Muxes := 8     
	   2 Input   29 Bit        Muxes := 1     
	   2 Input   24 Bit        Muxes := 26    
	  10 Input   24 Bit        Muxes := 2     
	   2 Input   22 Bit        Muxes := 8     
	   4 Input   18 Bit        Muxes := 1     
	   4 Input   17 Bit        Muxes := 1     
	   3 Input   16 Bit        Muxes := 1     
	   3 Input   15 Bit        Muxes := 1     
	   2 Input   15 Bit        Muxes := 8     
	   4 Input   15 Bit        Muxes := 1     
	   8 Input   15 Bit        Muxes := 1     
	   2 Input   14 Bit        Muxes := 1     
	  15 Input   14 Bit        Muxes := 1     
	   3 Input   13 Bit        Muxes := 2     
	   2 Input   12 Bit        Muxes := 3     
	   3 Input   12 Bit        Muxes := 2     
	   7 Input   11 Bit        Muxes := 1     
	   6 Input   11 Bit        Muxes := 1     
	   5 Input   11 Bit        Muxes := 1     
	  12 Input   11 Bit        Muxes := 1     
	   2 Input   11 Bit        Muxes := 1     
	   2 Input   10 Bit        Muxes := 8     
	   3 Input   10 Bit        Muxes := 1     
	   4 Input   10 Bit        Muxes := 1     
	   4 Input    9 Bit        Muxes := 11    
	   2 Input    9 Bit        Muxes := 35    
	   2 Input    8 Bit        Muxes := 135   
	   5 Input    8 Bit        Muxes := 1     
	   8 Input    8 Bit        Muxes := 3     
	   4 Input    8 Bit        Muxes := 1     
	   2 Input    7 Bit        Muxes := 73    
	   3 Input    7 Bit        Muxes := 2     
	   4 Input    7 Bit        Muxes := 4     
	   5 Input    7 Bit        Muxes := 3     
	   2 Input    6 Bit        Muxes := 151   
	   4 Input    6 Bit        Muxes := 19    
	   3 Input    6 Bit        Muxes := 4     
	   5 Input    6 Bit        Muxes := 2     
	  23 Input    6 Bit        Muxes := 6     
	  25 Input    6 Bit        Muxes := 5     
	  16 Input    6 Bit        Muxes := 1     
	  27 Input    6 Bit        Muxes := 6     
	   2 Input    5 Bit        Muxes := 49    
	   8 Input    5 Bit        Muxes := 9     
	   4 Input    5 Bit        Muxes := 4     
	   5 Input    5 Bit        Muxes := 2     
	   3 Input    5 Bit        Muxes := 7     
	  25 Input    5 Bit        Muxes := 1     
	  27 Input    5 Bit        Muxes := 1     
	  58 Input    5 Bit        Muxes := 1     
	   2 Input    4 Bit        Muxes := 90    
	   7 Input    4 Bit        Muxes := 1     
	  10 Input    4 Bit        Muxes := 1     
	   3 Input    4 Bit        Muxes := 3     
	   8 Input    4 Bit        Muxes := 1     
	   5 Input    4 Bit        Muxes := 1     
	  32 Input    4 Bit        Muxes := 1     
	   2 Input    3 Bit        Muxes := 106   
	   4 Input    3 Bit        Muxes := 15    
	  10 Input    3 Bit        Muxes := 1     
	   3 Input    3 Bit        Muxes := 2     
	   9 Input    3 Bit        Muxes := 2     
	   8 Input    3 Bit        Muxes := 2     
	  23 Input    3 Bit        Muxes := 1     
	  25 Input    3 Bit        Muxes := 1     
	  27 Input    3 Bit        Muxes := 11    
	   2 Input    2 Bit        Muxes := 100   
	   3 Input    2 Bit        Muxes := 13    
	   8 Input    2 Bit        Muxes := 9     
	   4 Input    2 Bit        Muxes := 5     
	   5 Input    2 Bit        Muxes := 2     
	  10 Input    2 Bit        Muxes := 2     
	  23 Input    2 Bit        Muxes := 6     
	  25 Input    2 Bit        Muxes := 1     
	   2 Input    1 Bit        Muxes := 929   
	   3 Input    1 Bit        Muxes := 39    
	   4 Input    1 Bit        Muxes := 172   
	   8 Input    1 Bit        Muxes := 19    
	  10 Input    1 Bit        Muxes := 39    
	  15 Input    1 Bit        Muxes := 28    
	  23 Input    1 Bit        Muxes := 33    
	   7 Input    1 Bit        Muxes := 1     
	  25 Input    1 Bit        Muxes := 30    
	   5 Input    1 Bit        Muxes := 1     
	  16 Input    1 Bit        Muxes := 21    
	  27 Input    1 Bit        Muxes := 35    
	  12 Input    1 Bit        Muxes := 4     
---------------------------------------------------------------------------------
Finished RTL Component Statistics 
---------------------------------------------------------------------------------
---------------------------------------------------------------------------------
Start Part Resource Summary
---------------------------------------------------------------------------------
Part Resources:
DSPs: 840 (col length:140)
BRAMs: 890 (col length: RAMB18 140 RAMB36 70)
---------------------------------------------------------------------------------
Finished Part Resource Summary
---------------------------------------------------------------------------------
---------------------------------------------------------------------------------
Start Cross Boundary and Area Optimization
---------------------------------------------------------------------------------
WARNING: [Synth 8-7080] Parallel synthesis criteria is not met
WARNING: [Synth 8-3936] Found unconnected internal register 'byte_sel_data_map_reg' and it is trimmed from '88' to '4' bits. [/home/shc/projects/chs-nv/cheshire_nv_built/target/xilinx/build/genesys2.mig7s/mig7s.gen/sources_1/ip/mig7s/mig7s/user_design/rtl/phy/mig_7series_v4_2_ddr_mc_phy_wrapper.v:731]
WARNING: [Synth 8-3936] Found unconnected internal register 'oclkdelay_start_dly_r_reg' and it is trimmed from '15' to '14' bits. [/home/shc/projects/chs-nv/cheshire_nv_built/target/xilinx/build/genesys2.mig7s/mig7s.gen/sources_1/ip/mig7s/mig7s/user_design/rtl/phy/mig_7series_v4_2_ddr_phy_init.v:1232]
WARNING: [Synth 8-3936] Found unconnected internal register 'wrcal_start_dly_r_reg' and it is trimmed from '15' to '14' bits. [/home/shc/projects/chs-nv/cheshire_nv_built/target/xilinx/build/genesys2.mig7s/mig7s.gen/sources_1/ip/mig7s/mig7s/user_design/rtl/phy/mig_7series_v4_2_ddr_phy_init.v:1230]
WARNING: [Synth 8-3332] Sequential element (FSM_onehot_cal1_state_r_reg[34]) is unused and will be removed from module mig_7series_v4_2_ddr_phy_rdlvl.
WARNING: [Synth 8-3332] Sequential element (USE_WRITE.write_addr_inst/USE_BURSTS.cmd_queue/USE_FF_OUT.USE_FPGA_OUTPUT_PIPELINE.DATA_GEN[17].FDRE_inst) is unused and will be removed from module mig_7series_v4_2_ddr_axi_upsizer.
WARNING: [Synth 8-3332] Sequential element (USE_WRITE.write_addr_inst/USE_BURSTS.cmd_queue/USE_FF_OUT.USE_FPGA_OUTPUT_PIPELINE.DATA_GEN[18].FDRE_inst) is unused and will be removed from module mig_7series_v4_2_ddr_axi_upsizer.
WARNING: [Synth 8-3332] Sequential element (USE_WRITE.write_addr_inst/USE_BURSTS.cmd_queue/USE_FF_OUT.USE_FPGA_OUTPUT_PIPELINE.DATA_GEN[19].FDRE_inst) is unused and will be removed from module mig_7series_v4_2_ddr_axi_upsizer.
WARNING: [Synth 8-3332] Sequential element (USE_READ.read_addr_inst/USE_BURSTS.cmd_queue/USE_FF_OUT.USE_FPGA_OUTPUT_PIPELINE.DATA_GEN[17].FDRE_inst) is unused and will be removed from module mig_7series_v4_2_ddr_axi_upsizer.
WARNING: [Synth 8-3332] Sequential element (USE_READ.read_addr_inst/USE_BURSTS.cmd_queue/USE_FF_OUT.USE_FPGA_OUTPUT_PIPELINE.DATA_GEN[18].FDRE_inst) is unused and will be removed from module mig_7series_v4_2_ddr_axi_upsizer.
WARNING: [Synth 8-3332] Sequential element (USE_READ.read_addr_inst/USE_BURSTS.cmd_queue/USE_FF_OUT.USE_FPGA_OUTPUT_PIPELINE.DATA_GEN[19].FDRE_inst) is unused and will be removed from module mig_7series_v4_2_ddr_axi_upsizer.
WARNING: [Synth 8-3332] Sequential element (USE_READ.read_addr_inst/USE_BURSTS.cmd_queue/USE_FF_OUT.USE_FPGA_OUTPUT_PIPELINE.DATA_GEN[39].FDRE_inst) is unused and will be removed from module mig_7series_v4_2_ddr_axi_upsizer.
---------------------------------------------------------------------------------
Finished Cross Boundary and Area Optimization : Time (s): cpu = 00:01:29 ; elapsed = 00:01:41 . Memory (MB): peak = 3187.543 ; gain = 1062.746 ; free physical = 6229 ; free virtual = 16313
Synthesis current peak Physical Memory [PSS] (MB): peak = 8477.168; parent = 2152.124; children = 6325.044
Synthesis current peak Virtual Memory [VSS] (MB): peak = 14119.855; parent = 3187.547; children = 10932.309
---------------------------------------------------------------------------------
---------------------------------------------------------------------------------
Start ROM, RAM, DSP, Shift Register and Retiming Reporting
---------------------------------------------------------------------------------

ROM: Preliminary Mapping Report
+------------------------------------+-------------+---------------+----------------+
|Module Name                         | RTL Object  | Depth x Width | Implemented As | 
+------------------------------------+-------------+---------------+----------------+
|mig_7series_v4_2_ddr_prbs_gen       | mem_out     | 256x18        | LUT            | 
|mig_7series_v4_2_ddr_phy_prbs_rdlvl | dec_cnt_reg | 4096x6        | Block RAM      | 
|mig_7series_v4_2_ddr_prbs_gen       | mem_out     | 256x18        | LUT            | 
+------------------------------------+-------------+---------------+----------------+


Distributed RAM: Preliminary Mapping Report (see note below)
+--------------------------------------------------------------------------------------+---------------------------------------------------------------------------+-----------+----------------------+--------------+
|Module Name                                                                           | RTL Object                                                                | Inference | Size (Depth x Width) | Primitives   | 
+--------------------------------------------------------------------------------------+---------------------------------------------------------------------------+-----------+----------------------+--------------+
|mig7s                                                                                 | of_pre_fifo_gen.u_ddr_of_pre_fifo/mem_reg                                 | Implied   | 16 x 80              | RAM32M x 14  | 
|mig7s                                                                                 | ddr_byte_lane_A.ddr_byte_lane_A/of_pre_fifo_gen.u_ddr_of_pre_fifo/mem_reg | Implied   | 16 x 80              | RAM32M x 14  | 
|mig7s                                                                                 | ddr_byte_lane_B.ddr_byte_lane_B/of_pre_fifo_gen.u_ddr_of_pre_fifo/mem_reg | Implied   | 16 x 80              | RAM32M x 14  | 
|mig7s                                                                                 | ddr_byte_lane_C.ddr_byte_lane_C/of_pre_fifo_gen.u_ddr_of_pre_fifo/mem_reg | Implied   | 16 x 80              | RAM32M x 14  | 
|u_ddr_mc_phyi_2/\ddr_phy_4lanes_0.u_ddr_phy_4lanes /\ddr_byte_lane_A.ddr_byte_lane_A  | dq_gen_40.if_post_fifo_gen.u_ddr_if_post_fifo/mem_reg                     | Implied   | 4 x 80               | RAM32M x 14  | 
|u_ddr_mc_phyi_2/\ddr_phy_4lanes_0.u_ddr_phy_4lanes /\ddr_byte_lane_A.ddr_byte_lane_A  | of_pre_fifo_gen.u_ddr_of_pre_fifo/mem_reg                                 | Implied   | 16 x 80              | RAM32M x 14  | 
|u_ddr_mc_phyi_2/\ddr_phy_4lanes_0.u_ddr_phy_4lanes /\ddr_byte_lane_B.ddr_byte_lane_B  | dq_gen_40.if_post_fifo_gen.u_ddr_if_post_fifo/mem_reg                     | Implied   | 4 x 80               | RAM32M x 14  | 
|u_ddr_mc_phyi_2/\ddr_phy_4lanes_0.u_ddr_phy_4lanes /\ddr_byte_lane_B.ddr_byte_lane_B  | of_pre_fifo_gen.u_ddr_of_pre_fifo/mem_reg                                 | Implied   | 16 x 80              | RAM32M x 14  | 
|u_ddr_mc_phyi_2/\ddr_phy_4lanes_0.u_ddr_phy_4lanes /\ddr_byte_lane_C.ddr_byte_lane_C  | dq_gen_40.if_post_fifo_gen.u_ddr_if_post_fifo/mem_reg                     | Implied   | 4 x 80               | RAM32M x 14  | 
|u_ddr_mc_phyi_2/\ddr_phy_4lanes_0.u_ddr_phy_4lanes /\ddr_byte_lane_C.ddr_byte_lane_C  | of_pre_fifo_gen.u_ddr_of_pre_fifo/mem_reg                                 | Implied   | 16 x 80              | RAM32M x 14  | 
|u_ddr_mc_phyi_2/\ddr_phy_4lanes_0.u_ddr_phy_4lanes /\ddr_byte_lane_D.ddr_byte_lane_D  | dq_gen_40.if_post_fifo_gen.u_ddr_if_post_fifo/mem_reg                     | Implied   | 4 x 80               | RAM32M x 14  | 
|u_ddr_mc_phyi_2/\ddr_phy_4lanes_0.u_ddr_phy_4lanes /\ddr_byte_lane_D.ddr_byte_lane_D  | of_pre_fifo_gen.u_ddr_of_pre_fifo/mem_reg                                 | Implied   | 16 x 80              | RAM32M x 14  | 
+--------------------------------------------------------------------------------------+---------------------------------------------------------------------------+-----------+----------------------+--------------+

Note: The table above is a preliminary report that shows the Distributed RAMs at the current stage of the synthesis flow. Some Distributed RAMs may be reimplemented as non Distributed RAM primitives later in the synthesis flow. Multiple instantiated RAMs are reported only once.
---------------------------------------------------------------------------------
Finished ROM, RAM, DSP, Shift Register and Retiming Reporting
---------------------------------------------------------------------------------
---------------------------------------------------------------------------------
Start Applying XDC Timing Constraints
---------------------------------------------------------------------------------
WARNING: [Synth 8-3321] set_false_path : Empty through list for constraint at line 540 of /home/shc/projects/chs-nv/cheshire_nv_built/target/xilinx/build/genesys2.mig7s/mig7s.gen/sources_1/ip/mig7s/mig7s/user_design/constraints/mig7s.xdc. [/home/shc/projects/chs-nv/cheshire_nv_built/target/xilinx/build/genesys2.mig7s/mig7s.gen/sources_1/ip/mig7s/mig7s/user_design/constraints/mig7s.xdc:540]
---------------------------------------------------------------------------------
Finished Applying XDC Timing Constraints : Time (s): cpu = 00:01:32 ; elapsed = 00:01:44 . Memory (MB): peak = 3187.543 ; gain = 1062.746 ; free physical = 6228 ; free virtual = 16311
Synthesis current peak Physical Memory [PSS] (MB): peak = 8477.168; parent = 2152.124; children = 6325.044
Synthesis current peak Virtual Memory [VSS] (MB): peak = 14119.855; parent = 3187.547; children = 10932.309
---------------------------------------------------------------------------------
---------------------------------------------------------------------------------
Start Timing Optimization
---------------------------------------------------------------------------------
---------------------------------------------------------------------------------
Finished Timing Optimization : Time (s): cpu = 00:01:34 ; elapsed = 00:01:46 . Memory (MB): peak = 3187.543 ; gain = 1062.746 ; free physical = 6144 ; free virtual = 16228
Synthesis current peak Physical Memory [PSS] (MB): peak = 8477.168; parent = 2152.124; children = 6325.044
Synthesis current peak Virtual Memory [VSS] (MB): peak = 14119.855; parent = 3187.547; children = 10932.309
---------------------------------------------------------------------------------
---------------------------------------------------------------------------------
Start ROM, RAM, DSP, Shift Register and Retiming Reporting
---------------------------------------------------------------------------------

Distributed RAM: Final Mapping Report
+--------------------------------------------------------------------------------------+---------------------------------------------------------------------------+-----------+----------------------+--------------+
|Module Name                                                                           | RTL Object                                                                | Inference | Size (Depth x Width) | Primitives   | 
+--------------------------------------------------------------------------------------+---------------------------------------------------------------------------+-----------+----------------------+--------------+
|mig7s                                                                                 | of_pre_fifo_gen.u_ddr_of_pre_fifo/mem_reg                                 | Implied   | 16 x 80              | RAM32M x 14  | 
|mig7s                                                                                 | ddr_byte_lane_A.ddr_byte_lane_A/of_pre_fifo_gen.u_ddr_of_pre_fifo/mem_reg | Implied   | 16 x 80              | RAM32M x 14  | 
|mig7s                                                                                 | ddr_byte_lane_B.ddr_byte_lane_B/of_pre_fifo_gen.u_ddr_of_pre_fifo/mem_reg | Implied   | 16 x 80              | RAM32M x 14  | 
|mig7s                                                                                 | ddr_byte_lane_C.ddr_byte_lane_C/of_pre_fifo_gen.u_ddr_of_pre_fifo/mem_reg | Implied   | 16 x 80              | RAM32M x 14  | 
|u_ddr_mc_phyi_2/\ddr_phy_4lanes_0.u_ddr_phy_4lanes /\ddr_byte_lane_A.ddr_byte_lane_A  | dq_gen_40.if_post_fifo_gen.u_ddr_if_post_fifo/mem_reg                     | Implied   | 4 x 80               | RAM32M x 14  | 
|u_ddr_mc_phyi_2/\ddr_phy_4lanes_0.u_ddr_phy_4lanes /\ddr_byte_lane_A.ddr_byte_lane_A  | of_pre_fifo_gen.u_ddr_of_pre_fifo/mem_reg                                 | Implied   | 16 x 80              | RAM32M x 14  | 
|u_ddr_mc_phyi_2/\ddr_phy_4lanes_0.u_ddr_phy_4lanes /\ddr_byte_lane_B.ddr_byte_lane_B  | dq_gen_40.if_post_fifo_gen.u_ddr_if_post_fifo/mem_reg                     | Implied   | 4 x 80               | RAM32M x 14  | 
|u_ddr_mc_phyi_2/\ddr_phy_4lanes_0.u_ddr_phy_4lanes /\ddr_byte_lane_B.ddr_byte_lane_B  | of_pre_fifo_gen.u_ddr_of_pre_fifo/mem_reg                                 | Implied   | 16 x 80              | RAM32M x 14  | 
|u_ddr_mc_phyi_2/\ddr_phy_4lanes_0.u_ddr_phy_4lanes /\ddr_byte_lane_C.ddr_byte_lane_C  | dq_gen_40.if_post_fifo_gen.u_ddr_if_post_fifo/mem_reg                     | Implied   | 4 x 80               | RAM32M x 14  | 
|u_ddr_mc_phyi_2/\ddr_phy_4lanes_0.u_ddr_phy_4lanes /\ddr_byte_lane_C.ddr_byte_lane_C  | of_pre_fifo_gen.u_ddr_of_pre_fifo/mem_reg                                 | Implied   | 16 x 80              | RAM32M x 14  | 
|u_ddr_mc_phyi_2/\ddr_phy_4lanes_0.u_ddr_phy_4lanes /\ddr_byte_lane_D.ddr_byte_lane_D  | dq_gen_40.if_post_fifo_gen.u_ddr_if_post_fifo/mem_reg                     | Implied   | 4 x 80               | RAM32M x 14  | 
|u_ddr_mc_phyi_2/\ddr_phy_4lanes_0.u_ddr_phy_4lanes /\ddr_byte_lane_D.ddr_byte_lane_D  | of_pre_fifo_gen.u_ddr_of_pre_fifo/mem_reg                                 | Implied   | 16 x 80              | RAM32M x 14  | 
+--------------------------------------------------------------------------------------+---------------------------------------------------------------------------+-----------+----------------------+--------------+

---------------------------------------------------------------------------------
Finished ROM, RAM, DSP, Shift Register and Retiming Reporting
---------------------------------------------------------------------------------
---------------------------------------------------------------------------------
Start Technology Mapping
---------------------------------------------------------------------------------
INFO: [Synth 8-7052] The timing for the instance u_mig7s_mig/u_memc_ui_top_axi/mem_intfc0/ddr_phy_top0/u_ddr_calib_top/ddr_phy_prbs_rdlvl_gen.u_ddr_phy_prbs_rdlvl/dec_cnt_reg (implemented as a Block RAM) might be sub-optimal as no optional output register could be merged into the ram block. Providing additional output register may help in improving timing.
---------------------------------------------------------------------------------
Finished Technology Mapping : Time (s): cpu = 00:01:38 ; elapsed = 00:01:50 . Memory (MB): peak = 3187.543 ; gain = 1062.746 ; free physical = 5871 ; free virtual = 15954
Synthesis current peak Physical Memory [PSS] (MB): peak = 8477.168; parent = 2152.124; children = 6325.044
Synthesis current peak Virtual Memory [VSS] (MB): peak = 14119.855; parent = 3187.547; children = 10932.309
---------------------------------------------------------------------------------
---------------------------------------------------------------------------------
Start IO Insertion
---------------------------------------------------------------------------------
---------------------------------------------------------------------------------
Start Flattening Before IO Insertion
---------------------------------------------------------------------------------
---------------------------------------------------------------------------------
Finished Flattening Before IO Insertion
---------------------------------------------------------------------------------
---------------------------------------------------------------------------------
Start Final Netlist Cleanup
---------------------------------------------------------------------------------
---------------------------------------------------------------------------------
Finished Final Netlist Cleanup
---------------------------------------------------------------------------------
---------------------------------------------------------------------------------
Finished IO Insertion : Time (s): cpu = 00:01:40 ; elapsed = 00:01:52 . Memory (MB): peak = 3187.543 ; gain = 1062.746 ; free physical = 5979 ; free virtual = 16063
Synthesis current peak Physical Memory [PSS] (MB): peak = 8477.168; parent = 2152.124; children = 6325.044
Synthesis current peak Virtual Memory [VSS] (MB): peak = 14119.855; parent = 3187.547; children = 10932.309
---------------------------------------------------------------------------------
---------------------------------------------------------------------------------
Start Renaming Generated Instances
---------------------------------------------------------------------------------
---------------------------------------------------------------------------------
Finished Renaming Generated Instances : Time (s): cpu = 00:01:40 ; elapsed = 00:01:53 . Memory (MB): peak = 3187.543 ; gain = 1062.746 ; free physical = 5984 ; free virtual = 16068
Synthesis current peak Physical Memory [PSS] (MB): peak = 8477.168; parent = 2152.124; children = 6325.044
Synthesis current peak Virtual Memory [VSS] (MB): peak = 14119.855; parent = 3187.547; children = 10932.309
---------------------------------------------------------------------------------
---------------------------------------------------------------------------------
Start Rebuilding User Hierarchy
---------------------------------------------------------------------------------
---------------------------------------------------------------------------------
Finished Rebuilding User Hierarchy : Time (s): cpu = 00:01:42 ; elapsed = 00:01:54 . Memory (MB): peak = 3187.543 ; gain = 1062.746 ; free physical = 5974 ; free virtual = 16057
Synthesis current peak Physical Memory [PSS] (MB): peak = 8477.168; parent = 2152.124; children = 6325.044
Synthesis current peak Virtual Memory [VSS] (MB): peak = 14119.855; parent = 3187.547; children = 10932.309
---------------------------------------------------------------------------------
---------------------------------------------------------------------------------
Start Renaming Generated Ports
---------------------------------------------------------------------------------
---------------------------------------------------------------------------------
Finished Renaming Generated Ports : Time (s): cpu = 00:01:42 ; elapsed = 00:01:54 . Memory (MB): peak = 3187.543 ; gain = 1062.746 ; free physical = 5974 ; free virtual = 16057
Synthesis current peak Physical Memory [PSS] (MB): peak = 8477.168; parent = 2152.124; children = 6325.044
Synthesis current peak Virtual Memory [VSS] (MB): peak = 14119.855; parent = 3187.547; children = 10932.309
---------------------------------------------------------------------------------
---------------------------------------------------------------------------------
Start Handling Custom Attributes
---------------------------------------------------------------------------------
---------------------------------------------------------------------------------
Finished Handling Custom Attributes : Time (s): cpu = 00:01:42 ; elapsed = 00:01:55 . Memory (MB): peak = 3187.543 ; gain = 1062.746 ; free physical = 5981 ; free virtual = 16065
Synthesis current peak Physical Memory [PSS] (MB): peak = 8477.168; parent = 2152.124; children = 6325.044
Synthesis current peak Virtual Memory [VSS] (MB): peak = 14119.855; parent = 3187.547; children = 10932.309
---------------------------------------------------------------------------------
---------------------------------------------------------------------------------
Start Renaming Generated Nets
---------------------------------------------------------------------------------
---------------------------------------------------------------------------------
Finished Renaming Generated Nets : Time (s): cpu = 00:01:42 ; elapsed = 00:01:55 . Memory (MB): peak = 3187.543 ; gain = 1062.746 ; free physical = 5981 ; free virtual = 16065
Synthesis current peak Physical Memory [PSS] (MB): peak = 8477.168; parent = 2152.124; children = 6325.044
Synthesis current peak Virtual Memory [VSS] (MB): peak = 14119.855; parent = 3187.547; children = 10932.309
---------------------------------------------------------------------------------
---------------------------------------------------------------------------------
Start ROM, RAM, DSP, Shift Register and Retiming Reporting
---------------------------------------------------------------------------------

Static Shift Register Report:
+------------+----------------------------------------------------------------------------------------------------------------------------------------------------------------------------------------+--------+-------+--------------+--------------------+-------------------+--------+---------+
|Module Name | RTL Name                                                                                                                                                                               | Length | Width | Reset Signal | Pull out first Reg | Pull out last Reg | SRL16E | SRLC32E | 
+------------+----------------------------------------------------------------------------------------------------------------------------------------------------------------------------------------+--------+-------+--------------+--------------------+-------------------+--------+---------+
|mig7s       | u_mig7s_mig/u_memc_ui_top_axi/mem_intfc0/ddr_phy_top0/u_ddr_mc_phy_wrapper/u_ddr_mc_phy/ddr_phy_4lanes_0.u_ddr_phy_4lanes/rclk_delay_reg[11]                                           | 12     | 1     | NO           | NO                 | YES               | 1      | 0       | 
|mig7s       | u_mig7s_mig/u_memc_ui_top_axi/mem_intfc0/ddr_phy_top0/u_ddr_mc_phy_wrapper/u_ddr_mc_phy/ddr_phy_4lanes_0.u_ddr_phy_4lanes/ddr_byte_lane_D.ddr_byte_lane_D/ddr_byte_group_io/rst_r4_reg | 4      | 1     | NO           | NO                 | YES               | 1      | 0       | 
|mig7s       | u_mig7s_mig/u_memc_ui_top_axi/mem_intfc0/ddr_phy_top0/u_ddr_mc_phy_wrapper/u_ddr_mc_phy/ddr_phy_4lanes_1.u_ddr_phy_4lanes/rclk_delay_reg[11]                                           | 12     | 1     | NO           | NO                 | YES               | 1      | 0       | 
|mig7s       | u_mig7s_mig/u_memc_ui_top_axi/mem_intfc0/ddr_phy_top0/u_ddr_calib_top/u_ddr_phy_wrcal/gen_pat_match_div4.gen_pat_match[0].pat_match_rise2_r_reg[0]                                     | 3      | 4     | NO           | NO                 | YES               | 4      | 0       | 
|mig7s       | u_mig7s_mig/u_memc_ui_top_axi/mem_intfc0/ddr_phy_top0/u_ddr_calib_top/u_ddr_phy_wrcal/wrcal_pat_resume_reg                                                                             | 3      | 1     | NO           | NO                 | YES               | 1      | 0       | 
|mig7s       | u_mig7s_mig/u_memc_ui_top_axi/mem_intfc0/ddr_phy_top0/u_ddr_calib_top/u_ddr_phy_init/wrlvl_rank_done_r7_reg                                                                            | 6      | 1     | NO           | NO                 | YES               | 1      | 0       | 
|mig7s       | u_mig7s_mig/u_memc_ui_top_axi/mem_intfc0/ddr_phy_top0/u_ddr_calib_top/u_ddr_phy_init/oclkdelay_start_dly_r_reg[5]                                                                      | 6      | 1     | NO           | NO                 | YES               | 1      | 0       | 
|mig7s       | u_mig7s_mig/u_memc_ui_top_axi/mem_intfc0/ddr_phy_top0/u_ddr_calib_top/u_ddr_phy_init/prech_done_reg                                                                                    | 17     | 1     | NO           | NO                 | YES               | 1      | 0       | 
|mig7s       | u_mig7s_mig/u_memc_ui_top_axi/mem_intfc0/ddr_phy_top0/u_ddr_calib_top/u_ddr_phy_init/wrcal_start_dly_r_reg[5]                                                                          | 6      | 1     | NO           | NO                 | YES               | 1      | 0       | 
|mig7s       | u_mig7s_mig/u_memc_ui_top_axi/mem_intfc0/ddr_phy_top0/u_ddr_calib_top/u_ddr_phy_init/rdlvl_start_dly0_r_reg[14]                                                                        | 15     | 1     | NO           | NO                 | YES               | 1      | 0       | 
|mig7s       | u_mig7s_mig/u_memc_ui_top_axi/mem_intfc0/ddr_phy_top0/u_ddr_calib_top/oclk_calib.u_ddr_phy_oclkdelay_cal/u_poc/u_poc_meta/run_too_small_r3_reg                                         | 3      | 1     | NO           | NO                 | YES               | 1      | 0       | 
|mig7s       | u_mig7s_mig/u_memc_ui_top_axi/mem_intfc0/ddr_phy_top0/u_ddr_calib_top/oclk_calib.u_ddr_phy_oclkdelay_cal/u_poc/u_poc_meta/run_end_r3_reg                                               | 4      | 1     | NO           | NO                 | YES               | 1      | 0       | 
|mig7s       | u_mig7s_mig/u_memc_ui_top_axi/mem_intfc0/ddr_phy_top0/u_ddr_calib_top/dqsfind_calib_right.u_ddr_phy_dqs_found_cal/init_dqsfound_done_r5_reg                                            | 3      | 1     | NO           | NO                 | YES               | 1      | 0       | 
|mig7s       | u_mig7s_mig/u_memc_ui_top_axi/mem_intfc0/ddr_phy_top0/u_ddr_calib_top/mb_wrlvl_inst.u_ddr_phy_ck_addr_cmd_delay/delay_done_r4_reg                                                      | 4      | 1     | NO           | NO                 | YES               | 1      | 0       | 
|mig7s       | u_mig7s_mig/u_memc_ui_top_axi/mem_intfc0/ddr_phy_top0/u_ddr_calib_top/mb_wrlvl_inst.u_ddr_phy_wrlvl/phy_ctl_ready_r5_reg                                                               | 5      | 1     | NO           | NO                 | YES               | 1      | 0       | 
|mig7s       | u_mig7s_mig/u_memc_ui_top_axi/mem_intfc0/ddr_phy_top0/u_ddr_calib_top/reset_if_r9_reg                                                                                                  | 9      | 1     | NO           | NO                 | YES               | 1      | 0       | 
+------------+----------------------------------------------------------------------------------------------------------------------------------------------------------------------------------------+--------+-------+--------------+--------------------+-------------------+--------+---------+


Dynamic Shift Register Report:
+------------+----------------+--------+------------+--------+---------+--------+--------+--------+
|Module Name | RTL Name       | Length | Data Width | SRL16E | SRLC32E | Mux F7 | Mux F8 | Mux F9 | 
+------------+----------------+--------+------------+--------+---------+--------+--------+--------+
|dsrl        | memory_reg[7]  | 4      | 4          | 4      | 0       | 0      | 0      | 0      | 
|dsrl__1     | memory_reg[31] | 257    | 257        | 0      | 257     | 0      | 0      | 0      | 
|dsrl__2     | memory_reg[29] | 7      | 7          | 0      | 7       | 0      | 0      | 0      | 
+------------+----------------+--------+------------+--------+---------+--------+--------+--------+

---------------------------------------------------------------------------------
Finished ROM, RAM, DSP, Shift Register and Retiming Reporting
---------------------------------------------------------------------------------
---------------------------------------------------------------------------------
Start Writing Synthesis Report
---------------------------------------------------------------------------------

Report BlackBoxes: 
+-+--------------+----------+
| |BlackBox name |Instances |
+-+--------------+----------+
+-+--------------+----------+

Report Cell Usage: 
+------+-----------------------+------+
|      |Cell                   |Count |
+------+-----------------------+------+
|1     |AND2B1L                |    12|
|2     |BUFG                   |     4|
|3     |BUFH                   |     1|
|4     |BUFIO                  |     2|
|5     |CARRY4                 |   298|
|6     |IDDR                   |     4|
|7     |IDELAYCTRL             |     2|
|8     |IDELAYE2_FINEDELAY     |    32|
|9     |IN_FIFO                |     4|
|10    |ISERDESE2              |    32|
|11    |LUT1                   |   488|
|12    |LUT2                   |   985|
|13    |LUT3                   |  2282|
|14    |LUT4                   |  1666|
|15    |LUT5                   |  2313|
|16    |LUT6                   |  3393|
|18    |MMCME2_ADV             |     2|
|19    |MUXCY                  |   147|
|20    |MUXF7                  |    17|
|21    |ODDR                   |     9|
|22    |OR2L                   |     2|
|23    |OSERDESE2              |    64|
|26    |OUT_FIFO               |     8|
|28    |PHASER_IN_PHY          |     4|
|29    |PHASER_OUT_PHY         |     8|
|31    |PHASER_REF             |     2|
|32    |PHY_CONTROL            |     2|
|33    |PLLE2_ADV              |     1|
|34    |RAM32M                 |   211|
|35    |RAM32X1D               |     8|
|36    |RAMB36E1               |     1|
|37    |SRL16E                 |    23|
|38    |SRLC32E                |   337|
|39    |XADC                   |     1|
|40    |XORCY                  |    62|
|41    |FDCE                   |     3|
|42    |FDPE                   |    96|
|43    |FDRE                   |  8156|
|44    |FDSE                   |   330|
|45    |IOBUFDS_DIFF_OUT_DCIEN |     4|
|46    |IOBUF_DCIEN            |    32|
|47    |OBUF                   |    25|
|48    |OBUFDS                 |     1|
|49    |OBUFT                  |     4|
+------+-----------------------+------+
---------------------------------------------------------------------------------
Finished Writing Synthesis Report : Time (s): cpu = 00:01:42 ; elapsed = 00:01:55 . Memory (MB): peak = 3187.543 ; gain = 1062.746 ; free physical = 5981 ; free virtual = 16065
Synthesis current peak Physical Memory [PSS] (MB): peak = 8477.168; parent = 2152.124; children = 6325.044
Synthesis current peak Virtual Memory [VSS] (MB): peak = 14119.855; parent = 3187.547; children = 10932.309
---------------------------------------------------------------------------------
Synthesis finished with 0 errors, 0 critical warnings and 13 warnings.
Synthesis Optimization Runtime : Time (s): cpu = 00:01:39 ; elapsed = 00:01:53 . Memory (MB): peak = 3191.453 ; gain = 905.906 ; free physical = 12134 ; free virtual = 22218
Synthesis Optimization Complete : Time (s): cpu = 00:01:44 ; elapsed = 00:01:57 . Memory (MB): peak = 3191.453 ; gain = 1066.656 ; free physical = 12134 ; free virtual = 22218
INFO: [Project 1-571] Translating synthesized netlist
Netlist sorting complete. Time (s): cpu = 00:00:00.14 ; elapsed = 00:00:00.14 . Memory (MB): peak = 3191.453 ; gain = 0.000 ; free physical = 11993 ; free virtual = 22076
INFO: [Netlist 29-17] Analyzing 856 Unisim elements for replacement
INFO: [Netlist 29-28] Unisim Transformation completed in 0 CPU seconds
INFO: [Project 1-570] Preparing netlist for logic optimization
INFO: [Opt 31-138] Pushed 4 inverter(s) to 32 load pin(s).
Netlist sorting complete. Time (s): cpu = 00:00:00 ; elapsed = 00:00:00 . Memory (MB): peak = 3219.559 ; gain = 0.000 ; free physical = 11891 ; free virtual = 22004
INFO: [Project 1-111] Unisim Transformation Summary:
  A total of 327 instances were transformed.
  (MUXCY,XORCY) => CARRY4: 45 instances
  IOBUFDS_DIFF_OUT_DCIEN => IOBUFDS_DIFF_OUT_DCIEN (IBUFDS_IBUFDISABLE_INT(x2), INV, OBUFTDS_DCIEN(x2)): 4 instances
  IOBUF_DCIEN => IOBUF_DCIEN (IBUF_IBUFDISABLE, OBUFT_DCIEN): 32 instances
  LUT6_2 => LUT6_2 (LUT5, LUT6): 26 instances
  OBUFDS => OBUFDS_DUAL_BUF (INV, OBUFDS(x2)): 1 instance 
  RAM32M => RAM32M (RAMD32(x6), RAMS32(x2)): 211 instances
  RAM32X1D => RAM32X1D (RAMD32(x2)): 8 instances

Synth Design complete, checksum: 15bcf3b7
INFO: [Common 17-83] Releasing license: Synthesis
263 Infos, 342 Warnings, 0 Critical Warnings and 0 Errors encountered.
synth_design completed successfully
synth_design: Time (s): cpu = 00:01:49 ; elapsed = 00:02:01 . Memory (MB): peak = 3219.559 ; gain = 1458.688 ; free physical = 12119 ; free virtual = 22203
INFO: [Coretcl 2-1174] Renamed 215 cell refs.
INFO: [Common 17-1381] The checkpoint '/home/shc/projects/chs-nv/cheshire_nv_built/target/xilinx/build/genesys2.mig7s/mig7s.runs/mig7s_synth_1/mig7s.dcp' has been generated.
INFO: [runtcl-4] Executing : report_utilization -file mig7s_utilization_synth.rpt -pb mig7s_utilization_synth.pb
INFO: [Common 17-206] Exiting Vivado at Fri Feb 27 02:05:48 2026...
[Fri Feb 27 02:05:52 2026] mig7s_synth_1 finished
wait_on_runs: Time (s): cpu = 00:01:58 ; elapsed = 00:02:14 . Memory (MB): peak = 2315.648 ; gain = 6.477 ; free physical = 13901 ; free virtual = 23960
# file delete -force ${project_root}/out.xci
INFO: [Common 17-206] Exiting Vivado at Fri Feb 27 02:05:52 2026...
