Copyright 1986-2022 Xilinx, Inc. All Rights Reserved.
-------------------------------------------------------------------------------------------------------------------------------------------------------------
| Tool Version : Vivado v.2022.2 (lin64) Build 3671981 Fri Oct 14 04:59:54 MDT 2022
| Date         : Mon Mar  2 16:34:00 2026
| Host         : karpuz running 64-bit Ubuntu 22.04.5 LTS
| Command      : report_timing_summary -file /home/shc/projects/cheshire-env-nvdla-g2/target/xilinx/build/genesys2.cheshire/reports.synth/timing_summary.rpt
| Design       : cheshire_top_xilinx
| Device       : 7k325t-ffg900
| Speed File   : -2  PRODUCTION 1.12 2017-02-17
-------------------------------------------------------------------------------------------------------------------------------------------------------------

Timing Summary Report

------------------------------------------------------------------------------------------------
| Timer Settings
| --------------
------------------------------------------------------------------------------------------------

  Enable Multi Corner Analysis               :  Yes
  Enable Pessimism Removal                   :  Yes
  Pessimism Removal Resolution               :  Nearest Common Node
  Enable Input Delay Default Clock           :  No
  Enable Preset / Clear Arcs                 :  No
  Disable Flight Delays                      :  No
  Ignore I/O Paths                           :  No
  Timing Early Launch at Borrowing Latches   :  No
  Borrow Time for Max Delay Exceptions       :  Yes
  Merge Timing Exceptions                    :  Yes

  Corner  Analyze    Analyze    
  Name    Max Paths  Min Paths  
  ------  ---------  ---------  
  Slow    Yes        Yes        
  Fast    Yes        Yes        


------------------------------------------------------------------------------------------------
| Report Methodology
| ------------------
------------------------------------------------------------------------------------------------

No report available as report_methodology has not been run prior. Run report_methodology on the current design for the summary of methodology violations.



check_timing report

Table of Contents
-----------------
1. checking no_clock (0)
2. checking constant_clock (0)
3. checking pulse_width_clock (0)
4. checking unconstrained_internal_endpoints (0)
5. checking no_input_delay (5)
6. checking no_output_delay (1)
7. checking multiple_clock (0)
8. checking generated_clocks (0)
9. checking loops (0)
10. checking partial_input_delay (2)
11. checking partial_output_delay (0)
12. checking latch_loops (0)

1. checking no_clock (0)
------------------------
 There are 0 register/latch pins with no clock.


2. checking constant_clock (0)
------------------------------
 There are 0 register/latch pins with constant_clock.


3. checking pulse_width_clock (0)
---------------------------------
 There are 0 register/latch pins which need pulse_width check


4. checking unconstrained_internal_endpoints (0)
------------------------------------------------
 There are 0 pins that are not constrained for maximum delay.

 There are 0 pins that are not constrained for maximum delay due to constant clock.


5. checking no_input_delay (5)
------------------------------
 There are 5 input ports with no input delay specified. (HIGH)

 There are 0 input ports with no input delay but user has a false path constraint.


6. checking no_output_delay (1)
-------------------------------
 There is 1 port with no output delay specified. (HIGH)

 There are 0 ports with no output delay but user has a false path constraint

 There are 0 ports with no output delay but with a timing clock defined on it or propagating through it


7. checking multiple_clock (0)
------------------------------
 There are 0 register/latch pins with multiple clocks.


8. checking generated_clocks (0)
--------------------------------
 There are 0 generated clocks that are not connected to a clock source.


9. checking loops (0)
---------------------
 There are 0 combinational loops in the design.


10. checking partial_input_delay (2)
------------------------------------
 There are 2 input ports with partial input delay specified. (HIGH)


11. checking partial_output_delay (0)
-------------------------------------
 There are 0 ports with partial output delay specified.


12. checking latch_loops (0)
----------------------------
 There are 0 combinational latch loops in the design through latch input



------------------------------------------------------------------------------------------------
| Design Timing Summary
| ---------------------
------------------------------------------------------------------------------------------------

    WNS(ns)      TNS(ns)  TNS Failing Endpoints  TNS Total Endpoints      WHS(ns)      THS(ns)  THS Failing Endpoints  THS Total Endpoints     WPWS(ns)     TPWS(ns)  TPWS Failing Endpoints  TPWS Total Endpoints  
    -------      -------  ---------------------  -------------------      -------      -------  ---------------------  -------------------     --------     --------  ----------------------  --------------------  
      0.201        0.000                      0               281765       -1.212     -125.594                   4484               281010        0.062        0.000                       0                100391  


Timing constraints are not met.


------------------------------------------------------------------------------------------------
| Clock Summary
| -------------
------------------------------------------------------------------------------------------------

Clock                                                                                                                                                          Waveform(ns)         Period(ns)      Frequency(MHz)
-----                                                                                                                                                          ------------         ----------      --------------
clk_jtag                                                                                                                                                       {0.000 50.000}       100.000         10.000          
sys_clk                                                                                                                                                        {0.000 2.500}        5.000           200.000         
  clk_10_clkwiz                                                                                                                                                {0.000 50.000}       100.000         10.000          
  clk_20_clkwiz                                                                                                                                                {0.000 25.000}       50.000          20.000          
  clk_48_clkwiz                                                                                                                                                {0.000 10.417}       20.833          48.000          
  clk_50_clkwiz                                                                                                                                                {0.000 10.000}       20.000          50.000          
  clk_ref_mmcm_400                                                                                                                                             {0.000 1.250}        2.500           400.000         
  clkfbout_clkwiz                                                                                                                                              {0.000 2.500}        5.000           200.000         
  freq_refclk                                                                                                                                                  {1.172 1.797}        1.250           800.000         
    u_memc_ui_top_axi/mem_intfc0/ddr_phy_top0/u_ddr_mc_phy_wrapper/u_ddr_mc_phy/ddr_phy_4lanes_0.u_ddr_phy_4lanes/ddr_byte_lane_A.ddr_byte_lane_A/iserdes_clk  {1.172 1.797}        1.250           800.000         
      iserdes_clkdiv                                                                                                                                           {1.172 2.422}        2.500           400.000         
    u_memc_ui_top_axi/mem_intfc0/ddr_phy_top0/u_ddr_mc_phy_wrapper/u_ddr_mc_phy/ddr_phy_4lanes_0.u_ddr_phy_4lanes/ddr_byte_lane_B.ddr_byte_lane_B/iserdes_clk  {1.172 1.797}        1.250           800.000         
      iserdes_clkdiv_1                                                                                                                                         {1.172 2.422}        2.500           400.000         
    u_memc_ui_top_axi/mem_intfc0/ddr_phy_top0/u_ddr_mc_phy_wrapper/u_ddr_mc_phy/ddr_phy_4lanes_0.u_ddr_phy_4lanes/ddr_byte_lane_C.ddr_byte_lane_C/iserdes_clk  {1.172 1.797}        1.250           800.000         
      iserdes_clkdiv_2                                                                                                                                         {1.172 2.422}        2.500           400.000         
    u_memc_ui_top_axi/mem_intfc0/ddr_phy_top0/u_ddr_mc_phy_wrapper/u_ddr_mc_phy/ddr_phy_4lanes_0.u_ddr_phy_4lanes/ddr_byte_lane_D.ddr_byte_lane_D/iserdes_clk  {1.172 1.797}        1.250           800.000         
      iserdes_clkdiv_3                                                                                                                                         {1.172 2.422}        2.500           400.000         
  mem_refclk                                                                                                                                                   {0.000 0.625}        1.250           800.000         
    oserdes_clk                                                                                                                                                {0.000 0.625}        1.250           800.000         
      oserdes_clkdiv                                                                                                                                           {0.000 1.250}        2.500           400.000         
    oserdes_clk_1                                                                                                                                              {0.000 0.625}        1.250           800.000         
      oserdes_clkdiv_1                                                                                                                                         {0.000 1.250}        2.500           400.000         
    oserdes_clk_2                                                                                                                                              {0.000 0.625}        1.250           800.000         
      oserdes_clkdiv_2                                                                                                                                         {0.000 1.250}        2.500           400.000         
    oserdes_clk_3                                                                                                                                              {0.000 0.625}        1.250           800.000         
      oserdes_clkdiv_3                                                                                                                                         {0.000 1.250}        2.500           400.000         
    oserdes_clk_4                                                                                                                                              {0.000 0.625}        1.250           800.000         
      oserdes_clkdiv_4                                                                                                                                         {0.000 2.500}        5.000           200.000         
    oserdes_clk_5                                                                                                                                              {0.000 0.625}        1.250           800.000         
      oserdes_clkdiv_5                                                                                                                                         {0.000 2.500}        5.000           200.000         
    oserdes_clk_6                                                                                                                                              {0.000 0.625}        1.250           800.000         
      oserdes_clkdiv_6                                                                                                                                         {0.000 2.500}        5.000           200.000         
    oserdes_clk_7                                                                                                                                              {0.000 0.625}        1.250           800.000         
      oserdes_clkdiv_7                                                                                                                                         {0.000 2.500}        5.000           200.000         
  mmcm_clkfbout                                                                                                                                                {0.000 2.500}        5.000           200.000         
  pll_clk3_out                                                                                                                                                 {0.000 2.500}        5.000           200.000         
    clk_div2_bufg_in                                                                                                                                           {0.000 1.250}        2.500           400.000         
    clk_pll_i                                                                                                                                                  {0.000 2.500}        5.000           200.000         
    mmcm_ps_clk_bufg_in                                                                                                                                        {0.000 5.000}        10.000          100.000         
  pll_clkfbout                                                                                                                                                 {0.000 2.500}        5.000           200.000         
  sync_pulse                                                                                                                                                   {0.547 1.797}        20.000          50.000          


------------------------------------------------------------------------------------------------
| Intra Clock Table
| -----------------
------------------------------------------------------------------------------------------------

Clock                                                                                                                                                              WNS(ns)      TNS(ns)  TNS Failing Endpoints  TNS Total Endpoints      WHS(ns)      THS(ns)  THS Failing Endpoints  THS Total Endpoints     WPWS(ns)     TPWS(ns)  TPWS Failing Endpoints  TPWS Total Endpoints  
-----                                                                                                                                                              -------      -------  ---------------------  -------------------      -------      -------  ---------------------  -------------------     --------     --------  ----------------------  --------------------  
clk_jtag                                                                                                                                                            22.041        0.000                      0                  458       -0.028       -0.228                      8                  458       49.650        0.000                       0                   304  
sys_clk                                                                                                                                                              3.165        0.000                      0                  126       -0.032       -0.032                      1                  126        0.264        0.000                       0                    65  
  clk_10_clkwiz                                                                                                                                                                                                                                                                                                 98.591        0.000                       0                     2  
  clk_20_clkwiz                                                                                                                                                                                                                                                                                                 48.592        0.000                       0                     2  
  clk_48_clkwiz                                                                                                                                                                                                                                                                                                 19.425        0.000                       0                     2  
  clk_50_clkwiz                                                                                                                                                      0.494        0.000                      0               174102       -0.072       -7.745                    174               173996        9.650        0.000                       0                 86231  
  clk_ref_mmcm_400                                                                                                                                                   1.789        0.000                      0                   14        0.066        0.000                      0                   14        0.062        0.000                       0                    18  
  clkfbout_clkwiz                                                                                                                                                                                                                                                                                                3.592        0.000                       0                     3  
  freq_refclk                                                                                                                                                                                                                                                                                                    0.143        0.000                       0                    15  
    u_memc_ui_top_axi/mem_intfc0/ddr_phy_top0/u_ddr_mc_phy_wrapper/u_ddr_mc_phy/ddr_phy_4lanes_0.u_ddr_phy_4lanes/ddr_byte_lane_A.ddr_byte_lane_A/iserdes_clk                                                                                                                                                    0.180        0.000                       0                    16  
      iserdes_clkdiv                                                                                                                                                 0.983        0.000                      0                   33        0.070        0.000                      0                   33        0.336        0.000                       0                     9  
    u_memc_ui_top_axi/mem_intfc0/ddr_phy_top0/u_ddr_mc_phy_wrapper/u_ddr_mc_phy/ddr_phy_4lanes_0.u_ddr_phy_4lanes/ddr_byte_lane_B.ddr_byte_lane_B/iserdes_clk                                                                                                                                                    0.180        0.000                       0                    16  
      iserdes_clkdiv_1                                                                                                                                               0.997        0.000                      0                   33        0.070        0.000                      0                   33        0.336        0.000                       0                     9  
    u_memc_ui_top_axi/mem_intfc0/ddr_phy_top0/u_ddr_mc_phy_wrapper/u_ddr_mc_phy/ddr_phy_4lanes_0.u_ddr_phy_4lanes/ddr_byte_lane_C.ddr_byte_lane_C/iserdes_clk                                                                                                                                                    0.180        0.000                       0                    16  
      iserdes_clkdiv_2                                                                                                                                               1.002        0.000                      0                   33        0.070        0.000                      0                   33        0.336        0.000                       0                     9  
    u_memc_ui_top_axi/mem_intfc0/ddr_phy_top0/u_ddr_mc_phy_wrapper/u_ddr_mc_phy/ddr_phy_4lanes_0.u_ddr_phy_4lanes/ddr_byte_lane_D.ddr_byte_lane_D/iserdes_clk                                                                                                                                                    0.180        0.000                       0                    16  
      iserdes_clkdiv_3                                                                                                                                               0.989        0.000                      0                   33        0.070        0.000                      0                   33        0.336        0.000                       0                     9  
  mem_refclk                                                                                                                                                         0.217        0.000                      0                    2       -0.006       -0.006                      1                    2        0.090        0.000                       0                    15  
    oserdes_clk                                                                                                                                                      0.215        0.000                      0                    4        0.394        0.000                      0                    4        0.180        0.000                       0                    12  
      oserdes_clkdiv                                                                                                                                                 1.545        0.000                      0                   36        0.090        0.000                      0                   36        0.336        0.000                       0                    11  
    oserdes_clk_1                                                                                                                                                    0.201        0.000                      0                    4        0.402        0.000                      0                    4        0.180        0.000                       0                    12  
      oserdes_clkdiv_1                                                                                                                                               1.535        0.000                      0                   36        0.096        0.000                      0                   36        0.336        0.000                       0                    11  
    oserdes_clk_2                                                                                                                                                    0.209        0.000                      0                    4        0.397        0.000                      0                    4        0.180        0.000                       0                    12  
      oserdes_clkdiv_2                                                                                                                                               1.540        0.000                      0                   36        0.092        0.000                      0                   36        0.336        0.000                       0                    11  
    oserdes_clk_3                                                                                                                                                    0.223        0.000                      0                    4        0.390        0.000                      0                    4        0.180        0.000                       0                    12  
      oserdes_clkdiv_3                                                                                                                                               1.554        0.000                      0                   36        0.085        0.000                      0                   36        0.336        0.000                       0                    11  
    oserdes_clk_4                                                                                                                                                                                                                                                                                                0.180        0.000                       0                     2  
      oserdes_clkdiv_4                                                                                                                                               4.047        0.000                      0                    8        0.094        0.000                      0                    8        1.586        0.000                       0                     3  
    oserdes_clk_5                                                                                                                                                                                                                                                                                                0.180        0.000                       0                     3  
      oserdes_clkdiv_5                                                                                                                                               4.035        0.000                      0                   12        0.101        0.000                      0                   12        1.586        0.000                       0                     4  
    oserdes_clk_6                                                                                                                                                                                                                                                                                                0.180        0.000                       0                    10  
      oserdes_clkdiv_6                                                                                                                                               4.040        0.000                      0                   40        0.092        0.000                      0                   40        1.586        0.000                       0                    11  
    oserdes_clk_7                                                                                                                                                                                                                                                                                                0.180        0.000                       0                    10  
      oserdes_clkdiv_7                                                                                                                                               4.054        0.000                      0                   36        0.085        0.000                      0                   36        1.586        0.000                       0                    10  
  mmcm_clkfbout                                                                                                                                                                                                                                                                                                  3.929        0.000                       0                     2  
  pll_clk3_out                                                                                                                                                                                                                                                                                                   1.100        0.000                       0                     3  
    clk_div2_bufg_in                                                                                                                                                 1.786        0.000                      0                   12        0.066        0.000                      0                   12        0.900        0.000                       0                    15  
    clk_pll_i                                                                                                                                                        0.845        0.000                      0                32829       -0.063      -83.758                   4219                32244        1.250        0.000                       0                 13432  
    mmcm_ps_clk_bufg_in                                                                                                                                              3.531        0.000                      0                   16       -0.168       -0.672                      4                   16        4.650        0.000                       0                    20  
  pll_clkfbout                                                                                                                                                                                                                                                                                                   3.929        0.000                       0                     2  
  sync_pulse                                                                                                                                                                                                                                                                                                     0.178        0.000                       0                    15  


------------------------------------------------------------------------------------------------
| Inter Clock Table
| -----------------
------------------------------------------------------------------------------------------------

From Clock                                                                                                                                                 To Clock                                                                                                                                                       WNS(ns)      TNS(ns)  TNS Failing Endpoints  TNS Total Endpoints      WHS(ns)      THS(ns)  THS Failing Endpoints  THS Total Endpoints  
----------                                                                                                                                                 --------                                                                                                                                                       -------      -------  ---------------------  -------------------      -------      -------  ---------------------  -------------------  
clk_pll_i                                                                                                                                                  sys_clk                                                                                                                                                         19.520        0.000                      0                    1                                                                        
input port clock                                                                                                                                           clk_50_clkwiz                                                                                                                                                   66.361        0.000                      0                    1                                                                        
clk_pll_i                                                                                                                                                  clk_50_clkwiz                                                                                                                                                    3.512        0.000                      0                  105                                                                        
clk_pll_i                                                                                                                                                  u_memc_ui_top_axi/mem_intfc0/ddr_phy_top0/u_ddr_mc_phy_wrapper/u_ddr_mc_phy/ddr_phy_4lanes_0.u_ddr_phy_4lanes/ddr_byte_lane_A.ddr_byte_lane_A/iserdes_clk        5.342        0.000                      0                    8       18.155        0.000                      0                    8  
clk_pll_i                                                                                                                                                  u_memc_ui_top_axi/mem_intfc0/ddr_phy_top0/u_ddr_mc_phy_wrapper/u_ddr_mc_phy/ddr_phy_4lanes_0.u_ddr_phy_4lanes/ddr_byte_lane_B.ddr_byte_lane_B/iserdes_clk        5.328        0.000                      0                    8       18.163        0.000                      0                    8  
clk_pll_i                                                                                                                                                  u_memc_ui_top_axi/mem_intfc0/ddr_phy_top0/u_ddr_mc_phy_wrapper/u_ddr_mc_phy/ddr_phy_4lanes_0.u_ddr_phy_4lanes/ddr_byte_lane_C.ddr_byte_lane_C/iserdes_clk        5.315        0.000                      0                    8       18.170        0.000                      0                    8  
clk_pll_i                                                                                                                                                  u_memc_ui_top_axi/mem_intfc0/ddr_phy_top0/u_ddr_mc_phy_wrapper/u_ddr_mc_phy/ddr_phy_4lanes_0.u_ddr_phy_4lanes/ddr_byte_lane_D.ddr_byte_lane_D/iserdes_clk        5.322        0.000                      0                    8       18.166        0.000                      0                    8  
sync_pulse                                                                                                                                                 mem_refclk                                                                                                                                                       0.292        0.000                      0                    2        0.153        0.000                      0                    2  
oserdes_clk                                                                                                                                                oserdes_clkdiv                                                                                                                                                   0.505        0.000                      0                   15       -0.354       -2.694                     10                   15  
oserdes_clk_1                                                                                                                                              oserdes_clkdiv_1                                                                                                                                                 0.505        0.000                      0                   15       -0.375       -3.207                     10                   15  
oserdes_clk_2                                                                                                                                              oserdes_clkdiv_2                                                                                                                                                 0.505        0.000                      0                   15       -0.379       -3.308                     10                   15  
oserdes_clk_3                                                                                                                                              oserdes_clkdiv_3                                                                                                                                                 0.505        0.000                      0                   15       -0.317       -2.406                     10                   15  
oserdes_clk_4                                                                                                                                              oserdes_clkdiv_4                                                                                                                                                 0.505        0.000                      0                    3       -0.261       -0.513                      2                    3  
oserdes_clk_5                                                                                                                                              oserdes_clkdiv_5                                                                                                                                                 0.505        0.000                      0                    4       -0.351       -0.951                      3                    4  
oserdes_clk_6                                                                                                                                              oserdes_clkdiv_6                                                                                                                                                 0.505        0.000                      0                   11       -0.379       -3.253                     10                   11  
oserdes_clk_7                                                                                                                                              oserdes_clkdiv_7                                                                                                                                                 0.505        0.000                      0                   10       -0.318       -2.125                      9                   10  
sys_clk                                                                                                                                                    clk_pll_i                                                                                                                                                       19.818        0.000                      0                   12       -1.212      -14.540                     12                   12  
clk_50_clkwiz                                                                                                                                              clk_pll_i                                                                                                                                                        3.512        0.000                      0                  193                                                                        
mmcm_ps_clk_bufg_in                                                                                                                                        clk_pll_i                                                                                                                                                        3.722        0.000                      0                    5       -0.155       -0.155                      1                    5  
clk_pll_i                                                                                                                                                  mmcm_ps_clk_bufg_in                                                                                                                                              3.743        0.000                      0                    1        0.046        0.000                      0                    1  


------------------------------------------------------------------------------------------------
| Other Path Groups Table
| -----------------------
------------------------------------------------------------------------------------------------

Path Group         From Clock         To Clock               WNS(ns)      TNS(ns)  TNS Failing Endpoints  TNS Total Endpoints      WHS(ns)      THS(ns)  THS Failing Endpoints  THS Total Endpoints  
----------         ----------         --------               -------      -------  ---------------------  -------------------      -------      -------  ---------------------  -------------------  
**async_default**  clk_50_clkwiz      clk_50_clkwiz           17.228        0.000                      0                73612        0.235        0.000                      0                73612  
**async_default**  clk_pll_i          clk_pll_i                3.377        0.000                      0                    3        0.519        0.000                      0                    3  
**default**        clk_50_clkwiz                              67.530        0.000                      0                    1                                                                        
**default**        clk_pll_i                                   3.997        0.000                      0                    2                                                                        


------------------------------------------------------------------------------------------------
| Timing Details
| --------------
------------------------------------------------------------------------------------------------


---------------------------------------------------------------------------------------------------
From Clock:  clk_jtag
  To Clock:  clk_jtag

Setup :            0  Failing Endpoints,  Worst Slack       22.041ns,  Total Violation        0.000ns
Hold  :            8  Failing Endpoints,  Worst Slack       -0.028ns,  Total Violation       -0.228ns
PW    :            0  Failing Endpoints,  Worst Slack       49.650ns,  Total Violation        0.000ns
---------------------------------------------------------------------------------------------------


Max Delay Paths
--------------------------------------------------------------------------------------
Slack (MET) :             22.041ns  (required time - arrival time)
  Source:                 i_cheshire_soc/i_dbg_dmi_jtag/i_dmi_jtag_tap/td_o_reg/C
                            (rising edge-triggered cell FDCE clocked by clk_jtag'  {rise@0.000ns fall@50.000ns period=100.000ns})
  Destination:            jtag_tdo_o
                            (output port clocked by clk_jtag  {rise@0.000ns fall@50.000ns period=100.000ns})
  Path Group:             clk_jtag
  Path Type:              Max at Slow Process Corner
  Requirement:            50.000ns  (clk_jtag rise@100.000ns - clk_jtag fall@50.000ns)
  Data Path Delay:        4.052ns  (logic 3.586ns (88.509%)  route 0.466ns (11.491%))
  Logic Levels:           1  (OBUF=1)
  Output Delay:           20.000ns
  Clock Path Skew:        -3.406ns (DCD - SCD + CPR)
    Destination Clock Delay (DCD):    0.000ns = ( 100.000 - 100.000 ) 
    Source Clock Delay      (SCD):    3.406ns = ( 53.406 - 50.000 ) 
    Clock Pessimism Removal (CPR):    0.000ns
  Clock Uncertainty:      0.501ns  ((TSJ^2 + TIJ^2)^1/2 + DJ) / 2 + PE
    Total System Jitter     (TSJ):    0.071ns
    Total Input Jitter      (TIJ):    1.000ns
    Discrete Jitter          (DJ):    0.000ns
    Phase Error              (PE):    0.000ns

    Location             Delay type                Incr(ns)  Path(ns)    Netlist Resource(s)
  -------------------------------------------------------------------    -------------------
                         (clock clk_jtag fall edge)
                                                     50.000    50.000 f  
    AD27                                              0.000    50.000 f  jtag_tck_i (IN)
                         net (fo=0)                   0.000    50.000    jtag_tck_i
    AD27                 IBUF (Prop_ibuf_I_O)         1.518    51.518 f  jtag_tck_i_IBUF_inst/O
                         net (fo=3, unplaced)         0.584    52.102    i_cheshire_soc/i_dbg_dmi_jtag/i_dmi_jtag_tap/i_dft_tck_mux/jtag_tck_i_IBUF
                         LUT1 (Prop_lut1_I0_O)        0.043    52.145 r  i_cheshire_soc/i_dbg_dmi_jtag/i_dmi_jtag_tap/i_dft_tck_mux/i_BUFGMUX_i_1/O
                         net (fo=1, unplaced)         0.584    52.729    i_cheshire_soc/i_dbg_dmi_jtag/i_dmi_jtag_tap/i_dft_tck_mux/tck_ni
                         BUFGCTRL (Prop_bufgctrl_I0_O)
                                                      0.093    52.822 r  i_cheshire_soc/i_dbg_dmi_jtag/i_dmi_jtag_tap/i_dft_tck_mux/i_BUFGMUX/O
                         net (fo=1, unplaced)         0.584    53.406    i_cheshire_soc/i_dbg_dmi_jtag/i_dmi_jtag_tap/tck_n
                         FDCE                                         r  i_cheshire_soc/i_dbg_dmi_jtag/i_dmi_jtag_tap/td_o_reg/C
  -------------------------------------------------------------------    -------------------
                         FDCE (Prop_fdce_C_Q)         0.223    53.629 r  i_cheshire_soc/i_dbg_dmi_jtag/i_dmi_jtag_tap/td_o_reg/Q
                         net (fo=1, unplaced)         0.466    54.095    jtag_tdo_o_OBUF
    W28                  OBUF (Prop_obuf_I_O)         3.363    57.458 r  jtag_tdo_o_OBUF_inst/O
                         net (fo=0)                   0.000    57.458    jtag_tdo_o
    W28                                                               r  jtag_tdo_o (OUT)
  -------------------------------------------------------------------    -------------------

                         (clock clk_jtag rise edge)
                                                    100.000   100.000 r  
                         clock pessimism              0.000   100.000    
                         clock uncertainty           -0.501    99.499    
                         output delay               -20.000    79.499    
  -------------------------------------------------------------------
                         required time                         79.499    
                         arrival time                         -57.458    
  -------------------------------------------------------------------
                         slack                                 22.041    





Min Delay Paths
--------------------------------------------------------------------------------------
Slack (VIOLATED) :        -0.028ns  (arrival time - required time)
  Source:                 i_cheshire_soc/i_dbg_dmi_jtag/i_dmi_cdc/i_cdc_req/i_cdc_reset_ctrlr/i_cdc_reset_ctrlr_half_a/i_state_transition_cdc_dst/i_sync/reg_q_reg[0]/C
                            (rising edge-triggered cell FDCE clocked by clk_jtag  {rise@0.000ns fall@50.000ns period=100.000ns})
  Destination:            i_cheshire_soc/i_dbg_dmi_jtag/i_dmi_cdc/i_cdc_req/i_cdc_reset_ctrlr/i_cdc_reset_ctrlr_half_a/i_state_transition_cdc_dst/i_sync/reg_q_reg[1]/D
                            (rising edge-triggered cell FDCE clocked by clk_jtag  {rise@0.000ns fall@50.000ns period=100.000ns})
  Path Group:             clk_jtag
  Path Type:              Hold (Min at Fast Process Corner)
  Requirement:            0.000ns  (clk_jtag rise@0.000ns - clk_jtag rise@0.000ns)
  Data Path Delay:        0.157ns  (logic 0.100ns (63.884%)  route 0.057ns (36.116%))
  Logic Levels:           0  
  Clock Path Skew:        0.145ns (DCD - SCD - CPR)
    Destination Clock Delay (DCD):    1.187ns
    Source Clock Delay      (SCD):    0.697ns
    Clock Pessimism Removal (CPR):    0.345ns

    Location             Delay type                Incr(ns)  Path(ns)    Netlist Resource(s)
  -------------------------------------------------------------------    -------------------
                         (clock clk_jtag rise edge)
                                                      0.000     0.000 r  
    AD27                                              0.000     0.000 r  jtag_tck_i (IN)
                         net (fo=0)                   0.000     0.000    jtag_tck_i
    AD27                 IBUF (Prop_ibuf_I_O)         0.443     0.443 r  jtag_tck_i_IBUF_inst/O
                         net (fo=3, unplaced)         0.114     0.557    jtag_tck_i_IBUF
                         BUFG (Prop_bufg_I_O)         0.026     0.583 r  jtag_tck_i_IBUF_BUFG_inst/O
                         net (fo=301, unplaced)       0.114     0.697    i_cheshire_soc/i_dbg_dmi_jtag/i_dmi_cdc/i_cdc_req/i_cdc_reset_ctrlr/i_cdc_reset_ctrlr_half_a/i_state_transition_cdc_dst/i_sync/clk_i
                         FDCE                                         r  i_cheshire_soc/i_dbg_dmi_jtag/i_dmi_cdc/i_cdc_req/i_cdc_reset_ctrlr/i_cdc_reset_ctrlr_half_a/i_state_transition_cdc_dst/i_sync/reg_q_reg[0]/C
  -------------------------------------------------------------------    -------------------
                         FDCE (Prop_fdce_C_Q)         0.100     0.797 r  i_cheshire_soc/i_dbg_dmi_jtag/i_dmi_cdc/i_cdc_req/i_cdc_reset_ctrlr/i_cdc_reset_ctrlr_half_a/i_state_transition_cdc_dst/i_sync/reg_q_reg[0]/Q
                         net (fo=1, unplaced)         0.057     0.853    i_cheshire_soc/i_dbg_dmi_jtag/i_dmi_cdc/i_cdc_req/i_cdc_reset_ctrlr/i_cdc_reset_ctrlr_half_a/i_state_transition_cdc_dst/i_sync/reg_q[0]
                         FDCE                                         r  i_cheshire_soc/i_dbg_dmi_jtag/i_dmi_cdc/i_cdc_req/i_cdc_reset_ctrlr/i_cdc_reset_ctrlr_half_a/i_state_transition_cdc_dst/i_sync/reg_q_reg[1]/D
  -------------------------------------------------------------------    -------------------

                         (clock clk_jtag rise edge)
                                                      0.000     0.000 r  
    AD27                                              0.000     0.000 r  jtag_tck_i (IN)
                         net (fo=0)                   0.000     0.000    jtag_tck_i
    AD27                 IBUF (Prop_ibuf_I_O)         0.639     0.639 r  jtag_tck_i_IBUF_inst/O
                         net (fo=3, unplaced)         0.259     0.898    jtag_tck_i_IBUF
                         BUFG (Prop_bufg_I_O)         0.030     0.928 r  jtag_tck_i_IBUF_BUFG_inst/O
                         net (fo=301, unplaced)       0.259     1.187    i_cheshire_soc/i_dbg_dmi_jtag/i_dmi_cdc/i_cdc_req/i_cdc_reset_ctrlr/i_cdc_reset_ctrlr_half_a/i_state_transition_cdc_dst/i_sync/clk_i
                         FDCE                                         r  i_cheshire_soc/i_dbg_dmi_jtag/i_dmi_cdc/i_cdc_req/i_cdc_reset_ctrlr/i_cdc_reset_ctrlr_half_a/i_state_transition_cdc_dst/i_sync/reg_q_reg[1]/C
                         clock pessimism             -0.345     0.842    
                         FDCE (Hold_fdce_C_D)         0.040     0.882    i_cheshire_soc/i_dbg_dmi_jtag/i_dmi_cdc/i_cdc_req/i_cdc_reset_ctrlr/i_cdc_reset_ctrlr_half_a/i_state_transition_cdc_dst/i_sync/reg_q_reg[1]
  -------------------------------------------------------------------
                         required time                         -0.882    
                         arrival time                           0.853    
  -------------------------------------------------------------------
                         slack                                 -0.028    





Pulse Width Checks
--------------------------------------------------------------------------------------
Clock Name:         clk_jtag
Waveform(ns):       { 0.000 50.000 }
Period(ns):         100.000
Sources:            { jtag_tck_i }

Check Type        Corner  Lib Pin  Reference Pin  Required(ns)  Actual(ns)  Slack(ns)  Location  Pin
Min Period        n/a     BUFG/I   n/a            1.408         100.000     98.591               jtag_tck_i_IBUF_BUFG_inst/I
Low Pulse Width   Slow    FDCE/C   n/a            0.350         50.000      49.650               i_cheshire_soc/i_dbg_dmi_jtag/FSM_sequential_state_q_reg[0]/C
High Pulse Width  Slow    FDCE/C   n/a            0.350         50.000      49.650               i_cheshire_soc/i_dbg_dmi_jtag/FSM_sequential_state_q_reg[0]/C



---------------------------------------------------------------------------------------------------
From Clock:  sys_clk
  To Clock:  sys_clk

Setup :            0  Failing Endpoints,  Worst Slack        3.165ns,  Total Violation        0.000ns
Hold  :            1  Failing Endpoint ,  Worst Slack       -0.032ns,  Total Violation       -0.032ns
PW    :            0  Failing Endpoints,  Worst Slack        0.264ns,  Total Violation        0.000ns
---------------------------------------------------------------------------------------------------


Max Delay Paths
--------------------------------------------------------------------------------------
Slack (MET) :             3.165ns  (required time - arrival time)
  Source:                 i_dram_wrapper/i_dram/u_mig7s_mig/temp_mon_enabled.u_tempmon/xadc_supplied_temperature.rst_r2_reg/C
                            (rising edge-triggered cell FDRE clocked by sys_clk  {rise@0.000ns fall@2.500ns period=5.000ns})
  Destination:            i_dram_wrapper/i_dram/u_mig7s_mig/temp_mon_enabled.u_tempmon/xadc_supplied_temperature.sample_timer_reg[0]/R
                            (rising edge-triggered cell FDRE clocked by sys_clk  {rise@0.000ns fall@2.500ns period=5.000ns})
  Path Group:             sys_clk
  Path Type:              Setup (Max at Slow Process Corner)
  Requirement:            5.000ns  (sys_clk rise@5.000ns - sys_clk rise@0.000ns)
  Data Path Delay:        1.349ns  (logic 0.372ns (27.576%)  route 0.977ns (72.424%))
  Logic Levels:           1  (LUT2=1)
  Clock Path Skew:        -0.145ns (DCD - SCD + CPR)
    Destination Clock Delay (DCD):    1.756ns = ( 6.756 - 5.000 ) 
    Source Clock Delay      (SCD):    2.004ns
    Clock Pessimism Removal (CPR):    0.102ns
  Clock Uncertainty:      0.035ns  ((TSJ^2 + TIJ^2)^1/2 + DJ) / 2 + PE
    Total System Jitter     (TSJ):    0.071ns
    Total Input Jitter      (TIJ):    0.000ns
    Discrete Jitter          (DJ):    0.000ns
    Phase Error              (PE):    0.000ns

    Location             Delay type                Incr(ns)  Path(ns)    Netlist Resource(s)
  -------------------------------------------------------------------    -------------------
                         (clock sys_clk rise edge)    0.000     0.000 r  
    AD12                                              0.000     0.000 r  sys_clk_p (IN)
                         net (fo=0)                   0.000     0.000    sys_clk_p
    AD12                 IBUFDS (Prop_ibufds_I_O)     0.906     0.906 r  i_bufds_sys_clk/O
                         net (fo=65, unplaced)        1.098     2.004    i_dram_wrapper/i_dram/u_mig7s_mig/temp_mon_enabled.u_tempmon/mmcm_clk
                         FDRE                                         r  i_dram_wrapper/i_dram/u_mig7s_mig/temp_mon_enabled.u_tempmon/xadc_supplied_temperature.rst_r2_reg/C
  -------------------------------------------------------------------    -------------------
                         FDRE (Prop_fdre_C_Q)         0.249     2.253 r  i_dram_wrapper/i_dram/u_mig7s_mig/temp_mon_enabled.u_tempmon/xadc_supplied_temperature.rst_r2_reg/Q
                         net (fo=32, unplaced)        0.338     2.591    i_dram_wrapper/i_dram/u_mig7s_mig/temp_mon_enabled.u_tempmon/xadc_supplied_temperature.rst_r2
                         LUT2 (Prop_lut2_I0_O)        0.123     2.714 r  i_dram_wrapper/i_dram/u_mig7s_mig/temp_mon_enabled.u_tempmon/xadc_supplied_temperature.sample_timer[10]_i_1/O
                         net (fo=11, unplaced)        0.639     3.353    i_dram_wrapper/i_dram/u_mig7s_mig/temp_mon_enabled.u_tempmon/xadc_supplied_temperature.sample_timer0
                         FDRE                                         r  i_dram_wrapper/i_dram/u_mig7s_mig/temp_mon_enabled.u_tempmon/xadc_supplied_temperature.sample_timer_reg[0]/R
  -------------------------------------------------------------------    -------------------

                         (clock sys_clk rise edge)    5.000     5.000 r  
    AD12                                              0.000     5.000 r  sys_clk_p (IN)
                         net (fo=0)                   0.000     5.000    sys_clk_p
    AD12                 IBUFDS (Prop_ibufds_I_O)     0.803     5.803 r  i_bufds_sys_clk/O
                         net (fo=65, unplaced)        0.953     6.756    i_dram_wrapper/i_dram/u_mig7s_mig/temp_mon_enabled.u_tempmon/mmcm_clk
                         FDRE                                         r  i_dram_wrapper/i_dram/u_mig7s_mig/temp_mon_enabled.u_tempmon/xadc_supplied_temperature.sample_timer_reg[0]/C
                         clock pessimism              0.102     6.859    
                         clock uncertainty           -0.035     6.823    
                         FDRE (Setup_fdre_C_R)       -0.306     6.517    i_dram_wrapper/i_dram/u_mig7s_mig/temp_mon_enabled.u_tempmon/xadc_supplied_temperature.sample_timer_reg[0]
  -------------------------------------------------------------------
                         required time                          6.517    
                         arrival time                          -3.353    
  -------------------------------------------------------------------
                         slack                                  3.165    





Min Delay Paths
--------------------------------------------------------------------------------------
Slack (VIOLATED) :        -0.032ns  (arrival time - required time)
  Source:                 i_dram_wrapper/i_dram/u_mig7s_mig/temp_mon_enabled.u_tempmon/xadc_supplied_temperature.rst_r1_reg/C
                            (rising edge-triggered cell FDRE clocked by sys_clk  {rise@0.000ns fall@2.500ns period=5.000ns})
  Destination:            i_dram_wrapper/i_dram/u_mig7s_mig/temp_mon_enabled.u_tempmon/xadc_supplied_temperature.rst_r2_reg/D
                            (rising edge-triggered cell FDRE clocked by sys_clk  {rise@0.000ns fall@2.500ns period=5.000ns})
  Path Group:             sys_clk
  Path Type:              Hold (Min at Fast Process Corner)
  Requirement:            0.000ns  (sys_clk rise@0.000ns - sys_clk rise@0.000ns)
  Data Path Delay:        0.171ns  (logic 0.114ns (66.849%)  route 0.057ns (33.151%))
  Logic Levels:           0  
  Clock Path Skew:        0.145ns (DCD - SCD - CPR)
    Destination Clock Delay (DCD):    1.043ns
    Source Clock Delay      (SCD):    0.817ns
    Clock Pessimism Removal (CPR):    0.081ns

    Location             Delay type                Incr(ns)  Path(ns)    Netlist Resource(s)
  -------------------------------------------------------------------    -------------------
                         (clock sys_clk rise edge)    0.000     0.000 r  
    AD12                                              0.000     0.000 r  sys_clk_p (IN)
                         net (fo=0)                   0.000     0.000    sys_clk_p
    AD12                 IBUFDS (Prop_ibufds_I_O)     0.388     0.388 r  i_bufds_sys_clk/O
                         net (fo=65, unplaced)        0.428     0.817    i_dram_wrapper/i_dram/u_mig7s_mig/temp_mon_enabled.u_tempmon/mmcm_clk
                         FDRE                                         r  i_dram_wrapper/i_dram/u_mig7s_mig/temp_mon_enabled.u_tempmon/xadc_supplied_temperature.rst_r1_reg/C
  -------------------------------------------------------------------    -------------------
                         FDRE (Prop_fdre_C_Q)         0.114     0.931 r  i_dram_wrapper/i_dram/u_mig7s_mig/temp_mon_enabled.u_tempmon/xadc_supplied_temperature.rst_r1_reg/Q
                         net (fo=1, unplaced)         0.057     0.987    i_dram_wrapper/i_dram/u_mig7s_mig/temp_mon_enabled.u_tempmon/xadc_supplied_temperature.rst_r1
                         FDRE                                         r  i_dram_wrapper/i_dram/u_mig7s_mig/temp_mon_enabled.u_tempmon/xadc_supplied_temperature.rst_r2_reg/D
  -------------------------------------------------------------------    -------------------

                         (clock sys_clk rise edge)    0.000     0.000 r  
    AD12                                              0.000     0.000 r  sys_clk_p (IN)
                         net (fo=0)                   0.000     0.000    sys_clk_p
    AD12                 IBUFDS (Prop_ibufds_I_O)     0.470     0.470 r  i_bufds_sys_clk/O
                         net (fo=65, unplaced)        0.573     1.043    i_dram_wrapper/i_dram/u_mig7s_mig/temp_mon_enabled.u_tempmon/mmcm_clk
                         FDRE                                         r  i_dram_wrapper/i_dram/u_mig7s_mig/temp_mon_enabled.u_tempmon/xadc_supplied_temperature.rst_r2_reg/C
                         clock pessimism             -0.081     0.962    
                         FDRE (Hold_fdre_C_D)         0.058     1.020    i_dram_wrapper/i_dram/u_mig7s_mig/temp_mon_enabled.u_tempmon/xadc_supplied_temperature.rst_r2_reg
  -------------------------------------------------------------------
                         required time                         -1.020    
                         arrival time                           0.987    
  -------------------------------------------------------------------
                         slack                                 -0.032    





Pulse Width Checks
--------------------------------------------------------------------------------------
Clock Name:         sys_clk
Waveform(ns):       { 0.000 2.500 }
Period(ns):         5.000
Sources:            { sys_clk_p }

Check Type        Corner  Lib Pin            Reference Pin  Required(ns)  Actual(ns)  Slack(ns)  Location  Pin
Min Period        n/a     XADC/DCLK          n/a            4.000         5.000       1.000                i_dram_wrapper/i_dram/u_mig7s_mig/temp_mon_enabled.u_tempmon/xadc_supplied_temperature.XADC_inst/DCLK
Max Period        n/a     IDELAYCTRL/REFCLK  n/a            5.264         5.000       0.264                i_dram_wrapper/i_dram/u_mig7s_mig/u_iodelay_ctrl/u_idelayctrl_200/REFCLK
Low Pulse Width   Slow    MMCME2_ADV/CLKIN1  n/a            1.400         2.500       1.100                i_clkwiz/inst/mmcm_adv_inst/CLKIN1
High Pulse Width  Slow    MMCME2_ADV/CLKIN1  n/a            1.400         2.500       1.100                i_clkwiz/inst/mmcm_adv_inst/CLKIN1



---------------------------------------------------------------------------------------------------
From Clock:  clk_10_clkwiz
  To Clock:  clk_10_clkwiz

Setup :           NA  Failing Endpoints,  Worst Slack           NA  ,  Total Violation           NA
Hold  :           NA  Failing Endpoints,  Worst Slack           NA  ,  Total Violation           NA
PW    :            0  Failing Endpoints,  Worst Slack       98.591ns,  Total Violation        0.000ns
---------------------------------------------------------------------------------------------------


Pulse Width Checks
--------------------------------------------------------------------------------------
Clock Name:         clk_10_clkwiz
Waveform(ns):       { 0.000 50.000 }
Period(ns):         100.000
Sources:            { i_clkwiz/inst/mmcm_adv_inst/CLKOUT3 }

Check Type  Corner  Lib Pin             Reference Pin  Required(ns)  Actual(ns)  Slack(ns)  Location  Pin
Min Period  n/a     BUFG/I              n/a            1.408         100.000     98.591               i_clkwiz/inst/clkout4_buf/I
Max Period  n/a     MMCME2_ADV/CLKOUT3  n/a            213.360       100.000     113.360              i_clkwiz/inst/mmcm_adv_inst/CLKOUT3



---------------------------------------------------------------------------------------------------
From Clock:  clk_20_clkwiz
  To Clock:  clk_20_clkwiz

Setup :           NA  Failing Endpoints,  Worst Slack           NA  ,  Total Violation           NA
Hold  :           NA  Failing Endpoints,  Worst Slack           NA  ,  Total Violation           NA
PW    :            0  Failing Endpoints,  Worst Slack       48.592ns,  Total Violation        0.000ns
---------------------------------------------------------------------------------------------------


Pulse Width Checks
--------------------------------------------------------------------------------------
Clock Name:         clk_20_clkwiz
Waveform(ns):       { 0.000 25.000 }
Period(ns):         50.000
Sources:            { i_clkwiz/inst/mmcm_adv_inst/CLKOUT2 }

Check Type  Corner  Lib Pin             Reference Pin  Required(ns)  Actual(ns)  Slack(ns)  Location  Pin
Min Period  n/a     BUFG/I              n/a            1.408         50.000      48.592               i_clkwiz/inst/clkout3_buf/I
Max Period  n/a     MMCME2_ADV/CLKOUT2  n/a            213.360       50.000      163.360              i_clkwiz/inst/mmcm_adv_inst/CLKOUT2



---------------------------------------------------------------------------------------------------
From Clock:  clk_48_clkwiz
  To Clock:  clk_48_clkwiz

Setup :           NA  Failing Endpoints,  Worst Slack           NA  ,  Total Violation           NA
Hold  :           NA  Failing Endpoints,  Worst Slack           NA  ,  Total Violation           NA
PW    :            0  Failing Endpoints,  Worst Slack       19.425ns,  Total Violation        0.000ns
---------------------------------------------------------------------------------------------------


Pulse Width Checks
--------------------------------------------------------------------------------------
Clock Name:         clk_48_clkwiz
Waveform(ns):       { 0.000 10.417 }
Period(ns):         20.833
Sources:            { i_clkwiz/inst/mmcm_adv_inst/CLKOUT1 }

Check Type  Corner  Lib Pin             Reference Pin  Required(ns)  Actual(ns)  Slack(ns)  Location  Pin
Min Period  n/a     BUFG/I              n/a            1.408         20.833      19.425               i_clkwiz/inst/clkout2_buf/I
Max Period  n/a     MMCME2_ADV/CLKOUT1  n/a            213.360       20.833      192.527              i_clkwiz/inst/mmcm_adv_inst/CLKOUT1



---------------------------------------------------------------------------------------------------
From Clock:  clk_50_clkwiz
  To Clock:  clk_50_clkwiz

Setup :            0  Failing Endpoints,  Worst Slack        0.494ns,  Total Violation        0.000ns
Hold  :          174  Failing Endpoints,  Worst Slack       -0.072ns,  Total Violation       -7.745ns
PW    :            0  Failing Endpoints,  Worst Slack        9.650ns,  Total Violation        0.000ns
---------------------------------------------------------------------------------------------------


Max Delay Paths
--------------------------------------------------------------------------------------
Slack (MET) :             0.494ns  (required time - arrival time)
  Source:                 i_cheshire_soc/gen_llc_atomics.i_llc_atomics_cut/i_reg_b/spill_register_flushable_i/gen_spill_reg.b_data_q_reg[id][0]/C
                            (rising edge-triggered cell FDCE clocked by clk_50_clkwiz  {rise@0.000ns fall@10.000ns period=20.000ns})
  Destination:            i_cheshire_soc/gen_llc_atomics.i_llc_atomics/i_axi_riscv_atomics_wrap/i_atomics/i_lrsc/i_write_in_flight_queue/gen_data_ffs[1].linked_data_q_reg[1][next][0]/CE
                            (rising edge-triggered cell FDCE clocked by clk_50_clkwiz  {rise@0.000ns fall@10.000ns period=20.000ns})
  Path Group:             clk_50_clkwiz
  Path Type:              Setup (Max at Slow Process Corner)
  Requirement:            20.000ns  (clk_50_clkwiz rise@20.000ns - clk_50_clkwiz rise@0.000ns)
  Data Path Delay:        19.092ns  (logic 2.704ns (14.163%)  route 16.388ns (85.837%))
  Logic Levels:           46  (CARRY4=4 LUT2=2 LUT3=5 LUT4=7 LUT5=7 LUT6=21)
  Clock Path Skew:        -0.145ns (DCD - SCD + CPR)
    Destination Clock Delay (DCD):    -1.567ns = ( 18.433 - 20.000 ) 
    Source Clock Delay      (SCD):    -2.069ns
    Clock Pessimism Removal (CPR):    -0.648ns
  Clock Uncertainty:      0.070ns  ((TSJ^2 + DJ^2)^1/2) / 2 + PE
    Total System Jitter     (TSJ):    0.071ns
    Discrete Jitter          (DJ):    0.121ns
    Phase Error              (PE):    0.000ns

    Location             Delay type                Incr(ns)  Path(ns)    Netlist Resource(s)
  -------------------------------------------------------------------    -------------------
                         (clock clk_50_clkwiz rise edge)
                                                      0.000     0.000 r  
    AD12                                              0.000     0.000 r  sys_clk_p (IN)
                         net (fo=0)                   0.000     0.000    sys_clk_p
    AD12                 IBUFDS (Prop_ibufds_I_O)     0.906     0.906 r  i_bufds_sys_clk/O
                         net (fo=65, unplaced)        1.098     2.004    i_clkwiz/inst/clk_in1
                         MMCME2_ADV (Prop_mmcme2_adv_CLKIN1_CLKOUT0)
                                                     -5.216    -3.212 r  i_clkwiz/inst/mmcm_adv_inst/CLKOUT0
                         net (fo=1, unplaced)         0.466    -2.746    i_clkwiz/inst/clk_50_clkwiz
                         BUFG (Prop_bufg_I_O)         0.093    -2.653 r  i_clkwiz/inst/clkout1_buf/O
                         net (fo=86229, unplaced)     0.584    -2.069    i_cheshire_soc/gen_llc_atomics.i_llc_atomics_cut/i_reg_b/spill_register_flushable_i/clk_50
                         FDCE                                         r  i_cheshire_soc/gen_llc_atomics.i_llc_atomics_cut/i_reg_b/spill_register_flushable_i/gen_spill_reg.b_data_q_reg[id][0]/C
  -------------------------------------------------------------------    -------------------
                         FDCE (Prop_fdce_C_Q)         0.223    -1.846 r  i_cheshire_soc/gen_llc_atomics.i_llc_atomics_cut/i_reg_b/spill_register_flushable_i/gen_spill_reg.b_data_q_reg[id][0]/Q
                         net (fo=1, unplaced)         0.416    -1.430    i_cheshire_soc/gen_llc_atomics.i_llc_atomics_cut/i_reg_b/spill_register_flushable_i/gen_spill_reg.b_data_q_reg[id_n_0_][0]
                         LUT3 (Prop_lut3_I0_O)        0.123    -1.307 r  i_cheshire_soc/gen_llc_atomics.i_llc_atomics_cut/i_reg_b/spill_register_flushable_i/data_o[id][0]_i_3/O
                         net (fo=19, unplaced)        0.329    -0.978    i_cheshire_soc/gen_llc_atomics.i_llc_atomics_cut/i_reg_b/spill_register_flushable_i/gen_spill_reg.b_data_q_reg[id][0]_0
                         LUT3 (Prop_lut3_I2_O)        0.043    -0.935 r  i_cheshire_soc/gen_llc_atomics.i_llc_atomics_cut/i_reg_b/spill_register_flushable_i/gen_ht_ffs[9].head_tail_q[9][free]_i_11/O
                         net (fo=1, unplaced)         0.407    -0.528    i_cheshire_soc/gen_llc_atomics.i_llc_atomics/i_axi_riscv_atomics_wrap/i_atomics/i_lrsc/i_b_inj_fifo/gen_ht_ffs[0].head_tail_q[0][id][2]_i_13
                         LUT6 (Prop_lut6_I1_O)        0.043    -0.485 r  i_cheshire_soc/gen_llc_atomics.i_llc_atomics/i_axi_riscv_atomics_wrap/i_atomics/i_lrsc/i_b_inj_fifo/gen_ht_ffs[9].head_tail_q[9][free]_i_7__0/O
                         net (fo=18, unplaced)        0.327    -0.158    i_cheshire_soc/gen_llc_atomics.i_llc_atomics/i_axi_riscv_atomics_wrap/i_atomics/i_lrsc/i_b_status_queue/b_status_oup_id[0]
                         LUT6 (Prop_lut6_I2_O)        0.043    -0.115 r  i_cheshire_soc/gen_llc_atomics.i_llc_atomics/i_axi_riscv_atomics_wrap/i_atomics/i_lrsc/i_b_status_queue/gen_ht_ffs[0].head_tail_q[0][id][3]_i_53/O
                         net (fo=2, unplaced)         0.753     0.638    i_cheshire_soc/gen_llc_atomics.i_llc_atomics/i_axi_riscv_atomics_wrap/i_atomics/i_lrsc/i_b_status_queue/gen_ht_ffs[0].head_tail_q[0][id][3]_i_53_n_0
                         LUT6 (Prop_lut6_I0_O)        0.043     0.681 f  i_cheshire_soc/gen_llc_atomics.i_llc_atomics/i_axi_riscv_atomics_wrap/i_atomics/i_lrsc/i_b_status_queue/gen_ht_ffs[0].head_tail_q[0][id][3]_i_27/O
                         net (fo=1, unplaced)         0.532     1.213    i_cheshire_soc/gen_llc_atomics.i_llc_atomics/i_axi_riscv_atomics_wrap/i_atomics/i_lrsc/i_b_status_queue/gen_ht_ffs[0].head_tail_q[0][id][3]_i_27_n_0
                         LUT6 (Prop_lut6_I0_O)        0.043     1.256 f  i_cheshire_soc/gen_llc_atomics.i_llc_atomics/i_axi_riscv_atomics_wrap/i_atomics/i_lrsc/i_b_status_queue/gen_ht_ffs[0].head_tail_q[0][id][3]_i_12/O
                         net (fo=36, unplaced)        0.481     1.737    i_cheshire_soc/gen_llc_atomics.i_llc_atomics/i_axi_riscv_atomics_wrap/i_atomics/i_lrsc/i_b_status_queue/match_out_idx[3]
                         LUT4 (Prop_lut4_I1_O)        0.043     1.780 r  i_cheshire_soc/gen_llc_atomics.i_llc_atomics/i_axi_riscv_atomics_wrap/i_atomics/i_lrsc/i_b_status_queue/gen_ht_ffs[2].head_tail_q[2][free]_i_5/O
                         net (fo=28, unplaced)        0.475     2.255    i_cheshire_soc/gen_llc_atomics.i_llc_atomics/i_axi_riscv_atomics_wrap/i_atomics/i_lrsc/i_b_status_queue/gen_ht_ffs[2].head_tail_q[2][free]_i_5_n_0
                         LUT6 (Prop_lut6_I0_O)        0.043     2.298 r  i_cheshire_soc/gen_llc_atomics.i_llc_atomics/i_axi_riscv_atomics_wrap/i_atomics/i_lrsc/i_b_status_queue/gen_ht_ffs[15].head_tail_q[15][head][2]_i_12/O
                         net (fo=1, unplaced)         0.742     3.040    i_cheshire_soc/gen_llc_atomics.i_llc_atomics/i_axi_riscv_atomics_wrap/i_atomics/i_lrsc/i_b_status_queue/gen_ht_ffs[15].head_tail_q[15][head][2]_i_12_n_0
                         LUT6 (Prop_lut6_I1_O)        0.043     3.083 r  i_cheshire_soc/gen_llc_atomics.i_llc_atomics/i_axi_riscv_atomics_wrap/i_atomics/i_lrsc/i_b_status_queue/gen_ht_ffs[15].head_tail_q[15][head][2]_i_7/O
                         net (fo=40, unplaced)        0.319     3.402    i_cheshire_soc/gen_llc_atomics.i_llc_atomics/i_axi_riscv_atomics_wrap/i_atomics/i_lrsc/i_b_status_queue/gen_ht_ffs[15].head_tail_q[15][head][2]_i_7_n_0
                         LUT6 (Prop_lut6_I4_O)        0.043     3.445 r  i_cheshire_soc/gen_llc_atomics.i_llc_atomics/i_axi_riscv_atomics_wrap/i_atomics/i_lrsc/i_b_status_queue/data_o[id][3]_i_11/O
                         net (fo=2, unplaced)         0.281     3.726    i_cheshire_soc/gen_llc_atomics.i_llc_atomics/i_axi_riscv_atomics_wrap/i_atomics/i_lrsc/i_b_status_queue/data_o[id][3]_i_11_n_0
                         LUT6 (Prop_lut6_I3_O)        0.043     3.769 f  i_cheshire_soc/gen_llc_atomics.i_llc_atomics/i_axi_riscv_atomics_wrap/i_atomics/i_lrsc/i_b_status_queue/data_o[id][3]_i_3/O
                         net (fo=3, unplaced)         0.288     4.057    i_cheshire_soc/gen_llc_atomics.i_llc_atomics/i_axi_riscv_atomics_wrap/i_atomics/i_lrsc/i_b_status_queue/slv_b_valid43_in
                         LUT4 (Prop_lut4_I3_O)        0.043     4.100 r  i_cheshire_soc/gen_llc_atomics.i_llc_atomics/i_axi_riscv_atomics_wrap/i_atomics/i_lrsc/i_b_status_queue/gen_ht_ffs[15].head_tail_q[15][head][3]_i_4/O
                         net (fo=230, unplaced)       0.390     4.490    i_cheshire_soc/gen_llc_atomics.i_llc_atomics/i_axi_riscv_atomics_wrap/i_atomics/i_lrsc/i_b_status_queue/gen_ht_ffs[15].head_tail_q[15][head][3]_i_4_n_0
                         LUT6 (Prop_lut6_I2_O)        0.043     4.533 f  i_cheshire_soc/gen_llc_atomics.i_llc_atomics/i_axi_riscv_atomics_wrap/i_atomics/i_lrsc/i_b_status_queue/gen_ht_ffs[1].head_tail_q[1][id][3]_i_6__0/O
                         net (fo=58, unplaced)        0.356     4.889    i_cheshire_soc/gen_llc_atomics.i_llc_atomics/i_axi_riscv_atomics_wrap/i_atomics/i_axi_wide_in_cut/gen_axi_cut.gen_axi_cuts[0].i_cut/i_reg_ar/spill_register_flushable_i/aw_wifq_exists_inp1
                         LUT4 (Prop_lut4_I0_O)        0.043     4.932 f  i_cheshire_soc/gen_llc_atomics.i_llc_atomics/i_axi_riscv_atomics_wrap/i_atomics/i_axi_wide_in_cut/gen_axi_cut.gen_axi_cuts[0].i_cut/i_reg_ar/spill_register_flushable_i/gen_arbiter.gen_int_rr.rr_q[0]_i_5/O
                         net (fo=5, unplaced)         0.298     5.230    i_cheshire_soc/gen_llc_atomics.i_llc_atomics/i_axi_riscv_atomics_wrap/i_atomics/i_lrsc/i_b_status_queue/aw_wifq_exists_inp35_out
                         LUT3 (Prop_lut3_I2_O)        0.043     5.273 f  i_cheshire_soc/gen_llc_atomics.i_llc_atomics/i_axi_riscv_atomics_wrap/i_atomics/i_lrsc/i_b_status_queue/gen_arbiter.gen_int_rr.rr_q[0]_i_2/O
                         net (fo=22, unplaced)        0.332     5.605    i_cheshire_soc/gen_llc_atomics.i_llc_atomics/i_axi_riscv_atomics_wrap/i_atomics/i_lrsc/i_wifq_exists_arb/i_arb/gen_rr_arb.i_arbiter/gen_arbiter.gen_int_rr.rr_q_reg[0]_8
                         LUT5 (Prop_lut5_I4_O)        0.049     5.654 r  i_cheshire_soc/gen_llc_atomics.i_llc_atomics/i_axi_riscv_atomics_wrap/i_atomics/i_lrsc/i_wifq_exists_arb/i_arb/gen_rr_arb.i_arbiter/gen_ht_ffs[1].head_tail_q[1][id][3]_i_218/O
                         net (fo=76, unplaced)        0.363     6.017    i_cheshire_soc/gen_llc_atomics.i_llc_atomics/i_axi_riscv_atomics_wrap/i_atomics/i_lrsc/i_b_status_queue/gen_ht_ffs[1].head_tail_q[1][id][3]_i_66
                         LUT3 (Prop_lut3_I2_O)        0.043     6.060 r  i_cheshire_soc/gen_llc_atomics.i_llc_atomics/i_axi_riscv_atomics_wrap/i_atomics/i_lrsc/i_b_status_queue/gen_ht_ffs[1].head_tail_q[1][id][3]_i_215/O
                         net (fo=14, unplaced)        0.321     6.381    i_cheshire_soc/gen_llc_atomics.i_llc_atomics/i_axi_riscv_atomics_wrap/i_atomics/i_lrsc/i_write_in_flight_queue/wifq_exists_inp[data][addr][1]
                         LUT6 (Prop_lut6_I5_O)        0.043     6.424 f  i_cheshire_soc/gen_llc_atomics.i_llc_atomics/i_axi_riscv_atomics_wrap/i_atomics/i_lrsc/i_write_in_flight_queue/gen_ht_ffs[1].head_tail_q[1][id][3]_i_551/O
                         net (fo=1, unplaced)         0.270     6.694    i_cheshire_soc/gen_llc_atomics.i_llc_atomics/i_axi_riscv_atomics_wrap/i_atomics/i_lrsc/i_write_in_flight_queue/gen_ht_ffs[1].head_tail_q[1][id][3]_i_551_n_0
                         LUT6 (Prop_lut6_I5_O)        0.043     6.737 f  i_cheshire_soc/gen_llc_atomics.i_llc_atomics/i_axi_riscv_atomics_wrap/i_atomics/i_lrsc/i_write_in_flight_queue/gen_ht_ffs[1].head_tail_q[1][id][3]_i_480/O
                         net (fo=1, unplaced)         0.742     7.479    i_cheshire_soc/gen_llc_atomics.i_llc_atomics/i_axi_riscv_atomics_wrap/i_atomics/i_lrsc/i_write_in_flight_queue/gen_ht_ffs[1].head_tail_q[1][id][3]_i_480_n_0
                         LUT6 (Prop_lut6_I2_O)        0.043     7.522 f  i_cheshire_soc/gen_llc_atomics.i_llc_atomics/i_axi_riscv_atomics_wrap/i_atomics/i_lrsc/i_write_in_flight_queue/gen_ht_ffs[1].head_tail_q[1][id][3]_i_317/O
                         net (fo=1, unplaced)         0.270     7.792    i_cheshire_soc/gen_llc_atomics.i_llc_atomics/i_axi_riscv_atomics_wrap/i_atomics/i_lrsc/i_write_in_flight_queue/gen_ht_ffs[1].head_tail_q[1][id][3]_i_317_n_0
                         LUT5 (Prop_lut5_I4_O)        0.043     7.835 r  i_cheshire_soc/gen_llc_atomics.i_llc_atomics/i_axi_riscv_atomics_wrap/i_atomics/i_lrsc/i_write_in_flight_queue/gen_ht_ffs[1].head_tail_q[1][id][3]_i_132/O
                         net (fo=1, unplaced)         0.270     8.105    i_cheshire_soc/gen_llc_atomics.i_llc_atomics/i_axi_riscv_atomics_wrap/i_atomics/i_lrsc/i_write_in_flight_queue/gen_ht_ffs[1].head_tail_q[1][id][3]_i_132_n_0
                         LUT6 (Prop_lut6_I5_O)        0.043     8.148 f  i_cheshire_soc/gen_llc_atomics.i_llc_atomics/i_axi_riscv_atomics_wrap/i_atomics/i_lrsc/i_write_in_flight_queue/gen_ht_ffs[1].head_tail_q[1][id][3]_i_48/O
                         net (fo=1, unplaced)         0.270     8.418    i_cheshire_soc/gen_llc_atomics.i_llc_atomics/i_axi_riscv_atomics_wrap/i_atomics/i_lrsc/i_write_in_flight_queue/gen_ht_ffs[1].head_tail_q[1][id][3]_i_48_n_0
                         LUT6 (Prop_lut6_I0_O)        0.043     8.461 f  i_cheshire_soc/gen_llc_atomics.i_llc_atomics/i_axi_riscv_atomics_wrap/i_atomics/i_lrsc/i_write_in_flight_queue/gen_ht_ffs[1].head_tail_q[1][id][3]_i_25/O
                         net (fo=1, unplaced)         0.270     8.731    i_cheshire_soc/gen_llc_atomics.i_llc_atomics/i_axi_riscv_atomics_wrap/i_atomics/i_lrsc/i_write_in_flight_queue/gen_ht_ffs[1].head_tail_q[1][id][3]_i_25_n_0
                         LUT6 (Prop_lut6_I4_O)        0.043     8.774 r  i_cheshire_soc/gen_llc_atomics.i_llc_atomics/i_axi_riscv_atomics_wrap/i_atomics/i_lrsc/i_write_in_flight_queue/gen_ht_ffs[1].head_tail_q[1][id][3]_i_16/O
                         net (fo=2, unplaced)         0.281     9.055    i_cheshire_soc/gen_llc_atomics.i_llc_atomics/i_axi_riscv_atomics_wrap/i_atomics/i_lrsc/i_wifq_exists_arb/i_arb/gen_rr_arb.i_arbiter/wifq_exists
                         LUT6 (Prop_lut6_I5_O)        0.043     9.098 f  i_cheshire_soc/gen_llc_atomics.i_llc_atomics/i_axi_riscv_atomics_wrap/i_atomics/i_lrsc/i_wifq_exists_arb/i_arb/gen_rr_arb.i_arbiter/gen_ht_ffs[1].head_tail_q[1][id][3]_i_8__0/O
                         net (fo=15, unplaced)        0.323     9.421    i_cheshire_soc/gen_llc_atomics.i_llc_atomics/i_axi_riscv_atomics_wrap/i_atomics/i_lrsc/i_b_status_queue/mem_q_reg[1][id][3]
                         LUT6 (Prop_lut6_I3_O)        0.043     9.464 r  i_cheshire_soc/gen_llc_atomics.i_llc_atomics/i_axi_riscv_atomics_wrap/i_atomics/i_lrsc/i_b_status_queue/p_0_out_carry_i_17/O
                         net (fo=60, unplaced)        0.357     9.821    i_cheshire_soc/gen_llc_atomics.i_llc_atomics/i_axi_riscv_atomics_wrap/i_atomics/i_lrsc/i_b_status_queue/p_0_out_carry_i_17_n_0
                         LUT4 (Prop_lut4_I0_O)        0.043     9.864 r  i_cheshire_soc/gen_llc_atomics.i_llc_atomics/i_axi_riscv_atomics_wrap/i_atomics/i_lrsc/i_b_status_queue/p_0_out_carry_i_11/O
                         net (fo=2, unplaced)         0.418    10.282    i_cheshire_soc/gen_llc_atomics.i_llc_atomics/i_axi_riscv_atomics_wrap/i_atomics/i_lrsc/i_b_status_queue/p_0_out_carry_i_11_n_0
                         LUT6 (Prop_lut6_I0_O)        0.043    10.325 r  i_cheshire_soc/gen_llc_atomics.i_llc_atomics/i_axi_riscv_atomics_wrap/i_atomics/i_lrsc/i_b_status_queue/check_res_o0_carry_i_3/O
                         net (fo=1, unplaced)         0.000    10.325    i_cheshire_soc/gen_llc_atomics.i_llc_atomics/i_axi_riscv_atomics_wrap/i_atomics/i_lrsc/i_art/check_res_o0_carry__0_0[1]
                         CARRY4 (Prop_carry4_S[1]_CO[3])
                                                      0.267    10.592 r  i_cheshire_soc/gen_llc_atomics.i_llc_atomics/i_axi_riscv_atomics_wrap/i_atomics/i_lrsc/i_art/check_res_o0_carry/CO[3]
                         net (fo=1, unplaced)         0.007    10.599    i_cheshire_soc/gen_llc_atomics.i_llc_atomics/i_axi_riscv_atomics_wrap/i_atomics/i_lrsc/i_art/check_res_o0_carry_n_0
                         CARRY4 (Prop_carry4_CI_CO[3])
                                                      0.053    10.652 r  i_cheshire_soc/gen_llc_atomics.i_llc_atomics/i_axi_riscv_atomics_wrap/i_atomics/i_lrsc/i_art/check_res_o0_carry__0/CO[3]
                         net (fo=1, unplaced)         0.000    10.652    i_cheshire_soc/gen_llc_atomics.i_llc_atomics/i_axi_riscv_atomics_wrap/i_atomics/i_lrsc/i_art/check_res_o0_carry__0_n_0
                         CARRY4 (Prop_carry4_CI_CO[3])
                                                      0.053    10.705 r  i_cheshire_soc/gen_llc_atomics.i_llc_atomics/i_axi_riscv_atomics_wrap/i_atomics/i_lrsc/i_art/check_res_o0_carry__1/CO[3]
                         net (fo=1, unplaced)         0.000    10.705    i_cheshire_soc/gen_llc_atomics.i_llc_atomics/i_axi_riscv_atomics_wrap/i_atomics/i_lrsc/i_art/check_res_o0_carry__1_n_0
                         CARRY4 (Prop_carry4_CI_CO[2])
                                                      0.125    10.830 r  i_cheshire_soc/gen_llc_atomics.i_llc_atomics/i_axi_riscv_atomics_wrap/i_atomics/i_lrsc/i_art/check_res_o0_carry__2/CO[2]
                         net (fo=2, unplaced)         0.281    11.111    i_cheshire_soc/gen_llc_atomics.i_llc_atomics/i_axi_riscv_atomics_wrap/i_atomics/i_lrsc/i_art/check_res_o0__14
                         LUT5 (Prop_lut5_I0_O)        0.128    11.239 r  i_cheshire_soc/gen_llc_atomics.i_llc_atomics/i_axi_riscv_atomics_wrap/i_atomics/i_lrsc/i_art/mem_q[15][forward]_i_5/O
                         net (fo=5, unplaced)         0.298    11.537    i_cheshire_soc/gen_llc_atomics.i_llc_atomics/i_axi_riscv_atomics_wrap/i_atomics/i_lrsc/i_wifq_exists_arb/i_arb/gen_rr_arb.i_arbiter/art_check_res
                         LUT6 (Prop_lut6_I4_O)        0.043    11.580 r  i_cheshire_soc/gen_llc_atomics.i_llc_atomics/i_axi_riscv_atomics_wrap/i_atomics/i_lrsc/i_wifq_exists_arb/i_arb/gen_rr_arb.i_arbiter/mem_q[15][forward]_i_3/O
                         net (fo=7, unplaced)         0.305    11.885    i_cheshire_soc/gen_llc_atomics.i_llc_atomics/i_axi_riscv_atomics_wrap/i_atomics/i_lrsc/i_aw_trans_reg/i_fifo/mem_q_reg[0][addr][47]_1
                         LUT6 (Prop_lut6_I3_O)        0.043    11.928 r  i_cheshire_soc/gen_llc_atomics.i_llc_atomics/i_axi_riscv_atomics_wrap/i_atomics/i_lrsc/i_aw_trans_reg/i_fifo/data_o[burst]__0_i_2/O
                         net (fo=64, unplaced)        0.358    12.286    i_cheshire_soc/gen_llc_atomics.i_llc_atomics/i_axi_riscv_atomics_wrap/i_atomics/i_lrsc/i_aw_trans_reg/i_fifo/aw_wait_q_reg
                         LUT4 (Prop_lut4_I3_O)        0.043    12.329 r  i_cheshire_soc/gen_llc_atomics.i_llc_atomics/i_axi_riscv_atomics_wrap/i_atomics/i_lrsc/i_aw_trans_reg/i_fifo/gen_spill_reg.a_data_q[id][0]_i_1/O
                         net (fo=65, unplaced)        0.359    12.688    i_cheshire_soc/gen_llc_atomics.i_llc_atomics/i_axi_riscv_atomics_wrap/i_atomics/i_lrsc/i_write_in_flight_queue/gen_ht_ffs[0].head_tail_q_reg[0][id][0]_0
                         LUT5 (Prop_lut5_I3_O)        0.043    12.731 f  i_cheshire_soc/gen_llc_atomics.i_llc_atomics/i_axi_riscv_atomics_wrap/i_atomics/i_lrsc/i_write_in_flight_queue/gen_ht_ffs[0].head_tail_q[0][id][3]_i_78__0/O
                         net (fo=1, unplaced)         0.270    13.001    i_cheshire_soc/gen_llc_atomics.i_llc_atomics/i_axi_riscv_atomics_wrap/i_atomics/i_lrsc/i_write_in_flight_queue/gen_ht_ffs[0].head_tail_q[0][id][3]_i_78__0_n_0
                         LUT5 (Prop_lut5_I4_O)        0.043    13.044 f  i_cheshire_soc/gen_llc_atomics.i_llc_atomics/i_axi_riscv_atomics_wrap/i_atomics/i_lrsc/i_write_in_flight_queue/gen_ht_ffs[0].head_tail_q[0][id][3]_i_61__0/O
                         net (fo=1, unplaced)         0.270    13.314    i_cheshire_soc/gen_llc_atomics.i_llc_atomics/i_axi_riscv_atomics_wrap/i_atomics/i_lrsc/i_write_in_flight_queue/gen_ht_ffs[0].head_tail_q[0][id][3]_i_61__0_n_0
                         LUT4 (Prop_lut4_I2_O)        0.043    13.357 r  i_cheshire_soc/gen_llc_atomics.i_llc_atomics/i_axi_riscv_atomics_wrap/i_atomics/i_lrsc/i_write_in_flight_queue/gen_ht_ffs[0].head_tail_q[0][id][3]_i_37__0/O
                         net (fo=6, unplaced)         0.774    14.131    i_cheshire_soc/gen_llc_atomics.i_llc_atomics/i_axi_riscv_atomics_wrap/i_atomics/i_lrsc/i_write_in_flight_queue/idx_matches_in_id[5]
                         LUT5 (Prop_lut5_I0_O)        0.043    14.174 r  i_cheshire_soc/gen_llc_atomics.i_llc_atomics/i_axi_riscv_atomics_wrap/i_atomics/i_lrsc/i_write_in_flight_queue/gen_ht_ffs[15].head_tail_q[15][tail][3]_i_8__0/O
                         net (fo=32, unplaced)        0.341    14.515    i_cheshire_soc/gen_llc_atomics.i_llc_atomics/i_axi_riscv_atomics_wrap/i_atomics/i_lrsc/i_write_in_flight_queue/match_in_idx[0]
                         LUT6 (Prop_lut6_I4_O)        0.043    14.558 f  i_cheshire_soc/gen_llc_atomics.i_llc_atomics/i_axi_riscv_atomics_wrap/i_atomics/i_lrsc/i_write_in_flight_queue/gen_data_ffs[14].linked_data_q[14][next][3]_i_9/O
                         net (fo=1, unplaced)         0.742    15.300    i_cheshire_soc/gen_llc_atomics.i_llc_atomics/i_axi_riscv_atomics_wrap/i_atomics/i_lrsc/i_write_in_flight_queue/gen_data_ffs[14].linked_data_q[14][next][3]_i_9_n_0
                         LUT5 (Prop_lut5_I0_O)        0.043    15.343 r  i_cheshire_soc/gen_llc_atomics.i_llc_atomics/i_axi_riscv_atomics_wrap/i_atomics/i_lrsc/i_write_in_flight_queue/gen_data_ffs[14].linked_data_q[14][next][3]_i_7/O
                         net (fo=17, unplaced)        0.326    15.669    i_cheshire_soc/gen_llc_atomics.i_llc_atomics/i_axi_riscv_atomics_wrap/i_atomics/i_lrsc/i_write_in_flight_queue/gen_data_ffs[14].linked_data_q[14][next][3]_i_7_n_0
                         LUT2 (Prop_lut2_I1_O)        0.049    15.718 f  i_cheshire_soc/gen_llc_atomics.i_llc_atomics/i_axi_riscv_atomics_wrap/i_atomics/i_lrsc/i_write_in_flight_queue/gen_data_ffs[13].linked_data_q[13][next][3]_i_7/O
                         net (fo=4, unplaced)         0.294    16.012    i_cheshire_soc/gen_llc_atomics.i_llc_atomics/i_axi_riscv_atomics_wrap/i_atomics/i_lrsc/i_write_in_flight_queue/gen_data_ffs[13].linked_data_q[13][next][3]_i_7_n_0
                         LUT3 (Prop_lut3_I2_O)        0.043    16.055 r  i_cheshire_soc/gen_llc_atomics.i_llc_atomics/i_axi_riscv_atomics_wrap/i_atomics/i_lrsc/i_write_in_flight_queue/gen_data_ffs[1].linked_data_q[1][next][1]_i_2__0/O
                         net (fo=5, unplaced)         0.298    16.353    i_cheshire_soc/gen_llc_atomics.i_llc_atomics/i_axi_riscv_atomics_wrap/i_atomics/i_lrsc/i_write_in_flight_queue/gen_data_ffs[13].linked_data_q[13][next][3]_i_7_0
                         LUT2 (Prop_lut2_I0_O)        0.043    16.396 r  i_cheshire_soc/gen_llc_atomics.i_llc_atomics/i_axi_riscv_atomics_wrap/i_atomics/i_lrsc/i_write_in_flight_queue/gen_data_ffs[1].linked_data_q[1][next][3]_i_3__0/O
                         net (fo=3, unplaced)         0.288    16.684    i_cheshire_soc/gen_llc_atomics.i_llc_atomics/i_axi_riscv_atomics_wrap/i_atomics/i_lrsc/i_write_in_flight_queue/gen_ht_ffs[15].head_tail_q[15][tail][3]_i_5__0_1
                         LUT4 (Prop_lut4_I3_O)        0.043    16.727 r  i_cheshire_soc/gen_llc_atomics.i_llc_atomics/i_axi_riscv_atomics_wrap/i_atomics/i_lrsc/i_write_in_flight_queue/gen_data_ffs[1].linked_data_q[1][next][3]_i_1__0/O
                         net (fo=4, unplaced)         0.296    17.023    i_cheshire_soc/gen_llc_atomics.i_llc_atomics/i_axi_riscv_atomics_wrap/i_atomics/i_lrsc/i_write_in_flight_queue/gen_data_ffs[1].linked_data_q[1][next][3]_i_1__0_n_0
                         FDCE                                         r  i_cheshire_soc/gen_llc_atomics.i_llc_atomics/i_axi_riscv_atomics_wrap/i_atomics/i_lrsc/i_write_in_flight_queue/gen_data_ffs[1].linked_data_q_reg[1][next][0]/CE
  -------------------------------------------------------------------    -------------------

                         (clock clk_50_clkwiz rise edge)
                                                     20.000    20.000 r  
    AD12                                              0.000    20.000 r  sys_clk_p (IN)
                         net (fo=0)                   0.000    20.000    sys_clk_p
    AD12                 IBUFDS (Prop_ibufds_I_O)     0.803    20.803 r  i_bufds_sys_clk/O
                         net (fo=65, unplaced)        0.953    21.756    i_clkwiz/inst/clk_in1
                         MMCME2_ADV (Prop_mmcme2_adv_CLKIN1_CLKOUT0)
                                                     -4.287    17.469 r  i_clkwiz/inst/mmcm_adv_inst/CLKOUT0
                         net (fo=1, unplaced)         0.442    17.911    i_clkwiz/inst/clk_50_clkwiz
                         BUFG (Prop_bufg_I_O)         0.083    17.994 r  i_clkwiz/inst/clkout1_buf/O
                         net (fo=86229, unplaced)     0.439    18.433    i_cheshire_soc/gen_llc_atomics.i_llc_atomics/i_axi_riscv_atomics_wrap/i_atomics/i_lrsc/i_write_in_flight_queue/clk_50
                         FDCE                                         r  i_cheshire_soc/gen_llc_atomics.i_llc_atomics/i_axi_riscv_atomics_wrap/i_atomics/i_lrsc/i_write_in_flight_queue/gen_data_ffs[1].linked_data_q_reg[1][next][0]/C
                         clock pessimism             -0.648    17.786    
                         clock uncertainty           -0.070    17.716    
                         FDCE (Setup_fdce_C_CE)      -0.199    17.517    i_cheshire_soc/gen_llc_atomics.i_llc_atomics/i_axi_riscv_atomics_wrap/i_atomics/i_lrsc/i_write_in_flight_queue/gen_data_ffs[1].linked_data_q_reg[1][next][0]
  -------------------------------------------------------------------
                         required time                         17.517    
                         arrival time                         -17.023    
  -------------------------------------------------------------------
                         slack                                  0.494    





Min Delay Paths
--------------------------------------------------------------------------------------
Slack (VIOLATED) :        -0.072ns  (arrival time - required time)
  Source:                 i_cheshire_soc/gen_cva6_cores[0].i_core_cva6/gen_cache_wb.i_cache_subsystem/i_cva6_icache_axi_wrapper/i_cva6_icache/cl_tag_q_reg[0]/C
                            (rising edge-triggered cell FDCE clocked by clk_50_clkwiz  {rise@0.000ns fall@10.000ns period=20.000ns})
  Destination:            i_cheshire_soc/gen_cva6_cores[0].i_core_cva6/gen_cache_wb.i_cache_subsystem/i_cva6_icache_axi_wrapper/i_cva6_icache/gen_sram[0].tag_sram/i_tc_sram/gen_1_ports.i_xpm_memory_spram/xpm_memory_base_inst/gen_wr_a.gen_byte_narrow.for_mem_cols[1].mem_reg_0/DIADI[0]
                            (rising edge-triggered cell RAMB36E1 clocked by clk_50_clkwiz  {rise@0.000ns fall@10.000ns period=20.000ns})
  Path Group:             clk_50_clkwiz
  Path Type:              Hold (Min at Fast Process Corner)
  Requirement:            0.000ns  (clk_50_clkwiz rise@0.000ns - clk_50_clkwiz rise@0.000ns)
  Data Path Delay:        0.331ns  (logic 0.100ns (30.219%)  route 0.231ns (69.781%))
  Logic Levels:           0  
  Clock Path Skew:        0.145ns (DCD - SCD - CPR)
    Destination Clock Delay (DCD):    -0.515ns
    Source Clock Delay      (SCD):    -0.598ns
    Clock Pessimism Removal (CPR):    -0.062ns

    Location             Delay type                Incr(ns)  Path(ns)    Netlist Resource(s)
  -------------------------------------------------------------------    -------------------
                         (clock clk_50_clkwiz rise edge)
                                                      0.000     0.000 r  
    AD12                                              0.000     0.000 r  sys_clk_p (IN)
                         net (fo=0)                   0.000     0.000    sys_clk_p
    AD12                 IBUFDS (Prop_ibufds_I_O)     0.388     0.388 r  i_bufds_sys_clk/O
                         net (fo=65, unplaced)        0.428     0.817    i_clkwiz/inst/clk_in1
                         MMCME2_ADV (Prop_mmcme2_adv_CLKIN1_CLKOUT0)
                                                     -1.786    -0.969 r  i_clkwiz/inst/mmcm_adv_inst/CLKOUT0
                         net (fo=1, unplaced)         0.231    -0.738    i_clkwiz/inst/clk_50_clkwiz
                         BUFG (Prop_bufg_I_O)         0.026    -0.712 r  i_clkwiz/inst/clkout1_buf/O
                         net (fo=86229, unplaced)     0.114    -0.598    i_cheshire_soc/gen_cva6_cores[0].i_core_cva6/gen_cache_wb.i_cache_subsystem/i_cva6_icache_axi_wrapper/i_cva6_icache/clk_50
                         FDCE                                         r  i_cheshire_soc/gen_cva6_cores[0].i_core_cva6/gen_cache_wb.i_cache_subsystem/i_cva6_icache_axi_wrapper/i_cva6_icache/cl_tag_q_reg[0]/C
  -------------------------------------------------------------------    -------------------
                         FDCE (Prop_fdce_C_Q)         0.100    -0.498 r  i_cheshire_soc/gen_cva6_cores[0].i_core_cva6/gen_cache_wb.i_cache_subsystem/i_cva6_icache_axi_wrapper/i_cva6_icache/cl_tag_q_reg[0]/Q
                         net (fo=5, unplaced)         0.231    -0.267    i_cheshire_soc/gen_cva6_cores[0].i_core_cva6/gen_cache_wb.i_cache_subsystem/i_cva6_icache_axi_wrapper/i_cva6_icache/gen_sram[0].tag_sram/i_tc_sram/gen_1_ports.i_xpm_memory_spram/xpm_memory_base_inst/dina[0]
                         RAMB36E1                                     r  i_cheshire_soc/gen_cva6_cores[0].i_core_cva6/gen_cache_wb.i_cache_subsystem/i_cva6_icache_axi_wrapper/i_cva6_icache/gen_sram[0].tag_sram/i_tc_sram/gen_1_ports.i_xpm_memory_spram/xpm_memory_base_inst/gen_wr_a.gen_byte_narrow.for_mem_cols[1].mem_reg_0/DIADI[0]
  -------------------------------------------------------------------    -------------------

                         (clock clk_50_clkwiz rise edge)
                                                      0.000     0.000 r  
    AD12                                              0.000     0.000 r  sys_clk_p (IN)
                         net (fo=0)                   0.000     0.000    sys_clk_p
    AD12                 IBUFDS (Prop_ibufds_I_O)     0.470     0.470 r  i_bufds_sys_clk/O
                         net (fo=65, unplaced)        0.573     1.043    i_clkwiz/inst/clk_in1
                         MMCME2_ADV (Prop_mmcme2_adv_CLKIN1_CLKOUT0)
                                                     -2.090    -1.047 r  i_clkwiz/inst/mmcm_adv_inst/CLKOUT0
                         net (fo=1, unplaced)         0.243    -0.804    i_clkwiz/inst/clk_50_clkwiz
                         BUFG (Prop_bufg_I_O)         0.030    -0.774 r  i_clkwiz/inst/clkout1_buf/O
                         net (fo=86229, unplaced)     0.259    -0.515    i_cheshire_soc/gen_cva6_cores[0].i_core_cva6/gen_cache_wb.i_cache_subsystem/i_cva6_icache_axi_wrapper/i_cva6_icache/gen_sram[0].tag_sram/i_tc_sram/gen_1_ports.i_xpm_memory_spram/xpm_memory_base_inst/clka
                         RAMB36E1                                     r  i_cheshire_soc/gen_cva6_cores[0].i_core_cva6/gen_cache_wb.i_cache_subsystem/i_cva6_icache_axi_wrapper/i_cva6_icache/gen_sram[0].tag_sram/i_tc_sram/gen_1_ports.i_xpm_memory_spram/xpm_memory_base_inst/gen_wr_a.gen_byte_narrow.for_mem_cols[1].mem_reg_0/CLKARDCLK
                         clock pessimism              0.062    -0.453    
                         RAMB36E1 (Hold_ramb36e1_CLKARDCLK_DIADI[0])
                                                      0.258    -0.195    i_cheshire_soc/gen_cva6_cores[0].i_core_cva6/gen_cache_wb.i_cache_subsystem/i_cva6_icache_axi_wrapper/i_cva6_icache/gen_sram[0].tag_sram/i_tc_sram/gen_1_ports.i_xpm_memory_spram/xpm_memory_base_inst/gen_wr_a.gen_byte_narrow.for_mem_cols[1].mem_reg_0
  -------------------------------------------------------------------
                         required time                          0.195    
                         arrival time                          -0.267    
  -------------------------------------------------------------------
                         slack                                 -0.072    





Pulse Width Checks
--------------------------------------------------------------------------------------
Clock Name:         clk_50_clkwiz
Waveform(ns):       { 0.000 10.000 }
Period(ns):         20.000
Sources:            { i_clkwiz/inst/mmcm_adv_inst/CLKOUT0 }

Check Type        Corner  Lib Pin             Reference Pin  Required(ns)  Actual(ns)  Slack(ns)  Location  Pin
Min Period        n/a     RAMB36E1/CLKARDCLK  n/a            1.839         20.000      18.161               i_cheshire_soc/gen_cva6_cores[0].i_core_cva6/gen_cache_wb.i_cache_subsystem/i_cva6_icache_axi_wrapper/i_cva6_icache/gen_sram[0].data_sram/i_tc_sram/gen_1_ports.i_xpm_memory_spram/xpm_memory_base_inst/gen_wr_a.gen_byte_narrow.for_mem_cols[1].mem_reg_0/CLKARDCLK
Max Period        n/a     MMCME2_ADV/CLKOUT0  n/a            213.360       20.000      193.360              i_clkwiz/inst/mmcm_adv_inst/CLKOUT0
Low Pulse Width   Slow    FDCE/C              n/a            0.350         10.000      9.650                counter_q_reg[0]/C
High Pulse Width  Slow    FDCE/C              n/a            0.350         10.000      9.650                counter_q_reg[0]/C



---------------------------------------------------------------------------------------------------
From Clock:  clk_ref_mmcm_400
  To Clock:  clk_ref_mmcm_400

Setup :            0  Failing Endpoints,  Worst Slack        1.789ns,  Total Violation        0.000ns
Hold  :            0  Failing Endpoints,  Worst Slack        0.066ns,  Total Violation        0.000ns
PW    :            0  Failing Endpoints,  Worst Slack        0.062ns,  Total Violation        0.000ns
---------------------------------------------------------------------------------------------------


Max Delay Paths
--------------------------------------------------------------------------------------
Slack (MET) :             1.789ns  (required time - arrival time)
  Source:                 i_dram_wrapper/i_dram/u_mig7s_mig/u_iodelay_ctrl/rst_ref_gen_1.rst_ref_sync_r_reg[1][9]/C
                            (rising edge-triggered cell FDPE clocked by clk_ref_mmcm_400  {rise@0.000ns fall@1.250ns period=2.500ns})
  Destination:            i_dram_wrapper/i_dram/u_mig7s_mig/u_iodelay_ctrl/rst_ref_gen_1.rst_ref_sync_r_reg[1][10]/D
                            (rising edge-triggered cell FDPE clocked by clk_ref_mmcm_400  {rise@0.000ns fall@1.250ns period=2.500ns})
  Path Group:             clk_ref_mmcm_400
  Path Type:              Setup (Max at Slow Process Corner)
  Requirement:            2.500ns  (clk_ref_mmcm_400 rise@2.500ns - clk_ref_mmcm_400 rise@0.000ns)
  Data Path Delay:        0.412ns  (logic 0.223ns (54.126%)  route 0.189ns (45.874%))
  Logic Levels:           0  
  Clock Path Skew:        -0.145ns (DCD - SCD + CPR)
    Destination Clock Delay (DCD):    2.794ns = ( 5.294 - 2.500 ) 
    Source Clock Delay      (SCD):    3.223ns
    Clock Pessimism Removal (CPR):    0.284ns
  Clock Uncertainty:      0.054ns  ((TSJ^2 + DJ^2)^1/2) / 2 + PE
    Total System Jitter     (TSJ):    0.071ns
    Discrete Jitter          (DJ):    0.081ns
    Phase Error              (PE):    0.000ns

    Location             Delay type                Incr(ns)  Path(ns)    Netlist Resource(s)
  -------------------------------------------------------------------    -------------------
                         (clock clk_ref_mmcm_400 rise edge)
                                                      0.000     0.000 r  
    AD12                                              0.000     0.000 r  sys_clk_p (IN)
                         net (fo=0)                   0.000     0.000    sys_clk_p
    AD12                 IBUFDS (Prop_ibufds_I_O)     0.906     0.906 r  i_bufds_sys_clk/O
                         net (fo=65, unplaced)        1.098     2.004    i_dram_wrapper/i_dram/u_mig7s_mig/u_iodelay_ctrl/CLK
                         MMCME2_ADV (Prop_mmcme2_adv_CLKIN1_CLKOUT1)
                                                      0.077     2.081 r  i_dram_wrapper/i_dram/u_mig7s_mig/u_iodelay_ctrl/clk_ref_mmcm_gen.mmcm_i/CLKOUT1
                         net (fo=1, unplaced)         0.466     2.546    i_dram_wrapper/i_dram/u_mig7s_mig/u_iodelay_ctrl/clk_ref_mmcm_400
                         BUFG (Prop_bufg_I_O)         0.093     2.639 r  i_dram_wrapper/i_dram/u_mig7s_mig/u_iodelay_ctrl/clk_ref_300_400_en.clk_ref_400.u_bufg_clk_ref_400/O
                         net (fo=16, unplaced)        0.584     3.223    i_dram_wrapper/i_dram/u_mig7s_mig/u_iodelay_ctrl/clk_ref_300_400_en.clk_ref_400.u_bufg_clk_ref_400_n_0
                         FDPE                                         r  i_dram_wrapper/i_dram/u_mig7s_mig/u_iodelay_ctrl/rst_ref_gen_1.rst_ref_sync_r_reg[1][9]/C
  -------------------------------------------------------------------    -------------------
                         FDPE (Prop_fdpe_C_Q)         0.223     3.446 r  i_dram_wrapper/i_dram/u_mig7s_mig/u_iodelay_ctrl/rst_ref_gen_1.rst_ref_sync_r_reg[1][9]/Q
                         net (fo=1, unplaced)         0.189     3.635    i_dram_wrapper/i_dram/u_mig7s_mig/u_iodelay_ctrl/rst_ref_gen_1.rst_ref_sync_r_reg_n_0_[1][9]
                         FDPE                                         r  i_dram_wrapper/i_dram/u_mig7s_mig/u_iodelay_ctrl/rst_ref_gen_1.rst_ref_sync_r_reg[1][10]/D
  -------------------------------------------------------------------    -------------------

                         (clock clk_ref_mmcm_400 rise edge)
                                                      2.500     2.500 r  
    AD12                                              0.000     2.500 r  sys_clk_p (IN)
                         net (fo=0)                   0.000     2.500    sys_clk_p
    AD12                 IBUFDS (Prop_ibufds_I_O)     0.803     3.303 r  i_bufds_sys_clk/O
                         net (fo=65, unplaced)        0.953     4.256    i_dram_wrapper/i_dram/u_mig7s_mig/u_iodelay_ctrl/CLK
                         MMCME2_ADV (Prop_mmcme2_adv_CLKIN1_CLKOUT1)
                                                      0.073     4.329 r  i_dram_wrapper/i_dram/u_mig7s_mig/u_iodelay_ctrl/clk_ref_mmcm_gen.mmcm_i/CLKOUT1
                         net (fo=1, unplaced)         0.442     4.772    i_dram_wrapper/i_dram/u_mig7s_mig/u_iodelay_ctrl/clk_ref_mmcm_400
                         BUFG (Prop_bufg_I_O)         0.083     4.855 r  i_dram_wrapper/i_dram/u_mig7s_mig/u_iodelay_ctrl/clk_ref_300_400_en.clk_ref_400.u_bufg_clk_ref_400/O
                         net (fo=16, unplaced)        0.439     5.294    i_dram_wrapper/i_dram/u_mig7s_mig/u_iodelay_ctrl/clk_ref_300_400_en.clk_ref_400.u_bufg_clk_ref_400_n_0
                         FDPE                                         r  i_dram_wrapper/i_dram/u_mig7s_mig/u_iodelay_ctrl/rst_ref_gen_1.rst_ref_sync_r_reg[1][10]/C
                         clock pessimism              0.284     5.578    
                         clock uncertainty           -0.054     5.525    
                         FDPE (Setup_fdpe_C_D)       -0.100     5.425    i_dram_wrapper/i_dram/u_mig7s_mig/u_iodelay_ctrl/rst_ref_gen_1.rst_ref_sync_r_reg[1][10]
  -------------------------------------------------------------------
                         required time                          5.425    
                         arrival time                          -3.635    
  -------------------------------------------------------------------
                         slack                                  1.789    





Min Delay Paths
--------------------------------------------------------------------------------------
Slack (MET) :             0.066ns  (arrival time - required time)
  Source:                 i_dram_wrapper/i_dram/u_mig7s_mig/u_iodelay_ctrl/rst_ref_gen_1.rst_ref_sync_r_reg[1][9]/C
                            (rising edge-triggered cell FDPE clocked by clk_ref_mmcm_400  {rise@0.000ns fall@1.250ns period=2.500ns})
  Destination:            i_dram_wrapper/i_dram/u_mig7s_mig/u_iodelay_ctrl/rst_ref_gen_1.rst_ref_sync_r_reg[1][10]/D
                            (rising edge-triggered cell FDPE clocked by clk_ref_mmcm_400  {rise@0.000ns fall@1.250ns period=2.500ns})
  Path Group:             clk_ref_mmcm_400
  Path Type:              Hold (Min at Fast Process Corner)
  Requirement:            0.000ns  (clk_ref_mmcm_400 rise@0.000ns - clk_ref_mmcm_400 rise@0.000ns)
  Data Path Delay:        0.194ns  (logic 0.100ns (51.619%)  route 0.094ns (48.381%))
  Logic Levels:           0  
  Clock Path Skew:        0.145ns (DCD - SCD - CPR)
    Destination Clock Delay (DCD):    1.628ns
    Source Clock Delay      (SCD):    1.238ns
    Clock Pessimism Removal (CPR):    0.245ns

    Location             Delay type                Incr(ns)  Path(ns)    Netlist Resource(s)
  -------------------------------------------------------------------    -------------------
                         (clock clk_ref_mmcm_400 rise edge)
                                                      0.000     0.000 r  
    AD12                                              0.000     0.000 r  sys_clk_p (IN)
                         net (fo=0)                   0.000     0.000    sys_clk_p
    AD12                 IBUFDS (Prop_ibufds_I_O)     0.388     0.388 r  i_bufds_sys_clk/O
                         net (fo=65, unplaced)        0.428     0.817    i_dram_wrapper/i_dram/u_mig7s_mig/u_iodelay_ctrl/CLK
                         MMCME2_ADV (Prop_mmcme2_adv_CLKIN1_CLKOUT1)
                                                      0.050     0.867 r  i_dram_wrapper/i_dram/u_mig7s_mig/u_iodelay_ctrl/clk_ref_mmcm_gen.mmcm_i/CLKOUT1
                         net (fo=1, unplaced)         0.231     1.098    i_dram_wrapper/i_dram/u_mig7s_mig/u_iodelay_ctrl/clk_ref_mmcm_400
                         BUFG (Prop_bufg_I_O)         0.026     1.124 r  i_dram_wrapper/i_dram/u_mig7s_mig/u_iodelay_ctrl/clk_ref_300_400_en.clk_ref_400.u_bufg_clk_ref_400/O
                         net (fo=16, unplaced)        0.114     1.238    i_dram_wrapper/i_dram/u_mig7s_mig/u_iodelay_ctrl/clk_ref_300_400_en.clk_ref_400.u_bufg_clk_ref_400_n_0
                         FDPE                                         r  i_dram_wrapper/i_dram/u_mig7s_mig/u_iodelay_ctrl/rst_ref_gen_1.rst_ref_sync_r_reg[1][9]/C
  -------------------------------------------------------------------    -------------------
                         FDPE (Prop_fdpe_C_Q)         0.100     1.338 r  i_dram_wrapper/i_dram/u_mig7s_mig/u_iodelay_ctrl/rst_ref_gen_1.rst_ref_sync_r_reg[1][9]/Q
                         net (fo=1, unplaced)         0.094     1.431    i_dram_wrapper/i_dram/u_mig7s_mig/u_iodelay_ctrl/rst_ref_gen_1.rst_ref_sync_r_reg_n_0_[1][9]
                         FDPE                                         r  i_dram_wrapper/i_dram/u_mig7s_mig/u_iodelay_ctrl/rst_ref_gen_1.rst_ref_sync_r_reg[1][10]/D
  -------------------------------------------------------------------    -------------------

                         (clock clk_ref_mmcm_400 rise edge)
                                                      0.000     0.000 r  
    AD12                                              0.000     0.000 r  sys_clk_p (IN)
                         net (fo=0)                   0.000     0.000    sys_clk_p
    AD12                 IBUFDS (Prop_ibufds_I_O)     0.470     0.470 r  i_bufds_sys_clk/O
                         net (fo=65, unplaced)        0.573     1.043    i_dram_wrapper/i_dram/u_mig7s_mig/u_iodelay_ctrl/CLK
                         MMCME2_ADV (Prop_mmcme2_adv_CLKIN1_CLKOUT1)
                                                      0.053     1.096 r  i_dram_wrapper/i_dram/u_mig7s_mig/u_iodelay_ctrl/clk_ref_mmcm_gen.mmcm_i/CLKOUT1
                         net (fo=1, unplaced)         0.243     1.339    i_dram_wrapper/i_dram/u_mig7s_mig/u_iodelay_ctrl/clk_ref_mmcm_400
                         BUFG (Prop_bufg_I_O)         0.030     1.369 r  i_dram_wrapper/i_dram/u_mig7s_mig/u_iodelay_ctrl/clk_ref_300_400_en.clk_ref_400.u_bufg_clk_ref_400/O
                         net (fo=16, unplaced)        0.259     1.628    i_dram_wrapper/i_dram/u_mig7s_mig/u_iodelay_ctrl/clk_ref_300_400_en.clk_ref_400.u_bufg_clk_ref_400_n_0
                         FDPE                                         r  i_dram_wrapper/i_dram/u_mig7s_mig/u_iodelay_ctrl/rst_ref_gen_1.rst_ref_sync_r_reg[1][10]/C
                         clock pessimism             -0.245     1.383    
                         FDPE (Hold_fdpe_C_D)        -0.017     1.366    i_dram_wrapper/i_dram/u_mig7s_mig/u_iodelay_ctrl/rst_ref_gen_1.rst_ref_sync_r_reg[1][10]
  -------------------------------------------------------------------
                         required time                         -1.366    
                         arrival time                           1.431    
  -------------------------------------------------------------------
                         slack                                  0.066    





Pulse Width Checks
--------------------------------------------------------------------------------------
Clock Name:         clk_ref_mmcm_400
Waveform(ns):       { 0.000 1.250 }
Period(ns):         2.500
Sources:            { i_dram_wrapper/i_dram/u_mig7s_mig/u_iodelay_ctrl/clk_ref_mmcm_gen.mmcm_i/CLKOUT1 }

Check Type        Corner  Lib Pin            Reference Pin  Required(ns)  Actual(ns)  Slack(ns)  Location  Pin
Min Period        n/a     IDELAYCTRL/REFCLK  n/a            2.438         2.500       0.062                i_dram_wrapper/i_dram/u_mig7s_mig/u_iodelay_ctrl/idelayctrl_gen_1.u_idelayctrl_300_400/REFCLK
Max Period        n/a     IDELAYCTRL/REFCLK  n/a            5.264         2.500       2.764                i_dram_wrapper/i_dram/u_mig7s_mig/u_iodelay_ctrl/idelayctrl_gen_1.u_idelayctrl_300_400/REFCLK
Low Pulse Width   Slow    FDPE/C             n/a            0.350         1.250       0.900                i_dram_wrapper/i_dram/u_mig7s_mig/u_iodelay_ctrl/rst_ref_gen_1.rst_ref_sync_r_reg[1][0]/C
High Pulse Width  Slow    FDPE/C             n/a            0.350         1.250       0.900                i_dram_wrapper/i_dram/u_mig7s_mig/u_iodelay_ctrl/rst_ref_gen_1.rst_ref_sync_r_reg[1][0]/C



---------------------------------------------------------------------------------------------------
From Clock:  clkfbout_clkwiz
  To Clock:  clkfbout_clkwiz

Setup :           NA  Failing Endpoints,  Worst Slack           NA  ,  Total Violation           NA
Hold  :           NA  Failing Endpoints,  Worst Slack           NA  ,  Total Violation           NA
PW    :            0  Failing Endpoints,  Worst Slack        3.592ns,  Total Violation        0.000ns
---------------------------------------------------------------------------------------------------


Pulse Width Checks
--------------------------------------------------------------------------------------
Clock Name:         clkfbout_clkwiz
Waveform(ns):       { 0.000 2.500 }
Period(ns):         5.000
Sources:            { i_clkwiz/inst/mmcm_adv_inst/CLKFBOUT }

Check Type  Corner  Lib Pin             Reference Pin  Required(ns)  Actual(ns)  Slack(ns)  Location  Pin
Min Period  n/a     BUFG/I              n/a            1.408         5.000       3.591                i_clkwiz/inst/clkf_buf/I
Max Period  n/a     MMCME2_ADV/CLKFBIN  n/a            100.000       5.000       95.000               i_clkwiz/inst/mmcm_adv_inst/CLKFBIN



---------------------------------------------------------------------------------------------------
From Clock:  freq_refclk
  To Clock:  freq_refclk

Setup :           NA  Failing Endpoints,  Worst Slack           NA  ,  Total Violation           NA
Hold  :           NA  Failing Endpoints,  Worst Slack           NA  ,  Total Violation           NA
PW    :            0  Failing Endpoints,  Worst Slack        0.143ns,  Total Violation        0.000ns
---------------------------------------------------------------------------------------------------


Pulse Width Checks
--------------------------------------------------------------------------------------
Clock Name:         freq_refclk
Waveform(ns):       { 1.172 1.797 }
Period(ns):         1.250
Sources:            { i_dram_wrapper/i_dram/u_mig7s_mig/u_ddr3_infrastructure/plle2_i/CLKOUT0 }

Check Type        Corner  Lib Pin                    Reference Pin  Required(ns)  Actual(ns)  Slack(ns)  Location             Pin
Min Period        n/a     PHASER_OUT_PHY/FREQREFCLK  n/a            1.072         1.250       0.178      PHASER_OUT_PHY_X1Y8  i_dram_wrapper/i_dram/u_mig7s_mig/u_memc_ui_top_axi/mem_intfc0/ddr_phy_top0/u_ddr_mc_phy_wrapper/u_ddr_mc_phy/ddr_phy_4lanes_0.u_ddr_phy_4lanes/ddr_byte_lane_A.ddr_byte_lane_A/phaser_out/FREQREFCLK
Max Period        n/a     PHASER_OUT_PHY/FREQREFCLK  n/a            2.500         1.250       1.250      PHASER_OUT_PHY_X1Y8  i_dram_wrapper/i_dram/u_mig7s_mig/u_memc_ui_top_axi/mem_intfc0/ddr_phy_top0/u_ddr_mc_phy_wrapper/u_ddr_mc_phy/ddr_phy_4lanes_0.u_ddr_phy_4lanes/ddr_byte_lane_A.ddr_byte_lane_A/phaser_out/FREQREFCLK
Low Pulse Width   Slow    PHASER_REF/CLKIN           n/a            0.482         0.625       0.143      PHASER_REF_X1Y2      i_dram_wrapper/i_dram/u_mig7s_mig/u_memc_ui_top_axi/mem_intfc0/ddr_phy_top0/u_ddr_mc_phy_wrapper/u_ddr_mc_phy/ddr_phy_4lanes_0.u_ddr_phy_4lanes/phaser_ref_i/CLKIN
High Pulse Width  Slow    PHASER_IN_PHY/FREQREFCLK   n/a            0.482         0.625       0.143      PHASER_IN_PHY_X1Y8   i_dram_wrapper/i_dram/u_mig7s_mig/u_memc_ui_top_axi/mem_intfc0/ddr_phy_top0/u_ddr_mc_phy_wrapper/u_ddr_mc_phy/ddr_phy_4lanes_0.u_ddr_phy_4lanes/ddr_byte_lane_A.ddr_byte_lane_A/phaser_in_gen.phaser_in/FREQREFCLK



---------------------------------------------------------------------------------------------------
From Clock:  u_memc_ui_top_axi/mem_intfc0/ddr_phy_top0/u_ddr_mc_phy_wrapper/u_ddr_mc_phy/ddr_phy_4lanes_0.u_ddr_phy_4lanes/ddr_byte_lane_A.ddr_byte_lane_A/iserdes_clk
  To Clock:  u_memc_ui_top_axi/mem_intfc0/ddr_phy_top0/u_ddr_mc_phy_wrapper/u_ddr_mc_phy/ddr_phy_4lanes_0.u_ddr_phy_4lanes/ddr_byte_lane_A.ddr_byte_lane_A/iserdes_clk

Setup :           NA  Failing Endpoints,  Worst Slack           NA  ,  Total Violation           NA
Hold  :           NA  Failing Endpoints,  Worst Slack           NA  ,  Total Violation           NA
PW    :            0  Failing Endpoints,  Worst Slack        0.180ns,  Total Violation        0.000ns
---------------------------------------------------------------------------------------------------


Pulse Width Checks
--------------------------------------------------------------------------------------
Clock Name:         u_memc_ui_top_axi/mem_intfc0/ddr_phy_top0/u_ddr_mc_phy_wrapper/u_ddr_mc_phy/ddr_phy_4lanes_0.u_ddr_phy_4lanes/ddr_byte_lane_A.ddr_byte_lane_A/iserdes_clk
Waveform(ns):       { 1.172 1.797 }
Period(ns):         1.250
Sources:            { i_dram_wrapper/i_dram/u_mig7s_mig/u_memc_ui_top_axi/mem_intfc0/ddr_phy_top0/u_ddr_mc_phy_wrapper/u_ddr_mc_phy/ddr_phy_4lanes_0.u_ddr_phy_4lanes/ddr_byte_lane_A.ddr_byte_lane_A/phaser_in_gen.phaser_in/ICLK }

Check Type  Corner  Lib Pin        Reference Pin  Required(ns)  Actual(ns)  Slack(ns)  Location       Pin
Min Period  n/a     ISERDESE2/CLK  n/a            1.070         1.250       0.180      ILOGIC_X1Y101  i_dram_wrapper/i_dram/u_mig7s_mig/u_memc_ui_top_axi/mem_intfc0/ddr_phy_top0/u_ddr_mc_phy_wrapper/u_ddr_mc_phy/ddr_phy_4lanes_0.u_ddr_phy_4lanes/ddr_byte_lane_A.ddr_byte_lane_A/ddr_byte_group_io/input_[0].iserdes_dq_.iserdesdq/CLK



---------------------------------------------------------------------------------------------------
From Clock:  iserdes_clkdiv
  To Clock:  iserdes_clkdiv

Setup :            0  Failing Endpoints,  Worst Slack        0.983ns,  Total Violation        0.000ns
Hold  :            0  Failing Endpoints,  Worst Slack        0.070ns,  Total Violation        0.000ns
PW    :            0  Failing Endpoints,  Worst Slack        0.336ns,  Total Violation        0.000ns
---------------------------------------------------------------------------------------------------


Max Delay Paths
--------------------------------------------------------------------------------------
Slack (MET) :             0.983ns  (required time - arrival time)
  Source:                 i_dram_wrapper/i_dram/u_mig7s_mig/u_memc_ui_top_axi/mem_intfc0/ddr_phy_top0/u_ddr_mc_phy_wrapper/u_ddr_mc_phy/ddr_phy_4lanes_0.u_ddr_phy_4lanes/ddr_byte_lane_A.ddr_byte_lane_A/ddr_byte_group_io/input_[1].iserdes_dq_.iserdesdq/CLKDIVP
                            (rising edge-triggered cell ISERDESE2 clocked by iserdes_clkdiv  {rise@1.172ns fall@2.422ns period=2.500ns})
  Destination:            i_dram_wrapper/i_dram/u_mig7s_mig/u_memc_ui_top_axi/mem_intfc0/ddr_phy_top0/u_ddr_mc_phy_wrapper/u_ddr_mc_phy/ddr_phy_4lanes_0.u_ddr_phy_4lanes/ddr_byte_lane_A.ddr_byte_lane_A/in_fifo_gen.in_fifo/D1[3]
                            (rising edge-triggered cell IN_FIFO clocked by iserdes_clkdiv  {rise@1.172ns fall@2.422ns period=2.500ns})
  Path Group:             iserdes_clkdiv
  Path Type:              Setup (Max at Slow Process Corner)
  Requirement:            2.500ns  (iserdes_clkdiv rise@3.672ns - iserdes_clkdiv rise@1.172ns)
  Data Path Delay:        0.643ns  (logic 0.326ns (50.700%)  route 0.317ns (49.300%))
  Logic Levels:           0  
  Clock Path Skew:        -0.358ns (DCD - SCD + CPR)
    Destination Clock Delay (DCD):    4.603ns = ( 8.275 - 3.672 ) 
    Source Clock Delay      (SCD):    5.226ns = ( 6.398 - 1.172 ) 
    Clock Pessimism Removal (CPR):    0.264ns
  Clock Uncertainty:      0.047ns  ((TSJ^2 + DJ^2)^1/2) / 2 + PE
    Total System Jitter     (TSJ):    0.071ns
    Discrete Jitter          (DJ):    0.061ns
    Phase Error              (PE):    0.000ns

    Location             Delay type                Incr(ns)  Path(ns)    Netlist Resource(s)
  -------------------------------------------------------------------    -------------------
                         (clock iserdes_clkdiv rise edge)
                                                      1.172     1.172 r  
    AD12                                              0.000     1.172 r  sys_clk_p (IN)
                         net (fo=0)                   0.000     1.172    sys_clk_p
    AD12                 IBUFDS (Prop_ibufds_I_O)     0.906     2.078 r  i_bufds_sys_clk/O
                         net (fo=65, estimated)       1.098     3.176    i_dram_wrapper/i_dram/u_mig7s_mig/u_ddr3_infrastructure/plle2_i_0
    PLLE2_ADV_X1Y1       PLLE2_ADV (Prop_plle2_adv_CLKIN1_CLKOUT0)
                                                      0.077     3.253 r  i_dram_wrapper/i_dram/u_mig7s_mig/u_ddr3_infrastructure/plle2_i/CLKOUT0
                         net (fo=14, estimated)       1.205     4.458    i_dram_wrapper/i_dram/u_mig7s_mig/u_memc_ui_top_axi/mem_intfc0/ddr_phy_top0/u_ddr_mc_phy_wrapper/u_ddr_mc_phy/ddr_phy_4lanes_0.u_ddr_phy_4lanes/ddr_byte_lane_A.ddr_byte_lane_A/freq_refclk
    PHASER_IN_PHY_X1Y8   PHASER_IN_PHY (Prop_phaser_in_phy_FREQREFCLK_ICLK)
                                                      1.428     5.886 r  i_dram_wrapper/i_dram/u_mig7s_mig/u_memc_ui_top_axi/mem_intfc0/ddr_phy_top0/u_ddr_mc_phy_wrapper/u_ddr_mc_phy/ddr_phy_4lanes_0.u_ddr_phy_4lanes/ddr_byte_lane_A.ddr_byte_lane_A/phaser_in_gen.phaser_in/ICLK
    PHASER_IN_PHY_X1Y8   PHASER_IN_PHY (Prop_phaser_in_phy_ICLK_ICLKDIV)
                                                      0.154     6.040 r  i_dram_wrapper/i_dram/u_mig7s_mig/u_memc_ui_top_axi/mem_intfc0/ddr_phy_top0/u_ddr_mc_phy_wrapper/u_ddr_mc_phy/ddr_phy_4lanes_0.u_ddr_phy_4lanes/ddr_byte_lane_A.ddr_byte_lane_A/phaser_in_gen.phaser_in/ICLKDIV
                         net (fo=9, estimated)        0.358     6.398    i_dram_wrapper/i_dram/u_mig7s_mig/u_memc_ui_top_axi/mem_intfc0/ddr_phy_top0/u_ddr_mc_phy_wrapper/u_ddr_mc_phy/ddr_phy_4lanes_0.u_ddr_phy_4lanes/ddr_byte_lane_A.ddr_byte_lane_A/ddr_byte_group_io/iserdes_clkdiv
    ILOGIC_X1Y102        ISERDESE2                                    r  i_dram_wrapper/i_dram/u_mig7s_mig/u_memc_ui_top_axi/mem_intfc0/ddr_phy_top0/u_ddr_mc_phy_wrapper/u_ddr_mc_phy/ddr_phy_4lanes_0.u_ddr_phy_4lanes/ddr_byte_lane_A.ddr_byte_lane_A/ddr_byte_group_io/input_[1].iserdes_dq_.iserdesdq/CLKDIVP
  -------------------------------------------------------------------    -------------------
    ILOGIC_X1Y102        ISERDESE2 (Prop_iserdese2_CLKDIVP_Q1)
                                                      0.326     6.724 r  i_dram_wrapper/i_dram/u_mig7s_mig/u_memc_ui_top_axi/mem_intfc0/ddr_phy_top0/u_ddr_mc_phy_wrapper/u_ddr_mc_phy/ddr_phy_4lanes_0.u_ddr_phy_4lanes/ddr_byte_lane_A.ddr_byte_lane_A/ddr_byte_group_io/input_[1].iserdes_dq_.iserdesdq/Q1
                         net (fo=1, estimated)        0.317     7.041    i_dram_wrapper/i_dram/u_mig7s_mig/u_memc_ui_top_axi/mem_intfc0/ddr_phy_top0/u_ddr_mc_phy_wrapper/u_ddr_mc_phy/ddr_phy_4lanes_0.u_ddr_phy_4lanes/ddr_byte_lane_A.ddr_byte_lane_A/if_d1[3]
    IN_FIFO_X1Y8         IN_FIFO                                      r  i_dram_wrapper/i_dram/u_mig7s_mig/u_memc_ui_top_axi/mem_intfc0/ddr_phy_top0/u_ddr_mc_phy_wrapper/u_ddr_mc_phy/ddr_phy_4lanes_0.u_ddr_phy_4lanes/ddr_byte_lane_A.ddr_byte_lane_A/in_fifo_gen.in_fifo/D1[3]
  -------------------------------------------------------------------    -------------------

                         (clock iserdes_clkdiv rise edge)
                                                      3.672     3.672 r  
    AD12                                              0.000     3.672 r  sys_clk_p (IN)
                         net (fo=0)                   0.000     3.672    sys_clk_p
    AD12                 IBUFDS (Prop_ibufds_I_O)     0.803     4.475 r  i_bufds_sys_clk/O
                         net (fo=65, estimated)       1.043     5.518    i_dram_wrapper/i_dram/u_mig7s_mig/u_ddr3_infrastructure/plle2_i_0
    PLLE2_ADV_X1Y1       PLLE2_ADV (Prop_plle2_adv_CLKIN1_CLKOUT0)
                                                      0.073     5.591 r  i_dram_wrapper/i_dram/u_mig7s_mig/u_ddr3_infrastructure/plle2_i/CLKOUT0
                         net (fo=14, estimated)       1.145     6.736    i_dram_wrapper/i_dram/u_mig7s_mig/u_memc_ui_top_axi/mem_intfc0/ddr_phy_top0/u_ddr_mc_phy_wrapper/u_ddr_mc_phy/ddr_phy_4lanes_0.u_ddr_phy_4lanes/ddr_byte_lane_A.ddr_byte_lane_A/freq_refclk
    PHASER_IN_PHY_X1Y8   PHASER_IN_PHY (Prop_phaser_in_phy_FREQREFCLK_ICLK)
                                                      1.394     8.130 r  i_dram_wrapper/i_dram/u_mig7s_mig/u_memc_ui_top_axi/mem_intfc0/ddr_phy_top0/u_ddr_mc_phy_wrapper/u_ddr_mc_phy/ddr_phy_4lanes_0.u_ddr_phy_4lanes/ddr_byte_lane_A.ddr_byte_lane_A/phaser_in_gen.phaser_in/ICLK
    PHASER_IN_PHY_X1Y8   PHASER_IN_PHY (Prop_phaser_in_phy_ICLK_ICLKDIV)
                                                      0.145     8.275 r  i_dram_wrapper/i_dram/u_mig7s_mig/u_memc_ui_top_axi/mem_intfc0/ddr_phy_top0/u_ddr_mc_phy_wrapper/u_ddr_mc_phy/ddr_phy_4lanes_0.u_ddr_phy_4lanes/ddr_byte_lane_A.ddr_byte_lane_A/phaser_in_gen.phaser_in/ICLKDIV
                         net (fo=9, estimated)        0.000     8.275    i_dram_wrapper/i_dram/u_mig7s_mig/u_memc_ui_top_axi/mem_intfc0/ddr_phy_top0/u_ddr_mc_phy_wrapper/u_ddr_mc_phy/ddr_phy_4lanes_0.u_ddr_phy_4lanes/ddr_byte_lane_A.ddr_byte_lane_A/iserdes_clkdiv
    IN_FIFO_X1Y8         IN_FIFO                                      r  i_dram_wrapper/i_dram/u_mig7s_mig/u_memc_ui_top_axi/mem_intfc0/ddr_phy_top0/u_ddr_mc_phy_wrapper/u_ddr_mc_phy/ddr_phy_4lanes_0.u_ddr_phy_4lanes/ddr_byte_lane_A.ddr_byte_lane_A/in_fifo_gen.in_fifo/WRCLK
                         clock pessimism              0.264     8.540    
                         clock uncertainty           -0.047     8.493    
    IN_FIFO_X1Y8         IN_FIFO (Setup_in_fifo_WRCLK_D1[3])
                                                     -0.469     8.024    i_dram_wrapper/i_dram/u_mig7s_mig/u_memc_ui_top_axi/mem_intfc0/ddr_phy_top0/u_ddr_mc_phy_wrapper/u_ddr_mc_phy/ddr_phy_4lanes_0.u_ddr_phy_4lanes/ddr_byte_lane_A.ddr_byte_lane_A/in_fifo_gen.in_fifo
  -------------------------------------------------------------------
                         required time                          8.024    
                         arrival time                          -7.041    
  -------------------------------------------------------------------
                         slack                                  0.983    





Min Delay Paths
--------------------------------------------------------------------------------------
Slack (MET) :             0.070ns  (arrival time - required time)
  Source:                 i_dram_wrapper/i_dram/u_mig7s_mig/u_memc_ui_top_axi/mem_intfc0/ddr_phy_top0/u_ddr_mc_phy_wrapper/u_ddr_mc_phy/ddr_phy_4lanes_0.u_ddr_phy_4lanes/ddr_byte_lane_A.ddr_byte_lane_A/phaser_in_gen.phaser_in/ICLKDIV
                            (rising edge-triggered cell PHASER_IN_PHY clocked by iserdes_clkdiv  {rise@1.172ns fall@2.422ns period=2.500ns})
  Destination:            i_dram_wrapper/i_dram/u_mig7s_mig/u_memc_ui_top_axi/mem_intfc0/ddr_phy_top0/u_ddr_mc_phy_wrapper/u_ddr_mc_phy/ddr_phy_4lanes_0.u_ddr_phy_4lanes/ddr_byte_lane_A.ddr_byte_lane_A/in_fifo_gen.in_fifo/WREN
                            (rising edge-triggered cell IN_FIFO clocked by iserdes_clkdiv  {rise@1.172ns fall@2.422ns period=2.500ns})
  Path Group:             iserdes_clkdiv
  Path Type:              Hold (Min at Fast Process Corner)
  Requirement:            0.000ns  (iserdes_clkdiv rise@1.172ns - iserdes_clkdiv rise@1.172ns)
  Data Path Delay:        0.058ns  (logic 0.058ns (100.000%)  route 0.000ns (0.000%))
  Logic Levels:           0  
  Clock Path Skew:        0.000ns (DCD - SCD - CPR)
    Destination Clock Delay (DCD):    3.040ns = ( 4.212 - 1.172 ) 
    Source Clock Delay      (SCD):    2.866ns = ( 4.038 - 1.172 ) 
    Clock Pessimism Removal (CPR):    0.174ns

    Location             Delay type                Incr(ns)  Path(ns)    Netlist Resource(s)
  -------------------------------------------------------------------    -------------------
                         (clock iserdes_clkdiv rise edge)
                                                      1.172     1.172 r  
    AD12                                              0.000     1.172 r  sys_clk_p (IN)
                         net (fo=0)                   0.000     1.172    sys_clk_p
    AD12                 IBUFDS (Prop_ibufds_I_O)     0.388     1.560 r  i_bufds_sys_clk/O
                         net (fo=65, estimated)       0.545     2.105    i_dram_wrapper/i_dram/u_mig7s_mig/u_ddr3_infrastructure/plle2_i_0
    PLLE2_ADV_X1Y1       PLLE2_ADV (Prop_plle2_adv_CLKIN1_CLKOUT0)
                                                      0.050     2.155 r  i_dram_wrapper/i_dram/u_mig7s_mig/u_ddr3_infrastructure/plle2_i/CLKOUT0
                         net (fo=14, estimated)       0.598     2.752    i_dram_wrapper/i_dram/u_mig7s_mig/u_memc_ui_top_axi/mem_intfc0/ddr_phy_top0/u_ddr_mc_phy_wrapper/u_ddr_mc_phy/ddr_phy_4lanes_0.u_ddr_phy_4lanes/ddr_byte_lane_A.ddr_byte_lane_A/freq_refclk
    PHASER_IN_PHY_X1Y8   PHASER_IN_PHY (Prop_phaser_in_phy_FREQREFCLK_ICLK)
                                                      1.195     3.948 r  i_dram_wrapper/i_dram/u_mig7s_mig/u_memc_ui_top_axi/mem_intfc0/ddr_phy_top0/u_ddr_mc_phy_wrapper/u_ddr_mc_phy/ddr_phy_4lanes_0.u_ddr_phy_4lanes/ddr_byte_lane_A.ddr_byte_lane_A/phaser_in_gen.phaser_in/ICLK
    PHASER_IN_PHY_X1Y8   PHASER_IN_PHY (Prop_phaser_in_phy_ICLK_ICLKDIV)
                                                      0.090     4.038 r  i_dram_wrapper/i_dram/u_mig7s_mig/u_memc_ui_top_axi/mem_intfc0/ddr_phy_top0/u_ddr_mc_phy_wrapper/u_ddr_mc_phy/ddr_phy_4lanes_0.u_ddr_phy_4lanes/ddr_byte_lane_A.ddr_byte_lane_A/phaser_in_gen.phaser_in/ICLKDIV
  -------------------------------------------------------------------    -------------------
    PHASER_IN_PHY_X1Y8   PHASER_IN_PHY (Prop_phaser_in_phy_ICLKDIV_WRENABLE)
                                                      0.058     4.096 r  i_dram_wrapper/i_dram/u_mig7s_mig/u_memc_ui_top_axi/mem_intfc0/ddr_phy_top0/u_ddr_mc_phy_wrapper/u_ddr_mc_phy/ddr_phy_4lanes_0.u_ddr_phy_4lanes/ddr_byte_lane_A.ddr_byte_lane_A/phaser_in_gen.phaser_in/WRENABLE
                         net (fo=1, estimated)        0.000     4.096    i_dram_wrapper/i_dram/u_mig7s_mig/u_memc_ui_top_axi/mem_intfc0/ddr_phy_top0/u_ddr_mc_phy_wrapper/u_ddr_mc_phy/ddr_phy_4lanes_0.u_ddr_phy_4lanes/ddr_byte_lane_A.ddr_byte_lane_A/ififo_wr_enable
    IN_FIFO_X1Y8         IN_FIFO                                      r  i_dram_wrapper/i_dram/u_mig7s_mig/u_memc_ui_top_axi/mem_intfc0/ddr_phy_top0/u_ddr_mc_phy_wrapper/u_ddr_mc_phy/ddr_phy_4lanes_0.u_ddr_phy_4lanes/ddr_byte_lane_A.ddr_byte_lane_A/in_fifo_gen.in_fifo/WREN
  -------------------------------------------------------------------    -------------------

                         (clock iserdes_clkdiv rise edge)
                                                      1.172     1.172 r  
    AD12                                              0.000     1.172 r  sys_clk_p (IN)
                         net (fo=0)                   0.000     1.172    sys_clk_p
    AD12                 IBUFDS (Prop_ibufds_I_O)     0.470     1.642 r  i_bufds_sys_clk/O
                         net (fo=65, estimated)       0.573     2.215    i_dram_wrapper/i_dram/u_mig7s_mig/u_ddr3_infrastructure/plle2_i_0
    PLLE2_ADV_X1Y1       PLLE2_ADV (Prop_plle2_adv_CLKIN1_CLKOUT0)
                                                      0.053     2.268 r  i_dram_wrapper/i_dram/u_mig7s_mig/u_ddr3_infrastructure/plle2_i/CLKOUT0
                         net (fo=14, estimated)       0.629     2.897    i_dram_wrapper/i_dram/u_mig7s_mig/u_memc_ui_top_axi/mem_intfc0/ddr_phy_top0/u_ddr_mc_phy_wrapper/u_ddr_mc_phy/ddr_phy_4lanes_0.u_ddr_phy_4lanes/ddr_byte_lane_A.ddr_byte_lane_A/freq_refclk
    PHASER_IN_PHY_X1Y8   PHASER_IN_PHY (Prop_phaser_in_phy_FREQREFCLK_ICLK)
                                                      1.219     4.116 r  i_dram_wrapper/i_dram/u_mig7s_mig/u_memc_ui_top_axi/mem_intfc0/ddr_phy_top0/u_ddr_mc_phy_wrapper/u_ddr_mc_phy/ddr_phy_4lanes_0.u_ddr_phy_4lanes/ddr_byte_lane_A.ddr_byte_lane_A/phaser_in_gen.phaser_in/ICLK
    PHASER_IN_PHY_X1Y8   PHASER_IN_PHY (Prop_phaser_in_phy_ICLK_ICLKDIV)
                                                      0.096     4.212 r  i_dram_wrapper/i_dram/u_mig7s_mig/u_memc_ui_top_axi/mem_intfc0/ddr_phy_top0/u_ddr_mc_phy_wrapper/u_ddr_mc_phy/ddr_phy_4lanes_0.u_ddr_phy_4lanes/ddr_byte_lane_A.ddr_byte_lane_A/phaser_in_gen.phaser_in/ICLKDIV
                         net (fo=9, estimated)        0.000     4.212    i_dram_wrapper/i_dram/u_mig7s_mig/u_memc_ui_top_axi/mem_intfc0/ddr_phy_top0/u_ddr_mc_phy_wrapper/u_ddr_mc_phy/ddr_phy_4lanes_0.u_ddr_phy_4lanes/ddr_byte_lane_A.ddr_byte_lane_A/iserdes_clkdiv
    IN_FIFO_X1Y8         IN_FIFO                                      r  i_dram_wrapper/i_dram/u_mig7s_mig/u_memc_ui_top_axi/mem_intfc0/ddr_phy_top0/u_ddr_mc_phy_wrapper/u_ddr_mc_phy/ddr_phy_4lanes_0.u_ddr_phy_4lanes/ddr_byte_lane_A.ddr_byte_lane_A/in_fifo_gen.in_fifo/WRCLK
                         clock pessimism             -0.174     4.038    
    IN_FIFO_X1Y8         IN_FIFO (Hold_in_fifo_WRCLK_WREN)
                                                     -0.012     4.026    i_dram_wrapper/i_dram/u_mig7s_mig/u_memc_ui_top_axi/mem_intfc0/ddr_phy_top0/u_ddr_mc_phy_wrapper/u_ddr_mc_phy/ddr_phy_4lanes_0.u_ddr_phy_4lanes/ddr_byte_lane_A.ddr_byte_lane_A/in_fifo_gen.in_fifo
  -------------------------------------------------------------------
                         required time                         -4.026    
                         arrival time                           4.096    
  -------------------------------------------------------------------
                         slack                                  0.070    





Pulse Width Checks
--------------------------------------------------------------------------------------
Clock Name:         iserdes_clkdiv
Waveform(ns):       { 1.172 2.422 }
Period(ns):         2.500
Sources:            { i_dram_wrapper/i_dram/u_mig7s_mig/u_memc_ui_top_axi/mem_intfc0/ddr_phy_top0/u_ddr_mc_phy_wrapper/u_ddr_mc_phy/ddr_phy_4lanes_0.u_ddr_phy_4lanes/ddr_byte_lane_A.ddr_byte_lane_A/phaser_in_gen.phaser_in/ICLKDIV }

Check Type        Corner  Lib Pin        Reference Pin  Required(ns)  Actual(ns)  Slack(ns)  Location      Pin
Min Period        n/a     IN_FIFO/WRCLK  n/a            2.126         2.500       0.374      IN_FIFO_X1Y8  i_dram_wrapper/i_dram/u_mig7s_mig/u_memc_ui_top_axi/mem_intfc0/ddr_phy_top0/u_ddr_mc_phy_wrapper/u_ddr_mc_phy/ddr_phy_4lanes_0.u_ddr_phy_4lanes/ddr_byte_lane_A.ddr_byte_lane_A/in_fifo_gen.in_fifo/WRCLK
Low Pulse Width   Slow    IN_FIFO/WRCLK  n/a            0.914         1.250       0.336      IN_FIFO_X1Y8  i_dram_wrapper/i_dram/u_mig7s_mig/u_memc_ui_top_axi/mem_intfc0/ddr_phy_top0/u_ddr_mc_phy_wrapper/u_ddr_mc_phy/ddr_phy_4lanes_0.u_ddr_phy_4lanes/ddr_byte_lane_A.ddr_byte_lane_A/in_fifo_gen.in_fifo/WRCLK
High Pulse Width  Slow    IN_FIFO/WRCLK  n/a            0.914         1.250       0.336      IN_FIFO_X1Y8  i_dram_wrapper/i_dram/u_mig7s_mig/u_memc_ui_top_axi/mem_intfc0/ddr_phy_top0/u_ddr_mc_phy_wrapper/u_ddr_mc_phy/ddr_phy_4lanes_0.u_ddr_phy_4lanes/ddr_byte_lane_A.ddr_byte_lane_A/in_fifo_gen.in_fifo/WRCLK



---------------------------------------------------------------------------------------------------
From Clock:  u_memc_ui_top_axi/mem_intfc0/ddr_phy_top0/u_ddr_mc_phy_wrapper/u_ddr_mc_phy/ddr_phy_4lanes_0.u_ddr_phy_4lanes/ddr_byte_lane_B.ddr_byte_lane_B/iserdes_clk
  To Clock:  u_memc_ui_top_axi/mem_intfc0/ddr_phy_top0/u_ddr_mc_phy_wrapper/u_ddr_mc_phy/ddr_phy_4lanes_0.u_ddr_phy_4lanes/ddr_byte_lane_B.ddr_byte_lane_B/iserdes_clk

Setup :           NA  Failing Endpoints,  Worst Slack           NA  ,  Total Violation           NA
Hold  :           NA  Failing Endpoints,  Worst Slack           NA  ,  Total Violation           NA
PW    :            0  Failing Endpoints,  Worst Slack        0.180ns,  Total Violation        0.000ns
---------------------------------------------------------------------------------------------------


Pulse Width Checks
--------------------------------------------------------------------------------------
Clock Name:         u_memc_ui_top_axi/mem_intfc0/ddr_phy_top0/u_ddr_mc_phy_wrapper/u_ddr_mc_phy/ddr_phy_4lanes_0.u_ddr_phy_4lanes/ddr_byte_lane_B.ddr_byte_lane_B/iserdes_clk
Waveform(ns):       { 1.172 1.797 }
Period(ns):         1.250
Sources:            { i_dram_wrapper/i_dram/u_mig7s_mig/u_memc_ui_top_axi/mem_intfc0/ddr_phy_top0/u_ddr_mc_phy_wrapper/u_ddr_mc_phy/ddr_phy_4lanes_0.u_ddr_phy_4lanes/ddr_byte_lane_B.ddr_byte_lane_B/phaser_in_gen.phaser_in/ICLK }

Check Type  Corner  Lib Pin        Reference Pin  Required(ns)  Actual(ns)  Slack(ns)  Location       Pin
Min Period  n/a     ISERDESE2/CLK  n/a            1.070         1.250       0.180      ILOGIC_X1Y114  i_dram_wrapper/i_dram/u_mig7s_mig/u_memc_ui_top_axi/mem_intfc0/ddr_phy_top0/u_ddr_mc_phy_wrapper/u_ddr_mc_phy/ddr_phy_4lanes_0.u_ddr_phy_4lanes/ddr_byte_lane_B.ddr_byte_lane_B/ddr_byte_group_io/input_[1].iserdes_dq_.iserdesdq/CLK



---------------------------------------------------------------------------------------------------
From Clock:  iserdes_clkdiv_1
  To Clock:  iserdes_clkdiv_1

Setup :            0  Failing Endpoints,  Worst Slack        0.997ns,  Total Violation        0.000ns
Hold  :            0  Failing Endpoints,  Worst Slack        0.070ns,  Total Violation        0.000ns
PW    :            0  Failing Endpoints,  Worst Slack        0.336ns,  Total Violation        0.000ns
---------------------------------------------------------------------------------------------------


Max Delay Paths
--------------------------------------------------------------------------------------
Slack (MET) :             0.997ns  (required time - arrival time)
  Source:                 i_dram_wrapper/i_dram/u_mig7s_mig/u_memc_ui_top_axi/mem_intfc0/ddr_phy_top0/u_ddr_mc_phy_wrapper/u_ddr_mc_phy/ddr_phy_4lanes_0.u_ddr_phy_4lanes/ddr_byte_lane_B.ddr_byte_lane_B/ddr_byte_group_io/input_[1].iserdes_dq_.iserdesdq/CLKDIVP
                            (rising edge-triggered cell ISERDESE2 clocked by iserdes_clkdiv_1  {rise@1.172ns fall@2.422ns period=2.500ns})
  Destination:            i_dram_wrapper/i_dram/u_mig7s_mig/u_memc_ui_top_axi/mem_intfc0/ddr_phy_top0/u_ddr_mc_phy_wrapper/u_ddr_mc_phy/ddr_phy_4lanes_0.u_ddr_phy_4lanes/ddr_byte_lane_B.ddr_byte_lane_B/in_fifo_gen.in_fifo/D1[3]
                            (rising edge-triggered cell IN_FIFO clocked by iserdes_clkdiv_1  {rise@1.172ns fall@2.422ns period=2.500ns})
  Path Group:             iserdes_clkdiv_1
  Path Type:              Setup (Max at Slow Process Corner)
  Requirement:            2.500ns  (iserdes_clkdiv_1 rise@3.672ns - iserdes_clkdiv_1 rise@1.172ns)
  Data Path Delay:        0.643ns  (logic 0.326ns (50.700%)  route 0.317ns (49.300%))
  Logic Levels:           0  
  Clock Path Skew:        -0.344ns (DCD - SCD + CPR)
    Destination Clock Delay (DCD):    4.602ns = ( 8.274 - 3.672 ) 
    Source Clock Delay      (SCD):    5.211ns = ( 6.383 - 1.172 ) 
    Clock Pessimism Removal (CPR):    0.264ns
  Clock Uncertainty:      0.047ns  ((TSJ^2 + DJ^2)^1/2) / 2 + PE
    Total System Jitter     (TSJ):    0.071ns
    Discrete Jitter          (DJ):    0.061ns
    Phase Error              (PE):    0.000ns

    Location             Delay type                Incr(ns)  Path(ns)    Netlist Resource(s)
  -------------------------------------------------------------------    -------------------
                         (clock iserdes_clkdiv_1 rise edge)
                                                      1.172     1.172 r  
    AD12                                              0.000     1.172 r  sys_clk_p (IN)
                         net (fo=0)                   0.000     1.172    sys_clk_p
    AD12                 IBUFDS (Prop_ibufds_I_O)     0.906     2.078 r  i_bufds_sys_clk/O
                         net (fo=65, estimated)       1.098     3.176    i_dram_wrapper/i_dram/u_mig7s_mig/u_ddr3_infrastructure/plle2_i_0
    PLLE2_ADV_X1Y1       PLLE2_ADV (Prop_plle2_adv_CLKIN1_CLKOUT0)
                                                      0.077     3.253 r  i_dram_wrapper/i_dram/u_mig7s_mig/u_ddr3_infrastructure/plle2_i/CLKOUT0
                         net (fo=14, estimated)       1.204     4.457    i_dram_wrapper/i_dram/u_mig7s_mig/u_memc_ui_top_axi/mem_intfc0/ddr_phy_top0/u_ddr_mc_phy_wrapper/u_ddr_mc_phy/ddr_phy_4lanes_0.u_ddr_phy_4lanes/ddr_byte_lane_B.ddr_byte_lane_B/freq_refclk
    PHASER_IN_PHY_X1Y9   PHASER_IN_PHY (Prop_phaser_in_phy_FREQREFCLK_ICLK)
                                                      1.428     5.885 r  i_dram_wrapper/i_dram/u_mig7s_mig/u_memc_ui_top_axi/mem_intfc0/ddr_phy_top0/u_ddr_mc_phy_wrapper/u_ddr_mc_phy/ddr_phy_4lanes_0.u_ddr_phy_4lanes/ddr_byte_lane_B.ddr_byte_lane_B/phaser_in_gen.phaser_in/ICLK
    PHASER_IN_PHY_X1Y9   PHASER_IN_PHY (Prop_phaser_in_phy_ICLK_ICLKDIV)
                                                      0.154     6.039 r  i_dram_wrapper/i_dram/u_mig7s_mig/u_memc_ui_top_axi/mem_intfc0/ddr_phy_top0/u_ddr_mc_phy_wrapper/u_ddr_mc_phy/ddr_phy_4lanes_0.u_ddr_phy_4lanes/ddr_byte_lane_B.ddr_byte_lane_B/phaser_in_gen.phaser_in/ICLKDIV
                         net (fo=9, estimated)        0.344     6.383    i_dram_wrapper/i_dram/u_mig7s_mig/u_memc_ui_top_axi/mem_intfc0/ddr_phy_top0/u_ddr_mc_phy_wrapper/u_ddr_mc_phy/ddr_phy_4lanes_0.u_ddr_phy_4lanes/ddr_byte_lane_B.ddr_byte_lane_B/ddr_byte_group_io/iserdes_clkdiv
    ILOGIC_X1Y114        ISERDESE2                                    r  i_dram_wrapper/i_dram/u_mig7s_mig/u_memc_ui_top_axi/mem_intfc0/ddr_phy_top0/u_ddr_mc_phy_wrapper/u_ddr_mc_phy/ddr_phy_4lanes_0.u_ddr_phy_4lanes/ddr_byte_lane_B.ddr_byte_lane_B/ddr_byte_group_io/input_[1].iserdes_dq_.iserdesdq/CLKDIVP
  -------------------------------------------------------------------    -------------------
    ILOGIC_X1Y114        ISERDESE2 (Prop_iserdese2_CLKDIVP_Q1)
                                                      0.326     6.709 r  i_dram_wrapper/i_dram/u_mig7s_mig/u_memc_ui_top_axi/mem_intfc0/ddr_phy_top0/u_ddr_mc_phy_wrapper/u_ddr_mc_phy/ddr_phy_4lanes_0.u_ddr_phy_4lanes/ddr_byte_lane_B.ddr_byte_lane_B/ddr_byte_group_io/input_[1].iserdes_dq_.iserdesdq/Q1
                         net (fo=1, estimated)        0.317     7.026    i_dram_wrapper/i_dram/u_mig7s_mig/u_memc_ui_top_axi/mem_intfc0/ddr_phy_top0/u_ddr_mc_phy_wrapper/u_ddr_mc_phy/ddr_phy_4lanes_0.u_ddr_phy_4lanes/ddr_byte_lane_B.ddr_byte_lane_B/if_d1[3]
    IN_FIFO_X1Y9         IN_FIFO                                      r  i_dram_wrapper/i_dram/u_mig7s_mig/u_memc_ui_top_axi/mem_intfc0/ddr_phy_top0/u_ddr_mc_phy_wrapper/u_ddr_mc_phy/ddr_phy_4lanes_0.u_ddr_phy_4lanes/ddr_byte_lane_B.ddr_byte_lane_B/in_fifo_gen.in_fifo/D1[3]
  -------------------------------------------------------------------    -------------------

                         (clock iserdes_clkdiv_1 rise edge)
                                                      3.672     3.672 r  
    AD12                                              0.000     3.672 r  sys_clk_p (IN)
                         net (fo=0)                   0.000     3.672    sys_clk_p
    AD12                 IBUFDS (Prop_ibufds_I_O)     0.803     4.475 r  i_bufds_sys_clk/O
                         net (fo=65, estimated)       1.043     5.518    i_dram_wrapper/i_dram/u_mig7s_mig/u_ddr3_infrastructure/plle2_i_0
    PLLE2_ADV_X1Y1       PLLE2_ADV (Prop_plle2_adv_CLKIN1_CLKOUT0)
                                                      0.073     5.591 r  i_dram_wrapper/i_dram/u_mig7s_mig/u_ddr3_infrastructure/plle2_i/CLKOUT0
                         net (fo=14, estimated)       1.144     6.735    i_dram_wrapper/i_dram/u_mig7s_mig/u_memc_ui_top_axi/mem_intfc0/ddr_phy_top0/u_ddr_mc_phy_wrapper/u_ddr_mc_phy/ddr_phy_4lanes_0.u_ddr_phy_4lanes/ddr_byte_lane_B.ddr_byte_lane_B/freq_refclk
    PHASER_IN_PHY_X1Y9   PHASER_IN_PHY (Prop_phaser_in_phy_FREQREFCLK_ICLK)
                                                      1.394     8.129 r  i_dram_wrapper/i_dram/u_mig7s_mig/u_memc_ui_top_axi/mem_intfc0/ddr_phy_top0/u_ddr_mc_phy_wrapper/u_ddr_mc_phy/ddr_phy_4lanes_0.u_ddr_phy_4lanes/ddr_byte_lane_B.ddr_byte_lane_B/phaser_in_gen.phaser_in/ICLK
    PHASER_IN_PHY_X1Y9   PHASER_IN_PHY (Prop_phaser_in_phy_ICLK_ICLKDIV)
                                                      0.145     8.274 r  i_dram_wrapper/i_dram/u_mig7s_mig/u_memc_ui_top_axi/mem_intfc0/ddr_phy_top0/u_ddr_mc_phy_wrapper/u_ddr_mc_phy/ddr_phy_4lanes_0.u_ddr_phy_4lanes/ddr_byte_lane_B.ddr_byte_lane_B/phaser_in_gen.phaser_in/ICLKDIV
                         net (fo=9, estimated)        0.000     8.274    i_dram_wrapper/i_dram/u_mig7s_mig/u_memc_ui_top_axi/mem_intfc0/ddr_phy_top0/u_ddr_mc_phy_wrapper/u_ddr_mc_phy/ddr_phy_4lanes_0.u_ddr_phy_4lanes/ddr_byte_lane_B.ddr_byte_lane_B/iserdes_clkdiv
    IN_FIFO_X1Y9         IN_FIFO                                      r  i_dram_wrapper/i_dram/u_mig7s_mig/u_memc_ui_top_axi/mem_intfc0/ddr_phy_top0/u_ddr_mc_phy_wrapper/u_ddr_mc_phy/ddr_phy_4lanes_0.u_ddr_phy_4lanes/ddr_byte_lane_B.ddr_byte_lane_B/in_fifo_gen.in_fifo/WRCLK
                         clock pessimism              0.264     8.539    
                         clock uncertainty           -0.047     8.492    
    IN_FIFO_X1Y9         IN_FIFO (Setup_in_fifo_WRCLK_D1[3])
                                                     -0.469     8.023    i_dram_wrapper/i_dram/u_mig7s_mig/u_memc_ui_top_axi/mem_intfc0/ddr_phy_top0/u_ddr_mc_phy_wrapper/u_ddr_mc_phy/ddr_phy_4lanes_0.u_ddr_phy_4lanes/ddr_byte_lane_B.ddr_byte_lane_B/in_fifo_gen.in_fifo
  -------------------------------------------------------------------
                         required time                          8.023    
                         arrival time                          -7.026    
  -------------------------------------------------------------------
                         slack                                  0.997    





Min Delay Paths
--------------------------------------------------------------------------------------
Slack (MET) :             0.070ns  (arrival time - required time)
  Source:                 i_dram_wrapper/i_dram/u_mig7s_mig/u_memc_ui_top_axi/mem_intfc0/ddr_phy_top0/u_ddr_mc_phy_wrapper/u_ddr_mc_phy/ddr_phy_4lanes_0.u_ddr_phy_4lanes/ddr_byte_lane_B.ddr_byte_lane_B/phaser_in_gen.phaser_in/ICLKDIV
                            (rising edge-triggered cell PHASER_IN_PHY clocked by iserdes_clkdiv_1  {rise@1.172ns fall@2.422ns period=2.500ns})
  Destination:            i_dram_wrapper/i_dram/u_mig7s_mig/u_memc_ui_top_axi/mem_intfc0/ddr_phy_top0/u_ddr_mc_phy_wrapper/u_ddr_mc_phy/ddr_phy_4lanes_0.u_ddr_phy_4lanes/ddr_byte_lane_B.ddr_byte_lane_B/in_fifo_gen.in_fifo/WREN
                            (rising edge-triggered cell IN_FIFO clocked by iserdes_clkdiv_1  {rise@1.172ns fall@2.422ns period=2.500ns})
  Path Group:             iserdes_clkdiv_1
  Path Type:              Hold (Min at Fast Process Corner)
  Requirement:            0.000ns  (iserdes_clkdiv_1 rise@1.172ns - iserdes_clkdiv_1 rise@1.172ns)
  Data Path Delay:        0.058ns  (logic 0.058ns (100.000%)  route 0.000ns (0.000%))
  Logic Levels:           0  
  Clock Path Skew:        0.000ns (DCD - SCD - CPR)
    Destination Clock Delay (DCD):    3.040ns = ( 4.211 - 1.172 ) 
    Source Clock Delay      (SCD):    2.865ns = ( 4.037 - 1.172 ) 
    Clock Pessimism Removal (CPR):    0.174ns

    Location             Delay type                Incr(ns)  Path(ns)    Netlist Resource(s)
  -------------------------------------------------------------------    -------------------
                         (clock iserdes_clkdiv_1 rise edge)
                                                      1.172     1.172 r  
    AD12                                              0.000     1.172 r  sys_clk_p (IN)
                         net (fo=0)                   0.000     1.172    sys_clk_p
    AD12                 IBUFDS (Prop_ibufds_I_O)     0.388     1.560 r  i_bufds_sys_clk/O
                         net (fo=65, estimated)       0.545     2.105    i_dram_wrapper/i_dram/u_mig7s_mig/u_ddr3_infrastructure/plle2_i_0
    PLLE2_ADV_X1Y1       PLLE2_ADV (Prop_plle2_adv_CLKIN1_CLKOUT0)
                                                      0.050     2.155 r  i_dram_wrapper/i_dram/u_mig7s_mig/u_ddr3_infrastructure/plle2_i/CLKOUT0
                         net (fo=14, estimated)       0.597     2.752    i_dram_wrapper/i_dram/u_mig7s_mig/u_memc_ui_top_axi/mem_intfc0/ddr_phy_top0/u_ddr_mc_phy_wrapper/u_ddr_mc_phy/ddr_phy_4lanes_0.u_ddr_phy_4lanes/ddr_byte_lane_B.ddr_byte_lane_B/freq_refclk
    PHASER_IN_PHY_X1Y9   PHASER_IN_PHY (Prop_phaser_in_phy_FREQREFCLK_ICLK)
                                                      1.195     3.947 r  i_dram_wrapper/i_dram/u_mig7s_mig/u_memc_ui_top_axi/mem_intfc0/ddr_phy_top0/u_ddr_mc_phy_wrapper/u_ddr_mc_phy/ddr_phy_4lanes_0.u_ddr_phy_4lanes/ddr_byte_lane_B.ddr_byte_lane_B/phaser_in_gen.phaser_in/ICLK
    PHASER_IN_PHY_X1Y9   PHASER_IN_PHY (Prop_phaser_in_phy_ICLK_ICLKDIV)
                                                      0.090     4.037 r  i_dram_wrapper/i_dram/u_mig7s_mig/u_memc_ui_top_axi/mem_intfc0/ddr_phy_top0/u_ddr_mc_phy_wrapper/u_ddr_mc_phy/ddr_phy_4lanes_0.u_ddr_phy_4lanes/ddr_byte_lane_B.ddr_byte_lane_B/phaser_in_gen.phaser_in/ICLKDIV
  -------------------------------------------------------------------    -------------------
    PHASER_IN_PHY_X1Y9   PHASER_IN_PHY (Prop_phaser_in_phy_ICLKDIV_WRENABLE)
                                                      0.058     4.095 r  i_dram_wrapper/i_dram/u_mig7s_mig/u_memc_ui_top_axi/mem_intfc0/ddr_phy_top0/u_ddr_mc_phy_wrapper/u_ddr_mc_phy/ddr_phy_4lanes_0.u_ddr_phy_4lanes/ddr_byte_lane_B.ddr_byte_lane_B/phaser_in_gen.phaser_in/WRENABLE
                         net (fo=1, estimated)        0.000     4.095    i_dram_wrapper/i_dram/u_mig7s_mig/u_memc_ui_top_axi/mem_intfc0/ddr_phy_top0/u_ddr_mc_phy_wrapper/u_ddr_mc_phy/ddr_phy_4lanes_0.u_ddr_phy_4lanes/ddr_byte_lane_B.ddr_byte_lane_B/ififo_wr_enable
    IN_FIFO_X1Y9         IN_FIFO                                      r  i_dram_wrapper/i_dram/u_mig7s_mig/u_memc_ui_top_axi/mem_intfc0/ddr_phy_top0/u_ddr_mc_phy_wrapper/u_ddr_mc_phy/ddr_phy_4lanes_0.u_ddr_phy_4lanes/ddr_byte_lane_B.ddr_byte_lane_B/in_fifo_gen.in_fifo/WREN
  -------------------------------------------------------------------    -------------------

                         (clock iserdes_clkdiv_1 rise edge)
                                                      1.172     1.172 r  
    AD12                                              0.000     1.172 r  sys_clk_p (IN)
                         net (fo=0)                   0.000     1.172    sys_clk_p
    AD12                 IBUFDS (Prop_ibufds_I_O)     0.470     1.642 r  i_bufds_sys_clk/O
                         net (fo=65, estimated)       0.573     2.215    i_dram_wrapper/i_dram/u_mig7s_mig/u_ddr3_infrastructure/plle2_i_0
    PLLE2_ADV_X1Y1       PLLE2_ADV (Prop_plle2_adv_CLKIN1_CLKOUT0)
                                                      0.053     2.268 r  i_dram_wrapper/i_dram/u_mig7s_mig/u_ddr3_infrastructure/plle2_i/CLKOUT0
                         net (fo=14, estimated)       0.628     2.896    i_dram_wrapper/i_dram/u_mig7s_mig/u_memc_ui_top_axi/mem_intfc0/ddr_phy_top0/u_ddr_mc_phy_wrapper/u_ddr_mc_phy/ddr_phy_4lanes_0.u_ddr_phy_4lanes/ddr_byte_lane_B.ddr_byte_lane_B/freq_refclk
    PHASER_IN_PHY_X1Y9   PHASER_IN_PHY (Prop_phaser_in_phy_FREQREFCLK_ICLK)
                                                      1.219     4.115 r  i_dram_wrapper/i_dram/u_mig7s_mig/u_memc_ui_top_axi/mem_intfc0/ddr_phy_top0/u_ddr_mc_phy_wrapper/u_ddr_mc_phy/ddr_phy_4lanes_0.u_ddr_phy_4lanes/ddr_byte_lane_B.ddr_byte_lane_B/phaser_in_gen.phaser_in/ICLK
    PHASER_IN_PHY_X1Y9   PHASER_IN_PHY (Prop_phaser_in_phy_ICLK_ICLKDIV)
                                                      0.096     4.211 r  i_dram_wrapper/i_dram/u_mig7s_mig/u_memc_ui_top_axi/mem_intfc0/ddr_phy_top0/u_ddr_mc_phy_wrapper/u_ddr_mc_phy/ddr_phy_4lanes_0.u_ddr_phy_4lanes/ddr_byte_lane_B.ddr_byte_lane_B/phaser_in_gen.phaser_in/ICLKDIV
                         net (fo=9, estimated)        0.000     4.211    i_dram_wrapper/i_dram/u_mig7s_mig/u_memc_ui_top_axi/mem_intfc0/ddr_phy_top0/u_ddr_mc_phy_wrapper/u_ddr_mc_phy/ddr_phy_4lanes_0.u_ddr_phy_4lanes/ddr_byte_lane_B.ddr_byte_lane_B/iserdes_clkdiv
    IN_FIFO_X1Y9         IN_FIFO                                      r  i_dram_wrapper/i_dram/u_mig7s_mig/u_memc_ui_top_axi/mem_intfc0/ddr_phy_top0/u_ddr_mc_phy_wrapper/u_ddr_mc_phy/ddr_phy_4lanes_0.u_ddr_phy_4lanes/ddr_byte_lane_B.ddr_byte_lane_B/in_fifo_gen.in_fifo/WRCLK
                         clock pessimism             -0.174     4.037    
    IN_FIFO_X1Y9         IN_FIFO (Hold_in_fifo_WRCLK_WREN)
                                                     -0.012     4.025    i_dram_wrapper/i_dram/u_mig7s_mig/u_memc_ui_top_axi/mem_intfc0/ddr_phy_top0/u_ddr_mc_phy_wrapper/u_ddr_mc_phy/ddr_phy_4lanes_0.u_ddr_phy_4lanes/ddr_byte_lane_B.ddr_byte_lane_B/in_fifo_gen.in_fifo
  -------------------------------------------------------------------
                         required time                         -4.025    
                         arrival time                           4.095    
  -------------------------------------------------------------------
                         slack                                  0.070    





Pulse Width Checks
--------------------------------------------------------------------------------------
Clock Name:         iserdes_clkdiv_1
Waveform(ns):       { 1.172 2.422 }
Period(ns):         2.500
Sources:            { i_dram_wrapper/i_dram/u_mig7s_mig/u_memc_ui_top_axi/mem_intfc0/ddr_phy_top0/u_ddr_mc_phy_wrapper/u_ddr_mc_phy/ddr_phy_4lanes_0.u_ddr_phy_4lanes/ddr_byte_lane_B.ddr_byte_lane_B/phaser_in_gen.phaser_in/ICLKDIV }

Check Type        Corner  Lib Pin        Reference Pin  Required(ns)  Actual(ns)  Slack(ns)  Location      Pin
Min Period        n/a     IN_FIFO/WRCLK  n/a            2.126         2.500       0.374      IN_FIFO_X1Y9  i_dram_wrapper/i_dram/u_mig7s_mig/u_memc_ui_top_axi/mem_intfc0/ddr_phy_top0/u_ddr_mc_phy_wrapper/u_ddr_mc_phy/ddr_phy_4lanes_0.u_ddr_phy_4lanes/ddr_byte_lane_B.ddr_byte_lane_B/in_fifo_gen.in_fifo/WRCLK
Low Pulse Width   Slow    IN_FIFO/WRCLK  n/a            0.914         1.250       0.336      IN_FIFO_X1Y9  i_dram_wrapper/i_dram/u_mig7s_mig/u_memc_ui_top_axi/mem_intfc0/ddr_phy_top0/u_ddr_mc_phy_wrapper/u_ddr_mc_phy/ddr_phy_4lanes_0.u_ddr_phy_4lanes/ddr_byte_lane_B.ddr_byte_lane_B/in_fifo_gen.in_fifo/WRCLK
High Pulse Width  Slow    IN_FIFO/WRCLK  n/a            0.914         1.250       0.336      IN_FIFO_X1Y9  i_dram_wrapper/i_dram/u_mig7s_mig/u_memc_ui_top_axi/mem_intfc0/ddr_phy_top0/u_ddr_mc_phy_wrapper/u_ddr_mc_phy/ddr_phy_4lanes_0.u_ddr_phy_4lanes/ddr_byte_lane_B.ddr_byte_lane_B/in_fifo_gen.in_fifo/WRCLK



---------------------------------------------------------------------------------------------------
From Clock:  u_memc_ui_top_axi/mem_intfc0/ddr_phy_top0/u_ddr_mc_phy_wrapper/u_ddr_mc_phy/ddr_phy_4lanes_0.u_ddr_phy_4lanes/ddr_byte_lane_C.ddr_byte_lane_C/iserdes_clk
  To Clock:  u_memc_ui_top_axi/mem_intfc0/ddr_phy_top0/u_ddr_mc_phy_wrapper/u_ddr_mc_phy/ddr_phy_4lanes_0.u_ddr_phy_4lanes/ddr_byte_lane_C.ddr_byte_lane_C/iserdes_clk

Setup :           NA  Failing Endpoints,  Worst Slack           NA  ,  Total Violation           NA
Hold  :           NA  Failing Endpoints,  Worst Slack           NA  ,  Total Violation           NA
PW    :            0  Failing Endpoints,  Worst Slack        0.180ns,  Total Violation        0.000ns
---------------------------------------------------------------------------------------------------


Pulse Width Checks
--------------------------------------------------------------------------------------
Clock Name:         u_memc_ui_top_axi/mem_intfc0/ddr_phy_top0/u_ddr_mc_phy_wrapper/u_ddr_mc_phy/ddr_phy_4lanes_0.u_ddr_phy_4lanes/ddr_byte_lane_C.ddr_byte_lane_C/iserdes_clk
Waveform(ns):       { 1.172 1.797 }
Period(ns):         1.250
Sources:            { i_dram_wrapper/i_dram/u_mig7s_mig/u_memc_ui_top_axi/mem_intfc0/ddr_phy_top0/u_ddr_mc_phy_wrapper/u_ddr_mc_phy/ddr_phy_4lanes_0.u_ddr_phy_4lanes/ddr_byte_lane_C.ddr_byte_lane_C/phaser_in_gen.phaser_in/ICLK }

Check Type  Corner  Lib Pin        Reference Pin  Required(ns)  Actual(ns)  Slack(ns)  Location       Pin
Min Period  n/a     ISERDESE2/CLK  n/a            1.070         1.250       0.180      ILOGIC_X1Y126  i_dram_wrapper/i_dram/u_mig7s_mig/u_memc_ui_top_axi/mem_intfc0/ddr_phy_top0/u_ddr_mc_phy_wrapper/u_ddr_mc_phy/ddr_phy_4lanes_0.u_ddr_phy_4lanes/ddr_byte_lane_C.ddr_byte_lane_C/ddr_byte_group_io/input_[1].iserdes_dq_.iserdesdq/CLK



---------------------------------------------------------------------------------------------------
From Clock:  iserdes_clkdiv_2
  To Clock:  iserdes_clkdiv_2

Setup :            0  Failing Endpoints,  Worst Slack        1.002ns,  Total Violation        0.000ns
Hold  :            0  Failing Endpoints,  Worst Slack        0.070ns,  Total Violation        0.000ns
PW    :            0  Failing Endpoints,  Worst Slack        0.336ns,  Total Violation        0.000ns
---------------------------------------------------------------------------------------------------


Max Delay Paths
--------------------------------------------------------------------------------------
Slack (MET) :             1.002ns  (required time - arrival time)
  Source:                 i_dram_wrapper/i_dram/u_mig7s_mig/u_memc_ui_top_axi/mem_intfc0/ddr_phy_top0/u_ddr_mc_phy_wrapper/u_ddr_mc_phy/ddr_phy_4lanes_0.u_ddr_phy_4lanes/ddr_byte_lane_C.ddr_byte_lane_C/ddr_byte_group_io/input_[1].iserdes_dq_.iserdesdq/CLKDIVP
                            (rising edge-triggered cell ISERDESE2 clocked by iserdes_clkdiv_2  {rise@1.172ns fall@2.422ns period=2.500ns})
  Destination:            i_dram_wrapper/i_dram/u_mig7s_mig/u_memc_ui_top_axi/mem_intfc0/ddr_phy_top0/u_ddr_mc_phy_wrapper/u_ddr_mc_phy/ddr_phy_4lanes_0.u_ddr_phy_4lanes/ddr_byte_lane_C.ddr_byte_lane_C/in_fifo_gen.in_fifo/D1[3]
                            (rising edge-triggered cell IN_FIFO clocked by iserdes_clkdiv_2  {rise@1.172ns fall@2.422ns period=2.500ns})
  Path Group:             iserdes_clkdiv_2
  Path Type:              Setup (Max at Slow Process Corner)
  Requirement:            2.500ns  (iserdes_clkdiv_2 rise@3.672ns - iserdes_clkdiv_2 rise@1.172ns)
  Data Path Delay:        0.643ns  (logic 0.326ns (50.700%)  route 0.317ns (49.300%))
  Logic Levels:           0  
  Clock Path Skew:        -0.339ns (DCD - SCD + CPR)
    Destination Clock Delay (DCD):    4.591ns = ( 8.263 - 3.672 ) 
    Source Clock Delay      (SCD):    5.194ns = ( 6.366 - 1.172 ) 
    Clock Pessimism Removal (CPR):    0.264ns
  Clock Uncertainty:      0.047ns  ((TSJ^2 + DJ^2)^1/2) / 2 + PE
    Total System Jitter     (TSJ):    0.071ns
    Discrete Jitter          (DJ):    0.061ns
    Phase Error              (PE):    0.000ns

    Location             Delay type                Incr(ns)  Path(ns)    Netlist Resource(s)
  -------------------------------------------------------------------    -------------------
                         (clock iserdes_clkdiv_2 rise edge)
                                                      1.172     1.172 r  
    AD12                                              0.000     1.172 r  sys_clk_p (IN)
                         net (fo=0)                   0.000     1.172    sys_clk_p
    AD12                 IBUFDS (Prop_ibufds_I_O)     0.906     2.078 r  i_bufds_sys_clk/O
                         net (fo=65, estimated)       1.098     3.176    i_dram_wrapper/i_dram/u_mig7s_mig/u_ddr3_infrastructure/plle2_i_0
    PLLE2_ADV_X1Y1       PLLE2_ADV (Prop_plle2_adv_CLKIN1_CLKOUT0)
                                                      0.077     3.253 r  i_dram_wrapper/i_dram/u_mig7s_mig/u_ddr3_infrastructure/plle2_i/CLKOUT0
                         net (fo=14, estimated)       1.192     4.445    i_dram_wrapper/i_dram/u_mig7s_mig/u_memc_ui_top_axi/mem_intfc0/ddr_phy_top0/u_ddr_mc_phy_wrapper/u_ddr_mc_phy/ddr_phy_4lanes_0.u_ddr_phy_4lanes/ddr_byte_lane_C.ddr_byte_lane_C/freq_refclk
    PHASER_IN_PHY_X1Y10  PHASER_IN_PHY (Prop_phaser_in_phy_FREQREFCLK_ICLK)
                                                      1.428     5.873 r  i_dram_wrapper/i_dram/u_mig7s_mig/u_memc_ui_top_axi/mem_intfc0/ddr_phy_top0/u_ddr_mc_phy_wrapper/u_ddr_mc_phy/ddr_phy_4lanes_0.u_ddr_phy_4lanes/ddr_byte_lane_C.ddr_byte_lane_C/phaser_in_gen.phaser_in/ICLK
    PHASER_IN_PHY_X1Y10  PHASER_IN_PHY (Prop_phaser_in_phy_ICLK_ICLKDIV)
                                                      0.154     6.027 r  i_dram_wrapper/i_dram/u_mig7s_mig/u_memc_ui_top_axi/mem_intfc0/ddr_phy_top0/u_ddr_mc_phy_wrapper/u_ddr_mc_phy/ddr_phy_4lanes_0.u_ddr_phy_4lanes/ddr_byte_lane_C.ddr_byte_lane_C/phaser_in_gen.phaser_in/ICLKDIV
                         net (fo=9, estimated)        0.339     6.366    i_dram_wrapper/i_dram/u_mig7s_mig/u_memc_ui_top_axi/mem_intfc0/ddr_phy_top0/u_ddr_mc_phy_wrapper/u_ddr_mc_phy/ddr_phy_4lanes_0.u_ddr_phy_4lanes/ddr_byte_lane_C.ddr_byte_lane_C/ddr_byte_group_io/iserdes_clkdiv
    ILOGIC_X1Y126        ISERDESE2                                    r  i_dram_wrapper/i_dram/u_mig7s_mig/u_memc_ui_top_axi/mem_intfc0/ddr_phy_top0/u_ddr_mc_phy_wrapper/u_ddr_mc_phy/ddr_phy_4lanes_0.u_ddr_phy_4lanes/ddr_byte_lane_C.ddr_byte_lane_C/ddr_byte_group_io/input_[1].iserdes_dq_.iserdesdq/CLKDIVP
  -------------------------------------------------------------------    -------------------
    ILOGIC_X1Y126        ISERDESE2 (Prop_iserdese2_CLKDIVP_Q1)
                                                      0.326     6.692 r  i_dram_wrapper/i_dram/u_mig7s_mig/u_memc_ui_top_axi/mem_intfc0/ddr_phy_top0/u_ddr_mc_phy_wrapper/u_ddr_mc_phy/ddr_phy_4lanes_0.u_ddr_phy_4lanes/ddr_byte_lane_C.ddr_byte_lane_C/ddr_byte_group_io/input_[1].iserdes_dq_.iserdesdq/Q1
                         net (fo=1, estimated)        0.317     7.009    i_dram_wrapper/i_dram/u_mig7s_mig/u_memc_ui_top_axi/mem_intfc0/ddr_phy_top0/u_ddr_mc_phy_wrapper/u_ddr_mc_phy/ddr_phy_4lanes_0.u_ddr_phy_4lanes/ddr_byte_lane_C.ddr_byte_lane_C/if_d1[3]
    IN_FIFO_X1Y10        IN_FIFO                                      r  i_dram_wrapper/i_dram/u_mig7s_mig/u_memc_ui_top_axi/mem_intfc0/ddr_phy_top0/u_ddr_mc_phy_wrapper/u_ddr_mc_phy/ddr_phy_4lanes_0.u_ddr_phy_4lanes/ddr_byte_lane_C.ddr_byte_lane_C/in_fifo_gen.in_fifo/D1[3]
  -------------------------------------------------------------------    -------------------

                         (clock iserdes_clkdiv_2 rise edge)
                                                      3.672     3.672 r  
    AD12                                              0.000     3.672 r  sys_clk_p (IN)
                         net (fo=0)                   0.000     3.672    sys_clk_p
    AD12                 IBUFDS (Prop_ibufds_I_O)     0.803     4.475 r  i_bufds_sys_clk/O
                         net (fo=65, estimated)       1.043     5.518    i_dram_wrapper/i_dram/u_mig7s_mig/u_ddr3_infrastructure/plle2_i_0
    PLLE2_ADV_X1Y1       PLLE2_ADV (Prop_plle2_adv_CLKIN1_CLKOUT0)
                                                      0.073     5.591 r  i_dram_wrapper/i_dram/u_mig7s_mig/u_ddr3_infrastructure/plle2_i/CLKOUT0
                         net (fo=14, estimated)       1.132     6.724    i_dram_wrapper/i_dram/u_mig7s_mig/u_memc_ui_top_axi/mem_intfc0/ddr_phy_top0/u_ddr_mc_phy_wrapper/u_ddr_mc_phy/ddr_phy_4lanes_0.u_ddr_phy_4lanes/ddr_byte_lane_C.ddr_byte_lane_C/freq_refclk
    PHASER_IN_PHY_X1Y10  PHASER_IN_PHY (Prop_phaser_in_phy_FREQREFCLK_ICLK)
                                                      1.394     8.118 r  i_dram_wrapper/i_dram/u_mig7s_mig/u_memc_ui_top_axi/mem_intfc0/ddr_phy_top0/u_ddr_mc_phy_wrapper/u_ddr_mc_phy/ddr_phy_4lanes_0.u_ddr_phy_4lanes/ddr_byte_lane_C.ddr_byte_lane_C/phaser_in_gen.phaser_in/ICLK
    PHASER_IN_PHY_X1Y10  PHASER_IN_PHY (Prop_phaser_in_phy_ICLK_ICLKDIV)
                                                      0.145     8.263 r  i_dram_wrapper/i_dram/u_mig7s_mig/u_memc_ui_top_axi/mem_intfc0/ddr_phy_top0/u_ddr_mc_phy_wrapper/u_ddr_mc_phy/ddr_phy_4lanes_0.u_ddr_phy_4lanes/ddr_byte_lane_C.ddr_byte_lane_C/phaser_in_gen.phaser_in/ICLKDIV
                         net (fo=9, estimated)        0.000     8.263    i_dram_wrapper/i_dram/u_mig7s_mig/u_memc_ui_top_axi/mem_intfc0/ddr_phy_top0/u_ddr_mc_phy_wrapper/u_ddr_mc_phy/ddr_phy_4lanes_0.u_ddr_phy_4lanes/ddr_byte_lane_C.ddr_byte_lane_C/iserdes_clkdiv
    IN_FIFO_X1Y10        IN_FIFO                                      r  i_dram_wrapper/i_dram/u_mig7s_mig/u_memc_ui_top_axi/mem_intfc0/ddr_phy_top0/u_ddr_mc_phy_wrapper/u_ddr_mc_phy/ddr_phy_4lanes_0.u_ddr_phy_4lanes/ddr_byte_lane_C.ddr_byte_lane_C/in_fifo_gen.in_fifo/WRCLK
                         clock pessimism              0.264     8.527    
                         clock uncertainty           -0.047     8.480    
    IN_FIFO_X1Y10        IN_FIFO (Setup_in_fifo_WRCLK_D1[3])
                                                     -0.469     8.011    i_dram_wrapper/i_dram/u_mig7s_mig/u_memc_ui_top_axi/mem_intfc0/ddr_phy_top0/u_ddr_mc_phy_wrapper/u_ddr_mc_phy/ddr_phy_4lanes_0.u_ddr_phy_4lanes/ddr_byte_lane_C.ddr_byte_lane_C/in_fifo_gen.in_fifo
  -------------------------------------------------------------------
                         required time                          8.011    
                         arrival time                          -7.009    
  -------------------------------------------------------------------
                         slack                                  1.002    





Min Delay Paths
--------------------------------------------------------------------------------------
Slack (MET) :             0.070ns  (arrival time - required time)
  Source:                 i_dram_wrapper/i_dram/u_mig7s_mig/u_memc_ui_top_axi/mem_intfc0/ddr_phy_top0/u_ddr_mc_phy_wrapper/u_ddr_mc_phy/ddr_phy_4lanes_0.u_ddr_phy_4lanes/ddr_byte_lane_C.ddr_byte_lane_C/phaser_in_gen.phaser_in/ICLKDIV
                            (rising edge-triggered cell PHASER_IN_PHY clocked by iserdes_clkdiv_2  {rise@1.172ns fall@2.422ns period=2.500ns})
  Destination:            i_dram_wrapper/i_dram/u_mig7s_mig/u_memc_ui_top_axi/mem_intfc0/ddr_phy_top0/u_ddr_mc_phy_wrapper/u_ddr_mc_phy/ddr_phy_4lanes_0.u_ddr_phy_4lanes/ddr_byte_lane_C.ddr_byte_lane_C/in_fifo_gen.in_fifo/WREN
                            (rising edge-triggered cell IN_FIFO clocked by iserdes_clkdiv_2  {rise@1.172ns fall@2.422ns period=2.500ns})
  Path Group:             iserdes_clkdiv_2
  Path Type:              Hold (Min at Fast Process Corner)
  Requirement:            0.000ns  (iserdes_clkdiv_2 rise@1.172ns - iserdes_clkdiv_2 rise@1.172ns)
  Data Path Delay:        0.058ns  (logic 0.058ns (100.000%)  route 0.000ns (0.000%))
  Logic Levels:           0  
  Clock Path Skew:        0.000ns (DCD - SCD - CPR)
    Destination Clock Delay (DCD):    3.033ns = ( 4.205 - 1.172 ) 
    Source Clock Delay      (SCD):    2.859ns = ( 4.031 - 1.172 ) 
    Clock Pessimism Removal (CPR):    0.174ns

    Location             Delay type                Incr(ns)  Path(ns)    Netlist Resource(s)
  -------------------------------------------------------------------    -------------------
                         (clock iserdes_clkdiv_2 rise edge)
                                                      1.172     1.172 r  
    AD12                                              0.000     1.172 r  sys_clk_p (IN)
                         net (fo=0)                   0.000     1.172    sys_clk_p
    AD12                 IBUFDS (Prop_ibufds_I_O)     0.388     1.560 r  i_bufds_sys_clk/O
                         net (fo=65, estimated)       0.545     2.105    i_dram_wrapper/i_dram/u_mig7s_mig/u_ddr3_infrastructure/plle2_i_0
    PLLE2_ADV_X1Y1       PLLE2_ADV (Prop_plle2_adv_CLKIN1_CLKOUT0)
                                                      0.050     2.155 r  i_dram_wrapper/i_dram/u_mig7s_mig/u_ddr3_infrastructure/plle2_i/CLKOUT0
                         net (fo=14, estimated)       0.591     2.746    i_dram_wrapper/i_dram/u_mig7s_mig/u_memc_ui_top_axi/mem_intfc0/ddr_phy_top0/u_ddr_mc_phy_wrapper/u_ddr_mc_phy/ddr_phy_4lanes_0.u_ddr_phy_4lanes/ddr_byte_lane_C.ddr_byte_lane_C/freq_refclk
    PHASER_IN_PHY_X1Y10  PHASER_IN_PHY (Prop_phaser_in_phy_FREQREFCLK_ICLK)
                                                      1.195     3.941 r  i_dram_wrapper/i_dram/u_mig7s_mig/u_memc_ui_top_axi/mem_intfc0/ddr_phy_top0/u_ddr_mc_phy_wrapper/u_ddr_mc_phy/ddr_phy_4lanes_0.u_ddr_phy_4lanes/ddr_byte_lane_C.ddr_byte_lane_C/phaser_in_gen.phaser_in/ICLK
    PHASER_IN_PHY_X1Y10  PHASER_IN_PHY (Prop_phaser_in_phy_ICLK_ICLKDIV)
                                                      0.090     4.031 r  i_dram_wrapper/i_dram/u_mig7s_mig/u_memc_ui_top_axi/mem_intfc0/ddr_phy_top0/u_ddr_mc_phy_wrapper/u_ddr_mc_phy/ddr_phy_4lanes_0.u_ddr_phy_4lanes/ddr_byte_lane_C.ddr_byte_lane_C/phaser_in_gen.phaser_in/ICLKDIV
  -------------------------------------------------------------------    -------------------
    PHASER_IN_PHY_X1Y10  PHASER_IN_PHY (Prop_phaser_in_phy_ICLKDIV_WRENABLE)
                                                      0.058     4.089 r  i_dram_wrapper/i_dram/u_mig7s_mig/u_memc_ui_top_axi/mem_intfc0/ddr_phy_top0/u_ddr_mc_phy_wrapper/u_ddr_mc_phy/ddr_phy_4lanes_0.u_ddr_phy_4lanes/ddr_byte_lane_C.ddr_byte_lane_C/phaser_in_gen.phaser_in/WRENABLE
                         net (fo=1, estimated)        0.000     4.089    i_dram_wrapper/i_dram/u_mig7s_mig/u_memc_ui_top_axi/mem_intfc0/ddr_phy_top0/u_ddr_mc_phy_wrapper/u_ddr_mc_phy/ddr_phy_4lanes_0.u_ddr_phy_4lanes/ddr_byte_lane_C.ddr_byte_lane_C/ififo_wr_enable
    IN_FIFO_X1Y10        IN_FIFO                                      r  i_dram_wrapper/i_dram/u_mig7s_mig/u_memc_ui_top_axi/mem_intfc0/ddr_phy_top0/u_ddr_mc_phy_wrapper/u_ddr_mc_phy/ddr_phy_4lanes_0.u_ddr_phy_4lanes/ddr_byte_lane_C.ddr_byte_lane_C/in_fifo_gen.in_fifo/WREN
  -------------------------------------------------------------------    -------------------

                         (clock iserdes_clkdiv_2 rise edge)
                                                      1.172     1.172 r  
    AD12                                              0.000     1.172 r  sys_clk_p (IN)
                         net (fo=0)                   0.000     1.172    sys_clk_p
    AD12                 IBUFDS (Prop_ibufds_I_O)     0.470     1.642 r  i_bufds_sys_clk/O
                         net (fo=65, estimated)       0.573     2.215    i_dram_wrapper/i_dram/u_mig7s_mig/u_ddr3_infrastructure/plle2_i_0
    PLLE2_ADV_X1Y1       PLLE2_ADV (Prop_plle2_adv_CLKIN1_CLKOUT0)
                                                      0.053     2.268 r  i_dram_wrapper/i_dram/u_mig7s_mig/u_ddr3_infrastructure/plle2_i/CLKOUT0
                         net (fo=14, estimated)       0.622     2.890    i_dram_wrapper/i_dram/u_mig7s_mig/u_memc_ui_top_axi/mem_intfc0/ddr_phy_top0/u_ddr_mc_phy_wrapper/u_ddr_mc_phy/ddr_phy_4lanes_0.u_ddr_phy_4lanes/ddr_byte_lane_C.ddr_byte_lane_C/freq_refclk
    PHASER_IN_PHY_X1Y10  PHASER_IN_PHY (Prop_phaser_in_phy_FREQREFCLK_ICLK)
                                                      1.219     4.109 r  i_dram_wrapper/i_dram/u_mig7s_mig/u_memc_ui_top_axi/mem_intfc0/ddr_phy_top0/u_ddr_mc_phy_wrapper/u_ddr_mc_phy/ddr_phy_4lanes_0.u_ddr_phy_4lanes/ddr_byte_lane_C.ddr_byte_lane_C/phaser_in_gen.phaser_in/ICLK
    PHASER_IN_PHY_X1Y10  PHASER_IN_PHY (Prop_phaser_in_phy_ICLK_ICLKDIV)
                                                      0.096     4.205 r  i_dram_wrapper/i_dram/u_mig7s_mig/u_memc_ui_top_axi/mem_intfc0/ddr_phy_top0/u_ddr_mc_phy_wrapper/u_ddr_mc_phy/ddr_phy_4lanes_0.u_ddr_phy_4lanes/ddr_byte_lane_C.ddr_byte_lane_C/phaser_in_gen.phaser_in/ICLKDIV
                         net (fo=9, estimated)        0.000     4.205    i_dram_wrapper/i_dram/u_mig7s_mig/u_memc_ui_top_axi/mem_intfc0/ddr_phy_top0/u_ddr_mc_phy_wrapper/u_ddr_mc_phy/ddr_phy_4lanes_0.u_ddr_phy_4lanes/ddr_byte_lane_C.ddr_byte_lane_C/iserdes_clkdiv
    IN_FIFO_X1Y10        IN_FIFO                                      r  i_dram_wrapper/i_dram/u_mig7s_mig/u_memc_ui_top_axi/mem_intfc0/ddr_phy_top0/u_ddr_mc_phy_wrapper/u_ddr_mc_phy/ddr_phy_4lanes_0.u_ddr_phy_4lanes/ddr_byte_lane_C.ddr_byte_lane_C/in_fifo_gen.in_fifo/WRCLK
                         clock pessimism             -0.174     4.031    
    IN_FIFO_X1Y10        IN_FIFO (Hold_in_fifo_WRCLK_WREN)
                                                     -0.012     4.019    i_dram_wrapper/i_dram/u_mig7s_mig/u_memc_ui_top_axi/mem_intfc0/ddr_phy_top0/u_ddr_mc_phy_wrapper/u_ddr_mc_phy/ddr_phy_4lanes_0.u_ddr_phy_4lanes/ddr_byte_lane_C.ddr_byte_lane_C/in_fifo_gen.in_fifo
  -------------------------------------------------------------------
                         required time                         -4.019    
                         arrival time                           4.089    
  -------------------------------------------------------------------
                         slack                                  0.070    





Pulse Width Checks
--------------------------------------------------------------------------------------
Clock Name:         iserdes_clkdiv_2
Waveform(ns):       { 1.172 2.422 }
Period(ns):         2.500
Sources:            { i_dram_wrapper/i_dram/u_mig7s_mig/u_memc_ui_top_axi/mem_intfc0/ddr_phy_top0/u_ddr_mc_phy_wrapper/u_ddr_mc_phy/ddr_phy_4lanes_0.u_ddr_phy_4lanes/ddr_byte_lane_C.ddr_byte_lane_C/phaser_in_gen.phaser_in/ICLKDIV }

Check Type        Corner  Lib Pin        Reference Pin  Required(ns)  Actual(ns)  Slack(ns)  Location       Pin
Min Period        n/a     IN_FIFO/WRCLK  n/a            2.126         2.500       0.374      IN_FIFO_X1Y10  i_dram_wrapper/i_dram/u_mig7s_mig/u_memc_ui_top_axi/mem_intfc0/ddr_phy_top0/u_ddr_mc_phy_wrapper/u_ddr_mc_phy/ddr_phy_4lanes_0.u_ddr_phy_4lanes/ddr_byte_lane_C.ddr_byte_lane_C/in_fifo_gen.in_fifo/WRCLK
Low Pulse Width   Slow    IN_FIFO/WRCLK  n/a            0.914         1.250       0.336      IN_FIFO_X1Y10  i_dram_wrapper/i_dram/u_mig7s_mig/u_memc_ui_top_axi/mem_intfc0/ddr_phy_top0/u_ddr_mc_phy_wrapper/u_ddr_mc_phy/ddr_phy_4lanes_0.u_ddr_phy_4lanes/ddr_byte_lane_C.ddr_byte_lane_C/in_fifo_gen.in_fifo/WRCLK
High Pulse Width  Slow    IN_FIFO/WRCLK  n/a            0.914         1.250       0.336      IN_FIFO_X1Y10  i_dram_wrapper/i_dram/u_mig7s_mig/u_memc_ui_top_axi/mem_intfc0/ddr_phy_top0/u_ddr_mc_phy_wrapper/u_ddr_mc_phy/ddr_phy_4lanes_0.u_ddr_phy_4lanes/ddr_byte_lane_C.ddr_byte_lane_C/in_fifo_gen.in_fifo/WRCLK



---------------------------------------------------------------------------------------------------
From Clock:  u_memc_ui_top_axi/mem_intfc0/ddr_phy_top0/u_ddr_mc_phy_wrapper/u_ddr_mc_phy/ddr_phy_4lanes_0.u_ddr_phy_4lanes/ddr_byte_lane_D.ddr_byte_lane_D/iserdes_clk
  To Clock:  u_memc_ui_top_axi/mem_intfc0/ddr_phy_top0/u_ddr_mc_phy_wrapper/u_ddr_mc_phy/ddr_phy_4lanes_0.u_ddr_phy_4lanes/ddr_byte_lane_D.ddr_byte_lane_D/iserdes_clk

Setup :           NA  Failing Endpoints,  Worst Slack           NA  ,  Total Violation           NA
Hold  :           NA  Failing Endpoints,  Worst Slack           NA  ,  Total Violation           NA
PW    :            0  Failing Endpoints,  Worst Slack        0.180ns,  Total Violation        0.000ns
---------------------------------------------------------------------------------------------------


Pulse Width Checks
--------------------------------------------------------------------------------------
Clock Name:         u_memc_ui_top_axi/mem_intfc0/ddr_phy_top0/u_ddr_mc_phy_wrapper/u_ddr_mc_phy/ddr_phy_4lanes_0.u_ddr_phy_4lanes/ddr_byte_lane_D.ddr_byte_lane_D/iserdes_clk
Waveform(ns):       { 1.172 1.797 }
Period(ns):         1.250
Sources:            { i_dram_wrapper/i_dram/u_mig7s_mig/u_memc_ui_top_axi/mem_intfc0/ddr_phy_top0/u_ddr_mc_phy_wrapper/u_ddr_mc_phy/ddr_phy_4lanes_0.u_ddr_phy_4lanes/ddr_byte_lane_D.ddr_byte_lane_D/phaser_in_gen.phaser_in/ICLK }

Check Type  Corner  Lib Pin        Reference Pin  Required(ns)  Actual(ns)  Slack(ns)  Location       Pin
Min Period  n/a     ISERDESE2/CLK  n/a            1.070         1.250       0.180      ILOGIC_X1Y138  i_dram_wrapper/i_dram/u_mig7s_mig/u_memc_ui_top_axi/mem_intfc0/ddr_phy_top0/u_ddr_mc_phy_wrapper/u_ddr_mc_phy/ddr_phy_4lanes_0.u_ddr_phy_4lanes/ddr_byte_lane_D.ddr_byte_lane_D/ddr_byte_group_io/input_[1].iserdes_dq_.iserdesdq/CLK



---------------------------------------------------------------------------------------------------
From Clock:  iserdes_clkdiv_3
  To Clock:  iserdes_clkdiv_3

Setup :            0  Failing Endpoints,  Worst Slack        0.989ns,  Total Violation        0.000ns
Hold  :            0  Failing Endpoints,  Worst Slack        0.070ns,  Total Violation        0.000ns
PW    :            0  Failing Endpoints,  Worst Slack        0.336ns,  Total Violation        0.000ns
---------------------------------------------------------------------------------------------------


Max Delay Paths
--------------------------------------------------------------------------------------
Slack (MET) :             0.989ns  (required time - arrival time)
  Source:                 i_dram_wrapper/i_dram/u_mig7s_mig/u_memc_ui_top_axi/mem_intfc0/ddr_phy_top0/u_ddr_mc_phy_wrapper/u_ddr_mc_phy/ddr_phy_4lanes_0.u_ddr_phy_4lanes/ddr_byte_lane_D.ddr_byte_lane_D/ddr_byte_group_io/input_[1].iserdes_dq_.iserdesdq/CLKDIVP
                            (rising edge-triggered cell ISERDESE2 clocked by iserdes_clkdiv_3  {rise@1.172ns fall@2.422ns period=2.500ns})
  Destination:            i_dram_wrapper/i_dram/u_mig7s_mig/u_memc_ui_top_axi/mem_intfc0/ddr_phy_top0/u_ddr_mc_phy_wrapper/u_ddr_mc_phy/ddr_phy_4lanes_0.u_ddr_phy_4lanes/ddr_byte_lane_D.ddr_byte_lane_D/in_fifo_gen.in_fifo/D1[3]
                            (rising edge-triggered cell IN_FIFO clocked by iserdes_clkdiv_3  {rise@1.172ns fall@2.422ns period=2.500ns})
  Path Group:             iserdes_clkdiv_3
  Path Type:              Setup (Max at Slow Process Corner)
  Requirement:            2.500ns  (iserdes_clkdiv_3 rise@3.672ns - iserdes_clkdiv_3 rise@1.172ns)
  Data Path Delay:        0.643ns  (logic 0.326ns (50.700%)  route 0.317ns (49.300%))
  Logic Levels:           0  
  Clock Path Skew:        -0.352ns (DCD - SCD + CPR)
    Destination Clock Delay (DCD):    4.583ns = ( 8.255 - 3.672 ) 
    Source Clock Delay      (SCD):    5.199ns = ( 6.371 - 1.172 ) 
    Clock Pessimism Removal (CPR):    0.263ns
  Clock Uncertainty:      0.047ns  ((TSJ^2 + DJ^2)^1/2) / 2 + PE
    Total System Jitter     (TSJ):    0.071ns
    Discrete Jitter          (DJ):    0.061ns
    Phase Error              (PE):    0.000ns

    Location             Delay type                Incr(ns)  Path(ns)    Netlist Resource(s)
  -------------------------------------------------------------------    -------------------
                         (clock iserdes_clkdiv_3 rise edge)
                                                      1.172     1.172 r  
    AD12                                              0.000     1.172 r  sys_clk_p (IN)
                         net (fo=0)                   0.000     1.172    sys_clk_p
    AD12                 IBUFDS (Prop_ibufds_I_O)     0.906     2.078 r  i_bufds_sys_clk/O
                         net (fo=65, estimated)       1.098     3.176    i_dram_wrapper/i_dram/u_mig7s_mig/u_ddr3_infrastructure/plle2_i_0
    PLLE2_ADV_X1Y1       PLLE2_ADV (Prop_plle2_adv_CLKIN1_CLKOUT0)
                                                      0.077     3.253 r  i_dram_wrapper/i_dram/u_mig7s_mig/u_ddr3_infrastructure/plle2_i/CLKOUT0
                         net (fo=14, estimated)       1.184     4.437    i_dram_wrapper/i_dram/u_mig7s_mig/u_memc_ui_top_axi/mem_intfc0/ddr_phy_top0/u_ddr_mc_phy_wrapper/u_ddr_mc_phy/ddr_phy_4lanes_0.u_ddr_phy_4lanes/ddr_byte_lane_D.ddr_byte_lane_D/freq_refclk
    PHASER_IN_PHY_X1Y11  PHASER_IN_PHY (Prop_phaser_in_phy_FREQREFCLK_ICLK)
                                                      1.428     5.865 r  i_dram_wrapper/i_dram/u_mig7s_mig/u_memc_ui_top_axi/mem_intfc0/ddr_phy_top0/u_ddr_mc_phy_wrapper/u_ddr_mc_phy/ddr_phy_4lanes_0.u_ddr_phy_4lanes/ddr_byte_lane_D.ddr_byte_lane_D/phaser_in_gen.phaser_in/ICLK
    PHASER_IN_PHY_X1Y11  PHASER_IN_PHY (Prop_phaser_in_phy_ICLK_ICLKDIV)
                                                      0.154     6.019 r  i_dram_wrapper/i_dram/u_mig7s_mig/u_memc_ui_top_axi/mem_intfc0/ddr_phy_top0/u_ddr_mc_phy_wrapper/u_ddr_mc_phy/ddr_phy_4lanes_0.u_ddr_phy_4lanes/ddr_byte_lane_D.ddr_byte_lane_D/phaser_in_gen.phaser_in/ICLKDIV
                         net (fo=9, estimated)        0.352     6.371    i_dram_wrapper/i_dram/u_mig7s_mig/u_memc_ui_top_axi/mem_intfc0/ddr_phy_top0/u_ddr_mc_phy_wrapper/u_ddr_mc_phy/ddr_phy_4lanes_0.u_ddr_phy_4lanes/ddr_byte_lane_D.ddr_byte_lane_D/ddr_byte_group_io/iserdes_clkdiv
    ILOGIC_X1Y138        ISERDESE2                                    r  i_dram_wrapper/i_dram/u_mig7s_mig/u_memc_ui_top_axi/mem_intfc0/ddr_phy_top0/u_ddr_mc_phy_wrapper/u_ddr_mc_phy/ddr_phy_4lanes_0.u_ddr_phy_4lanes/ddr_byte_lane_D.ddr_byte_lane_D/ddr_byte_group_io/input_[1].iserdes_dq_.iserdesdq/CLKDIVP
  -------------------------------------------------------------------    -------------------
    ILOGIC_X1Y138        ISERDESE2 (Prop_iserdese2_CLKDIVP_Q1)
                                                      0.326     6.697 r  i_dram_wrapper/i_dram/u_mig7s_mig/u_memc_ui_top_axi/mem_intfc0/ddr_phy_top0/u_ddr_mc_phy_wrapper/u_ddr_mc_phy/ddr_phy_4lanes_0.u_ddr_phy_4lanes/ddr_byte_lane_D.ddr_byte_lane_D/ddr_byte_group_io/input_[1].iserdes_dq_.iserdesdq/Q1
                         net (fo=1, estimated)        0.317     7.014    i_dram_wrapper/i_dram/u_mig7s_mig/u_memc_ui_top_axi/mem_intfc0/ddr_phy_top0/u_ddr_mc_phy_wrapper/u_ddr_mc_phy/ddr_phy_4lanes_0.u_ddr_phy_4lanes/ddr_byte_lane_D.ddr_byte_lane_D/if_d1[3]
    IN_FIFO_X1Y11        IN_FIFO                                      r  i_dram_wrapper/i_dram/u_mig7s_mig/u_memc_ui_top_axi/mem_intfc0/ddr_phy_top0/u_ddr_mc_phy_wrapper/u_ddr_mc_phy/ddr_phy_4lanes_0.u_ddr_phy_4lanes/ddr_byte_lane_D.ddr_byte_lane_D/in_fifo_gen.in_fifo/D1[3]
  -------------------------------------------------------------------    -------------------

                         (clock iserdes_clkdiv_3 rise edge)
                                                      3.672     3.672 r  
    AD12                                              0.000     3.672 r  sys_clk_p (IN)
                         net (fo=0)                   0.000     3.672    sys_clk_p
    AD12                 IBUFDS (Prop_ibufds_I_O)     0.803     4.475 r  i_bufds_sys_clk/O
                         net (fo=65, estimated)       1.043     5.518    i_dram_wrapper/i_dram/u_mig7s_mig/u_ddr3_infrastructure/plle2_i_0
    PLLE2_ADV_X1Y1       PLLE2_ADV (Prop_plle2_adv_CLKIN1_CLKOUT0)
                                                      0.073     5.591 r  i_dram_wrapper/i_dram/u_mig7s_mig/u_ddr3_infrastructure/plle2_i/CLKOUT0
                         net (fo=14, estimated)       1.125     6.716    i_dram_wrapper/i_dram/u_mig7s_mig/u_memc_ui_top_axi/mem_intfc0/ddr_phy_top0/u_ddr_mc_phy_wrapper/u_ddr_mc_phy/ddr_phy_4lanes_0.u_ddr_phy_4lanes/ddr_byte_lane_D.ddr_byte_lane_D/freq_refclk
    PHASER_IN_PHY_X1Y11  PHASER_IN_PHY (Prop_phaser_in_phy_FREQREFCLK_ICLK)
                                                      1.394     8.110 r  i_dram_wrapper/i_dram/u_mig7s_mig/u_memc_ui_top_axi/mem_intfc0/ddr_phy_top0/u_ddr_mc_phy_wrapper/u_ddr_mc_phy/ddr_phy_4lanes_0.u_ddr_phy_4lanes/ddr_byte_lane_D.ddr_byte_lane_D/phaser_in_gen.phaser_in/ICLK
    PHASER_IN_PHY_X1Y11  PHASER_IN_PHY (Prop_phaser_in_phy_ICLK_ICLKDIV)
                                                      0.145     8.255 r  i_dram_wrapper/i_dram/u_mig7s_mig/u_memc_ui_top_axi/mem_intfc0/ddr_phy_top0/u_ddr_mc_phy_wrapper/u_ddr_mc_phy/ddr_phy_4lanes_0.u_ddr_phy_4lanes/ddr_byte_lane_D.ddr_byte_lane_D/phaser_in_gen.phaser_in/ICLKDIV
                         net (fo=9, estimated)        0.000     8.255    i_dram_wrapper/i_dram/u_mig7s_mig/u_memc_ui_top_axi/mem_intfc0/ddr_phy_top0/u_ddr_mc_phy_wrapper/u_ddr_mc_phy/ddr_phy_4lanes_0.u_ddr_phy_4lanes/ddr_byte_lane_D.ddr_byte_lane_D/iserdes_clkdiv
    IN_FIFO_X1Y11        IN_FIFO                                      r  i_dram_wrapper/i_dram/u_mig7s_mig/u_memc_ui_top_axi/mem_intfc0/ddr_phy_top0/u_ddr_mc_phy_wrapper/u_ddr_mc_phy/ddr_phy_4lanes_0.u_ddr_phy_4lanes/ddr_byte_lane_D.ddr_byte_lane_D/in_fifo_gen.in_fifo/WRCLK
                         clock pessimism              0.263     8.519    
                         clock uncertainty           -0.047     8.472    
    IN_FIFO_X1Y11        IN_FIFO (Setup_in_fifo_WRCLK_D1[3])
                                                     -0.469     8.003    i_dram_wrapper/i_dram/u_mig7s_mig/u_memc_ui_top_axi/mem_intfc0/ddr_phy_top0/u_ddr_mc_phy_wrapper/u_ddr_mc_phy/ddr_phy_4lanes_0.u_ddr_phy_4lanes/ddr_byte_lane_D.ddr_byte_lane_D/in_fifo_gen.in_fifo
  -------------------------------------------------------------------
                         required time                          8.003    
                         arrival time                          -7.014    
  -------------------------------------------------------------------
                         slack                                  0.989    





Min Delay Paths
--------------------------------------------------------------------------------------
Slack (MET) :             0.070ns  (arrival time - required time)
  Source:                 i_dram_wrapper/i_dram/u_mig7s_mig/u_memc_ui_top_axi/mem_intfc0/ddr_phy_top0/u_ddr_mc_phy_wrapper/u_ddr_mc_phy/ddr_phy_4lanes_0.u_ddr_phy_4lanes/ddr_byte_lane_D.ddr_byte_lane_D/phaser_in_gen.phaser_in/ICLKDIV
                            (rising edge-triggered cell PHASER_IN_PHY clocked by iserdes_clkdiv_3  {rise@1.172ns fall@2.422ns period=2.500ns})
  Destination:            i_dram_wrapper/i_dram/u_mig7s_mig/u_memc_ui_top_axi/mem_intfc0/ddr_phy_top0/u_ddr_mc_phy_wrapper/u_ddr_mc_phy/ddr_phy_4lanes_0.u_ddr_phy_4lanes/ddr_byte_lane_D.ddr_byte_lane_D/in_fifo_gen.in_fifo/WREN
                            (rising edge-triggered cell IN_FIFO clocked by iserdes_clkdiv_3  {rise@1.172ns fall@2.422ns period=2.500ns})
  Path Group:             iserdes_clkdiv_3
  Path Type:              Hold (Min at Fast Process Corner)
  Requirement:            0.000ns  (iserdes_clkdiv_3 rise@1.172ns - iserdes_clkdiv_3 rise@1.172ns)
  Data Path Delay:        0.058ns  (logic 0.058ns (100.000%)  route 0.000ns (0.000%))
  Logic Levels:           0  
  Clock Path Skew:        0.000ns (DCD - SCD - CPR)
    Destination Clock Delay (DCD):    3.029ns = ( 4.201 - 1.172 ) 
    Source Clock Delay      (SCD):    2.855ns = ( 4.027 - 1.172 ) 
    Clock Pessimism Removal (CPR):    0.174ns

    Location             Delay type                Incr(ns)  Path(ns)    Netlist Resource(s)
  -------------------------------------------------------------------    -------------------
                         (clock iserdes_clkdiv_3 rise edge)
                                                      1.172     1.172 r  
    AD12                                              0.000     1.172 r  sys_clk_p (IN)
                         net (fo=0)                   0.000     1.172    sys_clk_p
    AD12                 IBUFDS (Prop_ibufds_I_O)     0.388     1.560 r  i_bufds_sys_clk/O
                         net (fo=65, estimated)       0.545     2.105    i_dram_wrapper/i_dram/u_mig7s_mig/u_ddr3_infrastructure/plle2_i_0
    PLLE2_ADV_X1Y1       PLLE2_ADV (Prop_plle2_adv_CLKIN1_CLKOUT0)
                                                      0.050     2.155 r  i_dram_wrapper/i_dram/u_mig7s_mig/u_ddr3_infrastructure/plle2_i/CLKOUT0
                         net (fo=14, estimated)       0.587     2.742    i_dram_wrapper/i_dram/u_mig7s_mig/u_memc_ui_top_axi/mem_intfc0/ddr_phy_top0/u_ddr_mc_phy_wrapper/u_ddr_mc_phy/ddr_phy_4lanes_0.u_ddr_phy_4lanes/ddr_byte_lane_D.ddr_byte_lane_D/freq_refclk
    PHASER_IN_PHY_X1Y11  PHASER_IN_PHY (Prop_phaser_in_phy_FREQREFCLK_ICLK)
                                                      1.195     3.937 r  i_dram_wrapper/i_dram/u_mig7s_mig/u_memc_ui_top_axi/mem_intfc0/ddr_phy_top0/u_ddr_mc_phy_wrapper/u_ddr_mc_phy/ddr_phy_4lanes_0.u_ddr_phy_4lanes/ddr_byte_lane_D.ddr_byte_lane_D/phaser_in_gen.phaser_in/ICLK
    PHASER_IN_PHY_X1Y11  PHASER_IN_PHY (Prop_phaser_in_phy_ICLK_ICLKDIV)
                                                      0.090     4.027 r  i_dram_wrapper/i_dram/u_mig7s_mig/u_memc_ui_top_axi/mem_intfc0/ddr_phy_top0/u_ddr_mc_phy_wrapper/u_ddr_mc_phy/ddr_phy_4lanes_0.u_ddr_phy_4lanes/ddr_byte_lane_D.ddr_byte_lane_D/phaser_in_gen.phaser_in/ICLKDIV
  -------------------------------------------------------------------    -------------------
    PHASER_IN_PHY_X1Y11  PHASER_IN_PHY (Prop_phaser_in_phy_ICLKDIV_WRENABLE)
                                                      0.058     4.085 r  i_dram_wrapper/i_dram/u_mig7s_mig/u_memc_ui_top_axi/mem_intfc0/ddr_phy_top0/u_ddr_mc_phy_wrapper/u_ddr_mc_phy/ddr_phy_4lanes_0.u_ddr_phy_4lanes/ddr_byte_lane_D.ddr_byte_lane_D/phaser_in_gen.phaser_in/WRENABLE
                         net (fo=1, estimated)        0.000     4.085    i_dram_wrapper/i_dram/u_mig7s_mig/u_memc_ui_top_axi/mem_intfc0/ddr_phy_top0/u_ddr_mc_phy_wrapper/u_ddr_mc_phy/ddr_phy_4lanes_0.u_ddr_phy_4lanes/ddr_byte_lane_D.ddr_byte_lane_D/ififo_wr_enable
    IN_FIFO_X1Y11        IN_FIFO                                      r  i_dram_wrapper/i_dram/u_mig7s_mig/u_memc_ui_top_axi/mem_intfc0/ddr_phy_top0/u_ddr_mc_phy_wrapper/u_ddr_mc_phy/ddr_phy_4lanes_0.u_ddr_phy_4lanes/ddr_byte_lane_D.ddr_byte_lane_D/in_fifo_gen.in_fifo/WREN
  -------------------------------------------------------------------    -------------------

                         (clock iserdes_clkdiv_3 rise edge)
                                                      1.172     1.172 r  
    AD12                                              0.000     1.172 r  sys_clk_p (IN)
                         net (fo=0)                   0.000     1.172    sys_clk_p
    AD12                 IBUFDS (Prop_ibufds_I_O)     0.470     1.642 r  i_bufds_sys_clk/O
                         net (fo=65, estimated)       0.573     2.215    i_dram_wrapper/i_dram/u_mig7s_mig/u_ddr3_infrastructure/plle2_i_0
    PLLE2_ADV_X1Y1       PLLE2_ADV (Prop_plle2_adv_CLKIN1_CLKOUT0)
                                                      0.053     2.268 r  i_dram_wrapper/i_dram/u_mig7s_mig/u_ddr3_infrastructure/plle2_i/CLKOUT0
                         net (fo=14, estimated)       0.618     2.886    i_dram_wrapper/i_dram/u_mig7s_mig/u_memc_ui_top_axi/mem_intfc0/ddr_phy_top0/u_ddr_mc_phy_wrapper/u_ddr_mc_phy/ddr_phy_4lanes_0.u_ddr_phy_4lanes/ddr_byte_lane_D.ddr_byte_lane_D/freq_refclk
    PHASER_IN_PHY_X1Y11  PHASER_IN_PHY (Prop_phaser_in_phy_FREQREFCLK_ICLK)
                                                      1.219     4.105 r  i_dram_wrapper/i_dram/u_mig7s_mig/u_memc_ui_top_axi/mem_intfc0/ddr_phy_top0/u_ddr_mc_phy_wrapper/u_ddr_mc_phy/ddr_phy_4lanes_0.u_ddr_phy_4lanes/ddr_byte_lane_D.ddr_byte_lane_D/phaser_in_gen.phaser_in/ICLK
    PHASER_IN_PHY_X1Y11  PHASER_IN_PHY (Prop_phaser_in_phy_ICLK_ICLKDIV)
                                                      0.096     4.201 r  i_dram_wrapper/i_dram/u_mig7s_mig/u_memc_ui_top_axi/mem_intfc0/ddr_phy_top0/u_ddr_mc_phy_wrapper/u_ddr_mc_phy/ddr_phy_4lanes_0.u_ddr_phy_4lanes/ddr_byte_lane_D.ddr_byte_lane_D/phaser_in_gen.phaser_in/ICLKDIV
                         net (fo=9, estimated)        0.000     4.201    i_dram_wrapper/i_dram/u_mig7s_mig/u_memc_ui_top_axi/mem_intfc0/ddr_phy_top0/u_ddr_mc_phy_wrapper/u_ddr_mc_phy/ddr_phy_4lanes_0.u_ddr_phy_4lanes/ddr_byte_lane_D.ddr_byte_lane_D/iserdes_clkdiv
    IN_FIFO_X1Y11        IN_FIFO                                      r  i_dram_wrapper/i_dram/u_mig7s_mig/u_memc_ui_top_axi/mem_intfc0/ddr_phy_top0/u_ddr_mc_phy_wrapper/u_ddr_mc_phy/ddr_phy_4lanes_0.u_ddr_phy_4lanes/ddr_byte_lane_D.ddr_byte_lane_D/in_fifo_gen.in_fifo/WRCLK
                         clock pessimism             -0.174     4.027    
    IN_FIFO_X1Y11        IN_FIFO (Hold_in_fifo_WRCLK_WREN)
                                                     -0.012     4.015    i_dram_wrapper/i_dram/u_mig7s_mig/u_memc_ui_top_axi/mem_intfc0/ddr_phy_top0/u_ddr_mc_phy_wrapper/u_ddr_mc_phy/ddr_phy_4lanes_0.u_ddr_phy_4lanes/ddr_byte_lane_D.ddr_byte_lane_D/in_fifo_gen.in_fifo
  -------------------------------------------------------------------
                         required time                         -4.015    
                         arrival time                           4.085    
  -------------------------------------------------------------------
                         slack                                  0.070    





Pulse Width Checks
--------------------------------------------------------------------------------------
Clock Name:         iserdes_clkdiv_3
Waveform(ns):       { 1.172 2.422 }
Period(ns):         2.500
Sources:            { i_dram_wrapper/i_dram/u_mig7s_mig/u_memc_ui_top_axi/mem_intfc0/ddr_phy_top0/u_ddr_mc_phy_wrapper/u_ddr_mc_phy/ddr_phy_4lanes_0.u_ddr_phy_4lanes/ddr_byte_lane_D.ddr_byte_lane_D/phaser_in_gen.phaser_in/ICLKDIV }

Check Type        Corner  Lib Pin        Reference Pin  Required(ns)  Actual(ns)  Slack(ns)  Location       Pin
Min Period        n/a     IN_FIFO/WRCLK  n/a            2.126         2.500       0.374      IN_FIFO_X1Y11  i_dram_wrapper/i_dram/u_mig7s_mig/u_memc_ui_top_axi/mem_intfc0/ddr_phy_top0/u_ddr_mc_phy_wrapper/u_ddr_mc_phy/ddr_phy_4lanes_0.u_ddr_phy_4lanes/ddr_byte_lane_D.ddr_byte_lane_D/in_fifo_gen.in_fifo/WRCLK
Low Pulse Width   Slow    IN_FIFO/WRCLK  n/a            0.914         1.250       0.336      IN_FIFO_X1Y11  i_dram_wrapper/i_dram/u_mig7s_mig/u_memc_ui_top_axi/mem_intfc0/ddr_phy_top0/u_ddr_mc_phy_wrapper/u_ddr_mc_phy/ddr_phy_4lanes_0.u_ddr_phy_4lanes/ddr_byte_lane_D.ddr_byte_lane_D/in_fifo_gen.in_fifo/WRCLK
High Pulse Width  Slow    IN_FIFO/WRCLK  n/a            0.914         1.250       0.336      IN_FIFO_X1Y11  i_dram_wrapper/i_dram/u_mig7s_mig/u_memc_ui_top_axi/mem_intfc0/ddr_phy_top0/u_ddr_mc_phy_wrapper/u_ddr_mc_phy/ddr_phy_4lanes_0.u_ddr_phy_4lanes/ddr_byte_lane_D.ddr_byte_lane_D/in_fifo_gen.in_fifo/WRCLK



---------------------------------------------------------------------------------------------------
From Clock:  mem_refclk
  To Clock:  mem_refclk

Setup :            0  Failing Endpoints,  Worst Slack        0.217ns,  Total Violation        0.000ns
Hold  :            1  Failing Endpoint ,  Worst Slack       -0.006ns,  Total Violation       -0.006ns
PW    :            0  Failing Endpoints,  Worst Slack        0.090ns,  Total Violation        0.000ns
---------------------------------------------------------------------------------------------------


Max Delay Paths
--------------------------------------------------------------------------------------
Slack (MET) :             0.217ns  (required time - arrival time)
  Source:                 i_dram_wrapper/i_dram/u_mig7s_mig/u_memc_ui_top_axi/mem_intfc0/ddr_phy_top0/u_ddr_mc_phy_wrapper/u_ddr_mc_phy/ddr_phy_4lanes_1.u_ddr_phy_4lanes/phy_control_i/MEMREFCLK
                            (rising edge-triggered cell PHY_CONTROL clocked by mem_refclk  {rise@0.000ns fall@0.625ns period=1.250ns})
  Destination:            i_dram_wrapper/i_dram/u_mig7s_mig/u_memc_ui_top_axi/mem_intfc0/ddr_phy_top0/u_ddr_mc_phy_wrapper/u_ddr_mc_phy/ddr_phy_4lanes_1.u_ddr_phy_4lanes/phy_control_i/PHYCTLMSTREMPTY
                            (rising edge-triggered cell PHY_CONTROL clocked by mem_refclk  {rise@0.000ns fall@0.625ns period=1.250ns})
  Path Group:             mem_refclk
  Path Type:              Setup (Max at Slow Process Corner)
  Requirement:            1.250ns  (mem_refclk rise@1.250ns - mem_refclk rise@0.000ns)
  Data Path Delay:        0.950ns  (logic 0.576ns (60.632%)  route 0.374ns (39.368%))
  Logic Levels:           0  
  Clock Path Skew:        -0.028ns (DCD - SCD + CPR)
    Destination Clock Delay (DCD):    2.452ns = ( 3.702 - 1.250 ) 
    Source Clock Delay      (SCD):    2.641ns
    Clock Pessimism Removal (CPR):    0.161ns
  Clock Uncertainty:      0.047ns  ((TSJ^2 + DJ^2)^1/2) / 2 + PE
    Total System Jitter     (TSJ):    0.071ns
    Discrete Jitter          (DJ):    0.061ns
    Phase Error              (PE):    0.000ns

    Location             Delay type                Incr(ns)  Path(ns)    Netlist Resource(s)
  -------------------------------------------------------------------    -------------------
                         (clock mem_refclk rise edge)
                                                      0.000     0.000 r  
    AD12                                              0.000     0.000 r  sys_clk_p (IN)
                         net (fo=0)                   0.000     0.000    sys_clk_p
    AD12                 IBUFDS (Prop_ibufds_I_O)     0.906     0.906 r  i_bufds_sys_clk/O
                         net (fo=65, estimated)       1.098     2.004    i_dram_wrapper/i_dram/u_mig7s_mig/u_ddr3_infrastructure/plle2_i_0
    PLLE2_ADV_X1Y1       PLLE2_ADV (Prop_plle2_adv_CLKIN1_CLKOUT1)
                                                      0.077     2.081 r  i_dram_wrapper/i_dram/u_mig7s_mig/u_ddr3_infrastructure/plle2_i/CLKOUT1
                         net (fo=14, estimated)       0.560     2.641    i_dram_wrapper/i_dram/u_mig7s_mig/u_memc_ui_top_axi/mem_intfc0/ddr_phy_top0/u_ddr_mc_phy_wrapper/u_ddr_mc_phy/ddr_phy_4lanes_1.u_ddr_phy_4lanes/mem_refclk
    PHY_CONTROL_X1Y1     PHY_CONTROL                                  r  i_dram_wrapper/i_dram/u_mig7s_mig/u_memc_ui_top_axi/mem_intfc0/ddr_phy_top0/u_ddr_mc_phy_wrapper/u_ddr_mc_phy/ddr_phy_4lanes_1.u_ddr_phy_4lanes/phy_control_i/MEMREFCLK
  -------------------------------------------------------------------    -------------------
    PHY_CONTROL_X1Y1     PHY_CONTROL (Prop_phy_control_MEMREFCLK_PHYCTLEMPTY)
                                                      0.576     3.217 r  i_dram_wrapper/i_dram/u_mig7s_mig/u_memc_ui_top_axi/mem_intfc0/ddr_phy_top0/u_ddr_mc_phy_wrapper/u_ddr_mc_phy/ddr_phy_4lanes_1.u_ddr_phy_4lanes/phy_control_i/PHYCTLEMPTY
                         net (fo=2, estimated)        0.374     3.591    i_dram_wrapper/i_dram/u_mig7s_mig/u_memc_ui_top_axi/mem_intfc0/ddr_phy_top0/u_ddr_mc_phy_wrapper/u_ddr_mc_phy/ddr_phy_4lanes_1.u_ddr_phy_4lanes/phy_ctl_mstr_empty
    PHY_CONTROL_X1Y1     PHY_CONTROL                                  r  i_dram_wrapper/i_dram/u_mig7s_mig/u_memc_ui_top_axi/mem_intfc0/ddr_phy_top0/u_ddr_mc_phy_wrapper/u_ddr_mc_phy/ddr_phy_4lanes_1.u_ddr_phy_4lanes/phy_control_i/PHYCTLMSTREMPTY
  -------------------------------------------------------------------    -------------------

                         (clock mem_refclk rise edge)
                                                      1.250     1.250 r  
    AD12                                              0.000     1.250 r  sys_clk_p (IN)
                         net (fo=0)                   0.000     1.250    sys_clk_p
    AD12                 IBUFDS (Prop_ibufds_I_O)     0.803     2.053 r  i_bufds_sys_clk/O
                         net (fo=65, estimated)       1.043     3.097    i_dram_wrapper/i_dram/u_mig7s_mig/u_ddr3_infrastructure/plle2_i_0
    PLLE2_ADV_X1Y1       PLLE2_ADV (Prop_plle2_adv_CLKIN1_CLKOUT1)
                                                      0.073     3.170 r  i_dram_wrapper/i_dram/u_mig7s_mig/u_ddr3_infrastructure/plle2_i/CLKOUT1
                         net (fo=14, estimated)       0.532     3.702    i_dram_wrapper/i_dram/u_mig7s_mig/u_memc_ui_top_axi/mem_intfc0/ddr_phy_top0/u_ddr_mc_phy_wrapper/u_ddr_mc_phy/ddr_phy_4lanes_1.u_ddr_phy_4lanes/mem_refclk
    PHY_CONTROL_X1Y1     PHY_CONTROL                                  r  i_dram_wrapper/i_dram/u_mig7s_mig/u_memc_ui_top_axi/mem_intfc0/ddr_phy_top0/u_ddr_mc_phy_wrapper/u_ddr_mc_phy/ddr_phy_4lanes_1.u_ddr_phy_4lanes/phy_control_i/MEMREFCLK
                         clock pessimism              0.161     3.863    
                         clock uncertainty           -0.047     3.816    
    PHY_CONTROL_X1Y1     PHY_CONTROL (Setup_phy_control_MEMREFCLK_PHYCTLMSTREMPTY)
                                                     -0.008     3.808    i_dram_wrapper/i_dram/u_mig7s_mig/u_memc_ui_top_axi/mem_intfc0/ddr_phy_top0/u_ddr_mc_phy_wrapper/u_ddr_mc_phy/ddr_phy_4lanes_1.u_ddr_phy_4lanes/phy_control_i
  -------------------------------------------------------------------
                         required time                          3.808    
                         arrival time                          -3.591    
  -------------------------------------------------------------------
                         slack                                  0.217    





Min Delay Paths
--------------------------------------------------------------------------------------
Slack (VIOLATED) :        -0.006ns  (arrival time - required time)
  Source:                 i_dram_wrapper/i_dram/u_mig7s_mig/u_memc_ui_top_axi/mem_intfc0/ddr_phy_top0/u_ddr_mc_phy_wrapper/u_ddr_mc_phy/ddr_phy_4lanes_1.u_ddr_phy_4lanes/phy_control_i/MEMREFCLK
                            (rising edge-triggered cell PHY_CONTROL clocked by mem_refclk  {rise@0.000ns fall@0.625ns period=1.250ns})
  Destination:            i_dram_wrapper/i_dram/u_mig7s_mig/u_memc_ui_top_axi/mem_intfc0/ddr_phy_top0/u_ddr_mc_phy_wrapper/u_ddr_mc_phy/ddr_phy_4lanes_0.u_ddr_phy_4lanes/phy_control_i/PHYCTLMSTREMPTY
                            (rising edge-triggered cell PHY_CONTROL clocked by mem_refclk  {rise@0.000ns fall@0.625ns period=1.250ns})
  Path Group:             mem_refclk
  Path Type:              Hold (Min at Slow Process Corner)
  Requirement:            0.000ns  (mem_refclk rise@0.000ns - mem_refclk rise@0.000ns)
  Data Path Delay:        0.881ns  (logic 0.501ns (56.867%)  route 0.380ns (43.133%))
  Logic Levels:           0  
  Clock Path Skew:        0.672ns (DCD - SCD - CPR)
    Destination Clock Delay (DCD):    3.285ns
    Source Clock Delay      (SCD):    2.452ns
    Clock Pessimism Removal (CPR):    0.161ns

    Location             Delay type                Incr(ns)  Path(ns)    Netlist Resource(s)
  -------------------------------------------------------------------    -------------------
                         (clock mem_refclk rise edge)
                                                      0.000     0.000 r  
    AD12                                              0.000     0.000 r  sys_clk_p (IN)
                         net (fo=0)                   0.000     0.000    sys_clk_p
    AD12                 IBUFDS (Prop_ibufds_I_O)     0.803     0.803 r  i_bufds_sys_clk/O
                         net (fo=65, estimated)       1.043     1.847    i_dram_wrapper/i_dram/u_mig7s_mig/u_ddr3_infrastructure/plle2_i_0
    PLLE2_ADV_X1Y1       PLLE2_ADV (Prop_plle2_adv_CLKIN1_CLKOUT1)
                                                      0.073     1.920 r  i_dram_wrapper/i_dram/u_mig7s_mig/u_ddr3_infrastructure/plle2_i/CLKOUT1
                         net (fo=14, estimated)       0.532     2.452    i_dram_wrapper/i_dram/u_mig7s_mig/u_memc_ui_top_axi/mem_intfc0/ddr_phy_top0/u_ddr_mc_phy_wrapper/u_ddr_mc_phy/ddr_phy_4lanes_1.u_ddr_phy_4lanes/mem_refclk
    PHY_CONTROL_X1Y1     PHY_CONTROL                                  r  i_dram_wrapper/i_dram/u_mig7s_mig/u_memc_ui_top_axi/mem_intfc0/ddr_phy_top0/u_ddr_mc_phy_wrapper/u_ddr_mc_phy/ddr_phy_4lanes_1.u_ddr_phy_4lanes/phy_control_i/MEMREFCLK
  -------------------------------------------------------------------    -------------------
    PHY_CONTROL_X1Y1     PHY_CONTROL (Prop_phy_control_MEMREFCLK_PHYCTLEMPTY)
                                                      0.501     2.953 r  i_dram_wrapper/i_dram/u_mig7s_mig/u_memc_ui_top_axi/mem_intfc0/ddr_phy_top0/u_ddr_mc_phy_wrapper/u_ddr_mc_phy/ddr_phy_4lanes_1.u_ddr_phy_4lanes/phy_control_i/PHYCTLEMPTY
                         net (fo=2, estimated)        0.380     3.333    i_dram_wrapper/i_dram/u_mig7s_mig/u_memc_ui_top_axi/mem_intfc0/ddr_phy_top0/u_ddr_mc_phy_wrapper/u_ddr_mc_phy/ddr_phy_4lanes_0.u_ddr_phy_4lanes/phy_ctl_mstr_empty
    PHY_CONTROL_X1Y2     PHY_CONTROL                                  r  i_dram_wrapper/i_dram/u_mig7s_mig/u_memc_ui_top_axi/mem_intfc0/ddr_phy_top0/u_ddr_mc_phy_wrapper/u_ddr_mc_phy/ddr_phy_4lanes_0.u_ddr_phy_4lanes/phy_control_i/PHYCTLMSTREMPTY
  -------------------------------------------------------------------    -------------------

                         (clock mem_refclk rise edge)
                                                      0.000     0.000 r  
    AD12                                              0.000     0.000 r  sys_clk_p (IN)
                         net (fo=0)                   0.000     0.000    sys_clk_p
    AD12                 IBUFDS (Prop_ibufds_I_O)     0.906     0.906 r  i_bufds_sys_clk/O
                         net (fo=65, estimated)       1.098     2.004    i_dram_wrapper/i_dram/u_mig7s_mig/u_ddr3_infrastructure/plle2_i_0
    PLLE2_ADV_X1Y1       PLLE2_ADV (Prop_plle2_adv_CLKIN1_CLKOUT1)
                                                      0.077     2.081 r  i_dram_wrapper/i_dram/u_mig7s_mig/u_ddr3_infrastructure/plle2_i/CLKOUT1
                         net (fo=14, estimated)       1.204     3.285    i_dram_wrapper/i_dram/u_mig7s_mig/u_memc_ui_top_axi/mem_intfc0/ddr_phy_top0/u_ddr_mc_phy_wrapper/u_ddr_mc_phy/ddr_phy_4lanes_0.u_ddr_phy_4lanes/mem_refclk
    PHY_CONTROL_X1Y2     PHY_CONTROL                                  r  i_dram_wrapper/i_dram/u_mig7s_mig/u_memc_ui_top_axi/mem_intfc0/ddr_phy_top0/u_ddr_mc_phy_wrapper/u_ddr_mc_phy/ddr_phy_4lanes_0.u_ddr_phy_4lanes/phy_control_i/MEMREFCLK
                         clock pessimism             -0.161     3.124    
    PHY_CONTROL_X1Y2     PHY_CONTROL (Hold_phy_control_MEMREFCLK_PHYCTLMSTREMPTY)
                                                      0.215     3.339    i_dram_wrapper/i_dram/u_mig7s_mig/u_memc_ui_top_axi/mem_intfc0/ddr_phy_top0/u_ddr_mc_phy_wrapper/u_ddr_mc_phy/ddr_phy_4lanes_0.u_ddr_phy_4lanes/phy_control_i
  -------------------------------------------------------------------
                         required time                         -3.339    
                         arrival time                           3.333    
  -------------------------------------------------------------------
                         slack                                 -0.006    





Pulse Width Checks
--------------------------------------------------------------------------------------
Clock Name:         mem_refclk
Waveform(ns):       { 0.000 0.625 }
Period(ns):         1.250
Sources:            { i_dram_wrapper/i_dram/u_mig7s_mig/u_ddr3_infrastructure/plle2_i/CLKOUT1 }

Check Type        Corner  Lib Pin                Reference Pin  Required(ns)  Actual(ns)  Slack(ns)  Location          Pin
Min Period        n/a     PLLE2_ADV/CLKOUT1      n/a            1.071         1.250       0.179      PLLE2_ADV_X1Y1    i_dram_wrapper/i_dram/u_mig7s_mig/u_ddr3_infrastructure/plle2_i/CLKOUT1
Max Period        n/a     PLLE2_ADV/CLKOUT1      n/a            160.000       1.250       158.750    PLLE2_ADV_X1Y1    i_dram_wrapper/i_dram/u_mig7s_mig/u_ddr3_infrastructure/plle2_i/CLKOUT1
Low Pulse Width   Slow    PHY_CONTROL/MEMREFCLK  n/a            0.535         0.625       0.090      PHY_CONTROL_X1Y2  i_dram_wrapper/i_dram/u_mig7s_mig/u_memc_ui_top_axi/mem_intfc0/ddr_phy_top0/u_ddr_mc_phy_wrapper/u_ddr_mc_phy/ddr_phy_4lanes_0.u_ddr_phy_4lanes/phy_control_i/MEMREFCLK
High Pulse Width  Slow    PHY_CONTROL/MEMREFCLK  n/a            0.535         0.625       0.090      PHY_CONTROL_X1Y2  i_dram_wrapper/i_dram/u_mig7s_mig/u_memc_ui_top_axi/mem_intfc0/ddr_phy_top0/u_ddr_mc_phy_wrapper/u_ddr_mc_phy/ddr_phy_4lanes_0.u_ddr_phy_4lanes/phy_control_i/MEMREFCLK



---------------------------------------------------------------------------------------------------
From Clock:  oserdes_clk
  To Clock:  oserdes_clk

Setup :            0  Failing Endpoints,  Worst Slack        0.215ns,  Total Violation        0.000ns
Hold  :            0  Failing Endpoints,  Worst Slack        0.394ns,  Total Violation        0.000ns
PW    :            0  Failing Endpoints,  Worst Slack        0.180ns,  Total Violation        0.000ns
---------------------------------------------------------------------------------------------------


Max Delay Paths
--------------------------------------------------------------------------------------
Slack (MET) :             0.215ns  (required time - arrival time)
  Source:                 i_dram_wrapper/i_dram/u_mig7s_mig/u_memc_ui_top_axi/mem_intfc0/ddr_phy_top0/u_ddr_mc_phy_wrapper/u_ddr_mc_phy/ddr_phy_4lanes_0.u_ddr_phy_4lanes/ddr_byte_lane_A.ddr_byte_lane_A/phaser_out/OCLKDELAYED
                            (rising edge-triggered cell PHASER_OUT_PHY clocked by oserdes_clk'  {rise@0.000ns fall@0.625ns period=1.250ns})
  Destination:            i_dram_wrapper/i_dram/u_mig7s_mig/u_memc_ui_top_axi/mem_intfc0/ddr_phy_top0/u_ddr_mc_phy_wrapper/u_ddr_mc_phy/ddr_phy_4lanes_0.u_ddr_phy_4lanes/ddr_byte_lane_A.ddr_byte_lane_A/ddr_byte_group_io/dqs_gen.oddr_dqsts/D1
                            (rising edge-triggered cell ODDR clocked by oserdes_clk'  {rise@0.000ns fall@0.625ns period=1.250ns})
  Path Group:             oserdes_clk
  Path Type:              Setup (Max at Slow Process Corner)
  Requirement:            1.250ns  (oserdes_clk fall@1.875ns - oserdes_clk fall@0.625ns)
  Data Path Delay:        0.756ns  (logic 0.459ns (60.714%)  route 0.297ns (39.286%))
  Logic Levels:           0  
  Clock Path Skew:        0.326ns (DCD - SCD + CPR)
    Destination Clock Delay (DCD):    6.601ns = ( 8.476 - 1.875 ) 
    Source Clock Delay      (SCD):    6.590ns = ( 7.215 - 0.625 ) 
    Clock Pessimism Removal (CPR):    0.315ns
  Clock Uncertainty:      0.047ns  ((TSJ^2 + DJ^2)^1/2) / 2 + PE
    Total System Jitter     (TSJ):    0.071ns
    Discrete Jitter          (DJ):    0.061ns
    Phase Error              (PE):    0.000ns

    Location             Delay type                Incr(ns)  Path(ns)    Netlist Resource(s)
  -------------------------------------------------------------------    -------------------
                         (clock oserdes_clk fall edge)
                                                      0.625     0.625 f  
    AD12                                              0.000     0.625 f  sys_clk_p (IN)
                         net (fo=0)                   0.000     0.625    sys_clk_p
    AD12                 IBUFDS (Prop_ibufds_I_O)     0.906     1.531 f  i_bufds_sys_clk/O
                         net (fo=65, estimated)       1.098     2.629    i_dram_wrapper/i_dram/u_mig7s_mig/u_ddr3_infrastructure/plle2_i_0
    PLLE2_ADV_X1Y1       PLLE2_ADV (Prop_plle2_adv_CLKIN1_CLKOUT1)
                                                      0.077     2.706 f  i_dram_wrapper/i_dram/u_mig7s_mig/u_ddr3_infrastructure/plle2_i/CLKOUT1
                         net (fo=14, estimated)       1.198     3.904    i_dram_wrapper/i_dram/u_mig7s_mig/u_memc_ui_top_axi/mem_intfc0/ddr_phy_top0/u_ddr_mc_phy_wrapper/u_ddr_mc_phy/ddr_phy_4lanes_0.u_ddr_phy_4lanes/ddr_byte_lane_A.ddr_byte_lane_A/mem_refclk
    PHASER_OUT_PHY_X1Y8  PHASER_OUT_PHY (Prop_phaser_out_phy_MEMREFCLK_OCLK)
                                                      2.083     5.987 f  i_dram_wrapper/i_dram/u_mig7s_mig/u_memc_ui_top_axi/mem_intfc0/ddr_phy_top0/u_ddr_mc_phy_wrapper/u_ddr_mc_phy/ddr_phy_4lanes_0.u_ddr_phy_4lanes/ddr_byte_lane_A.ddr_byte_lane_A/phaser_out/OCLK
    PHASER_OUT_PHY_X1Y8  PHASER_OUT_PHY (Prop_phaser_out_phy_OCLK_OCLKDELAYED)
                                                      1.229     7.215 r  i_dram_wrapper/i_dram/u_mig7s_mig/u_memc_ui_top_axi/mem_intfc0/ddr_phy_top0/u_ddr_mc_phy_wrapper/u_ddr_mc_phy/ddr_phy_4lanes_0.u_ddr_phy_4lanes/ddr_byte_lane_A.ddr_byte_lane_A/phaser_out/OCLKDELAYED
  -------------------------------------------------------------------    -------------------
    PHASER_OUT_PHY_X1Y8  PHASER_OUT_PHY (Prop_phaser_out_phy_OCLKDELAYED_CTSBUS[0])
                                                      0.459     7.674 r  i_dram_wrapper/i_dram/u_mig7s_mig/u_memc_ui_top_axi/mem_intfc0/ddr_phy_top0/u_ddr_mc_phy_wrapper/u_ddr_mc_phy/ddr_phy_4lanes_0.u_ddr_phy_4lanes/ddr_byte_lane_A.ddr_byte_lane_A/phaser_out/CTSBUS[0]
                         net (fo=2, estimated)        0.297     7.971    i_dram_wrapper/i_dram/u_mig7s_mig/u_memc_ui_top_axi/mem_intfc0/ddr_phy_top0/u_ddr_mc_phy_wrapper/u_ddr_mc_phy/ddr_phy_4lanes_0.u_ddr_phy_4lanes/ddr_byte_lane_A.ddr_byte_lane_A/ddr_byte_group_io/CTSBUS[0]
    OLOGIC_X1Y108        ODDR                                         r  i_dram_wrapper/i_dram/u_mig7s_mig/u_memc_ui_top_axi/mem_intfc0/ddr_phy_top0/u_ddr_mc_phy_wrapper/u_ddr_mc_phy/ddr_phy_4lanes_0.u_ddr_phy_4lanes/ddr_byte_lane_A.ddr_byte_lane_A/ddr_byte_group_io/dqs_gen.oddr_dqsts/D1
  -------------------------------------------------------------------    -------------------

                         (clock oserdes_clk fall edge)
                                                      1.875     1.875 f  
    AD12                                              0.000     1.875 f  sys_clk_p (IN)
                         net (fo=0)                   0.000     1.875    sys_clk_p
    AD12                 IBUFDS (Prop_ibufds_I_O)     0.803     2.678 f  i_bufds_sys_clk/O
                         net (fo=65, estimated)       1.043     3.722    i_dram_wrapper/i_dram/u_mig7s_mig/u_ddr3_infrastructure/plle2_i_0
    PLLE2_ADV_X1Y1       PLLE2_ADV (Prop_plle2_adv_CLKIN1_CLKOUT1)
                                                      0.073     3.795 f  i_dram_wrapper/i_dram/u_mig7s_mig/u_ddr3_infrastructure/plle2_i/CLKOUT1
                         net (fo=14, estimated)       1.138     4.933    i_dram_wrapper/i_dram/u_mig7s_mig/u_memc_ui_top_axi/mem_intfc0/ddr_phy_top0/u_ddr_mc_phy_wrapper/u_ddr_mc_phy/ddr_phy_4lanes_0.u_ddr_phy_4lanes/ddr_byte_lane_A.ddr_byte_lane_A/mem_refclk
    PHASER_OUT_PHY_X1Y8  PHASER_OUT_PHY (Prop_phaser_out_phy_MEMREFCLK_OCLK)
                                                      2.027     6.960 f  i_dram_wrapper/i_dram/u_mig7s_mig/u_memc_ui_top_axi/mem_intfc0/ddr_phy_top0/u_ddr_mc_phy_wrapper/u_ddr_mc_phy/ddr_phy_4lanes_0.u_ddr_phy_4lanes/ddr_byte_lane_A.ddr_byte_lane_A/phaser_out/OCLK
    PHASER_OUT_PHY_X1Y8  PHASER_OUT_PHY (Prop_phaser_out_phy_OCLK_OCLKDELAYED)
                                                      1.191     8.150 r  i_dram_wrapper/i_dram/u_mig7s_mig/u_memc_ui_top_axi/mem_intfc0/ddr_phy_top0/u_ddr_mc_phy_wrapper/u_ddr_mc_phy/ddr_phy_4lanes_0.u_ddr_phy_4lanes/ddr_byte_lane_A.ddr_byte_lane_A/phaser_out/OCLKDELAYED
                         net (fo=2, estimated)        0.326     8.476    i_dram_wrapper/i_dram/u_mig7s_mig/u_memc_ui_top_axi/mem_intfc0/ddr_phy_top0/u_ddr_mc_phy_wrapper/u_ddr_mc_phy/ddr_phy_4lanes_0.u_ddr_phy_4lanes/ddr_byte_lane_A.ddr_byte_lane_A/ddr_byte_group_io/oserdes_clk_delayed
    OLOGIC_X1Y108        ODDR                                         r  i_dram_wrapper/i_dram/u_mig7s_mig/u_memc_ui_top_axi/mem_intfc0/ddr_phy_top0/u_ddr_mc_phy_wrapper/u_ddr_mc_phy/ddr_phy_4lanes_0.u_ddr_phy_4lanes/ddr_byte_lane_A.ddr_byte_lane_A/ddr_byte_group_io/dqs_gen.oddr_dqsts/C
                         clock pessimism              0.315     8.791    
                         clock uncertainty           -0.047     8.745    
    OLOGIC_X1Y108        ODDR (Setup_oddr_C_D1)      -0.558     8.187    i_dram_wrapper/i_dram/u_mig7s_mig/u_memc_ui_top_axi/mem_intfc0/ddr_phy_top0/u_ddr_mc_phy_wrapper/u_ddr_mc_phy/ddr_phy_4lanes_0.u_ddr_phy_4lanes/ddr_byte_lane_A.ddr_byte_lane_A/ddr_byte_group_io/dqs_gen.oddr_dqsts
  -------------------------------------------------------------------
                         required time                          8.187    
                         arrival time                          -7.971    
  -------------------------------------------------------------------
                         slack                                  0.215    





Min Delay Paths
--------------------------------------------------------------------------------------
Slack (MET) :             0.394ns  (arrival time - required time)
  Source:                 i_dram_wrapper/i_dram/u_mig7s_mig/u_memc_ui_top_axi/mem_intfc0/ddr_phy_top0/u_ddr_mc_phy_wrapper/u_ddr_mc_phy/ddr_phy_4lanes_0.u_ddr_phy_4lanes/ddr_byte_lane_A.ddr_byte_lane_A/phaser_out/OCLKDELAYED
                            (rising edge-triggered cell PHASER_OUT_PHY clocked by oserdes_clk'  {rise@0.000ns fall@0.625ns period=1.250ns})
  Destination:            i_dram_wrapper/i_dram/u_mig7s_mig/u_memc_ui_top_axi/mem_intfc0/ddr_phy_top0/u_ddr_mc_phy_wrapper/u_ddr_mc_phy/ddr_phy_4lanes_0.u_ddr_phy_4lanes/ddr_byte_lane_A.ddr_byte_lane_A/ddr_byte_group_io/dqs_gen.oddr_dqs/D2
                            (rising edge-triggered cell ODDR clocked by oserdes_clk'  {rise@0.000ns fall@0.625ns period=1.250ns})
  Path Group:             oserdes_clk
  Path Type:              Hold (Min at Fast Process Corner)
  Requirement:            0.000ns  (oserdes_clk fall@0.625ns - oserdes_clk fall@0.625ns)
  Data Path Delay:        0.486ns  (logic 0.346ns (71.143%)  route 0.140ns (28.857%))
  Logic Levels:           0  
  Clock Path Skew:        0.179ns (DCD - SCD - CPR)
    Destination Clock Delay (DCD):    4.898ns = ( 5.523 - 0.625 ) 
    Source Clock Delay      (SCD):    4.496ns = ( 5.121 - 0.625 ) 
    Clock Pessimism Removal (CPR):    0.223ns

    Location             Delay type                Incr(ns)  Path(ns)    Netlist Resource(s)
  -------------------------------------------------------------------    -------------------
                         (clock oserdes_clk fall edge)
                                                      0.625     0.625 f  
    AD12                                              0.000     0.625 f  sys_clk_p (IN)
                         net (fo=0)                   0.000     0.625    sys_clk_p
    AD12                 IBUFDS (Prop_ibufds_I_O)     0.388     1.013 f  i_bufds_sys_clk/O
                         net (fo=65, estimated)       0.545     1.558    i_dram_wrapper/i_dram/u_mig7s_mig/u_ddr3_infrastructure/plle2_i_0
    PLLE2_ADV_X1Y1       PLLE2_ADV (Prop_plle2_adv_CLKIN1_CLKOUT1)
                                                      0.050     1.608 f  i_dram_wrapper/i_dram/u_mig7s_mig/u_ddr3_infrastructure/plle2_i/CLKOUT1
                         net (fo=14, estimated)       0.594     2.202    i_dram_wrapper/i_dram/u_mig7s_mig/u_memc_ui_top_axi/mem_intfc0/ddr_phy_top0/u_ddr_mc_phy_wrapper/u_ddr_mc_phy/ddr_phy_4lanes_0.u_ddr_phy_4lanes/ddr_byte_lane_A.ddr_byte_lane_A/mem_refclk
    PHASER_OUT_PHY_X1Y8  PHASER_OUT_PHY (Prop_phaser_out_phy_MEMREFCLK_OCLK)
                                                      1.813     4.015 f  i_dram_wrapper/i_dram/u_mig7s_mig/u_memc_ui_top_axi/mem_intfc0/ddr_phy_top0/u_ddr_mc_phy_wrapper/u_ddr_mc_phy/ddr_phy_4lanes_0.u_ddr_phy_4lanes/ddr_byte_lane_A.ddr_byte_lane_A/phaser_out/OCLK
    PHASER_OUT_PHY_X1Y8  PHASER_OUT_PHY (Prop_phaser_out_phy_OCLK_OCLKDELAYED)
                                                      1.106     5.121 r  i_dram_wrapper/i_dram/u_mig7s_mig/u_memc_ui_top_axi/mem_intfc0/ddr_phy_top0/u_ddr_mc_phy_wrapper/u_ddr_mc_phy/ddr_phy_4lanes_0.u_ddr_phy_4lanes/ddr_byte_lane_A.ddr_byte_lane_A/phaser_out/OCLKDELAYED
  -------------------------------------------------------------------    -------------------
    PHASER_OUT_PHY_X1Y8  PHASER_OUT_PHY (Prop_phaser_out_phy_OCLKDELAYED_DQSBUS[1])
                                                      0.346     5.467 r  i_dram_wrapper/i_dram/u_mig7s_mig/u_memc_ui_top_axi/mem_intfc0/ddr_phy_top0/u_ddr_mc_phy_wrapper/u_ddr_mc_phy/ddr_phy_4lanes_0.u_ddr_phy_4lanes/ddr_byte_lane_A.ddr_byte_lane_A/phaser_out/DQSBUS[1]
                         net (fo=1, estimated)        0.140     5.607    i_dram_wrapper/i_dram/u_mig7s_mig/u_memc_ui_top_axi/mem_intfc0/ddr_phy_top0/u_ddr_mc_phy_wrapper/u_ddr_mc_phy/ddr_phy_4lanes_0.u_ddr_phy_4lanes/ddr_byte_lane_A.ddr_byte_lane_A/ddr_byte_group_io/DQSBUS[1]
    OLOGIC_X1Y108        ODDR                                         r  i_dram_wrapper/i_dram/u_mig7s_mig/u_memc_ui_top_axi/mem_intfc0/ddr_phy_top0/u_ddr_mc_phy_wrapper/u_ddr_mc_phy/ddr_phy_4lanes_0.u_ddr_phy_4lanes/ddr_byte_lane_A.ddr_byte_lane_A/ddr_byte_group_io/dqs_gen.oddr_dqs/D2
  -------------------------------------------------------------------    -------------------

                         (clock oserdes_clk fall edge)
                                                      0.625     0.625 f  
    AD12                                              0.000     0.625 f  sys_clk_p (IN)
                         net (fo=0)                   0.000     0.625    sys_clk_p
    AD12                 IBUFDS (Prop_ibufds_I_O)     0.470     1.095 f  i_bufds_sys_clk/O
                         net (fo=65, estimated)       0.573     1.668    i_dram_wrapper/i_dram/u_mig7s_mig/u_ddr3_infrastructure/plle2_i_0
    PLLE2_ADV_X1Y1       PLLE2_ADV (Prop_plle2_adv_CLKIN1_CLKOUT1)
                                                      0.053     1.721 f  i_dram_wrapper/i_dram/u_mig7s_mig/u_ddr3_infrastructure/plle2_i/CLKOUT1
                         net (fo=14, estimated)       0.625     2.346    i_dram_wrapper/i_dram/u_mig7s_mig/u_memc_ui_top_axi/mem_intfc0/ddr_phy_top0/u_ddr_mc_phy_wrapper/u_ddr_mc_phy/ddr_phy_4lanes_0.u_ddr_phy_4lanes/ddr_byte_lane_A.ddr_byte_lane_A/mem_refclk
    PHASER_OUT_PHY_X1Y8  PHASER_OUT_PHY (Prop_phaser_out_phy_MEMREFCLK_OCLK)
                                                      1.858     4.204 f  i_dram_wrapper/i_dram/u_mig7s_mig/u_memc_ui_top_axi/mem_intfc0/ddr_phy_top0/u_ddr_mc_phy_wrapper/u_ddr_mc_phy/ddr_phy_4lanes_0.u_ddr_phy_4lanes/ddr_byte_lane_A.ddr_byte_lane_A/phaser_out/OCLK
    PHASER_OUT_PHY_X1Y8  PHASER_OUT_PHY (Prop_phaser_out_phy_OCLK_OCLKDELAYED)
                                                      1.139     5.344 r  i_dram_wrapper/i_dram/u_mig7s_mig/u_memc_ui_top_axi/mem_intfc0/ddr_phy_top0/u_ddr_mc_phy_wrapper/u_ddr_mc_phy/ddr_phy_4lanes_0.u_ddr_phy_4lanes/ddr_byte_lane_A.ddr_byte_lane_A/phaser_out/OCLKDELAYED
                         net (fo=2, estimated)        0.179     5.523    i_dram_wrapper/i_dram/u_mig7s_mig/u_memc_ui_top_axi/mem_intfc0/ddr_phy_top0/u_ddr_mc_phy_wrapper/u_ddr_mc_phy/ddr_phy_4lanes_0.u_ddr_phy_4lanes/ddr_byte_lane_A.ddr_byte_lane_A/ddr_byte_group_io/oserdes_clk_delayed
    OLOGIC_X1Y108        ODDR                                         r  i_dram_wrapper/i_dram/u_mig7s_mig/u_memc_ui_top_axi/mem_intfc0/ddr_phy_top0/u_ddr_mc_phy_wrapper/u_ddr_mc_phy/ddr_phy_4lanes_0.u_ddr_phy_4lanes/ddr_byte_lane_A.ddr_byte_lane_A/ddr_byte_group_io/dqs_gen.oddr_dqs/C
                         clock pessimism             -0.223     5.300    
    OLOGIC_X1Y108        ODDR (Hold_oddr_C_D2)       -0.087     5.213    i_dram_wrapper/i_dram/u_mig7s_mig/u_memc_ui_top_axi/mem_intfc0/ddr_phy_top0/u_ddr_mc_phy_wrapper/u_ddr_mc_phy/ddr_phy_4lanes_0.u_ddr_phy_4lanes/ddr_byte_lane_A.ddr_byte_lane_A/ddr_byte_group_io/dqs_gen.oddr_dqs
  -------------------------------------------------------------------
                         required time                         -5.213    
                         arrival time                           5.607    
  -------------------------------------------------------------------
                         slack                                  0.394    





Pulse Width Checks
--------------------------------------------------------------------------------------
Clock Name:         oserdes_clk
Waveform(ns):       { 0.000 0.625 }
Period(ns):         1.250
Sources:            { i_dram_wrapper/i_dram/u_mig7s_mig/u_memc_ui_top_axi/mem_intfc0/ddr_phy_top0/u_ddr_mc_phy_wrapper/u_ddr_mc_phy/ddr_phy_4lanes_0.u_ddr_phy_4lanes/ddr_byte_lane_A.ddr_byte_lane_A/phaser_out/OCLK }

Check Type  Corner  Lib Pin  Reference Pin  Required(ns)  Actual(ns)  Slack(ns)  Location       Pin
Min Period  n/a     ODDR/C   n/a            1.070         1.250       0.180      OLOGIC_X1Y108  i_dram_wrapper/i_dram/u_mig7s_mig/u_memc_ui_top_axi/mem_intfc0/ddr_phy_top0/u_ddr_mc_phy_wrapper/u_ddr_mc_phy/ddr_phy_4lanes_0.u_ddr_phy_4lanes/ddr_byte_lane_A.ddr_byte_lane_A/ddr_byte_group_io/dqs_gen.oddr_dqs/C



---------------------------------------------------------------------------------------------------
From Clock:  oserdes_clkdiv
  To Clock:  oserdes_clkdiv

Setup :            0  Failing Endpoints,  Worst Slack        1.545ns,  Total Violation        0.000ns
Hold  :            0  Failing Endpoints,  Worst Slack        0.090ns,  Total Violation        0.000ns
PW    :            0  Failing Endpoints,  Worst Slack        0.336ns,  Total Violation        0.000ns
---------------------------------------------------------------------------------------------------


Max Delay Paths
--------------------------------------------------------------------------------------
Slack (MET) :             1.545ns  (required time - arrival time)
  Source:                 i_dram_wrapper/i_dram/u_mig7s_mig/u_memc_ui_top_axi/mem_intfc0/ddr_phy_top0/u_ddr_mc_phy_wrapper/u_ddr_mc_phy/ddr_phy_4lanes_0.u_ddr_phy_4lanes/ddr_byte_lane_A.ddr_byte_lane_A/out_fifo/RDCLK
                            (rising edge-triggered cell OUT_FIFO clocked by oserdes_clkdiv  {rise@0.000ns fall@1.250ns period=2.500ns})
  Destination:            i_dram_wrapper/i_dram/u_mig7s_mig/u_memc_ui_top_axi/mem_intfc0/ddr_phy_top0/u_ddr_mc_phy_wrapper/u_ddr_mc_phy/ddr_phy_4lanes_0.u_ddr_phy_4lanes/ddr_byte_lane_A.ddr_byte_lane_A/ddr_byte_group_io/output_[6].oserdes_dq_.ddr.oserdes_dq_i/D1
                            (rising edge-triggered cell OSERDESE2 clocked by oserdes_clkdiv  {rise@0.000ns fall@1.250ns period=2.500ns})
  Path Group:             oserdes_clkdiv
  Path Type:              Setup (Max at Slow Process Corner)
  Requirement:            2.500ns  (oserdes_clkdiv rise@2.500ns - oserdes_clkdiv rise@0.000ns)
  Data Path Delay:        0.838ns  (logic 0.552ns (65.871%)  route 0.286ns (34.129%))
  Logic Levels:           0  
  Clock Path Skew:        0.324ns (DCD - SCD + CPR)
    Destination Clock Delay (DCD):    5.542ns = ( 8.042 - 2.500 ) 
    Source Clock Delay      (SCD):    5.503ns
    Clock Pessimism Removal (CPR):    0.285ns
  Clock Uncertainty:      0.047ns  ((TSJ^2 + DJ^2)^1/2) / 2 + PE
    Total System Jitter     (TSJ):    0.071ns
    Discrete Jitter          (DJ):    0.061ns
    Phase Error              (PE):    0.000ns

    Location             Delay type                Incr(ns)  Path(ns)    Netlist Resource(s)
  -------------------------------------------------------------------    -------------------
                         (clock oserdes_clkdiv rise edge)
                                                      0.000     0.000 r  
    AD12                                              0.000     0.000 r  sys_clk_p (IN)
                         net (fo=0)                   0.000     0.000    sys_clk_p
    AD12                 IBUFDS (Prop_ibufds_I_O)     0.906     0.906 r  i_bufds_sys_clk/O
                         net (fo=65, estimated)       1.098     2.004    i_dram_wrapper/i_dram/u_mig7s_mig/u_ddr3_infrastructure/plle2_i_0
    PLLE2_ADV_X1Y1       PLLE2_ADV (Prop_plle2_adv_CLKIN1_CLKOUT1)
                                                      0.077     2.081 r  i_dram_wrapper/i_dram/u_mig7s_mig/u_ddr3_infrastructure/plle2_i/CLKOUT1
                         net (fo=14, estimated)       1.198     3.279    i_dram_wrapper/i_dram/u_mig7s_mig/u_memc_ui_top_axi/mem_intfc0/ddr_phy_top0/u_ddr_mc_phy_wrapper/u_ddr_mc_phy/ddr_phy_4lanes_0.u_ddr_phy_4lanes/ddr_byte_lane_A.ddr_byte_lane_A/mem_refclk
    PHASER_OUT_PHY_X1Y8  PHASER_OUT_PHY (Prop_phaser_out_phy_MEMREFCLK_OCLK)
                                                      2.083     5.362 r  i_dram_wrapper/i_dram/u_mig7s_mig/u_memc_ui_top_axi/mem_intfc0/ddr_phy_top0/u_ddr_mc_phy_wrapper/u_ddr_mc_phy/ddr_phy_4lanes_0.u_ddr_phy_4lanes/ddr_byte_lane_A.ddr_byte_lane_A/phaser_out/OCLK
    PHASER_OUT_PHY_X1Y8  PHASER_OUT_PHY (Prop_phaser_out_phy_OCLK_OCLKDIV)
                                                      0.141     5.503 r  i_dram_wrapper/i_dram/u_mig7s_mig/u_memc_ui_top_axi/mem_intfc0/ddr_phy_top0/u_ddr_mc_phy_wrapper/u_ddr_mc_phy/ddr_phy_4lanes_0.u_ddr_phy_4lanes/ddr_byte_lane_A.ddr_byte_lane_A/phaser_out/OCLKDIV
                         net (fo=11, estimated)       0.000     5.503    i_dram_wrapper/i_dram/u_mig7s_mig/u_memc_ui_top_axi/mem_intfc0/ddr_phy_top0/u_ddr_mc_phy_wrapper/u_ddr_mc_phy/ddr_phy_4lanes_0.u_ddr_phy_4lanes/ddr_byte_lane_A.ddr_byte_lane_A/oserdes_clkdiv
    OUT_FIFO_X1Y8        OUT_FIFO                                     r  i_dram_wrapper/i_dram/u_mig7s_mig/u_memc_ui_top_axi/mem_intfc0/ddr_phy_top0/u_ddr_mc_phy_wrapper/u_ddr_mc_phy/ddr_phy_4lanes_0.u_ddr_phy_4lanes/ddr_byte_lane_A.ddr_byte_lane_A/out_fifo/RDCLK
  -------------------------------------------------------------------    -------------------
    OUT_FIFO_X1Y8        OUT_FIFO (Prop_out_fifo_RDCLK_Q6[0])
                                                      0.552     6.055 r  i_dram_wrapper/i_dram/u_mig7s_mig/u_memc_ui_top_axi/mem_intfc0/ddr_phy_top0/u_ddr_mc_phy_wrapper/u_ddr_mc_phy/ddr_phy_4lanes_0.u_ddr_phy_4lanes/ddr_byte_lane_A.ddr_byte_lane_A/out_fifo/Q6[0]
                         net (fo=1, estimated)        0.286     6.341    i_dram_wrapper/i_dram/u_mig7s_mig/u_memc_ui_top_axi/mem_intfc0/ddr_phy_top0/u_ddr_mc_phy_wrapper/u_ddr_mc_phy/ddr_phy_4lanes_0.u_ddr_phy_4lanes/ddr_byte_lane_A.ddr_byte_lane_A/ddr_byte_group_io/of_dqbus[24]
    OLOGIC_X1Y109        OSERDESE2                                    r  i_dram_wrapper/i_dram/u_mig7s_mig/u_memc_ui_top_axi/mem_intfc0/ddr_phy_top0/u_ddr_mc_phy_wrapper/u_ddr_mc_phy/ddr_phy_4lanes_0.u_ddr_phy_4lanes/ddr_byte_lane_A.ddr_byte_lane_A/ddr_byte_group_io/output_[6].oserdes_dq_.ddr.oserdes_dq_i/D1
  -------------------------------------------------------------------    -------------------

                         (clock oserdes_clkdiv rise edge)
                                                      2.500     2.500 r  
    AD12                                              0.000     2.500 r  sys_clk_p (IN)
                         net (fo=0)                   0.000     2.500    sys_clk_p
    AD12                 IBUFDS (Prop_ibufds_I_O)     0.803     3.303 r  i_bufds_sys_clk/O
                         net (fo=65, estimated)       1.043     4.347    i_dram_wrapper/i_dram/u_mig7s_mig/u_ddr3_infrastructure/plle2_i_0
    PLLE2_ADV_X1Y1       PLLE2_ADV (Prop_plle2_adv_CLKIN1_CLKOUT1)
                                                      0.073     4.420 r  i_dram_wrapper/i_dram/u_mig7s_mig/u_ddr3_infrastructure/plle2_i/CLKOUT1
                         net (fo=14, estimated)       1.138     5.558    i_dram_wrapper/i_dram/u_mig7s_mig/u_memc_ui_top_axi/mem_intfc0/ddr_phy_top0/u_ddr_mc_phy_wrapper/u_ddr_mc_phy/ddr_phy_4lanes_0.u_ddr_phy_4lanes/ddr_byte_lane_A.ddr_byte_lane_A/mem_refclk
    PHASER_OUT_PHY_X1Y8  PHASER_OUT_PHY (Prop_phaser_out_phy_MEMREFCLK_OCLK)
                                                      2.027     7.585 r  i_dram_wrapper/i_dram/u_mig7s_mig/u_memc_ui_top_axi/mem_intfc0/ddr_phy_top0/u_ddr_mc_phy_wrapper/u_ddr_mc_phy/ddr_phy_4lanes_0.u_ddr_phy_4lanes/ddr_byte_lane_A.ddr_byte_lane_A/phaser_out/OCLK
    PHASER_OUT_PHY_X1Y8  PHASER_OUT_PHY (Prop_phaser_out_phy_OCLK_OCLKDIV)
                                                      0.133     7.718 r  i_dram_wrapper/i_dram/u_mig7s_mig/u_memc_ui_top_axi/mem_intfc0/ddr_phy_top0/u_ddr_mc_phy_wrapper/u_ddr_mc_phy/ddr_phy_4lanes_0.u_ddr_phy_4lanes/ddr_byte_lane_A.ddr_byte_lane_A/phaser_out/OCLKDIV
                         net (fo=11, estimated)       0.324     8.042    i_dram_wrapper/i_dram/u_mig7s_mig/u_memc_ui_top_axi/mem_intfc0/ddr_phy_top0/u_ddr_mc_phy_wrapper/u_ddr_mc_phy/ddr_phy_4lanes_0.u_ddr_phy_4lanes/ddr_byte_lane_A.ddr_byte_lane_A/ddr_byte_group_io/oserdes_clkdiv
    OLOGIC_X1Y109        OSERDESE2                                    r  i_dram_wrapper/i_dram/u_mig7s_mig/u_memc_ui_top_axi/mem_intfc0/ddr_phy_top0/u_ddr_mc_phy_wrapper/u_ddr_mc_phy/ddr_phy_4lanes_0.u_ddr_phy_4lanes/ddr_byte_lane_A.ddr_byte_lane_A/ddr_byte_group_io/output_[6].oserdes_dq_.ddr.oserdes_dq_i/CLKDIV
                         clock pessimism              0.285     8.327    
                         clock uncertainty           -0.047     8.280    
    OLOGIC_X1Y109        OSERDESE2 (Setup_oserdese2_CLKDIV_D1)
                                                     -0.394     7.886    i_dram_wrapper/i_dram/u_mig7s_mig/u_memc_ui_top_axi/mem_intfc0/ddr_phy_top0/u_ddr_mc_phy_wrapper/u_ddr_mc_phy/ddr_phy_4lanes_0.u_ddr_phy_4lanes/ddr_byte_lane_A.ddr_byte_lane_A/ddr_byte_group_io/output_[6].oserdes_dq_.ddr.oserdes_dq_i
  -------------------------------------------------------------------
                         required time                          7.886    
                         arrival time                          -6.341    
  -------------------------------------------------------------------
                         slack                                  1.545    





Min Delay Paths
--------------------------------------------------------------------------------------
Slack (MET) :             0.090ns  (arrival time - required time)
  Source:                 i_dram_wrapper/i_dram/u_mig7s_mig/u_memc_ui_top_axi/mem_intfc0/ddr_phy_top0/u_ddr_mc_phy_wrapper/u_ddr_mc_phy/ddr_phy_4lanes_0.u_ddr_phy_4lanes/ddr_byte_lane_A.ddr_byte_lane_A/out_fifo/RDCLK
                            (rising edge-triggered cell OUT_FIFO clocked by oserdes_clkdiv  {rise@0.000ns fall@1.250ns period=2.500ns})
  Destination:            i_dram_wrapper/i_dram/u_mig7s_mig/u_memc_ui_top_axi/mem_intfc0/ddr_phy_top0/u_ddr_mc_phy_wrapper/u_ddr_mc_phy/ddr_phy_4lanes_0.u_ddr_phy_4lanes/ddr_byte_lane_A.ddr_byte_lane_A/ddr_byte_group_io/output_[2].oserdes_dq_.ddr.oserdes_dq_i/D3
                            (rising edge-triggered cell OSERDESE2 clocked by oserdes_clkdiv  {rise@0.000ns fall@1.250ns period=2.500ns})
  Path Group:             oserdes_clkdiv
  Path Type:              Hold (Min at Fast Process Corner)
  Requirement:            0.000ns  (oserdes_clkdiv rise@0.000ns - oserdes_clkdiv rise@0.000ns)
  Data Path Delay:        0.290ns  (logic 0.150ns (51.752%)  route 0.140ns (48.248%))
  Logic Levels:           0  
  Clock Path Skew:        0.179ns (DCD - SCD - CPR)
    Destination Clock Delay (DCD):    3.846ns
    Source Clock Delay      (SCD):    3.473ns
    Clock Pessimism Removal (CPR):    0.194ns

    Location             Delay type                Incr(ns)  Path(ns)    Netlist Resource(s)
  -------------------------------------------------------------------    -------------------
                         (clock oserdes_clkdiv rise edge)
                                                      0.000     0.000 r  
    AD12                                              0.000     0.000 r  sys_clk_p (IN)
                         net (fo=0)                   0.000     0.000    sys_clk_p
    AD12                 IBUFDS (Prop_ibufds_I_O)     0.388     0.388 r  i_bufds_sys_clk/O
                         net (fo=65, estimated)       0.545     0.933    i_dram_wrapper/i_dram/u_mig7s_mig/u_ddr3_infrastructure/plle2_i_0
    PLLE2_ADV_X1Y1       PLLE2_ADV (Prop_plle2_adv_CLKIN1_CLKOUT1)
                                                      0.050     0.983 r  i_dram_wrapper/i_dram/u_mig7s_mig/u_ddr3_infrastructure/plle2_i/CLKOUT1
                         net (fo=14, estimated)       0.594     1.577    i_dram_wrapper/i_dram/u_mig7s_mig/u_memc_ui_top_axi/mem_intfc0/ddr_phy_top0/u_ddr_mc_phy_wrapper/u_ddr_mc_phy/ddr_phy_4lanes_0.u_ddr_phy_4lanes/ddr_byte_lane_A.ddr_byte_lane_A/mem_refclk
    PHASER_OUT_PHY_X1Y8  PHASER_OUT_PHY (Prop_phaser_out_phy_MEMREFCLK_OCLK)
                                                      1.813     3.390 r  i_dram_wrapper/i_dram/u_mig7s_mig/u_memc_ui_top_axi/mem_intfc0/ddr_phy_top0/u_ddr_mc_phy_wrapper/u_ddr_mc_phy/ddr_phy_4lanes_0.u_ddr_phy_4lanes/ddr_byte_lane_A.ddr_byte_lane_A/phaser_out/OCLK
    PHASER_OUT_PHY_X1Y8  PHASER_OUT_PHY (Prop_phaser_out_phy_OCLK_OCLKDIV)
                                                      0.083     3.473 r  i_dram_wrapper/i_dram/u_mig7s_mig/u_memc_ui_top_axi/mem_intfc0/ddr_phy_top0/u_ddr_mc_phy_wrapper/u_ddr_mc_phy/ddr_phy_4lanes_0.u_ddr_phy_4lanes/ddr_byte_lane_A.ddr_byte_lane_A/phaser_out/OCLKDIV
                         net (fo=11, estimated)       0.000     3.473    i_dram_wrapper/i_dram/u_mig7s_mig/u_memc_ui_top_axi/mem_intfc0/ddr_phy_top0/u_ddr_mc_phy_wrapper/u_ddr_mc_phy/ddr_phy_4lanes_0.u_ddr_phy_4lanes/ddr_byte_lane_A.ddr_byte_lane_A/oserdes_clkdiv
    OUT_FIFO_X1Y8        OUT_FIFO                                     r  i_dram_wrapper/i_dram/u_mig7s_mig/u_memc_ui_top_axi/mem_intfc0/ddr_phy_top0/u_ddr_mc_phy_wrapper/u_ddr_mc_phy/ddr_phy_4lanes_0.u_ddr_phy_4lanes/ddr_byte_lane_A.ddr_byte_lane_A/out_fifo/RDCLK
  -------------------------------------------------------------------    -------------------
    OUT_FIFO_X1Y8        OUT_FIFO (Prop_out_fifo_RDCLK_Q2[2])
                                                      0.150     3.623 r  i_dram_wrapper/i_dram/u_mig7s_mig/u_memc_ui_top_axi/mem_intfc0/ddr_phy_top0/u_ddr_mc_phy_wrapper/u_ddr_mc_phy/ddr_phy_4lanes_0.u_ddr_phy_4lanes/ddr_byte_lane_A.ddr_byte_lane_A/out_fifo/Q2[2]
                         net (fo=1, estimated)        0.140     3.763    i_dram_wrapper/i_dram/u_mig7s_mig/u_memc_ui_top_axi/mem_intfc0/ddr_phy_top0/u_ddr_mc_phy_wrapper/u_ddr_mc_phy/ddr_phy_4lanes_0.u_ddr_phy_4lanes/ddr_byte_lane_A.ddr_byte_lane_A/ddr_byte_group_io/of_dqbus[10]
    OLOGIC_X1Y103        OSERDESE2                                    r  i_dram_wrapper/i_dram/u_mig7s_mig/u_memc_ui_top_axi/mem_intfc0/ddr_phy_top0/u_ddr_mc_phy_wrapper/u_ddr_mc_phy/ddr_phy_4lanes_0.u_ddr_phy_4lanes/ddr_byte_lane_A.ddr_byte_lane_A/ddr_byte_group_io/output_[2].oserdes_dq_.ddr.oserdes_dq_i/D3
  -------------------------------------------------------------------    -------------------

                         (clock oserdes_clkdiv rise edge)
                                                      0.000     0.000 r  
    AD12                                              0.000     0.000 r  sys_clk_p (IN)
                         net (fo=0)                   0.000     0.000    sys_clk_p
    AD12                 IBUFDS (Prop_ibufds_I_O)     0.470     0.470 r  i_bufds_sys_clk/O
                         net (fo=65, estimated)       0.573     1.043    i_dram_wrapper/i_dram/u_mig7s_mig/u_ddr3_infrastructure/plle2_i_0
    PLLE2_ADV_X1Y1       PLLE2_ADV (Prop_plle2_adv_CLKIN1_CLKOUT1)
                                                      0.053     1.096 r  i_dram_wrapper/i_dram/u_mig7s_mig/u_ddr3_infrastructure/plle2_i/CLKOUT1
                         net (fo=14, estimated)       0.625     1.721    i_dram_wrapper/i_dram/u_mig7s_mig/u_memc_ui_top_axi/mem_intfc0/ddr_phy_top0/u_ddr_mc_phy_wrapper/u_ddr_mc_phy/ddr_phy_4lanes_0.u_ddr_phy_4lanes/ddr_byte_lane_A.ddr_byte_lane_A/mem_refclk
    PHASER_OUT_PHY_X1Y8  PHASER_OUT_PHY (Prop_phaser_out_phy_MEMREFCLK_OCLK)
                                                      1.858     3.579 r  i_dram_wrapper/i_dram/u_mig7s_mig/u_memc_ui_top_axi/mem_intfc0/ddr_phy_top0/u_ddr_mc_phy_wrapper/u_ddr_mc_phy/ddr_phy_4lanes_0.u_ddr_phy_4lanes/ddr_byte_lane_A.ddr_byte_lane_A/phaser_out/OCLK
    PHASER_OUT_PHY_X1Y8  PHASER_OUT_PHY (Prop_phaser_out_phy_OCLK_OCLKDIV)
                                                      0.088     3.667 r  i_dram_wrapper/i_dram/u_mig7s_mig/u_memc_ui_top_axi/mem_intfc0/ddr_phy_top0/u_ddr_mc_phy_wrapper/u_ddr_mc_phy/ddr_phy_4lanes_0.u_ddr_phy_4lanes/ddr_byte_lane_A.ddr_byte_lane_A/phaser_out/OCLKDIV
                         net (fo=11, estimated)       0.179     3.846    i_dram_wrapper/i_dram/u_mig7s_mig/u_memc_ui_top_axi/mem_intfc0/ddr_phy_top0/u_ddr_mc_phy_wrapper/u_ddr_mc_phy/ddr_phy_4lanes_0.u_ddr_phy_4lanes/ddr_byte_lane_A.ddr_byte_lane_A/ddr_byte_group_io/oserdes_clkdiv
    OLOGIC_X1Y103        OSERDESE2                                    r  i_dram_wrapper/i_dram/u_mig7s_mig/u_memc_ui_top_axi/mem_intfc0/ddr_phy_top0/u_ddr_mc_phy_wrapper/u_ddr_mc_phy/ddr_phy_4lanes_0.u_ddr_phy_4lanes/ddr_byte_lane_A.ddr_byte_lane_A/ddr_byte_group_io/output_[2].oserdes_dq_.ddr.oserdes_dq_i/CLKDIV
                         clock pessimism             -0.194     3.653    
    OLOGIC_X1Y103        OSERDESE2 (Hold_oserdese2_CLKDIV_D3)
                                                      0.021     3.674    i_dram_wrapper/i_dram/u_mig7s_mig/u_memc_ui_top_axi/mem_intfc0/ddr_phy_top0/u_ddr_mc_phy_wrapper/u_ddr_mc_phy/ddr_phy_4lanes_0.u_ddr_phy_4lanes/ddr_byte_lane_A.ddr_byte_lane_A/ddr_byte_group_io/output_[2].oserdes_dq_.ddr.oserdes_dq_i
  -------------------------------------------------------------------
                         required time                         -3.674    
                         arrival time                           3.763    
  -------------------------------------------------------------------
                         slack                                  0.090    





Pulse Width Checks
--------------------------------------------------------------------------------------
Clock Name:         oserdes_clkdiv
Waveform(ns):       { 0.000 1.250 }
Period(ns):         2.500
Sources:            { i_dram_wrapper/i_dram/u_mig7s_mig/u_memc_ui_top_axi/mem_intfc0/ddr_phy_top0/u_ddr_mc_phy_wrapper/u_ddr_mc_phy/ddr_phy_4lanes_0.u_ddr_phy_4lanes/ddr_byte_lane_A.ddr_byte_lane_A/phaser_out/OCLKDIV }

Check Type        Corner  Lib Pin         Reference Pin  Required(ns)  Actual(ns)  Slack(ns)  Location       Pin
Min Period        n/a     OUT_FIFO/RDCLK  n/a            2.126         2.500       0.374      OUT_FIFO_X1Y8  i_dram_wrapper/i_dram/u_mig7s_mig/u_memc_ui_top_axi/mem_intfc0/ddr_phy_top0/u_ddr_mc_phy_wrapper/u_ddr_mc_phy/ddr_phy_4lanes_0.u_ddr_phy_4lanes/ddr_byte_lane_A.ddr_byte_lane_A/out_fifo/RDCLK
Low Pulse Width   Slow    OUT_FIFO/RDCLK  n/a            0.914         1.250       0.336      OUT_FIFO_X1Y8  i_dram_wrapper/i_dram/u_mig7s_mig/u_memc_ui_top_axi/mem_intfc0/ddr_phy_top0/u_ddr_mc_phy_wrapper/u_ddr_mc_phy/ddr_phy_4lanes_0.u_ddr_phy_4lanes/ddr_byte_lane_A.ddr_byte_lane_A/out_fifo/RDCLK
High Pulse Width  Slow    OUT_FIFO/RDCLK  n/a            0.914         1.250       0.336      OUT_FIFO_X1Y8  i_dram_wrapper/i_dram/u_mig7s_mig/u_memc_ui_top_axi/mem_intfc0/ddr_phy_top0/u_ddr_mc_phy_wrapper/u_ddr_mc_phy/ddr_phy_4lanes_0.u_ddr_phy_4lanes/ddr_byte_lane_A.ddr_byte_lane_A/out_fifo/RDCLK



---------------------------------------------------------------------------------------------------
From Clock:  oserdes_clk_1
  To Clock:  oserdes_clk_1

Setup :            0  Failing Endpoints,  Worst Slack        0.201ns,  Total Violation        0.000ns
Hold  :            0  Failing Endpoints,  Worst Slack        0.402ns,  Total Violation        0.000ns
PW    :            0  Failing Endpoints,  Worst Slack        0.180ns,  Total Violation        0.000ns
---------------------------------------------------------------------------------------------------


Max Delay Paths
--------------------------------------------------------------------------------------
Slack (MET) :             0.201ns  (required time - arrival time)
  Source:                 i_dram_wrapper/i_dram/u_mig7s_mig/u_memc_ui_top_axi/mem_intfc0/ddr_phy_top0/u_ddr_mc_phy_wrapper/u_ddr_mc_phy/ddr_phy_4lanes_0.u_ddr_phy_4lanes/ddr_byte_lane_B.ddr_byte_lane_B/phaser_out/OCLKDELAYED
                            (rising edge-triggered cell PHASER_OUT_PHY clocked by oserdes_clk_1'  {rise@0.000ns fall@0.625ns period=1.250ns})
  Destination:            i_dram_wrapper/i_dram/u_mig7s_mig/u_memc_ui_top_axi/mem_intfc0/ddr_phy_top0/u_ddr_mc_phy_wrapper/u_ddr_mc_phy/ddr_phy_4lanes_0.u_ddr_phy_4lanes/ddr_byte_lane_B.ddr_byte_lane_B/ddr_byte_group_io/dqs_gen.oddr_dqsts/D1
                            (rising edge-triggered cell ODDR clocked by oserdes_clk_1'  {rise@0.000ns fall@0.625ns period=1.250ns})
  Path Group:             oserdes_clk_1
  Path Type:              Setup (Max at Slow Process Corner)
  Requirement:            1.250ns  (oserdes_clk_1 fall@1.875ns - oserdes_clk_1 fall@0.625ns)
  Data Path Delay:        0.756ns  (logic 0.459ns (60.714%)  route 0.297ns (39.286%))
  Logic Levels:           0  
  Clock Path Skew:        0.312ns (DCD - SCD + CPR)
    Destination Clock Delay (DCD):    6.577ns = ( 8.452 - 1.875 ) 
    Source Clock Delay      (SCD):    6.580ns = ( 7.205 - 0.625 ) 
    Clock Pessimism Removal (CPR):    0.315ns
  Clock Uncertainty:      0.047ns  ((TSJ^2 + DJ^2)^1/2) / 2 + PE
    Total System Jitter     (TSJ):    0.071ns
    Discrete Jitter          (DJ):    0.061ns
    Phase Error              (PE):    0.000ns

    Location             Delay type                Incr(ns)  Path(ns)    Netlist Resource(s)
  -------------------------------------------------------------------    -------------------
                         (clock oserdes_clk_1 fall edge)
                                                      0.625     0.625 f  
    AD12                                              0.000     0.625 f  sys_clk_p (IN)
                         net (fo=0)                   0.000     0.625    sys_clk_p
    AD12                 IBUFDS (Prop_ibufds_I_O)     0.906     1.531 f  i_bufds_sys_clk/O
                         net (fo=65, estimated)       1.098     2.629    i_dram_wrapper/i_dram/u_mig7s_mig/u_ddr3_infrastructure/plle2_i_0
    PLLE2_ADV_X1Y1       PLLE2_ADV (Prop_plle2_adv_CLKIN1_CLKOUT1)
                                                      0.077     2.706 f  i_dram_wrapper/i_dram/u_mig7s_mig/u_ddr3_infrastructure/plle2_i/CLKOUT1
                         net (fo=14, estimated)       1.188     3.894    i_dram_wrapper/i_dram/u_mig7s_mig/u_memc_ui_top_axi/mem_intfc0/ddr_phy_top0/u_ddr_mc_phy_wrapper/u_ddr_mc_phy/ddr_phy_4lanes_0.u_ddr_phy_4lanes/ddr_byte_lane_B.ddr_byte_lane_B/mem_refclk
    PHASER_OUT_PHY_X1Y9  PHASER_OUT_PHY (Prop_phaser_out_phy_MEMREFCLK_OCLK)
                                                      2.083     5.977 f  i_dram_wrapper/i_dram/u_mig7s_mig/u_memc_ui_top_axi/mem_intfc0/ddr_phy_top0/u_ddr_mc_phy_wrapper/u_ddr_mc_phy/ddr_phy_4lanes_0.u_ddr_phy_4lanes/ddr_byte_lane_B.ddr_byte_lane_B/phaser_out/OCLK
    PHASER_OUT_PHY_X1Y9  PHASER_OUT_PHY (Prop_phaser_out_phy_OCLK_OCLKDELAYED)
                                                      1.229     7.205 r  i_dram_wrapper/i_dram/u_mig7s_mig/u_memc_ui_top_axi/mem_intfc0/ddr_phy_top0/u_ddr_mc_phy_wrapper/u_ddr_mc_phy/ddr_phy_4lanes_0.u_ddr_phy_4lanes/ddr_byte_lane_B.ddr_byte_lane_B/phaser_out/OCLKDELAYED
  -------------------------------------------------------------------    -------------------
    PHASER_OUT_PHY_X1Y9  PHASER_OUT_PHY (Prop_phaser_out_phy_OCLKDELAYED_CTSBUS[0])
                                                      0.459     7.664 r  i_dram_wrapper/i_dram/u_mig7s_mig/u_memc_ui_top_axi/mem_intfc0/ddr_phy_top0/u_ddr_mc_phy_wrapper/u_ddr_mc_phy/ddr_phy_4lanes_0.u_ddr_phy_4lanes/ddr_byte_lane_B.ddr_byte_lane_B/phaser_out/CTSBUS[0]
                         net (fo=2, estimated)        0.297     7.961    i_dram_wrapper/i_dram/u_mig7s_mig/u_memc_ui_top_axi/mem_intfc0/ddr_phy_top0/u_ddr_mc_phy_wrapper/u_ddr_mc_phy/ddr_phy_4lanes_0.u_ddr_phy_4lanes/ddr_byte_lane_B.ddr_byte_lane_B/ddr_byte_group_io/CTSBUS[0]
    OLOGIC_X1Y120        ODDR                                         r  i_dram_wrapper/i_dram/u_mig7s_mig/u_memc_ui_top_axi/mem_intfc0/ddr_phy_top0/u_ddr_mc_phy_wrapper/u_ddr_mc_phy/ddr_phy_4lanes_0.u_ddr_phy_4lanes/ddr_byte_lane_B.ddr_byte_lane_B/ddr_byte_group_io/dqs_gen.oddr_dqsts/D1
  -------------------------------------------------------------------    -------------------

                         (clock oserdes_clk_1 fall edge)
                                                      1.875     1.875 f  
    AD12                                              0.000     1.875 f  sys_clk_p (IN)
                         net (fo=0)                   0.000     1.875    sys_clk_p
    AD12                 IBUFDS (Prop_ibufds_I_O)     0.803     2.678 f  i_bufds_sys_clk/O
                         net (fo=65, estimated)       1.043     3.722    i_dram_wrapper/i_dram/u_mig7s_mig/u_ddr3_infrastructure/plle2_i_0
    PLLE2_ADV_X1Y1       PLLE2_ADV (Prop_plle2_adv_CLKIN1_CLKOUT1)
                                                      0.073     3.795 f  i_dram_wrapper/i_dram/u_mig7s_mig/u_ddr3_infrastructure/plle2_i/CLKOUT1
                         net (fo=14, estimated)       1.129     4.923    i_dram_wrapper/i_dram/u_mig7s_mig/u_memc_ui_top_axi/mem_intfc0/ddr_phy_top0/u_ddr_mc_phy_wrapper/u_ddr_mc_phy/ddr_phy_4lanes_0.u_ddr_phy_4lanes/ddr_byte_lane_B.ddr_byte_lane_B/mem_refclk
    PHASER_OUT_PHY_X1Y9  PHASER_OUT_PHY (Prop_phaser_out_phy_MEMREFCLK_OCLK)
                                                      2.027     6.950 f  i_dram_wrapper/i_dram/u_mig7s_mig/u_memc_ui_top_axi/mem_intfc0/ddr_phy_top0/u_ddr_mc_phy_wrapper/u_ddr_mc_phy/ddr_phy_4lanes_0.u_ddr_phy_4lanes/ddr_byte_lane_B.ddr_byte_lane_B/phaser_out/OCLK
    PHASER_OUT_PHY_X1Y9  PHASER_OUT_PHY (Prop_phaser_out_phy_OCLK_OCLKDELAYED)
                                                      1.191     8.141 r  i_dram_wrapper/i_dram/u_mig7s_mig/u_memc_ui_top_axi/mem_intfc0/ddr_phy_top0/u_ddr_mc_phy_wrapper/u_ddr_mc_phy/ddr_phy_4lanes_0.u_ddr_phy_4lanes/ddr_byte_lane_B.ddr_byte_lane_B/phaser_out/OCLKDELAYED
                         net (fo=2, estimated)        0.312     8.452    i_dram_wrapper/i_dram/u_mig7s_mig/u_memc_ui_top_axi/mem_intfc0/ddr_phy_top0/u_ddr_mc_phy_wrapper/u_ddr_mc_phy/ddr_phy_4lanes_0.u_ddr_phy_4lanes/ddr_byte_lane_B.ddr_byte_lane_B/ddr_byte_group_io/oserdes_clk_delayed
    OLOGIC_X1Y120        ODDR                                         r  i_dram_wrapper/i_dram/u_mig7s_mig/u_memc_ui_top_axi/mem_intfc0/ddr_phy_top0/u_ddr_mc_phy_wrapper/u_ddr_mc_phy/ddr_phy_4lanes_0.u_ddr_phy_4lanes/ddr_byte_lane_B.ddr_byte_lane_B/ddr_byte_group_io/dqs_gen.oddr_dqsts/C
                         clock pessimism              0.315     8.767    
                         clock uncertainty           -0.047     8.720    
    OLOGIC_X1Y120        ODDR (Setup_oddr_C_D1)      -0.558     8.162    i_dram_wrapper/i_dram/u_mig7s_mig/u_memc_ui_top_axi/mem_intfc0/ddr_phy_top0/u_ddr_mc_phy_wrapper/u_ddr_mc_phy/ddr_phy_4lanes_0.u_ddr_phy_4lanes/ddr_byte_lane_B.ddr_byte_lane_B/ddr_byte_group_io/dqs_gen.oddr_dqsts
  -------------------------------------------------------------------
                         required time                          8.162    
                         arrival time                          -7.961    
  -------------------------------------------------------------------
                         slack                                  0.201    





Min Delay Paths
--------------------------------------------------------------------------------------
Slack (MET) :             0.402ns  (arrival time - required time)
  Source:                 i_dram_wrapper/i_dram/u_mig7s_mig/u_memc_ui_top_axi/mem_intfc0/ddr_phy_top0/u_ddr_mc_phy_wrapper/u_ddr_mc_phy/ddr_phy_4lanes_0.u_ddr_phy_4lanes/ddr_byte_lane_B.ddr_byte_lane_B/phaser_out/OCLKDELAYED
                            (rising edge-triggered cell PHASER_OUT_PHY clocked by oserdes_clk_1'  {rise@0.000ns fall@0.625ns period=1.250ns})
  Destination:            i_dram_wrapper/i_dram/u_mig7s_mig/u_memc_ui_top_axi/mem_intfc0/ddr_phy_top0/u_ddr_mc_phy_wrapper/u_ddr_mc_phy/ddr_phy_4lanes_0.u_ddr_phy_4lanes/ddr_byte_lane_B.ddr_byte_lane_B/ddr_byte_group_io/dqs_gen.oddr_dqs/D2
                            (rising edge-triggered cell ODDR clocked by oserdes_clk_1'  {rise@0.000ns fall@0.625ns period=1.250ns})
  Path Group:             oserdes_clk_1
  Path Type:              Hold (Min at Fast Process Corner)
  Requirement:            0.000ns  (oserdes_clk_1 fall@0.625ns - oserdes_clk_1 fall@0.625ns)
  Data Path Delay:        0.486ns  (logic 0.346ns (71.143%)  route 0.140ns (28.857%))
  Logic Levels:           0  
  Clock Path Skew:        0.171ns (DCD - SCD - CPR)
    Destination Clock Delay (DCD):    4.885ns = ( 5.510 - 0.625 ) 
    Source Clock Delay      (SCD):    4.491ns = ( 5.116 - 0.625 ) 
    Clock Pessimism Removal (CPR):    0.222ns

    Location             Delay type                Incr(ns)  Path(ns)    Netlist Resource(s)
  -------------------------------------------------------------------    -------------------
                         (clock oserdes_clk_1 fall edge)
                                                      0.625     0.625 f  
    AD12                                              0.000     0.625 f  sys_clk_p (IN)
                         net (fo=0)                   0.000     0.625    sys_clk_p
    AD12                 IBUFDS (Prop_ibufds_I_O)     0.388     1.013 f  i_bufds_sys_clk/O
                         net (fo=65, estimated)       0.545     1.558    i_dram_wrapper/i_dram/u_mig7s_mig/u_ddr3_infrastructure/plle2_i_0
    PLLE2_ADV_X1Y1       PLLE2_ADV (Prop_plle2_adv_CLKIN1_CLKOUT1)
                                                      0.050     1.608 f  i_dram_wrapper/i_dram/u_mig7s_mig/u_ddr3_infrastructure/plle2_i/CLKOUT1
                         net (fo=14, estimated)       0.589     2.197    i_dram_wrapper/i_dram/u_mig7s_mig/u_memc_ui_top_axi/mem_intfc0/ddr_phy_top0/u_ddr_mc_phy_wrapper/u_ddr_mc_phy/ddr_phy_4lanes_0.u_ddr_phy_4lanes/ddr_byte_lane_B.ddr_byte_lane_B/mem_refclk
    PHASER_OUT_PHY_X1Y9  PHASER_OUT_PHY (Prop_phaser_out_phy_MEMREFCLK_OCLK)
                                                      1.813     4.011 f  i_dram_wrapper/i_dram/u_mig7s_mig/u_memc_ui_top_axi/mem_intfc0/ddr_phy_top0/u_ddr_mc_phy_wrapper/u_ddr_mc_phy/ddr_phy_4lanes_0.u_ddr_phy_4lanes/ddr_byte_lane_B.ddr_byte_lane_B/phaser_out/OCLK
    PHASER_OUT_PHY_X1Y9  PHASER_OUT_PHY (Prop_phaser_out_phy_OCLK_OCLKDELAYED)
                                                      1.106     5.116 r  i_dram_wrapper/i_dram/u_mig7s_mig/u_memc_ui_top_axi/mem_intfc0/ddr_phy_top0/u_ddr_mc_phy_wrapper/u_ddr_mc_phy/ddr_phy_4lanes_0.u_ddr_phy_4lanes/ddr_byte_lane_B.ddr_byte_lane_B/phaser_out/OCLKDELAYED
  -------------------------------------------------------------------    -------------------
    PHASER_OUT_PHY_X1Y9  PHASER_OUT_PHY (Prop_phaser_out_phy_OCLKDELAYED_DQSBUS[1])
                                                      0.346     5.462 r  i_dram_wrapper/i_dram/u_mig7s_mig/u_memc_ui_top_axi/mem_intfc0/ddr_phy_top0/u_ddr_mc_phy_wrapper/u_ddr_mc_phy/ddr_phy_4lanes_0.u_ddr_phy_4lanes/ddr_byte_lane_B.ddr_byte_lane_B/phaser_out/DQSBUS[1]
                         net (fo=1, estimated)        0.140     5.603    i_dram_wrapper/i_dram/u_mig7s_mig/u_memc_ui_top_axi/mem_intfc0/ddr_phy_top0/u_ddr_mc_phy_wrapper/u_ddr_mc_phy/ddr_phy_4lanes_0.u_ddr_phy_4lanes/ddr_byte_lane_B.ddr_byte_lane_B/ddr_byte_group_io/DQSBUS[1]
    OLOGIC_X1Y120        ODDR                                         r  i_dram_wrapper/i_dram/u_mig7s_mig/u_memc_ui_top_axi/mem_intfc0/ddr_phy_top0/u_ddr_mc_phy_wrapper/u_ddr_mc_phy/ddr_phy_4lanes_0.u_ddr_phy_4lanes/ddr_byte_lane_B.ddr_byte_lane_B/ddr_byte_group_io/dqs_gen.oddr_dqs/D2
  -------------------------------------------------------------------    -------------------

                         (clock oserdes_clk_1 fall edge)
                                                      0.625     0.625 f  
    AD12                                              0.000     0.625 f  sys_clk_p (IN)
                         net (fo=0)                   0.000     0.625    sys_clk_p
    AD12                 IBUFDS (Prop_ibufds_I_O)     0.470     1.095 f  i_bufds_sys_clk/O
                         net (fo=65, estimated)       0.573     1.668    i_dram_wrapper/i_dram/u_mig7s_mig/u_ddr3_infrastructure/plle2_i_0
    PLLE2_ADV_X1Y1       PLLE2_ADV (Prop_plle2_adv_CLKIN1_CLKOUT1)
                                                      0.053     1.721 f  i_dram_wrapper/i_dram/u_mig7s_mig/u_ddr3_infrastructure/plle2_i/CLKOUT1
                         net (fo=14, estimated)       0.620     2.341    i_dram_wrapper/i_dram/u_mig7s_mig/u_memc_ui_top_axi/mem_intfc0/ddr_phy_top0/u_ddr_mc_phy_wrapper/u_ddr_mc_phy/ddr_phy_4lanes_0.u_ddr_phy_4lanes/ddr_byte_lane_B.ddr_byte_lane_B/mem_refclk
    PHASER_OUT_PHY_X1Y9  PHASER_OUT_PHY (Prop_phaser_out_phy_MEMREFCLK_OCLK)
                                                      1.858     4.199 f  i_dram_wrapper/i_dram/u_mig7s_mig/u_memc_ui_top_axi/mem_intfc0/ddr_phy_top0/u_ddr_mc_phy_wrapper/u_ddr_mc_phy/ddr_phy_4lanes_0.u_ddr_phy_4lanes/ddr_byte_lane_B.ddr_byte_lane_B/phaser_out/OCLK
    PHASER_OUT_PHY_X1Y9  PHASER_OUT_PHY (Prop_phaser_out_phy_OCLK_OCLKDELAYED)
                                                      1.139     5.339 r  i_dram_wrapper/i_dram/u_mig7s_mig/u_memc_ui_top_axi/mem_intfc0/ddr_phy_top0/u_ddr_mc_phy_wrapper/u_ddr_mc_phy/ddr_phy_4lanes_0.u_ddr_phy_4lanes/ddr_byte_lane_B.ddr_byte_lane_B/phaser_out/OCLKDELAYED
                         net (fo=2, estimated)        0.171     5.510    i_dram_wrapper/i_dram/u_mig7s_mig/u_memc_ui_top_axi/mem_intfc0/ddr_phy_top0/u_ddr_mc_phy_wrapper/u_ddr_mc_phy/ddr_phy_4lanes_0.u_ddr_phy_4lanes/ddr_byte_lane_B.ddr_byte_lane_B/ddr_byte_group_io/oserdes_clk_delayed
    OLOGIC_X1Y120        ODDR                                         r  i_dram_wrapper/i_dram/u_mig7s_mig/u_memc_ui_top_axi/mem_intfc0/ddr_phy_top0/u_ddr_mc_phy_wrapper/u_ddr_mc_phy/ddr_phy_4lanes_0.u_ddr_phy_4lanes/ddr_byte_lane_B.ddr_byte_lane_B/ddr_byte_group_io/dqs_gen.oddr_dqs/C
                         clock pessimism             -0.222     5.287    
    OLOGIC_X1Y120        ODDR (Hold_oddr_C_D2)       -0.087     5.200    i_dram_wrapper/i_dram/u_mig7s_mig/u_memc_ui_top_axi/mem_intfc0/ddr_phy_top0/u_ddr_mc_phy_wrapper/u_ddr_mc_phy/ddr_phy_4lanes_0.u_ddr_phy_4lanes/ddr_byte_lane_B.ddr_byte_lane_B/ddr_byte_group_io/dqs_gen.oddr_dqs
  -------------------------------------------------------------------
                         required time                         -5.200    
                         arrival time                           5.603    
  -------------------------------------------------------------------
                         slack                                  0.402    





Pulse Width Checks
--------------------------------------------------------------------------------------
Clock Name:         oserdes_clk_1
Waveform(ns):       { 0.000 0.625 }
Period(ns):         1.250
Sources:            { i_dram_wrapper/i_dram/u_mig7s_mig/u_memc_ui_top_axi/mem_intfc0/ddr_phy_top0/u_ddr_mc_phy_wrapper/u_ddr_mc_phy/ddr_phy_4lanes_0.u_ddr_phy_4lanes/ddr_byte_lane_B.ddr_byte_lane_B/phaser_out/OCLK }

Check Type  Corner  Lib Pin  Reference Pin  Required(ns)  Actual(ns)  Slack(ns)  Location       Pin
Min Period  n/a     ODDR/C   n/a            1.070         1.250       0.180      OLOGIC_X1Y120  i_dram_wrapper/i_dram/u_mig7s_mig/u_memc_ui_top_axi/mem_intfc0/ddr_phy_top0/u_ddr_mc_phy_wrapper/u_ddr_mc_phy/ddr_phy_4lanes_0.u_ddr_phy_4lanes/ddr_byte_lane_B.ddr_byte_lane_B/ddr_byte_group_io/dqs_gen.oddr_dqs/C



---------------------------------------------------------------------------------------------------
From Clock:  oserdes_clkdiv_1
  To Clock:  oserdes_clkdiv_1

Setup :            0  Failing Endpoints,  Worst Slack        1.535ns,  Total Violation        0.000ns
Hold  :            0  Failing Endpoints,  Worst Slack        0.096ns,  Total Violation        0.000ns
PW    :            0  Failing Endpoints,  Worst Slack        0.336ns,  Total Violation        0.000ns
---------------------------------------------------------------------------------------------------


Max Delay Paths
--------------------------------------------------------------------------------------
Slack (MET) :             1.535ns  (required time - arrival time)
  Source:                 i_dram_wrapper/i_dram/u_mig7s_mig/u_memc_ui_top_axi/mem_intfc0/ddr_phy_top0/u_ddr_mc_phy_wrapper/u_ddr_mc_phy/ddr_phy_4lanes_0.u_ddr_phy_4lanes/ddr_byte_lane_B.ddr_byte_lane_B/out_fifo/RDCLK
                            (rising edge-triggered cell OUT_FIFO clocked by oserdes_clkdiv_1  {rise@0.000ns fall@1.250ns period=2.500ns})
  Destination:            i_dram_wrapper/i_dram/u_mig7s_mig/u_memc_ui_top_axi/mem_intfc0/ddr_phy_top0/u_ddr_mc_phy_wrapper/u_ddr_mc_phy/ddr_phy_4lanes_0.u_ddr_phy_4lanes/ddr_byte_lane_B.ddr_byte_lane_B/ddr_byte_group_io/output_[6].oserdes_dq_.ddr.oserdes_dq_i/D1
                            (rising edge-triggered cell OSERDESE2 clocked by oserdes_clkdiv_1  {rise@0.000ns fall@1.250ns period=2.500ns})
  Path Group:             oserdes_clkdiv_1
  Path Type:              Setup (Max at Slow Process Corner)
  Requirement:            2.500ns  (oserdes_clkdiv_1 rise@2.500ns - oserdes_clkdiv_1 rise@0.000ns)
  Data Path Delay:        0.838ns  (logic 0.552ns (65.871%)  route 0.286ns (34.129%))
  Logic Levels:           0  
  Clock Path Skew:        0.313ns (DCD - SCD + CPR)
    Destination Clock Delay (DCD):    5.522ns = ( 8.022 - 2.500 ) 
    Source Clock Delay      (SCD):    5.493ns
    Clock Pessimism Removal (CPR):    0.285ns
  Clock Uncertainty:      0.047ns  ((TSJ^2 + DJ^2)^1/2) / 2 + PE
    Total System Jitter     (TSJ):    0.071ns
    Discrete Jitter          (DJ):    0.061ns
    Phase Error              (PE):    0.000ns

    Location             Delay type                Incr(ns)  Path(ns)    Netlist Resource(s)
  -------------------------------------------------------------------    -------------------
                         (clock oserdes_clkdiv_1 rise edge)
                                                      0.000     0.000 r  
    AD12                                              0.000     0.000 r  sys_clk_p (IN)
                         net (fo=0)                   0.000     0.000    sys_clk_p
    AD12                 IBUFDS (Prop_ibufds_I_O)     0.906     0.906 r  i_bufds_sys_clk/O
                         net (fo=65, estimated)       1.098     2.004    i_dram_wrapper/i_dram/u_mig7s_mig/u_ddr3_infrastructure/plle2_i_0
    PLLE2_ADV_X1Y1       PLLE2_ADV (Prop_plle2_adv_CLKIN1_CLKOUT1)
                                                      0.077     2.081 r  i_dram_wrapper/i_dram/u_mig7s_mig/u_ddr3_infrastructure/plle2_i/CLKOUT1
                         net (fo=14, estimated)       1.188     3.269    i_dram_wrapper/i_dram/u_mig7s_mig/u_memc_ui_top_axi/mem_intfc0/ddr_phy_top0/u_ddr_mc_phy_wrapper/u_ddr_mc_phy/ddr_phy_4lanes_0.u_ddr_phy_4lanes/ddr_byte_lane_B.ddr_byte_lane_B/mem_refclk
    PHASER_OUT_PHY_X1Y9  PHASER_OUT_PHY (Prop_phaser_out_phy_MEMREFCLK_OCLK)
                                                      2.083     5.352 r  i_dram_wrapper/i_dram/u_mig7s_mig/u_memc_ui_top_axi/mem_intfc0/ddr_phy_top0/u_ddr_mc_phy_wrapper/u_ddr_mc_phy/ddr_phy_4lanes_0.u_ddr_phy_4lanes/ddr_byte_lane_B.ddr_byte_lane_B/phaser_out/OCLK
    PHASER_OUT_PHY_X1Y9  PHASER_OUT_PHY (Prop_phaser_out_phy_OCLK_OCLKDIV)
                                                      0.141     5.493 r  i_dram_wrapper/i_dram/u_mig7s_mig/u_memc_ui_top_axi/mem_intfc0/ddr_phy_top0/u_ddr_mc_phy_wrapper/u_ddr_mc_phy/ddr_phy_4lanes_0.u_ddr_phy_4lanes/ddr_byte_lane_B.ddr_byte_lane_B/phaser_out/OCLKDIV
                         net (fo=11, estimated)       0.000     5.493    i_dram_wrapper/i_dram/u_mig7s_mig/u_memc_ui_top_axi/mem_intfc0/ddr_phy_top0/u_ddr_mc_phy_wrapper/u_ddr_mc_phy/ddr_phy_4lanes_0.u_ddr_phy_4lanes/ddr_byte_lane_B.ddr_byte_lane_B/oserdes_clkdiv
    OUT_FIFO_X1Y9        OUT_FIFO                                     r  i_dram_wrapper/i_dram/u_mig7s_mig/u_memc_ui_top_axi/mem_intfc0/ddr_phy_top0/u_ddr_mc_phy_wrapper/u_ddr_mc_phy/ddr_phy_4lanes_0.u_ddr_phy_4lanes/ddr_byte_lane_B.ddr_byte_lane_B/out_fifo/RDCLK
  -------------------------------------------------------------------    -------------------
    OUT_FIFO_X1Y9        OUT_FIFO (Prop_out_fifo_RDCLK_Q6[0])
                                                      0.552     6.045 r  i_dram_wrapper/i_dram/u_mig7s_mig/u_memc_ui_top_axi/mem_intfc0/ddr_phy_top0/u_ddr_mc_phy_wrapper/u_ddr_mc_phy/ddr_phy_4lanes_0.u_ddr_phy_4lanes/ddr_byte_lane_B.ddr_byte_lane_B/out_fifo/Q6[0]
                         net (fo=1, estimated)        0.286     6.331    i_dram_wrapper/i_dram/u_mig7s_mig/u_memc_ui_top_axi/mem_intfc0/ddr_phy_top0/u_ddr_mc_phy_wrapper/u_ddr_mc_phy/ddr_phy_4lanes_0.u_ddr_phy_4lanes/ddr_byte_lane_B.ddr_byte_lane_B/ddr_byte_group_io/of_dqbus[20]
    OLOGIC_X1Y121        OSERDESE2                                    r  i_dram_wrapper/i_dram/u_mig7s_mig/u_memc_ui_top_axi/mem_intfc0/ddr_phy_top0/u_ddr_mc_phy_wrapper/u_ddr_mc_phy/ddr_phy_4lanes_0.u_ddr_phy_4lanes/ddr_byte_lane_B.ddr_byte_lane_B/ddr_byte_group_io/output_[6].oserdes_dq_.ddr.oserdes_dq_i/D1
  -------------------------------------------------------------------    -------------------

                         (clock oserdes_clkdiv_1 rise edge)
                                                      2.500     2.500 r  
    AD12                                              0.000     2.500 r  sys_clk_p (IN)
                         net (fo=0)                   0.000     2.500    sys_clk_p
    AD12                 IBUFDS (Prop_ibufds_I_O)     0.803     3.303 r  i_bufds_sys_clk/O
                         net (fo=65, estimated)       1.043     4.347    i_dram_wrapper/i_dram/u_mig7s_mig/u_ddr3_infrastructure/plle2_i_0
    PLLE2_ADV_X1Y1       PLLE2_ADV (Prop_plle2_adv_CLKIN1_CLKOUT1)
                                                      0.073     4.420 r  i_dram_wrapper/i_dram/u_mig7s_mig/u_ddr3_infrastructure/plle2_i/CLKOUT1
                         net (fo=14, estimated)       1.129     5.548    i_dram_wrapper/i_dram/u_mig7s_mig/u_memc_ui_top_axi/mem_intfc0/ddr_phy_top0/u_ddr_mc_phy_wrapper/u_ddr_mc_phy/ddr_phy_4lanes_0.u_ddr_phy_4lanes/ddr_byte_lane_B.ddr_byte_lane_B/mem_refclk
    PHASER_OUT_PHY_X1Y9  PHASER_OUT_PHY (Prop_phaser_out_phy_MEMREFCLK_OCLK)
                                                      2.027     7.575 r  i_dram_wrapper/i_dram/u_mig7s_mig/u_memc_ui_top_axi/mem_intfc0/ddr_phy_top0/u_ddr_mc_phy_wrapper/u_ddr_mc_phy/ddr_phy_4lanes_0.u_ddr_phy_4lanes/ddr_byte_lane_B.ddr_byte_lane_B/phaser_out/OCLK
    PHASER_OUT_PHY_X1Y9  PHASER_OUT_PHY (Prop_phaser_out_phy_OCLK_OCLKDIV)
                                                      0.133     7.708 r  i_dram_wrapper/i_dram/u_mig7s_mig/u_memc_ui_top_axi/mem_intfc0/ddr_phy_top0/u_ddr_mc_phy_wrapper/u_ddr_mc_phy/ddr_phy_4lanes_0.u_ddr_phy_4lanes/ddr_byte_lane_B.ddr_byte_lane_B/phaser_out/OCLKDIV
                         net (fo=11, estimated)       0.314     8.022    i_dram_wrapper/i_dram/u_mig7s_mig/u_memc_ui_top_axi/mem_intfc0/ddr_phy_top0/u_ddr_mc_phy_wrapper/u_ddr_mc_phy/ddr_phy_4lanes_0.u_ddr_phy_4lanes/ddr_byte_lane_B.ddr_byte_lane_B/ddr_byte_group_io/oserdes_clkdiv
    OLOGIC_X1Y121        OSERDESE2                                    r  i_dram_wrapper/i_dram/u_mig7s_mig/u_memc_ui_top_axi/mem_intfc0/ddr_phy_top0/u_ddr_mc_phy_wrapper/u_ddr_mc_phy/ddr_phy_4lanes_0.u_ddr_phy_4lanes/ddr_byte_lane_B.ddr_byte_lane_B/ddr_byte_group_io/output_[6].oserdes_dq_.ddr.oserdes_dq_i/CLKDIV
                         clock pessimism              0.285     8.306    
                         clock uncertainty           -0.047     8.260    
    OLOGIC_X1Y121        OSERDESE2 (Setup_oserdese2_CLKDIV_D1)
                                                     -0.394     7.866    i_dram_wrapper/i_dram/u_mig7s_mig/u_memc_ui_top_axi/mem_intfc0/ddr_phy_top0/u_ddr_mc_phy_wrapper/u_ddr_mc_phy/ddr_phy_4lanes_0.u_ddr_phy_4lanes/ddr_byte_lane_B.ddr_byte_lane_B/ddr_byte_group_io/output_[6].oserdes_dq_.ddr.oserdes_dq_i
  -------------------------------------------------------------------
                         required time                          7.866    
                         arrival time                          -6.331    
  -------------------------------------------------------------------
                         slack                                  1.535    





Min Delay Paths
--------------------------------------------------------------------------------------
Slack (MET) :             0.096ns  (arrival time - required time)
  Source:                 i_dram_wrapper/i_dram/u_mig7s_mig/u_memc_ui_top_axi/mem_intfc0/ddr_phy_top0/u_ddr_mc_phy_wrapper/u_ddr_mc_phy/ddr_phy_4lanes_0.u_ddr_phy_4lanes/ddr_byte_lane_B.ddr_byte_lane_B/out_fifo/RDCLK
                            (rising edge-triggered cell OUT_FIFO clocked by oserdes_clkdiv_1  {rise@0.000ns fall@1.250ns period=2.500ns})
  Destination:            i_dram_wrapper/i_dram/u_mig7s_mig/u_memc_ui_top_axi/mem_intfc0/ddr_phy_top0/u_ddr_mc_phy_wrapper/u_ddr_mc_phy/ddr_phy_4lanes_0.u_ddr_phy_4lanes/ddr_byte_lane_B.ddr_byte_lane_B/ddr_byte_group_io/output_[2].oserdes_dq_.ddr.oserdes_dq_i/D3
                            (rising edge-triggered cell OSERDESE2 clocked by oserdes_clkdiv_1  {rise@0.000ns fall@1.250ns period=2.500ns})
  Path Group:             oserdes_clkdiv_1
  Path Type:              Hold (Min at Fast Process Corner)
  Requirement:            0.000ns  (oserdes_clkdiv_1 rise@0.000ns - oserdes_clkdiv_1 rise@0.000ns)
  Data Path Delay:        0.290ns  (logic 0.150ns (51.752%)  route 0.140ns (48.248%))
  Logic Levels:           0  
  Clock Path Skew:        0.173ns (DCD - SCD - CPR)
    Destination Clock Delay (DCD):    3.835ns
    Source Clock Delay      (SCD):    3.469ns
    Clock Pessimism Removal (CPR):    0.194ns

    Location             Delay type                Incr(ns)  Path(ns)    Netlist Resource(s)
  -------------------------------------------------------------------    -------------------
                         (clock oserdes_clkdiv_1 rise edge)
                                                      0.000     0.000 r  
    AD12                                              0.000     0.000 r  sys_clk_p (IN)
                         net (fo=0)                   0.000     0.000    sys_clk_p
    AD12                 IBUFDS (Prop_ibufds_I_O)     0.388     0.388 r  i_bufds_sys_clk/O
                         net (fo=65, estimated)       0.545     0.933    i_dram_wrapper/i_dram/u_mig7s_mig/u_ddr3_infrastructure/plle2_i_0
    PLLE2_ADV_X1Y1       PLLE2_ADV (Prop_plle2_adv_CLKIN1_CLKOUT1)
                                                      0.050     0.983 r  i_dram_wrapper/i_dram/u_mig7s_mig/u_ddr3_infrastructure/plle2_i/CLKOUT1
                         net (fo=14, estimated)       0.589     1.572    i_dram_wrapper/i_dram/u_mig7s_mig/u_memc_ui_top_axi/mem_intfc0/ddr_phy_top0/u_ddr_mc_phy_wrapper/u_ddr_mc_phy/ddr_phy_4lanes_0.u_ddr_phy_4lanes/ddr_byte_lane_B.ddr_byte_lane_B/mem_refclk
    PHASER_OUT_PHY_X1Y9  PHASER_OUT_PHY (Prop_phaser_out_phy_MEMREFCLK_OCLK)
                                                      1.813     3.386 r  i_dram_wrapper/i_dram/u_mig7s_mig/u_memc_ui_top_axi/mem_intfc0/ddr_phy_top0/u_ddr_mc_phy_wrapper/u_ddr_mc_phy/ddr_phy_4lanes_0.u_ddr_phy_4lanes/ddr_byte_lane_B.ddr_byte_lane_B/phaser_out/OCLK
    PHASER_OUT_PHY_X1Y9  PHASER_OUT_PHY (Prop_phaser_out_phy_OCLK_OCLKDIV)
                                                      0.083     3.469 r  i_dram_wrapper/i_dram/u_mig7s_mig/u_memc_ui_top_axi/mem_intfc0/ddr_phy_top0/u_ddr_mc_phy_wrapper/u_ddr_mc_phy/ddr_phy_4lanes_0.u_ddr_phy_4lanes/ddr_byte_lane_B.ddr_byte_lane_B/phaser_out/OCLKDIV
                         net (fo=11, estimated)       0.000     3.469    i_dram_wrapper/i_dram/u_mig7s_mig/u_memc_ui_top_axi/mem_intfc0/ddr_phy_top0/u_ddr_mc_phy_wrapper/u_ddr_mc_phy/ddr_phy_4lanes_0.u_ddr_phy_4lanes/ddr_byte_lane_B.ddr_byte_lane_B/oserdes_clkdiv
    OUT_FIFO_X1Y9        OUT_FIFO                                     r  i_dram_wrapper/i_dram/u_mig7s_mig/u_memc_ui_top_axi/mem_intfc0/ddr_phy_top0/u_ddr_mc_phy_wrapper/u_ddr_mc_phy/ddr_phy_4lanes_0.u_ddr_phy_4lanes/ddr_byte_lane_B.ddr_byte_lane_B/out_fifo/RDCLK
  -------------------------------------------------------------------    -------------------
    OUT_FIFO_X1Y9        OUT_FIFO (Prop_out_fifo_RDCLK_Q2[2])
                                                      0.150     3.619 r  i_dram_wrapper/i_dram/u_mig7s_mig/u_memc_ui_top_axi/mem_intfc0/ddr_phy_top0/u_ddr_mc_phy_wrapper/u_ddr_mc_phy/ddr_phy_4lanes_0.u_ddr_phy_4lanes/ddr_byte_lane_B.ddr_byte_lane_B/out_fifo/Q2[2]
                         net (fo=1, estimated)        0.140     3.758    i_dram_wrapper/i_dram/u_mig7s_mig/u_memc_ui_top_axi/mem_intfc0/ddr_phy_top0/u_ddr_mc_phy_wrapper/u_ddr_mc_phy/ddr_phy_4lanes_0.u_ddr_phy_4lanes/ddr_byte_lane_B.ddr_byte_lane_B/ddr_byte_group_io/of_dqbus[6]
    OLOGIC_X1Y115        OSERDESE2                                    r  i_dram_wrapper/i_dram/u_mig7s_mig/u_memc_ui_top_axi/mem_intfc0/ddr_phy_top0/u_ddr_mc_phy_wrapper/u_ddr_mc_phy/ddr_phy_4lanes_0.u_ddr_phy_4lanes/ddr_byte_lane_B.ddr_byte_lane_B/ddr_byte_group_io/output_[2].oserdes_dq_.ddr.oserdes_dq_i/D3
  -------------------------------------------------------------------    -------------------

                         (clock oserdes_clkdiv_1 rise edge)
                                                      0.000     0.000 r  
    AD12                                              0.000     0.000 r  sys_clk_p (IN)
                         net (fo=0)                   0.000     0.000    sys_clk_p
    AD12                 IBUFDS (Prop_ibufds_I_O)     0.470     0.470 r  i_bufds_sys_clk/O
                         net (fo=65, estimated)       0.573     1.043    i_dram_wrapper/i_dram/u_mig7s_mig/u_ddr3_infrastructure/plle2_i_0
    PLLE2_ADV_X1Y1       PLLE2_ADV (Prop_plle2_adv_CLKIN1_CLKOUT1)
                                                      0.053     1.096 r  i_dram_wrapper/i_dram/u_mig7s_mig/u_ddr3_infrastructure/plle2_i/CLKOUT1
                         net (fo=14, estimated)       0.620     1.716    i_dram_wrapper/i_dram/u_mig7s_mig/u_memc_ui_top_axi/mem_intfc0/ddr_phy_top0/u_ddr_mc_phy_wrapper/u_ddr_mc_phy/ddr_phy_4lanes_0.u_ddr_phy_4lanes/ddr_byte_lane_B.ddr_byte_lane_B/mem_refclk
    PHASER_OUT_PHY_X1Y9  PHASER_OUT_PHY (Prop_phaser_out_phy_MEMREFCLK_OCLK)
                                                      1.858     3.574 r  i_dram_wrapper/i_dram/u_mig7s_mig/u_memc_ui_top_axi/mem_intfc0/ddr_phy_top0/u_ddr_mc_phy_wrapper/u_ddr_mc_phy/ddr_phy_4lanes_0.u_ddr_phy_4lanes/ddr_byte_lane_B.ddr_byte_lane_B/phaser_out/OCLK
    PHASER_OUT_PHY_X1Y9  PHASER_OUT_PHY (Prop_phaser_out_phy_OCLK_OCLKDIV)
                                                      0.088     3.662 r  i_dram_wrapper/i_dram/u_mig7s_mig/u_memc_ui_top_axi/mem_intfc0/ddr_phy_top0/u_ddr_mc_phy_wrapper/u_ddr_mc_phy/ddr_phy_4lanes_0.u_ddr_phy_4lanes/ddr_byte_lane_B.ddr_byte_lane_B/phaser_out/OCLKDIV
                         net (fo=11, estimated)       0.173     3.835    i_dram_wrapper/i_dram/u_mig7s_mig/u_memc_ui_top_axi/mem_intfc0/ddr_phy_top0/u_ddr_mc_phy_wrapper/u_ddr_mc_phy/ddr_phy_4lanes_0.u_ddr_phy_4lanes/ddr_byte_lane_B.ddr_byte_lane_B/ddr_byte_group_io/oserdes_clkdiv
    OLOGIC_X1Y115        OSERDESE2                                    r  i_dram_wrapper/i_dram/u_mig7s_mig/u_memc_ui_top_axi/mem_intfc0/ddr_phy_top0/u_ddr_mc_phy_wrapper/u_ddr_mc_phy/ddr_phy_4lanes_0.u_ddr_phy_4lanes/ddr_byte_lane_B.ddr_byte_lane_B/ddr_byte_group_io/output_[2].oserdes_dq_.ddr.oserdes_dq_i/CLKDIV
                         clock pessimism             -0.194     3.642    
    OLOGIC_X1Y115        OSERDESE2 (Hold_oserdese2_CLKDIV_D3)
                                                      0.021     3.663    i_dram_wrapper/i_dram/u_mig7s_mig/u_memc_ui_top_axi/mem_intfc0/ddr_phy_top0/u_ddr_mc_phy_wrapper/u_ddr_mc_phy/ddr_phy_4lanes_0.u_ddr_phy_4lanes/ddr_byte_lane_B.ddr_byte_lane_B/ddr_byte_group_io/output_[2].oserdes_dq_.ddr.oserdes_dq_i
  -------------------------------------------------------------------
                         required time                         -3.663    
                         arrival time                           3.758    
  -------------------------------------------------------------------
                         slack                                  0.096    





Pulse Width Checks
--------------------------------------------------------------------------------------
Clock Name:         oserdes_clkdiv_1
Waveform(ns):       { 0.000 1.250 }
Period(ns):         2.500
Sources:            { i_dram_wrapper/i_dram/u_mig7s_mig/u_memc_ui_top_axi/mem_intfc0/ddr_phy_top0/u_ddr_mc_phy_wrapper/u_ddr_mc_phy/ddr_phy_4lanes_0.u_ddr_phy_4lanes/ddr_byte_lane_B.ddr_byte_lane_B/phaser_out/OCLKDIV }

Check Type        Corner  Lib Pin         Reference Pin  Required(ns)  Actual(ns)  Slack(ns)  Location       Pin
Min Period        n/a     OUT_FIFO/RDCLK  n/a            2.126         2.500       0.374      OUT_FIFO_X1Y9  i_dram_wrapper/i_dram/u_mig7s_mig/u_memc_ui_top_axi/mem_intfc0/ddr_phy_top0/u_ddr_mc_phy_wrapper/u_ddr_mc_phy/ddr_phy_4lanes_0.u_ddr_phy_4lanes/ddr_byte_lane_B.ddr_byte_lane_B/out_fifo/RDCLK
Low Pulse Width   Slow    OUT_FIFO/RDCLK  n/a            0.914         1.250       0.336      OUT_FIFO_X1Y9  i_dram_wrapper/i_dram/u_mig7s_mig/u_memc_ui_top_axi/mem_intfc0/ddr_phy_top0/u_ddr_mc_phy_wrapper/u_ddr_mc_phy/ddr_phy_4lanes_0.u_ddr_phy_4lanes/ddr_byte_lane_B.ddr_byte_lane_B/out_fifo/RDCLK
High Pulse Width  Slow    OUT_FIFO/RDCLK  n/a            0.914         1.250       0.336      OUT_FIFO_X1Y9  i_dram_wrapper/i_dram/u_mig7s_mig/u_memc_ui_top_axi/mem_intfc0/ddr_phy_top0/u_ddr_mc_phy_wrapper/u_ddr_mc_phy/ddr_phy_4lanes_0.u_ddr_phy_4lanes/ddr_byte_lane_B.ddr_byte_lane_B/out_fifo/RDCLK



---------------------------------------------------------------------------------------------------
From Clock:  oserdes_clk_2
  To Clock:  oserdes_clk_2

Setup :            0  Failing Endpoints,  Worst Slack        0.209ns,  Total Violation        0.000ns
Hold  :            0  Failing Endpoints,  Worst Slack        0.397ns,  Total Violation        0.000ns
PW    :            0  Failing Endpoints,  Worst Slack        0.180ns,  Total Violation        0.000ns
---------------------------------------------------------------------------------------------------


Max Delay Paths
--------------------------------------------------------------------------------------
Slack (MET) :             0.209ns  (required time - arrival time)
  Source:                 i_dram_wrapper/i_dram/u_mig7s_mig/u_memc_ui_top_axi/mem_intfc0/ddr_phy_top0/u_ddr_mc_phy_wrapper/u_ddr_mc_phy/ddr_phy_4lanes_0.u_ddr_phy_4lanes/ddr_byte_lane_C.ddr_byte_lane_C/phaser_out/OCLKDELAYED
                            (rising edge-triggered cell PHASER_OUT_PHY clocked by oserdes_clk_2'  {rise@0.000ns fall@0.625ns period=1.250ns})
  Destination:            i_dram_wrapper/i_dram/u_mig7s_mig/u_memc_ui_top_axi/mem_intfc0/ddr_phy_top0/u_ddr_mc_phy_wrapper/u_ddr_mc_phy/ddr_phy_4lanes_0.u_ddr_phy_4lanes/ddr_byte_lane_C.ddr_byte_lane_C/ddr_byte_group_io/dqs_gen.oddr_dqsts/D1
                            (rising edge-triggered cell ODDR clocked by oserdes_clk_2'  {rise@0.000ns fall@0.625ns period=1.250ns})
  Path Group:             oserdes_clk_2
  Path Type:              Setup (Max at Slow Process Corner)
  Requirement:            1.250ns  (oserdes_clk_2 fall@1.875ns - oserdes_clk_2 fall@0.625ns)
  Data Path Delay:        0.756ns  (logic 0.459ns (60.714%)  route 0.297ns (39.286%))
  Logic Levels:           0  
  Clock Path Skew:        0.320ns (DCD - SCD + CPR)
    Destination Clock Delay (DCD):    6.595ns = ( 8.470 - 1.875 ) 
    Source Clock Delay      (SCD):    6.590ns = ( 7.215 - 0.625 ) 
    Clock Pessimism Removal (CPR):    0.315ns
  Clock Uncertainty:      0.047ns  ((TSJ^2 + DJ^2)^1/2) / 2 + PE
    Total System Jitter     (TSJ):    0.071ns
    Discrete Jitter          (DJ):    0.061ns
    Phase Error              (PE):    0.000ns

    Location             Delay type                Incr(ns)  Path(ns)    Netlist Resource(s)
  -------------------------------------------------------------------    -------------------
                         (clock oserdes_clk_2 fall edge)
                                                      0.625     0.625 f  
    AD12                                              0.000     0.625 f  sys_clk_p (IN)
                         net (fo=0)                   0.000     0.625    sys_clk_p
    AD12                 IBUFDS (Prop_ibufds_I_O)     0.906     1.531 f  i_bufds_sys_clk/O
                         net (fo=65, estimated)       1.098     2.629    i_dram_wrapper/i_dram/u_mig7s_mig/u_ddr3_infrastructure/plle2_i_0
    PLLE2_ADV_X1Y1       PLLE2_ADV (Prop_plle2_adv_CLKIN1_CLKOUT1)
                                                      0.077     2.706 f  i_dram_wrapper/i_dram/u_mig7s_mig/u_ddr3_infrastructure/plle2_i/CLKOUT1
                         net (fo=14, estimated)       1.198     3.904    i_dram_wrapper/i_dram/u_mig7s_mig/u_memc_ui_top_axi/mem_intfc0/ddr_phy_top0/u_ddr_mc_phy_wrapper/u_ddr_mc_phy/ddr_phy_4lanes_0.u_ddr_phy_4lanes/ddr_byte_lane_C.ddr_byte_lane_C/mem_refclk
    PHASER_OUT_PHY_X1Y10 PHASER_OUT_PHY (Prop_phaser_out_phy_MEMREFCLK_OCLK)
                                                      2.083     5.987 f  i_dram_wrapper/i_dram/u_mig7s_mig/u_memc_ui_top_axi/mem_intfc0/ddr_phy_top0/u_ddr_mc_phy_wrapper/u_ddr_mc_phy/ddr_phy_4lanes_0.u_ddr_phy_4lanes/ddr_byte_lane_C.ddr_byte_lane_C/phaser_out/OCLK
    PHASER_OUT_PHY_X1Y10 PHASER_OUT_PHY (Prop_phaser_out_phy_OCLK_OCLKDELAYED)
                                                      1.229     7.215 r  i_dram_wrapper/i_dram/u_mig7s_mig/u_memc_ui_top_axi/mem_intfc0/ddr_phy_top0/u_ddr_mc_phy_wrapper/u_ddr_mc_phy/ddr_phy_4lanes_0.u_ddr_phy_4lanes/ddr_byte_lane_C.ddr_byte_lane_C/phaser_out/OCLKDELAYED
  -------------------------------------------------------------------    -------------------
    PHASER_OUT_PHY_X1Y10 PHASER_OUT_PHY (Prop_phaser_out_phy_OCLKDELAYED_CTSBUS[0])
                                                      0.459     7.674 r  i_dram_wrapper/i_dram/u_mig7s_mig/u_memc_ui_top_axi/mem_intfc0/ddr_phy_top0/u_ddr_mc_phy_wrapper/u_ddr_mc_phy/ddr_phy_4lanes_0.u_ddr_phy_4lanes/ddr_byte_lane_C.ddr_byte_lane_C/phaser_out/CTSBUS[0]
                         net (fo=2, estimated)        0.297     7.971    i_dram_wrapper/i_dram/u_mig7s_mig/u_memc_ui_top_axi/mem_intfc0/ddr_phy_top0/u_ddr_mc_phy_wrapper/u_ddr_mc_phy/ddr_phy_4lanes_0.u_ddr_phy_4lanes/ddr_byte_lane_C.ddr_byte_lane_C/ddr_byte_group_io/CTSBUS[0]
    OLOGIC_X1Y132        ODDR                                         r  i_dram_wrapper/i_dram/u_mig7s_mig/u_memc_ui_top_axi/mem_intfc0/ddr_phy_top0/u_ddr_mc_phy_wrapper/u_ddr_mc_phy/ddr_phy_4lanes_0.u_ddr_phy_4lanes/ddr_byte_lane_C.ddr_byte_lane_C/ddr_byte_group_io/dqs_gen.oddr_dqsts/D1
  -------------------------------------------------------------------    -------------------

                         (clock oserdes_clk_2 fall edge)
                                                      1.875     1.875 f  
    AD12                                              0.000     1.875 f  sys_clk_p (IN)
                         net (fo=0)                   0.000     1.875    sys_clk_p
    AD12                 IBUFDS (Prop_ibufds_I_O)     0.803     2.678 f  i_bufds_sys_clk/O
                         net (fo=65, estimated)       1.043     3.722    i_dram_wrapper/i_dram/u_mig7s_mig/u_ddr3_infrastructure/plle2_i_0
    PLLE2_ADV_X1Y1       PLLE2_ADV (Prop_plle2_adv_CLKIN1_CLKOUT1)
                                                      0.073     3.795 f  i_dram_wrapper/i_dram/u_mig7s_mig/u_ddr3_infrastructure/plle2_i/CLKOUT1
                         net (fo=14, estimated)       1.138     4.933    i_dram_wrapper/i_dram/u_mig7s_mig/u_memc_ui_top_axi/mem_intfc0/ddr_phy_top0/u_ddr_mc_phy_wrapper/u_ddr_mc_phy/ddr_phy_4lanes_0.u_ddr_phy_4lanes/ddr_byte_lane_C.ddr_byte_lane_C/mem_refclk
    PHASER_OUT_PHY_X1Y10 PHASER_OUT_PHY (Prop_phaser_out_phy_MEMREFCLK_OCLK)
                                                      2.027     6.960 f  i_dram_wrapper/i_dram/u_mig7s_mig/u_memc_ui_top_axi/mem_intfc0/ddr_phy_top0/u_ddr_mc_phy_wrapper/u_ddr_mc_phy/ddr_phy_4lanes_0.u_ddr_phy_4lanes/ddr_byte_lane_C.ddr_byte_lane_C/phaser_out/OCLK
    PHASER_OUT_PHY_X1Y10 PHASER_OUT_PHY (Prop_phaser_out_phy_OCLK_OCLKDELAYED)
                                                      1.191     8.150 r  i_dram_wrapper/i_dram/u_mig7s_mig/u_memc_ui_top_axi/mem_intfc0/ddr_phy_top0/u_ddr_mc_phy_wrapper/u_ddr_mc_phy/ddr_phy_4lanes_0.u_ddr_phy_4lanes/ddr_byte_lane_C.ddr_byte_lane_C/phaser_out/OCLKDELAYED
                         net (fo=2, estimated)        0.320     8.470    i_dram_wrapper/i_dram/u_mig7s_mig/u_memc_ui_top_axi/mem_intfc0/ddr_phy_top0/u_ddr_mc_phy_wrapper/u_ddr_mc_phy/ddr_phy_4lanes_0.u_ddr_phy_4lanes/ddr_byte_lane_C.ddr_byte_lane_C/ddr_byte_group_io/oserdes_clk_delayed
    OLOGIC_X1Y132        ODDR                                         r  i_dram_wrapper/i_dram/u_mig7s_mig/u_memc_ui_top_axi/mem_intfc0/ddr_phy_top0/u_ddr_mc_phy_wrapper/u_ddr_mc_phy/ddr_phy_4lanes_0.u_ddr_phy_4lanes/ddr_byte_lane_C.ddr_byte_lane_C/ddr_byte_group_io/dqs_gen.oddr_dqsts/C
                         clock pessimism              0.315     8.786    
                         clock uncertainty           -0.047     8.739    
    OLOGIC_X1Y132        ODDR (Setup_oddr_C_D1)      -0.558     8.181    i_dram_wrapper/i_dram/u_mig7s_mig/u_memc_ui_top_axi/mem_intfc0/ddr_phy_top0/u_ddr_mc_phy_wrapper/u_ddr_mc_phy/ddr_phy_4lanes_0.u_ddr_phy_4lanes/ddr_byte_lane_C.ddr_byte_lane_C/ddr_byte_group_io/dqs_gen.oddr_dqsts
  -------------------------------------------------------------------
                         required time                          8.181    
                         arrival time                          -7.971    
  -------------------------------------------------------------------
                         slack                                  0.209    





Min Delay Paths
--------------------------------------------------------------------------------------
Slack (MET) :             0.397ns  (arrival time - required time)
  Source:                 i_dram_wrapper/i_dram/u_mig7s_mig/u_memc_ui_top_axi/mem_intfc0/ddr_phy_top0/u_ddr_mc_phy_wrapper/u_ddr_mc_phy/ddr_phy_4lanes_0.u_ddr_phy_4lanes/ddr_byte_lane_C.ddr_byte_lane_C/phaser_out/OCLKDELAYED
                            (rising edge-triggered cell PHASER_OUT_PHY clocked by oserdes_clk_2'  {rise@0.000ns fall@0.625ns period=1.250ns})
  Destination:            i_dram_wrapper/i_dram/u_mig7s_mig/u_memc_ui_top_axi/mem_intfc0/ddr_phy_top0/u_ddr_mc_phy_wrapper/u_ddr_mc_phy/ddr_phy_4lanes_0.u_ddr_phy_4lanes/ddr_byte_lane_C.ddr_byte_lane_C/ddr_byte_group_io/dqs_gen.oddr_dqs/D2
                            (rising edge-triggered cell ODDR clocked by oserdes_clk_2'  {rise@0.000ns fall@0.625ns period=1.250ns})
  Path Group:             oserdes_clk_2
  Path Type:              Hold (Min at Fast Process Corner)
  Requirement:            0.000ns  (oserdes_clk_2 fall@0.625ns - oserdes_clk_2 fall@0.625ns)
  Data Path Delay:        0.486ns  (logic 0.346ns (71.143%)  route 0.140ns (28.857%))
  Logic Levels:           0  
  Clock Path Skew:        0.176ns (DCD - SCD - CPR)
    Destination Clock Delay (DCD):    4.895ns = ( 5.520 - 0.625 ) 
    Source Clock Delay      (SCD):    4.496ns = ( 5.121 - 0.625 ) 
    Clock Pessimism Removal (CPR):    0.223ns

    Location             Delay type                Incr(ns)  Path(ns)    Netlist Resource(s)
  -------------------------------------------------------------------    -------------------
                         (clock oserdes_clk_2 fall edge)
                                                      0.625     0.625 f  
    AD12                                              0.000     0.625 f  sys_clk_p (IN)
                         net (fo=0)                   0.000     0.625    sys_clk_p
    AD12                 IBUFDS (Prop_ibufds_I_O)     0.388     1.013 f  i_bufds_sys_clk/O
                         net (fo=65, estimated)       0.545     1.558    i_dram_wrapper/i_dram/u_mig7s_mig/u_ddr3_infrastructure/plle2_i_0
    PLLE2_ADV_X1Y1       PLLE2_ADV (Prop_plle2_adv_CLKIN1_CLKOUT1)
                                                      0.050     1.608 f  i_dram_wrapper/i_dram/u_mig7s_mig/u_ddr3_infrastructure/plle2_i/CLKOUT1
                         net (fo=14, estimated)       0.594     2.202    i_dram_wrapper/i_dram/u_mig7s_mig/u_memc_ui_top_axi/mem_intfc0/ddr_phy_top0/u_ddr_mc_phy_wrapper/u_ddr_mc_phy/ddr_phy_4lanes_0.u_ddr_phy_4lanes/ddr_byte_lane_C.ddr_byte_lane_C/mem_refclk
    PHASER_OUT_PHY_X1Y10 PHASER_OUT_PHY (Prop_phaser_out_phy_MEMREFCLK_OCLK)
                                                      1.813     4.015 f  i_dram_wrapper/i_dram/u_mig7s_mig/u_memc_ui_top_axi/mem_intfc0/ddr_phy_top0/u_ddr_mc_phy_wrapper/u_ddr_mc_phy/ddr_phy_4lanes_0.u_ddr_phy_4lanes/ddr_byte_lane_C.ddr_byte_lane_C/phaser_out/OCLK
    PHASER_OUT_PHY_X1Y10 PHASER_OUT_PHY (Prop_phaser_out_phy_OCLK_OCLKDELAYED)
                                                      1.106     5.121 r  i_dram_wrapper/i_dram/u_mig7s_mig/u_memc_ui_top_axi/mem_intfc0/ddr_phy_top0/u_ddr_mc_phy_wrapper/u_ddr_mc_phy/ddr_phy_4lanes_0.u_ddr_phy_4lanes/ddr_byte_lane_C.ddr_byte_lane_C/phaser_out/OCLKDELAYED
  -------------------------------------------------------------------    -------------------
    PHASER_OUT_PHY_X1Y10 PHASER_OUT_PHY (Prop_phaser_out_phy_OCLKDELAYED_DQSBUS[1])
                                                      0.346     5.467 r  i_dram_wrapper/i_dram/u_mig7s_mig/u_memc_ui_top_axi/mem_intfc0/ddr_phy_top0/u_ddr_mc_phy_wrapper/u_ddr_mc_phy/ddr_phy_4lanes_0.u_ddr_phy_4lanes/ddr_byte_lane_C.ddr_byte_lane_C/phaser_out/DQSBUS[1]
                         net (fo=1, estimated)        0.140     5.607    i_dram_wrapper/i_dram/u_mig7s_mig/u_memc_ui_top_axi/mem_intfc0/ddr_phy_top0/u_ddr_mc_phy_wrapper/u_ddr_mc_phy/ddr_phy_4lanes_0.u_ddr_phy_4lanes/ddr_byte_lane_C.ddr_byte_lane_C/ddr_byte_group_io/DQSBUS[1]
    OLOGIC_X1Y132        ODDR                                         r  i_dram_wrapper/i_dram/u_mig7s_mig/u_memc_ui_top_axi/mem_intfc0/ddr_phy_top0/u_ddr_mc_phy_wrapper/u_ddr_mc_phy/ddr_phy_4lanes_0.u_ddr_phy_4lanes/ddr_byte_lane_C.ddr_byte_lane_C/ddr_byte_group_io/dqs_gen.oddr_dqs/D2
  -------------------------------------------------------------------    -------------------

                         (clock oserdes_clk_2 fall edge)
                                                      0.625     0.625 f  
    AD12                                              0.000     0.625 f  sys_clk_p (IN)
                         net (fo=0)                   0.000     0.625    sys_clk_p
    AD12                 IBUFDS (Prop_ibufds_I_O)     0.470     1.095 f  i_bufds_sys_clk/O
                         net (fo=65, estimated)       0.573     1.668    i_dram_wrapper/i_dram/u_mig7s_mig/u_ddr3_infrastructure/plle2_i_0
    PLLE2_ADV_X1Y1       PLLE2_ADV (Prop_plle2_adv_CLKIN1_CLKOUT1)
                                                      0.053     1.721 f  i_dram_wrapper/i_dram/u_mig7s_mig/u_ddr3_infrastructure/plle2_i/CLKOUT1
                         net (fo=14, estimated)       0.625     2.346    i_dram_wrapper/i_dram/u_mig7s_mig/u_memc_ui_top_axi/mem_intfc0/ddr_phy_top0/u_ddr_mc_phy_wrapper/u_ddr_mc_phy/ddr_phy_4lanes_0.u_ddr_phy_4lanes/ddr_byte_lane_C.ddr_byte_lane_C/mem_refclk
    PHASER_OUT_PHY_X1Y10 PHASER_OUT_PHY (Prop_phaser_out_phy_MEMREFCLK_OCLK)
                                                      1.858     4.204 f  i_dram_wrapper/i_dram/u_mig7s_mig/u_memc_ui_top_axi/mem_intfc0/ddr_phy_top0/u_ddr_mc_phy_wrapper/u_ddr_mc_phy/ddr_phy_4lanes_0.u_ddr_phy_4lanes/ddr_byte_lane_C.ddr_byte_lane_C/phaser_out/OCLK
    PHASER_OUT_PHY_X1Y10 PHASER_OUT_PHY (Prop_phaser_out_phy_OCLK_OCLKDELAYED)
                                                      1.139     5.344 r  i_dram_wrapper/i_dram/u_mig7s_mig/u_memc_ui_top_axi/mem_intfc0/ddr_phy_top0/u_ddr_mc_phy_wrapper/u_ddr_mc_phy/ddr_phy_4lanes_0.u_ddr_phy_4lanes/ddr_byte_lane_C.ddr_byte_lane_C/phaser_out/OCLKDELAYED
                         net (fo=2, estimated)        0.176     5.520    i_dram_wrapper/i_dram/u_mig7s_mig/u_memc_ui_top_axi/mem_intfc0/ddr_phy_top0/u_ddr_mc_phy_wrapper/u_ddr_mc_phy/ddr_phy_4lanes_0.u_ddr_phy_4lanes/ddr_byte_lane_C.ddr_byte_lane_C/ddr_byte_group_io/oserdes_clk_delayed
    OLOGIC_X1Y132        ODDR                                         r  i_dram_wrapper/i_dram/u_mig7s_mig/u_memc_ui_top_axi/mem_intfc0/ddr_phy_top0/u_ddr_mc_phy_wrapper/u_ddr_mc_phy/ddr_phy_4lanes_0.u_ddr_phy_4lanes/ddr_byte_lane_C.ddr_byte_lane_C/ddr_byte_group_io/dqs_gen.oddr_dqs/C
                         clock pessimism             -0.223     5.297    
    OLOGIC_X1Y132        ODDR (Hold_oddr_C_D2)       -0.087     5.210    i_dram_wrapper/i_dram/u_mig7s_mig/u_memc_ui_top_axi/mem_intfc0/ddr_phy_top0/u_ddr_mc_phy_wrapper/u_ddr_mc_phy/ddr_phy_4lanes_0.u_ddr_phy_4lanes/ddr_byte_lane_C.ddr_byte_lane_C/ddr_byte_group_io/dqs_gen.oddr_dqs
  -------------------------------------------------------------------
                         required time                         -5.210    
                         arrival time                           5.607    
  -------------------------------------------------------------------
                         slack                                  0.397    





Pulse Width Checks
--------------------------------------------------------------------------------------
Clock Name:         oserdes_clk_2
Waveform(ns):       { 0.000 0.625 }
Period(ns):         1.250
Sources:            { i_dram_wrapper/i_dram/u_mig7s_mig/u_memc_ui_top_axi/mem_intfc0/ddr_phy_top0/u_ddr_mc_phy_wrapper/u_ddr_mc_phy/ddr_phy_4lanes_0.u_ddr_phy_4lanes/ddr_byte_lane_C.ddr_byte_lane_C/phaser_out/OCLK }

Check Type  Corner  Lib Pin  Reference Pin  Required(ns)  Actual(ns)  Slack(ns)  Location       Pin
Min Period  n/a     ODDR/C   n/a            1.070         1.250       0.180      OLOGIC_X1Y132  i_dram_wrapper/i_dram/u_mig7s_mig/u_memc_ui_top_axi/mem_intfc0/ddr_phy_top0/u_ddr_mc_phy_wrapper/u_ddr_mc_phy/ddr_phy_4lanes_0.u_ddr_phy_4lanes/ddr_byte_lane_C.ddr_byte_lane_C/ddr_byte_group_io/dqs_gen.oddr_dqs/C



---------------------------------------------------------------------------------------------------
From Clock:  oserdes_clkdiv_2
  To Clock:  oserdes_clkdiv_2

Setup :            0  Failing Endpoints,  Worst Slack        1.540ns,  Total Violation        0.000ns
Hold  :            0  Failing Endpoints,  Worst Slack        0.092ns,  Total Violation        0.000ns
PW    :            0  Failing Endpoints,  Worst Slack        0.336ns,  Total Violation        0.000ns
---------------------------------------------------------------------------------------------------


Max Delay Paths
--------------------------------------------------------------------------------------
Slack (MET) :             1.540ns  (required time - arrival time)
  Source:                 i_dram_wrapper/i_dram/u_mig7s_mig/u_memc_ui_top_axi/mem_intfc0/ddr_phy_top0/u_ddr_mc_phy_wrapper/u_ddr_mc_phy/ddr_phy_4lanes_0.u_ddr_phy_4lanes/ddr_byte_lane_C.ddr_byte_lane_C/out_fifo/RDCLK
                            (rising edge-triggered cell OUT_FIFO clocked by oserdes_clkdiv_2  {rise@0.000ns fall@1.250ns period=2.500ns})
  Destination:            i_dram_wrapper/i_dram/u_mig7s_mig/u_memc_ui_top_axi/mem_intfc0/ddr_phy_top0/u_ddr_mc_phy_wrapper/u_ddr_mc_phy/ddr_phy_4lanes_0.u_ddr_phy_4lanes/ddr_byte_lane_C.ddr_byte_lane_C/ddr_byte_group_io/output_[6].oserdes_dq_.ddr.oserdes_dq_i/D1
                            (rising edge-triggered cell OSERDESE2 clocked by oserdes_clkdiv_2  {rise@0.000ns fall@1.250ns period=2.500ns})
  Path Group:             oserdes_clkdiv_2
  Path Type:              Setup (Max at Slow Process Corner)
  Requirement:            2.500ns  (oserdes_clkdiv_2 rise@2.500ns - oserdes_clkdiv_2 rise@0.000ns)
  Data Path Delay:        0.838ns  (logic 0.552ns (65.871%)  route 0.286ns (34.129%))
  Logic Levels:           0  
  Clock Path Skew:        0.319ns (DCD - SCD + CPR)
    Destination Clock Delay (DCD):    5.537ns = ( 8.037 - 2.500 ) 
    Source Clock Delay      (SCD):    5.503ns
    Clock Pessimism Removal (CPR):    0.285ns
  Clock Uncertainty:      0.047ns  ((TSJ^2 + DJ^2)^1/2) / 2 + PE
    Total System Jitter     (TSJ):    0.071ns
    Discrete Jitter          (DJ):    0.061ns
    Phase Error              (PE):    0.000ns

    Location             Delay type                Incr(ns)  Path(ns)    Netlist Resource(s)
  -------------------------------------------------------------------    -------------------
                         (clock oserdes_clkdiv_2 rise edge)
                                                      0.000     0.000 r  
    AD12                                              0.000     0.000 r  sys_clk_p (IN)
                         net (fo=0)                   0.000     0.000    sys_clk_p
    AD12                 IBUFDS (Prop_ibufds_I_O)     0.906     0.906 r  i_bufds_sys_clk/O
                         net (fo=65, estimated)       1.098     2.004    i_dram_wrapper/i_dram/u_mig7s_mig/u_ddr3_infrastructure/plle2_i_0
    PLLE2_ADV_X1Y1       PLLE2_ADV (Prop_plle2_adv_CLKIN1_CLKOUT1)
                                                      0.077     2.081 r  i_dram_wrapper/i_dram/u_mig7s_mig/u_ddr3_infrastructure/plle2_i/CLKOUT1
                         net (fo=14, estimated)       1.198     3.279    i_dram_wrapper/i_dram/u_mig7s_mig/u_memc_ui_top_axi/mem_intfc0/ddr_phy_top0/u_ddr_mc_phy_wrapper/u_ddr_mc_phy/ddr_phy_4lanes_0.u_ddr_phy_4lanes/ddr_byte_lane_C.ddr_byte_lane_C/mem_refclk
    PHASER_OUT_PHY_X1Y10 PHASER_OUT_PHY (Prop_phaser_out_phy_MEMREFCLK_OCLK)
                                                      2.083     5.362 r  i_dram_wrapper/i_dram/u_mig7s_mig/u_memc_ui_top_axi/mem_intfc0/ddr_phy_top0/u_ddr_mc_phy_wrapper/u_ddr_mc_phy/ddr_phy_4lanes_0.u_ddr_phy_4lanes/ddr_byte_lane_C.ddr_byte_lane_C/phaser_out/OCLK
    PHASER_OUT_PHY_X1Y10 PHASER_OUT_PHY (Prop_phaser_out_phy_OCLK_OCLKDIV)
                                                      0.141     5.503 r  i_dram_wrapper/i_dram/u_mig7s_mig/u_memc_ui_top_axi/mem_intfc0/ddr_phy_top0/u_ddr_mc_phy_wrapper/u_ddr_mc_phy/ddr_phy_4lanes_0.u_ddr_phy_4lanes/ddr_byte_lane_C.ddr_byte_lane_C/phaser_out/OCLKDIV
                         net (fo=11, estimated)       0.000     5.503    i_dram_wrapper/i_dram/u_mig7s_mig/u_memc_ui_top_axi/mem_intfc0/ddr_phy_top0/u_ddr_mc_phy_wrapper/u_ddr_mc_phy/ddr_phy_4lanes_0.u_ddr_phy_4lanes/ddr_byte_lane_C.ddr_byte_lane_C/oserdes_clkdiv
    OUT_FIFO_X1Y10       OUT_FIFO                                     r  i_dram_wrapper/i_dram/u_mig7s_mig/u_memc_ui_top_axi/mem_intfc0/ddr_phy_top0/u_ddr_mc_phy_wrapper/u_ddr_mc_phy/ddr_phy_4lanes_0.u_ddr_phy_4lanes/ddr_byte_lane_C.ddr_byte_lane_C/out_fifo/RDCLK
  -------------------------------------------------------------------    -------------------
    OUT_FIFO_X1Y10       OUT_FIFO (Prop_out_fifo_RDCLK_Q6[0])
                                                      0.552     6.055 r  i_dram_wrapper/i_dram/u_mig7s_mig/u_memc_ui_top_axi/mem_intfc0/ddr_phy_top0/u_ddr_mc_phy_wrapper/u_ddr_mc_phy/ddr_phy_4lanes_0.u_ddr_phy_4lanes/ddr_byte_lane_C.ddr_byte_lane_C/out_fifo/Q6[0]
                         net (fo=1, estimated)        0.286     6.341    i_dram_wrapper/i_dram/u_mig7s_mig/u_memc_ui_top_axi/mem_intfc0/ddr_phy_top0/u_ddr_mc_phy_wrapper/u_ddr_mc_phy/ddr_phy_4lanes_0.u_ddr_phy_4lanes/ddr_byte_lane_C.ddr_byte_lane_C/ddr_byte_group_io/of_dqbus[20]
    OLOGIC_X1Y133        OSERDESE2                                    r  i_dram_wrapper/i_dram/u_mig7s_mig/u_memc_ui_top_axi/mem_intfc0/ddr_phy_top0/u_ddr_mc_phy_wrapper/u_ddr_mc_phy/ddr_phy_4lanes_0.u_ddr_phy_4lanes/ddr_byte_lane_C.ddr_byte_lane_C/ddr_byte_group_io/output_[6].oserdes_dq_.ddr.oserdes_dq_i/D1
  -------------------------------------------------------------------    -------------------

                         (clock oserdes_clkdiv_2 rise edge)
                                                      2.500     2.500 r  
    AD12                                              0.000     2.500 r  sys_clk_p (IN)
                         net (fo=0)                   0.000     2.500    sys_clk_p
    AD12                 IBUFDS (Prop_ibufds_I_O)     0.803     3.303 r  i_bufds_sys_clk/O
                         net (fo=65, estimated)       1.043     4.347    i_dram_wrapper/i_dram/u_mig7s_mig/u_ddr3_infrastructure/plle2_i_0
    PLLE2_ADV_X1Y1       PLLE2_ADV (Prop_plle2_adv_CLKIN1_CLKOUT1)
                                                      0.073     4.420 r  i_dram_wrapper/i_dram/u_mig7s_mig/u_ddr3_infrastructure/plle2_i/CLKOUT1
                         net (fo=14, estimated)       1.138     5.558    i_dram_wrapper/i_dram/u_mig7s_mig/u_memc_ui_top_axi/mem_intfc0/ddr_phy_top0/u_ddr_mc_phy_wrapper/u_ddr_mc_phy/ddr_phy_4lanes_0.u_ddr_phy_4lanes/ddr_byte_lane_C.ddr_byte_lane_C/mem_refclk
    PHASER_OUT_PHY_X1Y10 PHASER_OUT_PHY (Prop_phaser_out_phy_MEMREFCLK_OCLK)
                                                      2.027     7.585 r  i_dram_wrapper/i_dram/u_mig7s_mig/u_memc_ui_top_axi/mem_intfc0/ddr_phy_top0/u_ddr_mc_phy_wrapper/u_ddr_mc_phy/ddr_phy_4lanes_0.u_ddr_phy_4lanes/ddr_byte_lane_C.ddr_byte_lane_C/phaser_out/OCLK
    PHASER_OUT_PHY_X1Y10 PHASER_OUT_PHY (Prop_phaser_out_phy_OCLK_OCLKDIV)
                                                      0.133     7.718 r  i_dram_wrapper/i_dram/u_mig7s_mig/u_memc_ui_top_axi/mem_intfc0/ddr_phy_top0/u_ddr_mc_phy_wrapper/u_ddr_mc_phy/ddr_phy_4lanes_0.u_ddr_phy_4lanes/ddr_byte_lane_C.ddr_byte_lane_C/phaser_out/OCLKDIV
                         net (fo=11, estimated)       0.319     8.037    i_dram_wrapper/i_dram/u_mig7s_mig/u_memc_ui_top_axi/mem_intfc0/ddr_phy_top0/u_ddr_mc_phy_wrapper/u_ddr_mc_phy/ddr_phy_4lanes_0.u_ddr_phy_4lanes/ddr_byte_lane_C.ddr_byte_lane_C/ddr_byte_group_io/oserdes_clkdiv
    OLOGIC_X1Y133        OSERDESE2                                    r  i_dram_wrapper/i_dram/u_mig7s_mig/u_memc_ui_top_axi/mem_intfc0/ddr_phy_top0/u_ddr_mc_phy_wrapper/u_ddr_mc_phy/ddr_phy_4lanes_0.u_ddr_phy_4lanes/ddr_byte_lane_C.ddr_byte_lane_C/ddr_byte_group_io/output_[6].oserdes_dq_.ddr.oserdes_dq_i/CLKDIV
                         clock pessimism              0.285     8.322    
                         clock uncertainty           -0.047     8.275    
    OLOGIC_X1Y133        OSERDESE2 (Setup_oserdese2_CLKDIV_D1)
                                                     -0.394     7.881    i_dram_wrapper/i_dram/u_mig7s_mig/u_memc_ui_top_axi/mem_intfc0/ddr_phy_top0/u_ddr_mc_phy_wrapper/u_ddr_mc_phy/ddr_phy_4lanes_0.u_ddr_phy_4lanes/ddr_byte_lane_C.ddr_byte_lane_C/ddr_byte_group_io/output_[6].oserdes_dq_.ddr.oserdes_dq_i
  -------------------------------------------------------------------
                         required time                          7.881    
                         arrival time                          -6.341    
  -------------------------------------------------------------------
                         slack                                  1.540    





Min Delay Paths
--------------------------------------------------------------------------------------
Slack (MET) :             0.092ns  (arrival time - required time)
  Source:                 i_dram_wrapper/i_dram/u_mig7s_mig/u_memc_ui_top_axi/mem_intfc0/ddr_phy_top0/u_ddr_mc_phy_wrapper/u_ddr_mc_phy/ddr_phy_4lanes_0.u_ddr_phy_4lanes/ddr_byte_lane_C.ddr_byte_lane_C/out_fifo/RDCLK
                            (rising edge-triggered cell OUT_FIFO clocked by oserdes_clkdiv_2  {rise@0.000ns fall@1.250ns period=2.500ns})
  Destination:            i_dram_wrapper/i_dram/u_mig7s_mig/u_memc_ui_top_axi/mem_intfc0/ddr_phy_top0/u_ddr_mc_phy_wrapper/u_ddr_mc_phy/ddr_phy_4lanes_0.u_ddr_phy_4lanes/ddr_byte_lane_C.ddr_byte_lane_C/ddr_byte_group_io/output_[2].oserdes_dq_.ddr.oserdes_dq_i/D3
                            (rising edge-triggered cell OSERDESE2 clocked by oserdes_clkdiv_2  {rise@0.000ns fall@1.250ns period=2.500ns})
  Path Group:             oserdes_clkdiv_2
  Path Type:              Hold (Min at Fast Process Corner)
  Requirement:            0.000ns  (oserdes_clkdiv_2 rise@0.000ns - oserdes_clkdiv_2 rise@0.000ns)
  Data Path Delay:        0.290ns  (logic 0.150ns (51.752%)  route 0.140ns (48.248%))
  Logic Levels:           0  
  Clock Path Skew:        0.176ns (DCD - SCD - CPR)
    Destination Clock Delay (DCD):    3.844ns
    Source Clock Delay      (SCD):    3.473ns
    Clock Pessimism Removal (CPR):    0.194ns

    Location             Delay type                Incr(ns)  Path(ns)    Netlist Resource(s)
  -------------------------------------------------------------------    -------------------
                         (clock oserdes_clkdiv_2 rise edge)
                                                      0.000     0.000 r  
    AD12                                              0.000     0.000 r  sys_clk_p (IN)
                         net (fo=0)                   0.000     0.000    sys_clk_p
    AD12                 IBUFDS (Prop_ibufds_I_O)     0.388     0.388 r  i_bufds_sys_clk/O
                         net (fo=65, estimated)       0.545     0.933    i_dram_wrapper/i_dram/u_mig7s_mig/u_ddr3_infrastructure/plle2_i_0
    PLLE2_ADV_X1Y1       PLLE2_ADV (Prop_plle2_adv_CLKIN1_CLKOUT1)
                                                      0.050     0.983 r  i_dram_wrapper/i_dram/u_mig7s_mig/u_ddr3_infrastructure/plle2_i/CLKOUT1
                         net (fo=14, estimated)       0.594     1.577    i_dram_wrapper/i_dram/u_mig7s_mig/u_memc_ui_top_axi/mem_intfc0/ddr_phy_top0/u_ddr_mc_phy_wrapper/u_ddr_mc_phy/ddr_phy_4lanes_0.u_ddr_phy_4lanes/ddr_byte_lane_C.ddr_byte_lane_C/mem_refclk
    PHASER_OUT_PHY_X1Y10 PHASER_OUT_PHY (Prop_phaser_out_phy_MEMREFCLK_OCLK)
                                                      1.813     3.390 r  i_dram_wrapper/i_dram/u_mig7s_mig/u_memc_ui_top_axi/mem_intfc0/ddr_phy_top0/u_ddr_mc_phy_wrapper/u_ddr_mc_phy/ddr_phy_4lanes_0.u_ddr_phy_4lanes/ddr_byte_lane_C.ddr_byte_lane_C/phaser_out/OCLK
    PHASER_OUT_PHY_X1Y10 PHASER_OUT_PHY (Prop_phaser_out_phy_OCLK_OCLKDIV)
                                                      0.083     3.473 r  i_dram_wrapper/i_dram/u_mig7s_mig/u_memc_ui_top_axi/mem_intfc0/ddr_phy_top0/u_ddr_mc_phy_wrapper/u_ddr_mc_phy/ddr_phy_4lanes_0.u_ddr_phy_4lanes/ddr_byte_lane_C.ddr_byte_lane_C/phaser_out/OCLKDIV
                         net (fo=11, estimated)       0.000     3.473    i_dram_wrapper/i_dram/u_mig7s_mig/u_memc_ui_top_axi/mem_intfc0/ddr_phy_top0/u_ddr_mc_phy_wrapper/u_ddr_mc_phy/ddr_phy_4lanes_0.u_ddr_phy_4lanes/ddr_byte_lane_C.ddr_byte_lane_C/oserdes_clkdiv
    OUT_FIFO_X1Y10       OUT_FIFO                                     r  i_dram_wrapper/i_dram/u_mig7s_mig/u_memc_ui_top_axi/mem_intfc0/ddr_phy_top0/u_ddr_mc_phy_wrapper/u_ddr_mc_phy/ddr_phy_4lanes_0.u_ddr_phy_4lanes/ddr_byte_lane_C.ddr_byte_lane_C/out_fifo/RDCLK
  -------------------------------------------------------------------    -------------------
    OUT_FIFO_X1Y10       OUT_FIFO (Prop_out_fifo_RDCLK_Q2[2])
                                                      0.150     3.623 r  i_dram_wrapper/i_dram/u_mig7s_mig/u_memc_ui_top_axi/mem_intfc0/ddr_phy_top0/u_ddr_mc_phy_wrapper/u_ddr_mc_phy/ddr_phy_4lanes_0.u_ddr_phy_4lanes/ddr_byte_lane_C.ddr_byte_lane_C/out_fifo/Q2[2]
                         net (fo=1, estimated)        0.140     3.763    i_dram_wrapper/i_dram/u_mig7s_mig/u_memc_ui_top_axi/mem_intfc0/ddr_phy_top0/u_ddr_mc_phy_wrapper/u_ddr_mc_phy/ddr_phy_4lanes_0.u_ddr_phy_4lanes/ddr_byte_lane_C.ddr_byte_lane_C/ddr_byte_group_io/of_dqbus[6]
    OLOGIC_X1Y127        OSERDESE2                                    r  i_dram_wrapper/i_dram/u_mig7s_mig/u_memc_ui_top_axi/mem_intfc0/ddr_phy_top0/u_ddr_mc_phy_wrapper/u_ddr_mc_phy/ddr_phy_4lanes_0.u_ddr_phy_4lanes/ddr_byte_lane_C.ddr_byte_lane_C/ddr_byte_group_io/output_[2].oserdes_dq_.ddr.oserdes_dq_i/D3
  -------------------------------------------------------------------    -------------------

                         (clock oserdes_clkdiv_2 rise edge)
                                                      0.000     0.000 r  
    AD12                                              0.000     0.000 r  sys_clk_p (IN)
                         net (fo=0)                   0.000     0.000    sys_clk_p
    AD12                 IBUFDS (Prop_ibufds_I_O)     0.470     0.470 r  i_bufds_sys_clk/O
                         net (fo=65, estimated)       0.573     1.043    i_dram_wrapper/i_dram/u_mig7s_mig/u_ddr3_infrastructure/plle2_i_0
    PLLE2_ADV_X1Y1       PLLE2_ADV (Prop_plle2_adv_CLKIN1_CLKOUT1)
                                                      0.053     1.096 r  i_dram_wrapper/i_dram/u_mig7s_mig/u_ddr3_infrastructure/plle2_i/CLKOUT1
                         net (fo=14, estimated)       0.625     1.721    i_dram_wrapper/i_dram/u_mig7s_mig/u_memc_ui_top_axi/mem_intfc0/ddr_phy_top0/u_ddr_mc_phy_wrapper/u_ddr_mc_phy/ddr_phy_4lanes_0.u_ddr_phy_4lanes/ddr_byte_lane_C.ddr_byte_lane_C/mem_refclk
    PHASER_OUT_PHY_X1Y10 PHASER_OUT_PHY (Prop_phaser_out_phy_MEMREFCLK_OCLK)
                                                      1.858     3.579 r  i_dram_wrapper/i_dram/u_mig7s_mig/u_memc_ui_top_axi/mem_intfc0/ddr_phy_top0/u_ddr_mc_phy_wrapper/u_ddr_mc_phy/ddr_phy_4lanes_0.u_ddr_phy_4lanes/ddr_byte_lane_C.ddr_byte_lane_C/phaser_out/OCLK
    PHASER_OUT_PHY_X1Y10 PHASER_OUT_PHY (Prop_phaser_out_phy_OCLK_OCLKDIV)
                                                      0.088     3.667 r  i_dram_wrapper/i_dram/u_mig7s_mig/u_memc_ui_top_axi/mem_intfc0/ddr_phy_top0/u_ddr_mc_phy_wrapper/u_ddr_mc_phy/ddr_phy_4lanes_0.u_ddr_phy_4lanes/ddr_byte_lane_C.ddr_byte_lane_C/phaser_out/OCLKDIV
                         net (fo=11, estimated)       0.176     3.844    i_dram_wrapper/i_dram/u_mig7s_mig/u_memc_ui_top_axi/mem_intfc0/ddr_phy_top0/u_ddr_mc_phy_wrapper/u_ddr_mc_phy/ddr_phy_4lanes_0.u_ddr_phy_4lanes/ddr_byte_lane_C.ddr_byte_lane_C/ddr_byte_group_io/oserdes_clkdiv
    OLOGIC_X1Y127        OSERDESE2                                    r  i_dram_wrapper/i_dram/u_mig7s_mig/u_memc_ui_top_axi/mem_intfc0/ddr_phy_top0/u_ddr_mc_phy_wrapper/u_ddr_mc_phy/ddr_phy_4lanes_0.u_ddr_phy_4lanes/ddr_byte_lane_C.ddr_byte_lane_C/ddr_byte_group_io/output_[2].oserdes_dq_.ddr.oserdes_dq_i/CLKDIV
                         clock pessimism             -0.194     3.650    
    OLOGIC_X1Y127        OSERDESE2 (Hold_oserdese2_CLKDIV_D3)
                                                      0.021     3.671    i_dram_wrapper/i_dram/u_mig7s_mig/u_memc_ui_top_axi/mem_intfc0/ddr_phy_top0/u_ddr_mc_phy_wrapper/u_ddr_mc_phy/ddr_phy_4lanes_0.u_ddr_phy_4lanes/ddr_byte_lane_C.ddr_byte_lane_C/ddr_byte_group_io/output_[2].oserdes_dq_.ddr.oserdes_dq_i
  -------------------------------------------------------------------
                         required time                         -3.671    
                         arrival time                           3.763    
  -------------------------------------------------------------------
                         slack                                  0.092    





Pulse Width Checks
--------------------------------------------------------------------------------------
Clock Name:         oserdes_clkdiv_2
Waveform(ns):       { 0.000 1.250 }
Period(ns):         2.500
Sources:            { i_dram_wrapper/i_dram/u_mig7s_mig/u_memc_ui_top_axi/mem_intfc0/ddr_phy_top0/u_ddr_mc_phy_wrapper/u_ddr_mc_phy/ddr_phy_4lanes_0.u_ddr_phy_4lanes/ddr_byte_lane_C.ddr_byte_lane_C/phaser_out/OCLKDIV }

Check Type        Corner  Lib Pin         Reference Pin  Required(ns)  Actual(ns)  Slack(ns)  Location        Pin
Min Period        n/a     OUT_FIFO/RDCLK  n/a            2.126         2.500       0.374      OUT_FIFO_X1Y10  i_dram_wrapper/i_dram/u_mig7s_mig/u_memc_ui_top_axi/mem_intfc0/ddr_phy_top0/u_ddr_mc_phy_wrapper/u_ddr_mc_phy/ddr_phy_4lanes_0.u_ddr_phy_4lanes/ddr_byte_lane_C.ddr_byte_lane_C/out_fifo/RDCLK
Low Pulse Width   Slow    OUT_FIFO/RDCLK  n/a            0.914         1.250       0.336      OUT_FIFO_X1Y10  i_dram_wrapper/i_dram/u_mig7s_mig/u_memc_ui_top_axi/mem_intfc0/ddr_phy_top0/u_ddr_mc_phy_wrapper/u_ddr_mc_phy/ddr_phy_4lanes_0.u_ddr_phy_4lanes/ddr_byte_lane_C.ddr_byte_lane_C/out_fifo/RDCLK
High Pulse Width  Slow    OUT_FIFO/RDCLK  n/a            0.914         1.250       0.336      OUT_FIFO_X1Y10  i_dram_wrapper/i_dram/u_mig7s_mig/u_memc_ui_top_axi/mem_intfc0/ddr_phy_top0/u_ddr_mc_phy_wrapper/u_ddr_mc_phy/ddr_phy_4lanes_0.u_ddr_phy_4lanes/ddr_byte_lane_C.ddr_byte_lane_C/out_fifo/RDCLK



---------------------------------------------------------------------------------------------------
From Clock:  oserdes_clk_3
  To Clock:  oserdes_clk_3

Setup :            0  Failing Endpoints,  Worst Slack        0.223ns,  Total Violation        0.000ns
Hold  :            0  Failing Endpoints,  Worst Slack        0.390ns,  Total Violation        0.000ns
PW    :            0  Failing Endpoints,  Worst Slack        0.180ns,  Total Violation        0.000ns
---------------------------------------------------------------------------------------------------


Max Delay Paths
--------------------------------------------------------------------------------------
Slack (MET) :             0.223ns  (required time - arrival time)
  Source:                 i_dram_wrapper/i_dram/u_mig7s_mig/u_memc_ui_top_axi/mem_intfc0/ddr_phy_top0/u_ddr_mc_phy_wrapper/u_ddr_mc_phy/ddr_phy_4lanes_0.u_ddr_phy_4lanes/ddr_byte_lane_D.ddr_byte_lane_D/phaser_out/OCLKDELAYED
                            (rising edge-triggered cell PHASER_OUT_PHY clocked by oserdes_clk_3'  {rise@0.000ns fall@0.625ns period=1.250ns})
  Destination:            i_dram_wrapper/i_dram/u_mig7s_mig/u_memc_ui_top_axi/mem_intfc0/ddr_phy_top0/u_ddr_mc_phy_wrapper/u_ddr_mc_phy/ddr_phy_4lanes_0.u_ddr_phy_4lanes/ddr_byte_lane_D.ddr_byte_lane_D/ddr_byte_group_io/dqs_gen.oddr_dqsts/D1
                            (rising edge-triggered cell ODDR clocked by oserdes_clk_3'  {rise@0.000ns fall@0.625ns period=1.250ns})
  Path Group:             oserdes_clk_3
  Path Type:              Setup (Max at Slow Process Corner)
  Requirement:            1.250ns  (oserdes_clk_3 fall@1.875ns - oserdes_clk_3 fall@0.625ns)
  Data Path Delay:        0.756ns  (logic 0.459ns (60.714%)  route 0.297ns (39.286%))
  Logic Levels:           0  
  Clock Path Skew:        0.333ns (DCD - SCD + CPR)
    Destination Clock Delay (DCD):    6.599ns = ( 8.474 - 1.875 ) 
    Source Clock Delay      (SCD):    6.580ns = ( 7.205 - 0.625 ) 
    Clock Pessimism Removal (CPR):    0.315ns
  Clock Uncertainty:      0.047ns  ((TSJ^2 + DJ^2)^1/2) / 2 + PE
    Total System Jitter     (TSJ):    0.071ns
    Discrete Jitter          (DJ):    0.061ns
    Phase Error              (PE):    0.000ns

    Location             Delay type                Incr(ns)  Path(ns)    Netlist Resource(s)
  -------------------------------------------------------------------    -------------------
                         (clock oserdes_clk_3 fall edge)
                                                      0.625     0.625 f  
    AD12                                              0.000     0.625 f  sys_clk_p (IN)
                         net (fo=0)                   0.000     0.625    sys_clk_p
    AD12                 IBUFDS (Prop_ibufds_I_O)     0.906     1.531 f  i_bufds_sys_clk/O
                         net (fo=65, estimated)       1.098     2.629    i_dram_wrapper/i_dram/u_mig7s_mig/u_ddr3_infrastructure/plle2_i_0
    PLLE2_ADV_X1Y1       PLLE2_ADV (Prop_plle2_adv_CLKIN1_CLKOUT1)
                                                      0.077     2.706 f  i_dram_wrapper/i_dram/u_mig7s_mig/u_ddr3_infrastructure/plle2_i/CLKOUT1
                         net (fo=14, estimated)       1.188     3.894    i_dram_wrapper/i_dram/u_mig7s_mig/u_memc_ui_top_axi/mem_intfc0/ddr_phy_top0/u_ddr_mc_phy_wrapper/u_ddr_mc_phy/ddr_phy_4lanes_0.u_ddr_phy_4lanes/ddr_byte_lane_D.ddr_byte_lane_D/mem_refclk
    PHASER_OUT_PHY_X1Y11 PHASER_OUT_PHY (Prop_phaser_out_phy_MEMREFCLK_OCLK)
                                                      2.083     5.977 f  i_dram_wrapper/i_dram/u_mig7s_mig/u_memc_ui_top_axi/mem_intfc0/ddr_phy_top0/u_ddr_mc_phy_wrapper/u_ddr_mc_phy/ddr_phy_4lanes_0.u_ddr_phy_4lanes/ddr_byte_lane_D.ddr_byte_lane_D/phaser_out/OCLK
    PHASER_OUT_PHY_X1Y11 PHASER_OUT_PHY (Prop_phaser_out_phy_OCLK_OCLKDELAYED)
                                                      1.229     7.205 r  i_dram_wrapper/i_dram/u_mig7s_mig/u_memc_ui_top_axi/mem_intfc0/ddr_phy_top0/u_ddr_mc_phy_wrapper/u_ddr_mc_phy/ddr_phy_4lanes_0.u_ddr_phy_4lanes/ddr_byte_lane_D.ddr_byte_lane_D/phaser_out/OCLKDELAYED
  -------------------------------------------------------------------    -------------------
    PHASER_OUT_PHY_X1Y11 PHASER_OUT_PHY (Prop_phaser_out_phy_OCLKDELAYED_CTSBUS[0])
                                                      0.459     7.664 r  i_dram_wrapper/i_dram/u_mig7s_mig/u_memc_ui_top_axi/mem_intfc0/ddr_phy_top0/u_ddr_mc_phy_wrapper/u_ddr_mc_phy/ddr_phy_4lanes_0.u_ddr_phy_4lanes/ddr_byte_lane_D.ddr_byte_lane_D/phaser_out/CTSBUS[0]
                         net (fo=2, estimated)        0.297     7.961    i_dram_wrapper/i_dram/u_mig7s_mig/u_memc_ui_top_axi/mem_intfc0/ddr_phy_top0/u_ddr_mc_phy_wrapper/u_ddr_mc_phy/ddr_phy_4lanes_0.u_ddr_phy_4lanes/ddr_byte_lane_D.ddr_byte_lane_D/ddr_byte_group_io/CTSBUS[0]
    OLOGIC_X1Y144        ODDR                                         r  i_dram_wrapper/i_dram/u_mig7s_mig/u_memc_ui_top_axi/mem_intfc0/ddr_phy_top0/u_ddr_mc_phy_wrapper/u_ddr_mc_phy/ddr_phy_4lanes_0.u_ddr_phy_4lanes/ddr_byte_lane_D.ddr_byte_lane_D/ddr_byte_group_io/dqs_gen.oddr_dqsts/D1
  -------------------------------------------------------------------    -------------------

                         (clock oserdes_clk_3 fall edge)
                                                      1.875     1.875 f  
    AD12                                              0.000     1.875 f  sys_clk_p (IN)
                         net (fo=0)                   0.000     1.875    sys_clk_p
    AD12                 IBUFDS (Prop_ibufds_I_O)     0.803     2.678 f  i_bufds_sys_clk/O
                         net (fo=65, estimated)       1.043     3.722    i_dram_wrapper/i_dram/u_mig7s_mig/u_ddr3_infrastructure/plle2_i_0
    PLLE2_ADV_X1Y1       PLLE2_ADV (Prop_plle2_adv_CLKIN1_CLKOUT1)
                                                      0.073     3.795 f  i_dram_wrapper/i_dram/u_mig7s_mig/u_ddr3_infrastructure/plle2_i/CLKOUT1
                         net (fo=14, estimated)       1.129     4.923    i_dram_wrapper/i_dram/u_mig7s_mig/u_memc_ui_top_axi/mem_intfc0/ddr_phy_top0/u_ddr_mc_phy_wrapper/u_ddr_mc_phy/ddr_phy_4lanes_0.u_ddr_phy_4lanes/ddr_byte_lane_D.ddr_byte_lane_D/mem_refclk
    PHASER_OUT_PHY_X1Y11 PHASER_OUT_PHY (Prop_phaser_out_phy_MEMREFCLK_OCLK)
                                                      2.027     6.950 f  i_dram_wrapper/i_dram/u_mig7s_mig/u_memc_ui_top_axi/mem_intfc0/ddr_phy_top0/u_ddr_mc_phy_wrapper/u_ddr_mc_phy/ddr_phy_4lanes_0.u_ddr_phy_4lanes/ddr_byte_lane_D.ddr_byte_lane_D/phaser_out/OCLK
    PHASER_OUT_PHY_X1Y11 PHASER_OUT_PHY (Prop_phaser_out_phy_OCLK_OCLKDELAYED)
                                                      1.191     8.141 r  i_dram_wrapper/i_dram/u_mig7s_mig/u_memc_ui_top_axi/mem_intfc0/ddr_phy_top0/u_ddr_mc_phy_wrapper/u_ddr_mc_phy/ddr_phy_4lanes_0.u_ddr_phy_4lanes/ddr_byte_lane_D.ddr_byte_lane_D/phaser_out/OCLKDELAYED
                         net (fo=2, estimated)        0.333     8.474    i_dram_wrapper/i_dram/u_mig7s_mig/u_memc_ui_top_axi/mem_intfc0/ddr_phy_top0/u_ddr_mc_phy_wrapper/u_ddr_mc_phy/ddr_phy_4lanes_0.u_ddr_phy_4lanes/ddr_byte_lane_D.ddr_byte_lane_D/ddr_byte_group_io/oserdes_clk_delayed
    OLOGIC_X1Y144        ODDR                                         r  i_dram_wrapper/i_dram/u_mig7s_mig/u_memc_ui_top_axi/mem_intfc0/ddr_phy_top0/u_ddr_mc_phy_wrapper/u_ddr_mc_phy/ddr_phy_4lanes_0.u_ddr_phy_4lanes/ddr_byte_lane_D.ddr_byte_lane_D/ddr_byte_group_io/dqs_gen.oddr_dqsts/C
                         clock pessimism              0.315     8.789    
                         clock uncertainty           -0.047     8.742    
    OLOGIC_X1Y144        ODDR (Setup_oddr_C_D1)      -0.558     8.184    i_dram_wrapper/i_dram/u_mig7s_mig/u_memc_ui_top_axi/mem_intfc0/ddr_phy_top0/u_ddr_mc_phy_wrapper/u_ddr_mc_phy/ddr_phy_4lanes_0.u_ddr_phy_4lanes/ddr_byte_lane_D.ddr_byte_lane_D/ddr_byte_group_io/dqs_gen.oddr_dqsts
  -------------------------------------------------------------------
                         required time                          8.184    
                         arrival time                          -7.961    
  -------------------------------------------------------------------
                         slack                                  0.223    





Min Delay Paths
--------------------------------------------------------------------------------------
Slack (MET) :             0.390ns  (arrival time - required time)
  Source:                 i_dram_wrapper/i_dram/u_mig7s_mig/u_memc_ui_top_axi/mem_intfc0/ddr_phy_top0/u_ddr_mc_phy_wrapper/u_ddr_mc_phy/ddr_phy_4lanes_0.u_ddr_phy_4lanes/ddr_byte_lane_D.ddr_byte_lane_D/phaser_out/OCLKDELAYED
                            (rising edge-triggered cell PHASER_OUT_PHY clocked by oserdes_clk_3'  {rise@0.000ns fall@0.625ns period=1.250ns})
  Destination:            i_dram_wrapper/i_dram/u_mig7s_mig/u_memc_ui_top_axi/mem_intfc0/ddr_phy_top0/u_ddr_mc_phy_wrapper/u_ddr_mc_phy/ddr_phy_4lanes_0.u_ddr_phy_4lanes/ddr_byte_lane_D.ddr_byte_lane_D/ddr_byte_group_io/dqs_gen.oddr_dqs/D2
                            (rising edge-triggered cell ODDR clocked by oserdes_clk_3'  {rise@0.000ns fall@0.625ns period=1.250ns})
  Path Group:             oserdes_clk_3
  Path Type:              Hold (Min at Fast Process Corner)
  Requirement:            0.000ns  (oserdes_clk_3 fall@0.625ns - oserdes_clk_3 fall@0.625ns)
  Data Path Delay:        0.486ns  (logic 0.346ns (71.143%)  route 0.140ns (28.857%))
  Logic Levels:           0  
  Clock Path Skew:        0.183ns (DCD - SCD - CPR)
    Destination Clock Delay (DCD):    4.897ns = ( 5.522 - 0.625 ) 
    Source Clock Delay      (SCD):    4.491ns = ( 5.116 - 0.625 ) 
    Clock Pessimism Removal (CPR):    0.222ns

    Location             Delay type                Incr(ns)  Path(ns)    Netlist Resource(s)
  -------------------------------------------------------------------    -------------------
                         (clock oserdes_clk_3 fall edge)
                                                      0.625     0.625 f  
    AD12                                              0.000     0.625 f  sys_clk_p (IN)
                         net (fo=0)                   0.000     0.625    sys_clk_p
    AD12                 IBUFDS (Prop_ibufds_I_O)     0.388     1.013 f  i_bufds_sys_clk/O
                         net (fo=65, estimated)       0.545     1.558    i_dram_wrapper/i_dram/u_mig7s_mig/u_ddr3_infrastructure/plle2_i_0
    PLLE2_ADV_X1Y1       PLLE2_ADV (Prop_plle2_adv_CLKIN1_CLKOUT1)
                                                      0.050     1.608 f  i_dram_wrapper/i_dram/u_mig7s_mig/u_ddr3_infrastructure/plle2_i/CLKOUT1
                         net (fo=14, estimated)       0.589     2.197    i_dram_wrapper/i_dram/u_mig7s_mig/u_memc_ui_top_axi/mem_intfc0/ddr_phy_top0/u_ddr_mc_phy_wrapper/u_ddr_mc_phy/ddr_phy_4lanes_0.u_ddr_phy_4lanes/ddr_byte_lane_D.ddr_byte_lane_D/mem_refclk
    PHASER_OUT_PHY_X1Y11 PHASER_OUT_PHY (Prop_phaser_out_phy_MEMREFCLK_OCLK)
                                                      1.813     4.011 f  i_dram_wrapper/i_dram/u_mig7s_mig/u_memc_ui_top_axi/mem_intfc0/ddr_phy_top0/u_ddr_mc_phy_wrapper/u_ddr_mc_phy/ddr_phy_4lanes_0.u_ddr_phy_4lanes/ddr_byte_lane_D.ddr_byte_lane_D/phaser_out/OCLK
    PHASER_OUT_PHY_X1Y11 PHASER_OUT_PHY (Prop_phaser_out_phy_OCLK_OCLKDELAYED)
                                                      1.106     5.116 r  i_dram_wrapper/i_dram/u_mig7s_mig/u_memc_ui_top_axi/mem_intfc0/ddr_phy_top0/u_ddr_mc_phy_wrapper/u_ddr_mc_phy/ddr_phy_4lanes_0.u_ddr_phy_4lanes/ddr_byte_lane_D.ddr_byte_lane_D/phaser_out/OCLKDELAYED
  -------------------------------------------------------------------    -------------------
    PHASER_OUT_PHY_X1Y11 PHASER_OUT_PHY (Prop_phaser_out_phy_OCLKDELAYED_DQSBUS[1])
                                                      0.346     5.462 r  i_dram_wrapper/i_dram/u_mig7s_mig/u_memc_ui_top_axi/mem_intfc0/ddr_phy_top0/u_ddr_mc_phy_wrapper/u_ddr_mc_phy/ddr_phy_4lanes_0.u_ddr_phy_4lanes/ddr_byte_lane_D.ddr_byte_lane_D/phaser_out/DQSBUS[1]
                         net (fo=1, estimated)        0.140     5.603    i_dram_wrapper/i_dram/u_mig7s_mig/u_memc_ui_top_axi/mem_intfc0/ddr_phy_top0/u_ddr_mc_phy_wrapper/u_ddr_mc_phy/ddr_phy_4lanes_0.u_ddr_phy_4lanes/ddr_byte_lane_D.ddr_byte_lane_D/ddr_byte_group_io/DQSBUS[1]
    OLOGIC_X1Y144        ODDR                                         r  i_dram_wrapper/i_dram/u_mig7s_mig/u_memc_ui_top_axi/mem_intfc0/ddr_phy_top0/u_ddr_mc_phy_wrapper/u_ddr_mc_phy/ddr_phy_4lanes_0.u_ddr_phy_4lanes/ddr_byte_lane_D.ddr_byte_lane_D/ddr_byte_group_io/dqs_gen.oddr_dqs/D2
  -------------------------------------------------------------------    -------------------

                         (clock oserdes_clk_3 fall edge)
                                                      0.625     0.625 f  
    AD12                                              0.000     0.625 f  sys_clk_p (IN)
                         net (fo=0)                   0.000     0.625    sys_clk_p
    AD12                 IBUFDS (Prop_ibufds_I_O)     0.470     1.095 f  i_bufds_sys_clk/O
                         net (fo=65, estimated)       0.573     1.668    i_dram_wrapper/i_dram/u_mig7s_mig/u_ddr3_infrastructure/plle2_i_0
    PLLE2_ADV_X1Y1       PLLE2_ADV (Prop_plle2_adv_CLKIN1_CLKOUT1)
                                                      0.053     1.721 f  i_dram_wrapper/i_dram/u_mig7s_mig/u_ddr3_infrastructure/plle2_i/CLKOUT1
                         net (fo=14, estimated)       0.620     2.341    i_dram_wrapper/i_dram/u_mig7s_mig/u_memc_ui_top_axi/mem_intfc0/ddr_phy_top0/u_ddr_mc_phy_wrapper/u_ddr_mc_phy/ddr_phy_4lanes_0.u_ddr_phy_4lanes/ddr_byte_lane_D.ddr_byte_lane_D/mem_refclk
    PHASER_OUT_PHY_X1Y11 PHASER_OUT_PHY (Prop_phaser_out_phy_MEMREFCLK_OCLK)
                                                      1.858     4.199 f  i_dram_wrapper/i_dram/u_mig7s_mig/u_memc_ui_top_axi/mem_intfc0/ddr_phy_top0/u_ddr_mc_phy_wrapper/u_ddr_mc_phy/ddr_phy_4lanes_0.u_ddr_phy_4lanes/ddr_byte_lane_D.ddr_byte_lane_D/phaser_out/OCLK
    PHASER_OUT_PHY_X1Y11 PHASER_OUT_PHY (Prop_phaser_out_phy_OCLK_OCLKDELAYED)
                                                      1.139     5.339 r  i_dram_wrapper/i_dram/u_mig7s_mig/u_memc_ui_top_axi/mem_intfc0/ddr_phy_top0/u_ddr_mc_phy_wrapper/u_ddr_mc_phy/ddr_phy_4lanes_0.u_ddr_phy_4lanes/ddr_byte_lane_D.ddr_byte_lane_D/phaser_out/OCLKDELAYED
                         net (fo=2, estimated)        0.183     5.522    i_dram_wrapper/i_dram/u_mig7s_mig/u_memc_ui_top_axi/mem_intfc0/ddr_phy_top0/u_ddr_mc_phy_wrapper/u_ddr_mc_phy/ddr_phy_4lanes_0.u_ddr_phy_4lanes/ddr_byte_lane_D.ddr_byte_lane_D/ddr_byte_group_io/oserdes_clk_delayed
    OLOGIC_X1Y144        ODDR                                         r  i_dram_wrapper/i_dram/u_mig7s_mig/u_memc_ui_top_axi/mem_intfc0/ddr_phy_top0/u_ddr_mc_phy_wrapper/u_ddr_mc_phy/ddr_phy_4lanes_0.u_ddr_phy_4lanes/ddr_byte_lane_D.ddr_byte_lane_D/ddr_byte_group_io/dqs_gen.oddr_dqs/C
                         clock pessimism             -0.222     5.299    
    OLOGIC_X1Y144        ODDR (Hold_oddr_C_D2)       -0.087     5.212    i_dram_wrapper/i_dram/u_mig7s_mig/u_memc_ui_top_axi/mem_intfc0/ddr_phy_top0/u_ddr_mc_phy_wrapper/u_ddr_mc_phy/ddr_phy_4lanes_0.u_ddr_phy_4lanes/ddr_byte_lane_D.ddr_byte_lane_D/ddr_byte_group_io/dqs_gen.oddr_dqs
  -------------------------------------------------------------------
                         required time                         -5.212    
                         arrival time                           5.603    
  -------------------------------------------------------------------
                         slack                                  0.390    





Pulse Width Checks
--------------------------------------------------------------------------------------
Clock Name:         oserdes_clk_3
Waveform(ns):       { 0.000 0.625 }
Period(ns):         1.250
Sources:            { i_dram_wrapper/i_dram/u_mig7s_mig/u_memc_ui_top_axi/mem_intfc0/ddr_phy_top0/u_ddr_mc_phy_wrapper/u_ddr_mc_phy/ddr_phy_4lanes_0.u_ddr_phy_4lanes/ddr_byte_lane_D.ddr_byte_lane_D/phaser_out/OCLK }

Check Type  Corner  Lib Pin  Reference Pin  Required(ns)  Actual(ns)  Slack(ns)  Location       Pin
Min Period  n/a     ODDR/C   n/a            1.070         1.250       0.180      OLOGIC_X1Y144  i_dram_wrapper/i_dram/u_mig7s_mig/u_memc_ui_top_axi/mem_intfc0/ddr_phy_top0/u_ddr_mc_phy_wrapper/u_ddr_mc_phy/ddr_phy_4lanes_0.u_ddr_phy_4lanes/ddr_byte_lane_D.ddr_byte_lane_D/ddr_byte_group_io/dqs_gen.oddr_dqs/C



---------------------------------------------------------------------------------------------------
From Clock:  oserdes_clkdiv_3
  To Clock:  oserdes_clkdiv_3

Setup :            0  Failing Endpoints,  Worst Slack        1.554ns,  Total Violation        0.000ns
Hold  :            0  Failing Endpoints,  Worst Slack        0.085ns,  Total Violation        0.000ns
PW    :            0  Failing Endpoints,  Worst Slack        0.336ns,  Total Violation        0.000ns
---------------------------------------------------------------------------------------------------


Max Delay Paths
--------------------------------------------------------------------------------------
Slack (MET) :             1.554ns  (required time - arrival time)
  Source:                 i_dram_wrapper/i_dram/u_mig7s_mig/u_memc_ui_top_axi/mem_intfc0/ddr_phy_top0/u_ddr_mc_phy_wrapper/u_ddr_mc_phy/ddr_phy_4lanes_0.u_ddr_phy_4lanes/ddr_byte_lane_D.ddr_byte_lane_D/out_fifo/RDCLK
                            (rising edge-triggered cell OUT_FIFO clocked by oserdes_clkdiv_3  {rise@0.000ns fall@1.250ns period=2.500ns})
  Destination:            i_dram_wrapper/i_dram/u_mig7s_mig/u_memc_ui_top_axi/mem_intfc0/ddr_phy_top0/u_ddr_mc_phy_wrapper/u_ddr_mc_phy/ddr_phy_4lanes_0.u_ddr_phy_4lanes/ddr_byte_lane_D.ddr_byte_lane_D/ddr_byte_group_io/output_[6].oserdes_dq_.ddr.oserdes_dq_i/D1
                            (rising edge-triggered cell OSERDESE2 clocked by oserdes_clkdiv_3  {rise@0.000ns fall@1.250ns period=2.500ns})
  Path Group:             oserdes_clkdiv_3
  Path Type:              Setup (Max at Slow Process Corner)
  Requirement:            2.500ns  (oserdes_clkdiv_3 rise@2.500ns - oserdes_clkdiv_3 rise@0.000ns)
  Data Path Delay:        0.838ns  (logic 0.552ns (65.871%)  route 0.286ns (34.129%))
  Logic Levels:           0  
  Clock Path Skew:        0.332ns (DCD - SCD + CPR)
    Destination Clock Delay (DCD):    5.541ns = ( 8.041 - 2.500 ) 
    Source Clock Delay      (SCD):    5.493ns
    Clock Pessimism Removal (CPR):    0.285ns
  Clock Uncertainty:      0.047ns  ((TSJ^2 + DJ^2)^1/2) / 2 + PE
    Total System Jitter     (TSJ):    0.071ns
    Discrete Jitter          (DJ):    0.061ns
    Phase Error              (PE):    0.000ns

    Location             Delay type                Incr(ns)  Path(ns)    Netlist Resource(s)
  -------------------------------------------------------------------    -------------------
                         (clock oserdes_clkdiv_3 rise edge)
                                                      0.000     0.000 r  
    AD12                                              0.000     0.000 r  sys_clk_p (IN)
                         net (fo=0)                   0.000     0.000    sys_clk_p
    AD12                 IBUFDS (Prop_ibufds_I_O)     0.906     0.906 r  i_bufds_sys_clk/O
                         net (fo=65, estimated)       1.098     2.004    i_dram_wrapper/i_dram/u_mig7s_mig/u_ddr3_infrastructure/plle2_i_0
    PLLE2_ADV_X1Y1       PLLE2_ADV (Prop_plle2_adv_CLKIN1_CLKOUT1)
                                                      0.077     2.081 r  i_dram_wrapper/i_dram/u_mig7s_mig/u_ddr3_infrastructure/plle2_i/CLKOUT1
                         net (fo=14, estimated)       1.188     3.269    i_dram_wrapper/i_dram/u_mig7s_mig/u_memc_ui_top_axi/mem_intfc0/ddr_phy_top0/u_ddr_mc_phy_wrapper/u_ddr_mc_phy/ddr_phy_4lanes_0.u_ddr_phy_4lanes/ddr_byte_lane_D.ddr_byte_lane_D/mem_refclk
    PHASER_OUT_PHY_X1Y11 PHASER_OUT_PHY (Prop_phaser_out_phy_MEMREFCLK_OCLK)
                                                      2.083     5.352 r  i_dram_wrapper/i_dram/u_mig7s_mig/u_memc_ui_top_axi/mem_intfc0/ddr_phy_top0/u_ddr_mc_phy_wrapper/u_ddr_mc_phy/ddr_phy_4lanes_0.u_ddr_phy_4lanes/ddr_byte_lane_D.ddr_byte_lane_D/phaser_out/OCLK
    PHASER_OUT_PHY_X1Y11 PHASER_OUT_PHY (Prop_phaser_out_phy_OCLK_OCLKDIV)
                                                      0.141     5.493 r  i_dram_wrapper/i_dram/u_mig7s_mig/u_memc_ui_top_axi/mem_intfc0/ddr_phy_top0/u_ddr_mc_phy_wrapper/u_ddr_mc_phy/ddr_phy_4lanes_0.u_ddr_phy_4lanes/ddr_byte_lane_D.ddr_byte_lane_D/phaser_out/OCLKDIV
                         net (fo=11, estimated)       0.000     5.493    i_dram_wrapper/i_dram/u_mig7s_mig/u_memc_ui_top_axi/mem_intfc0/ddr_phy_top0/u_ddr_mc_phy_wrapper/u_ddr_mc_phy/ddr_phy_4lanes_0.u_ddr_phy_4lanes/ddr_byte_lane_D.ddr_byte_lane_D/oserdes_clkdiv
    OUT_FIFO_X1Y11       OUT_FIFO                                     r  i_dram_wrapper/i_dram/u_mig7s_mig/u_memc_ui_top_axi/mem_intfc0/ddr_phy_top0/u_ddr_mc_phy_wrapper/u_ddr_mc_phy/ddr_phy_4lanes_0.u_ddr_phy_4lanes/ddr_byte_lane_D.ddr_byte_lane_D/out_fifo/RDCLK
  -------------------------------------------------------------------    -------------------
    OUT_FIFO_X1Y11       OUT_FIFO (Prop_out_fifo_RDCLK_Q6[0])
                                                      0.552     6.045 r  i_dram_wrapper/i_dram/u_mig7s_mig/u_memc_ui_top_axi/mem_intfc0/ddr_phy_top0/u_ddr_mc_phy_wrapper/u_ddr_mc_phy/ddr_phy_4lanes_0.u_ddr_phy_4lanes/ddr_byte_lane_D.ddr_byte_lane_D/out_fifo/Q6[0]
                         net (fo=1, estimated)        0.286     6.331    i_dram_wrapper/i_dram/u_mig7s_mig/u_memc_ui_top_axi/mem_intfc0/ddr_phy_top0/u_ddr_mc_phy_wrapper/u_ddr_mc_phy/ddr_phy_4lanes_0.u_ddr_phy_4lanes/ddr_byte_lane_D.ddr_byte_lane_D/ddr_byte_group_io/of_dqbus[20]
    OLOGIC_X1Y145        OSERDESE2                                    r  i_dram_wrapper/i_dram/u_mig7s_mig/u_memc_ui_top_axi/mem_intfc0/ddr_phy_top0/u_ddr_mc_phy_wrapper/u_ddr_mc_phy/ddr_phy_4lanes_0.u_ddr_phy_4lanes/ddr_byte_lane_D.ddr_byte_lane_D/ddr_byte_group_io/output_[6].oserdes_dq_.ddr.oserdes_dq_i/D1
  -------------------------------------------------------------------    -------------------

                         (clock oserdes_clkdiv_3 rise edge)
                                                      2.500     2.500 r  
    AD12                                              0.000     2.500 r  sys_clk_p (IN)
                         net (fo=0)                   0.000     2.500    sys_clk_p
    AD12                 IBUFDS (Prop_ibufds_I_O)     0.803     3.303 r  i_bufds_sys_clk/O
                         net (fo=65, estimated)       1.043     4.347    i_dram_wrapper/i_dram/u_mig7s_mig/u_ddr3_infrastructure/plle2_i_0
    PLLE2_ADV_X1Y1       PLLE2_ADV (Prop_plle2_adv_CLKIN1_CLKOUT1)
                                                      0.073     4.420 r  i_dram_wrapper/i_dram/u_mig7s_mig/u_ddr3_infrastructure/plle2_i/CLKOUT1
                         net (fo=14, estimated)       1.129     5.548    i_dram_wrapper/i_dram/u_mig7s_mig/u_memc_ui_top_axi/mem_intfc0/ddr_phy_top0/u_ddr_mc_phy_wrapper/u_ddr_mc_phy/ddr_phy_4lanes_0.u_ddr_phy_4lanes/ddr_byte_lane_D.ddr_byte_lane_D/mem_refclk
    PHASER_OUT_PHY_X1Y11 PHASER_OUT_PHY (Prop_phaser_out_phy_MEMREFCLK_OCLK)
                                                      2.027     7.575 r  i_dram_wrapper/i_dram/u_mig7s_mig/u_memc_ui_top_axi/mem_intfc0/ddr_phy_top0/u_ddr_mc_phy_wrapper/u_ddr_mc_phy/ddr_phy_4lanes_0.u_ddr_phy_4lanes/ddr_byte_lane_D.ddr_byte_lane_D/phaser_out/OCLK
    PHASER_OUT_PHY_X1Y11 PHASER_OUT_PHY (Prop_phaser_out_phy_OCLK_OCLKDIV)
                                                      0.133     7.708 r  i_dram_wrapper/i_dram/u_mig7s_mig/u_memc_ui_top_axi/mem_intfc0/ddr_phy_top0/u_ddr_mc_phy_wrapper/u_ddr_mc_phy/ddr_phy_4lanes_0.u_ddr_phy_4lanes/ddr_byte_lane_D.ddr_byte_lane_D/phaser_out/OCLKDIV
                         net (fo=11, estimated)       0.333     8.041    i_dram_wrapper/i_dram/u_mig7s_mig/u_memc_ui_top_axi/mem_intfc0/ddr_phy_top0/u_ddr_mc_phy_wrapper/u_ddr_mc_phy/ddr_phy_4lanes_0.u_ddr_phy_4lanes/ddr_byte_lane_D.ddr_byte_lane_D/ddr_byte_group_io/oserdes_clkdiv
    OLOGIC_X1Y145        OSERDESE2                                    r  i_dram_wrapper/i_dram/u_mig7s_mig/u_memc_ui_top_axi/mem_intfc0/ddr_phy_top0/u_ddr_mc_phy_wrapper/u_ddr_mc_phy/ddr_phy_4lanes_0.u_ddr_phy_4lanes/ddr_byte_lane_D.ddr_byte_lane_D/ddr_byte_group_io/output_[6].oserdes_dq_.ddr.oserdes_dq_i/CLKDIV
                         clock pessimism              0.285     8.325    
                         clock uncertainty           -0.047     8.279    
    OLOGIC_X1Y145        OSERDESE2 (Setup_oserdese2_CLKDIV_D1)
                                                     -0.394     7.885    i_dram_wrapper/i_dram/u_mig7s_mig/u_memc_ui_top_axi/mem_intfc0/ddr_phy_top0/u_ddr_mc_phy_wrapper/u_ddr_mc_phy/ddr_phy_4lanes_0.u_ddr_phy_4lanes/ddr_byte_lane_D.ddr_byte_lane_D/ddr_byte_group_io/output_[6].oserdes_dq_.ddr.oserdes_dq_i
  -------------------------------------------------------------------
                         required time                          7.885    
                         arrival time                          -6.331    
  -------------------------------------------------------------------
                         slack                                  1.554    





Min Delay Paths
--------------------------------------------------------------------------------------
Slack (MET) :             0.085ns  (arrival time - required time)
  Source:                 i_dram_wrapper/i_dram/u_mig7s_mig/u_memc_ui_top_axi/mem_intfc0/ddr_phy_top0/u_ddr_mc_phy_wrapper/u_ddr_mc_phy/ddr_phy_4lanes_0.u_ddr_phy_4lanes/ddr_byte_lane_D.ddr_byte_lane_D/out_fifo/RDCLK
                            (rising edge-triggered cell OUT_FIFO clocked by oserdes_clkdiv_3  {rise@0.000ns fall@1.250ns period=2.500ns})
  Destination:            i_dram_wrapper/i_dram/u_mig7s_mig/u_memc_ui_top_axi/mem_intfc0/ddr_phy_top0/u_ddr_mc_phy_wrapper/u_ddr_mc_phy/ddr_phy_4lanes_0.u_ddr_phy_4lanes/ddr_byte_lane_D.ddr_byte_lane_D/ddr_byte_group_io/output_[2].oserdes_dq_.ddr.oserdes_dq_i/D3
                            (rising edge-triggered cell OSERDESE2 clocked by oserdes_clkdiv_3  {rise@0.000ns fall@1.250ns period=2.500ns})
  Path Group:             oserdes_clkdiv_3
  Path Type:              Hold (Min at Fast Process Corner)
  Requirement:            0.000ns  (oserdes_clkdiv_3 rise@0.000ns - oserdes_clkdiv_3 rise@0.000ns)
  Data Path Delay:        0.290ns  (logic 0.150ns (51.752%)  route 0.140ns (48.248%))
  Logic Levels:           0  
  Clock Path Skew:        0.184ns (DCD - SCD - CPR)
    Destination Clock Delay (DCD):    3.846ns
    Source Clock Delay      (SCD):    3.469ns
    Clock Pessimism Removal (CPR):    0.194ns

    Location             Delay type                Incr(ns)  Path(ns)    Netlist Resource(s)
  -------------------------------------------------------------------    -------------------
                         (clock oserdes_clkdiv_3 rise edge)
                                                      0.000     0.000 r  
    AD12                                              0.000     0.000 r  sys_clk_p (IN)
                         net (fo=0)                   0.000     0.000    sys_clk_p
    AD12                 IBUFDS (Prop_ibufds_I_O)     0.388     0.388 r  i_bufds_sys_clk/O
                         net (fo=65, estimated)       0.545     0.933    i_dram_wrapper/i_dram/u_mig7s_mig/u_ddr3_infrastructure/plle2_i_0
    PLLE2_ADV_X1Y1       PLLE2_ADV (Prop_plle2_adv_CLKIN1_CLKOUT1)
                                                      0.050     0.983 r  i_dram_wrapper/i_dram/u_mig7s_mig/u_ddr3_infrastructure/plle2_i/CLKOUT1
                         net (fo=14, estimated)       0.589     1.572    i_dram_wrapper/i_dram/u_mig7s_mig/u_memc_ui_top_axi/mem_intfc0/ddr_phy_top0/u_ddr_mc_phy_wrapper/u_ddr_mc_phy/ddr_phy_4lanes_0.u_ddr_phy_4lanes/ddr_byte_lane_D.ddr_byte_lane_D/mem_refclk
    PHASER_OUT_PHY_X1Y11 PHASER_OUT_PHY (Prop_phaser_out_phy_MEMREFCLK_OCLK)
                                                      1.813     3.386 r  i_dram_wrapper/i_dram/u_mig7s_mig/u_memc_ui_top_axi/mem_intfc0/ddr_phy_top0/u_ddr_mc_phy_wrapper/u_ddr_mc_phy/ddr_phy_4lanes_0.u_ddr_phy_4lanes/ddr_byte_lane_D.ddr_byte_lane_D/phaser_out/OCLK
    PHASER_OUT_PHY_X1Y11 PHASER_OUT_PHY (Prop_phaser_out_phy_OCLK_OCLKDIV)
                                                      0.083     3.469 r  i_dram_wrapper/i_dram/u_mig7s_mig/u_memc_ui_top_axi/mem_intfc0/ddr_phy_top0/u_ddr_mc_phy_wrapper/u_ddr_mc_phy/ddr_phy_4lanes_0.u_ddr_phy_4lanes/ddr_byte_lane_D.ddr_byte_lane_D/phaser_out/OCLKDIV
                         net (fo=11, estimated)       0.000     3.469    i_dram_wrapper/i_dram/u_mig7s_mig/u_memc_ui_top_axi/mem_intfc0/ddr_phy_top0/u_ddr_mc_phy_wrapper/u_ddr_mc_phy/ddr_phy_4lanes_0.u_ddr_phy_4lanes/ddr_byte_lane_D.ddr_byte_lane_D/oserdes_clkdiv
    OUT_FIFO_X1Y11       OUT_FIFO                                     r  i_dram_wrapper/i_dram/u_mig7s_mig/u_memc_ui_top_axi/mem_intfc0/ddr_phy_top0/u_ddr_mc_phy_wrapper/u_ddr_mc_phy/ddr_phy_4lanes_0.u_ddr_phy_4lanes/ddr_byte_lane_D.ddr_byte_lane_D/out_fifo/RDCLK
  -------------------------------------------------------------------    -------------------
    OUT_FIFO_X1Y11       OUT_FIFO (Prop_out_fifo_RDCLK_Q2[2])
                                                      0.150     3.619 r  i_dram_wrapper/i_dram/u_mig7s_mig/u_memc_ui_top_axi/mem_intfc0/ddr_phy_top0/u_ddr_mc_phy_wrapper/u_ddr_mc_phy/ddr_phy_4lanes_0.u_ddr_phy_4lanes/ddr_byte_lane_D.ddr_byte_lane_D/out_fifo/Q2[2]
                         net (fo=1, estimated)        0.140     3.758    i_dram_wrapper/i_dram/u_mig7s_mig/u_memc_ui_top_axi/mem_intfc0/ddr_phy_top0/u_ddr_mc_phy_wrapper/u_ddr_mc_phy/ddr_phy_4lanes_0.u_ddr_phy_4lanes/ddr_byte_lane_D.ddr_byte_lane_D/ddr_byte_group_io/of_dqbus[6]
    OLOGIC_X1Y139        OSERDESE2                                    r  i_dram_wrapper/i_dram/u_mig7s_mig/u_memc_ui_top_axi/mem_intfc0/ddr_phy_top0/u_ddr_mc_phy_wrapper/u_ddr_mc_phy/ddr_phy_4lanes_0.u_ddr_phy_4lanes/ddr_byte_lane_D.ddr_byte_lane_D/ddr_byte_group_io/output_[2].oserdes_dq_.ddr.oserdes_dq_i/D3
  -------------------------------------------------------------------    -------------------

                         (clock oserdes_clkdiv_3 rise edge)
                                                      0.000     0.000 r  
    AD12                                              0.000     0.000 r  sys_clk_p (IN)
                         net (fo=0)                   0.000     0.000    sys_clk_p
    AD12                 IBUFDS (Prop_ibufds_I_O)     0.470     0.470 r  i_bufds_sys_clk/O
                         net (fo=65, estimated)       0.573     1.043    i_dram_wrapper/i_dram/u_mig7s_mig/u_ddr3_infrastructure/plle2_i_0
    PLLE2_ADV_X1Y1       PLLE2_ADV (Prop_plle2_adv_CLKIN1_CLKOUT1)
                                                      0.053     1.096 r  i_dram_wrapper/i_dram/u_mig7s_mig/u_ddr3_infrastructure/plle2_i/CLKOUT1
                         net (fo=14, estimated)       0.620     1.716    i_dram_wrapper/i_dram/u_mig7s_mig/u_memc_ui_top_axi/mem_intfc0/ddr_phy_top0/u_ddr_mc_phy_wrapper/u_ddr_mc_phy/ddr_phy_4lanes_0.u_ddr_phy_4lanes/ddr_byte_lane_D.ddr_byte_lane_D/mem_refclk
    PHASER_OUT_PHY_X1Y11 PHASER_OUT_PHY (Prop_phaser_out_phy_MEMREFCLK_OCLK)
                                                      1.858     3.574 r  i_dram_wrapper/i_dram/u_mig7s_mig/u_memc_ui_top_axi/mem_intfc0/ddr_phy_top0/u_ddr_mc_phy_wrapper/u_ddr_mc_phy/ddr_phy_4lanes_0.u_ddr_phy_4lanes/ddr_byte_lane_D.ddr_byte_lane_D/phaser_out/OCLK
    PHASER_OUT_PHY_X1Y11 PHASER_OUT_PHY (Prop_phaser_out_phy_OCLK_OCLKDIV)
                                                      0.088     3.662 r  i_dram_wrapper/i_dram/u_mig7s_mig/u_memc_ui_top_axi/mem_intfc0/ddr_phy_top0/u_ddr_mc_phy_wrapper/u_ddr_mc_phy/ddr_phy_4lanes_0.u_ddr_phy_4lanes/ddr_byte_lane_D.ddr_byte_lane_D/phaser_out/OCLKDIV
                         net (fo=11, estimated)       0.184     3.846    i_dram_wrapper/i_dram/u_mig7s_mig/u_memc_ui_top_axi/mem_intfc0/ddr_phy_top0/u_ddr_mc_phy_wrapper/u_ddr_mc_phy/ddr_phy_4lanes_0.u_ddr_phy_4lanes/ddr_byte_lane_D.ddr_byte_lane_D/ddr_byte_group_io/oserdes_clkdiv
    OLOGIC_X1Y139        OSERDESE2                                    r  i_dram_wrapper/i_dram/u_mig7s_mig/u_memc_ui_top_axi/mem_intfc0/ddr_phy_top0/u_ddr_mc_phy_wrapper/u_ddr_mc_phy/ddr_phy_4lanes_0.u_ddr_phy_4lanes/ddr_byte_lane_D.ddr_byte_lane_D/ddr_byte_group_io/output_[2].oserdes_dq_.ddr.oserdes_dq_i/CLKDIV
                         clock pessimism             -0.194     3.652    
    OLOGIC_X1Y139        OSERDESE2 (Hold_oserdese2_CLKDIV_D3)
                                                      0.021     3.673    i_dram_wrapper/i_dram/u_mig7s_mig/u_memc_ui_top_axi/mem_intfc0/ddr_phy_top0/u_ddr_mc_phy_wrapper/u_ddr_mc_phy/ddr_phy_4lanes_0.u_ddr_phy_4lanes/ddr_byte_lane_D.ddr_byte_lane_D/ddr_byte_group_io/output_[2].oserdes_dq_.ddr.oserdes_dq_i
  -------------------------------------------------------------------
                         required time                         -3.673    
                         arrival time                           3.758    
  -------------------------------------------------------------------
                         slack                                  0.085    





Pulse Width Checks
--------------------------------------------------------------------------------------
Clock Name:         oserdes_clkdiv_3
Waveform(ns):       { 0.000 1.250 }
Period(ns):         2.500
Sources:            { i_dram_wrapper/i_dram/u_mig7s_mig/u_memc_ui_top_axi/mem_intfc0/ddr_phy_top0/u_ddr_mc_phy_wrapper/u_ddr_mc_phy/ddr_phy_4lanes_0.u_ddr_phy_4lanes/ddr_byte_lane_D.ddr_byte_lane_D/phaser_out/OCLKDIV }

Check Type        Corner  Lib Pin         Reference Pin  Required(ns)  Actual(ns)  Slack(ns)  Location        Pin
Min Period        n/a     OUT_FIFO/RDCLK  n/a            2.126         2.500       0.374      OUT_FIFO_X1Y11  i_dram_wrapper/i_dram/u_mig7s_mig/u_memc_ui_top_axi/mem_intfc0/ddr_phy_top0/u_ddr_mc_phy_wrapper/u_ddr_mc_phy/ddr_phy_4lanes_0.u_ddr_phy_4lanes/ddr_byte_lane_D.ddr_byte_lane_D/out_fifo/RDCLK
Low Pulse Width   Slow    OUT_FIFO/RDCLK  n/a            0.914         1.250       0.336      OUT_FIFO_X1Y11  i_dram_wrapper/i_dram/u_mig7s_mig/u_memc_ui_top_axi/mem_intfc0/ddr_phy_top0/u_ddr_mc_phy_wrapper/u_ddr_mc_phy/ddr_phy_4lanes_0.u_ddr_phy_4lanes/ddr_byte_lane_D.ddr_byte_lane_D/out_fifo/RDCLK
High Pulse Width  Slow    OUT_FIFO/RDCLK  n/a            0.914         1.250       0.336      OUT_FIFO_X1Y11  i_dram_wrapper/i_dram/u_mig7s_mig/u_memc_ui_top_axi/mem_intfc0/ddr_phy_top0/u_ddr_mc_phy_wrapper/u_ddr_mc_phy/ddr_phy_4lanes_0.u_ddr_phy_4lanes/ddr_byte_lane_D.ddr_byte_lane_D/out_fifo/RDCLK



---------------------------------------------------------------------------------------------------
From Clock:  oserdes_clk_4
  To Clock:  oserdes_clk_4

Setup :           NA  Failing Endpoints,  Worst Slack           NA  ,  Total Violation           NA
Hold  :           NA  Failing Endpoints,  Worst Slack           NA  ,  Total Violation           NA
PW    :            0  Failing Endpoints,  Worst Slack        0.180ns,  Total Violation        0.000ns
---------------------------------------------------------------------------------------------------


Pulse Width Checks
--------------------------------------------------------------------------------------
Clock Name:         oserdes_clk_4
Waveform(ns):       { 0.000 0.625 }
Period(ns):         1.250
Sources:            { i_dram_wrapper/i_dram/u_mig7s_mig/u_memc_ui_top_axi/mem_intfc0/ddr_phy_top0/u_ddr_mc_phy_wrapper/u_ddr_mc_phy/ddr_phy_4lanes_1.u_ddr_phy_4lanes/ddr_byte_lane_A.ddr_byte_lane_A/phaser_out/OCLK }

Check Type  Corner  Lib Pin        Reference Pin  Required(ns)  Actual(ns)  Slack(ns)  Location      Pin
Min Period  n/a     OSERDESE2/CLK  n/a            1.070         1.250       0.180      OLOGIC_X1Y51  i_dram_wrapper/i_dram/u_mig7s_mig/u_memc_ui_top_axi/mem_intfc0/ddr_phy_top0/u_ddr_mc_phy_wrapper/u_ddr_mc_phy/ddr_phy_4lanes_1.u_ddr_phy_4lanes/ddr_byte_lane_A.ddr_byte_lane_A/ddr_byte_group_io/output_[0].oserdes_dq_.sdr.oserdes_dq_i/CLK



---------------------------------------------------------------------------------------------------
From Clock:  oserdes_clkdiv_4
  To Clock:  oserdes_clkdiv_4

Setup :            0  Failing Endpoints,  Worst Slack        4.047ns,  Total Violation        0.000ns
Hold  :            0  Failing Endpoints,  Worst Slack        0.094ns,  Total Violation        0.000ns
PW    :            0  Failing Endpoints,  Worst Slack        1.586ns,  Total Violation        0.000ns
---------------------------------------------------------------------------------------------------


Max Delay Paths
--------------------------------------------------------------------------------------
Slack (MET) :             4.047ns  (required time - arrival time)
  Source:                 i_dram_wrapper/i_dram/u_mig7s_mig/u_memc_ui_top_axi/mem_intfc0/ddr_phy_top0/u_ddr_mc_phy_wrapper/u_ddr_mc_phy/ddr_phy_4lanes_1.u_ddr_phy_4lanes/ddr_byte_lane_A.ddr_byte_lane_A/out_fifo/RDCLK
                            (rising edge-triggered cell OUT_FIFO clocked by oserdes_clkdiv_4  {rise@0.000ns fall@2.500ns period=5.000ns})
  Destination:            i_dram_wrapper/i_dram/u_mig7s_mig/u_memc_ui_top_axi/mem_intfc0/ddr_phy_top0/u_ddr_mc_phy_wrapper/u_ddr_mc_phy/ddr_phy_4lanes_1.u_ddr_phy_4lanes/ddr_byte_lane_A.ddr_byte_lane_A/ddr_byte_group_io/output_[0].oserdes_dq_.sdr.oserdes_dq_i/D1
                            (rising edge-triggered cell OSERDESE2 clocked by oserdes_clkdiv_4  {rise@0.000ns fall@2.500ns period=5.000ns})
  Path Group:             oserdes_clkdiv_4
  Path Type:              Setup (Max at Slow Process Corner)
  Requirement:            5.000ns  (oserdes_clkdiv_4 rise@5.000ns - oserdes_clkdiv_4 rise@0.000ns)
  Data Path Delay:        0.838ns  (logic 0.552ns (65.871%)  route 0.286ns (34.129%))
  Logic Levels:           0  
  Clock Path Skew:        0.326ns (DCD - SCD + CPR)
    Destination Clock Delay (DCD):    4.932ns = ( 9.932 - 5.000 ) 
    Source Clock Delay      (SCD):    4.859ns
    Clock Pessimism Removal (CPR):    0.253ns
  Clock Uncertainty:      0.047ns  ((TSJ^2 + DJ^2)^1/2) / 2 + PE
    Total System Jitter     (TSJ):    0.071ns
    Discrete Jitter          (DJ):    0.061ns
    Phase Error              (PE):    0.000ns

    Location             Delay type                Incr(ns)  Path(ns)    Netlist Resource(s)
  -------------------------------------------------------------------    -------------------
                         (clock oserdes_clkdiv_4 rise edge)
                                                      0.000     0.000 r  
    AD12                                              0.000     0.000 r  sys_clk_p (IN)
                         net (fo=0)                   0.000     0.000    sys_clk_p
    AD12                 IBUFDS (Prop_ibufds_I_O)     0.906     0.906 r  i_bufds_sys_clk/O
                         net (fo=65, estimated)       1.098     2.004    i_dram_wrapper/i_dram/u_mig7s_mig/u_ddr3_infrastructure/plle2_i_0
    PLLE2_ADV_X1Y1       PLLE2_ADV (Prop_plle2_adv_CLKIN1_CLKOUT1)
                                                      0.077     2.081 r  i_dram_wrapper/i_dram/u_mig7s_mig/u_ddr3_infrastructure/plle2_i/CLKOUT1
                         net (fo=14, estimated)       0.554     2.635    i_dram_wrapper/i_dram/u_mig7s_mig/u_memc_ui_top_axi/mem_intfc0/ddr_phy_top0/u_ddr_mc_phy_wrapper/u_ddr_mc_phy/ddr_phy_4lanes_1.u_ddr_phy_4lanes/ddr_byte_lane_A.ddr_byte_lane_A/mem_refclk
    PHASER_OUT_PHY_X1Y4  PHASER_OUT_PHY (Prop_phaser_out_phy_MEMREFCLK_OCLK)
                                                      2.083     4.718 r  i_dram_wrapper/i_dram/u_mig7s_mig/u_memc_ui_top_axi/mem_intfc0/ddr_phy_top0/u_ddr_mc_phy_wrapper/u_ddr_mc_phy/ddr_phy_4lanes_1.u_ddr_phy_4lanes/ddr_byte_lane_A.ddr_byte_lane_A/phaser_out/OCLK
    PHASER_OUT_PHY_X1Y4  PHASER_OUT_PHY (Prop_phaser_out_phy_OCLK_OCLKDIV)
                                                      0.141     4.859 r  i_dram_wrapper/i_dram/u_mig7s_mig/u_memc_ui_top_axi/mem_intfc0/ddr_phy_top0/u_ddr_mc_phy_wrapper/u_ddr_mc_phy/ddr_phy_4lanes_1.u_ddr_phy_4lanes/ddr_byte_lane_A.ddr_byte_lane_A/phaser_out/OCLKDIV
                         net (fo=3, estimated)        0.000     4.859    i_dram_wrapper/i_dram/u_mig7s_mig/u_memc_ui_top_axi/mem_intfc0/ddr_phy_top0/u_ddr_mc_phy_wrapper/u_ddr_mc_phy/ddr_phy_4lanes_1.u_ddr_phy_4lanes/ddr_byte_lane_A.ddr_byte_lane_A/oserdes_clkdiv
    OUT_FIFO_X1Y4        OUT_FIFO                                     r  i_dram_wrapper/i_dram/u_mig7s_mig/u_memc_ui_top_axi/mem_intfc0/ddr_phy_top0/u_ddr_mc_phy_wrapper/u_ddr_mc_phy/ddr_phy_4lanes_1.u_ddr_phy_4lanes/ddr_byte_lane_A.ddr_byte_lane_A/out_fifo/RDCLK
  -------------------------------------------------------------------    -------------------
    OUT_FIFO_X1Y4        OUT_FIFO (Prop_out_fifo_RDCLK_Q0[0])
                                                      0.552     5.411 r  i_dram_wrapper/i_dram/u_mig7s_mig/u_memc_ui_top_axi/mem_intfc0/ddr_phy_top0/u_ddr_mc_phy_wrapper/u_ddr_mc_phy/ddr_phy_4lanes_1.u_ddr_phy_4lanes/ddr_byte_lane_A.ddr_byte_lane_A/out_fifo/Q0[0]
                         net (fo=1, estimated)        0.286     5.697    i_dram_wrapper/i_dram/u_mig7s_mig/u_memc_ui_top_axi/mem_intfc0/ddr_phy_top0/u_ddr_mc_phy_wrapper/u_ddr_mc_phy/ddr_phy_4lanes_1.u_ddr_phy_4lanes/ddr_byte_lane_A.ddr_byte_lane_A/ddr_byte_group_io/oserdes_dq[0]
    OLOGIC_X1Y51         OSERDESE2                                    r  i_dram_wrapper/i_dram/u_mig7s_mig/u_memc_ui_top_axi/mem_intfc0/ddr_phy_top0/u_ddr_mc_phy_wrapper/u_ddr_mc_phy/ddr_phy_4lanes_1.u_ddr_phy_4lanes/ddr_byte_lane_A.ddr_byte_lane_A/ddr_byte_group_io/output_[0].oserdes_dq_.sdr.oserdes_dq_i/D1
  -------------------------------------------------------------------    -------------------

                         (clock oserdes_clkdiv_4 rise edge)
                                                      5.000     5.000 r  
    AD12                                              0.000     5.000 r  sys_clk_p (IN)
                         net (fo=0)                   0.000     5.000    sys_clk_p
    AD12                 IBUFDS (Prop_ibufds_I_O)     0.803     5.803 r  i_bufds_sys_clk/O
                         net (fo=65, estimated)       1.043     6.847    i_dram_wrapper/i_dram/u_mig7s_mig/u_ddr3_infrastructure/plle2_i_0
    PLLE2_ADV_X1Y1       PLLE2_ADV (Prop_plle2_adv_CLKIN1_CLKOUT1)
                                                      0.073     6.920 r  i_dram_wrapper/i_dram/u_mig7s_mig/u_ddr3_infrastructure/plle2_i/CLKOUT1
                         net (fo=14, estimated)       0.526     7.446    i_dram_wrapper/i_dram/u_mig7s_mig/u_memc_ui_top_axi/mem_intfc0/ddr_phy_top0/u_ddr_mc_phy_wrapper/u_ddr_mc_phy/ddr_phy_4lanes_1.u_ddr_phy_4lanes/ddr_byte_lane_A.ddr_byte_lane_A/mem_refclk
    PHASER_OUT_PHY_X1Y4  PHASER_OUT_PHY (Prop_phaser_out_phy_MEMREFCLK_OCLK)
                                                      2.027     9.473 r  i_dram_wrapper/i_dram/u_mig7s_mig/u_memc_ui_top_axi/mem_intfc0/ddr_phy_top0/u_ddr_mc_phy_wrapper/u_ddr_mc_phy/ddr_phy_4lanes_1.u_ddr_phy_4lanes/ddr_byte_lane_A.ddr_byte_lane_A/phaser_out/OCLK
    PHASER_OUT_PHY_X1Y4  PHASER_OUT_PHY (Prop_phaser_out_phy_OCLK_OCLKDIV)
                                                      0.133     9.606 r  i_dram_wrapper/i_dram/u_mig7s_mig/u_memc_ui_top_axi/mem_intfc0/ddr_phy_top0/u_ddr_mc_phy_wrapper/u_ddr_mc_phy/ddr_phy_4lanes_1.u_ddr_phy_4lanes/ddr_byte_lane_A.ddr_byte_lane_A/phaser_out/OCLKDIV
                         net (fo=3, estimated)        0.326     9.932    i_dram_wrapper/i_dram/u_mig7s_mig/u_memc_ui_top_axi/mem_intfc0/ddr_phy_top0/u_ddr_mc_phy_wrapper/u_ddr_mc_phy/ddr_phy_4lanes_1.u_ddr_phy_4lanes/ddr_byte_lane_A.ddr_byte_lane_A/ddr_byte_group_io/oserdes_clkdiv
    OLOGIC_X1Y51         OSERDESE2                                    r  i_dram_wrapper/i_dram/u_mig7s_mig/u_memc_ui_top_axi/mem_intfc0/ddr_phy_top0/u_ddr_mc_phy_wrapper/u_ddr_mc_phy/ddr_phy_4lanes_1.u_ddr_phy_4lanes/ddr_byte_lane_A.ddr_byte_lane_A/ddr_byte_group_io/output_[0].oserdes_dq_.sdr.oserdes_dq_i/CLKDIV
                         clock pessimism              0.253    10.185    
                         clock uncertainty           -0.047    10.138    
    OLOGIC_X1Y51         OSERDESE2 (Setup_oserdese2_CLKDIV_D1)
                                                     -0.394     9.744    i_dram_wrapper/i_dram/u_mig7s_mig/u_memc_ui_top_axi/mem_intfc0/ddr_phy_top0/u_ddr_mc_phy_wrapper/u_ddr_mc_phy/ddr_phy_4lanes_1.u_ddr_phy_4lanes/ddr_byte_lane_A.ddr_byte_lane_A/ddr_byte_group_io/output_[0].oserdes_dq_.sdr.oserdes_dq_i
  -------------------------------------------------------------------
                         required time                          9.744    
                         arrival time                          -5.697    
  -------------------------------------------------------------------
                         slack                                  4.047    





Min Delay Paths
--------------------------------------------------------------------------------------
Slack (MET) :             0.094ns  (arrival time - required time)
  Source:                 i_dram_wrapper/i_dram/u_mig7s_mig/u_memc_ui_top_axi/mem_intfc0/ddr_phy_top0/u_ddr_mc_phy_wrapper/u_ddr_mc_phy/ddr_phy_4lanes_1.u_ddr_phy_4lanes/ddr_byte_lane_A.ddr_byte_lane_A/out_fifo/RDCLK
                            (rising edge-triggered cell OUT_FIFO clocked by oserdes_clkdiv_4  {rise@0.000ns fall@2.500ns period=5.000ns})
  Destination:            i_dram_wrapper/i_dram/u_mig7s_mig/u_memc_ui_top_axi/mem_intfc0/ddr_phy_top0/u_ddr_mc_phy_wrapper/u_ddr_mc_phy/ddr_phy_4lanes_1.u_ddr_phy_4lanes/ddr_byte_lane_A.ddr_byte_lane_A/ddr_byte_group_io/output_[1].oserdes_dq_.sdr.oserdes_dq_i/D3
                            (rising edge-triggered cell OSERDESE2 clocked by oserdes_clkdiv_4  {rise@0.000ns fall@2.500ns period=5.000ns})
  Path Group:             oserdes_clkdiv_4
  Path Type:              Hold (Min at Fast Process Corner)
  Requirement:            0.000ns  (oserdes_clkdiv_4 rise@0.000ns - oserdes_clkdiv_4 rise@0.000ns)
  Data Path Delay:        0.294ns  (logic 0.154ns (52.409%)  route 0.140ns (47.592%))
  Logic Levels:           0  
  Clock Path Skew:        0.179ns (DCD - SCD - CPR)
    Destination Clock Delay (DCD):    3.510ns
    Source Clock Delay      (SCD):    3.154ns
    Clock Pessimism Removal (CPR):    0.177ns

    Location             Delay type                Incr(ns)  Path(ns)    Netlist Resource(s)
  -------------------------------------------------------------------    -------------------
                         (clock oserdes_clkdiv_4 rise edge)
                                                      0.000     0.000 r  
    AD12                                              0.000     0.000 r  sys_clk_p (IN)
                         net (fo=0)                   0.000     0.000    sys_clk_p
    AD12                 IBUFDS (Prop_ibufds_I_O)     0.388     0.388 r  i_bufds_sys_clk/O
                         net (fo=65, estimated)       0.545     0.933    i_dram_wrapper/i_dram/u_mig7s_mig/u_ddr3_infrastructure/plle2_i_0
    PLLE2_ADV_X1Y1       PLLE2_ADV (Prop_plle2_adv_CLKIN1_CLKOUT1)
                                                      0.050     0.983 r  i_dram_wrapper/i_dram/u_mig7s_mig/u_ddr3_infrastructure/plle2_i/CLKOUT1
                         net (fo=14, estimated)       0.275     1.258    i_dram_wrapper/i_dram/u_mig7s_mig/u_memc_ui_top_axi/mem_intfc0/ddr_phy_top0/u_ddr_mc_phy_wrapper/u_ddr_mc_phy/ddr_phy_4lanes_1.u_ddr_phy_4lanes/ddr_byte_lane_A.ddr_byte_lane_A/mem_refclk
    PHASER_OUT_PHY_X1Y4  PHASER_OUT_PHY (Prop_phaser_out_phy_MEMREFCLK_OCLK)
                                                      1.813     3.071 r  i_dram_wrapper/i_dram/u_mig7s_mig/u_memc_ui_top_axi/mem_intfc0/ddr_phy_top0/u_ddr_mc_phy_wrapper/u_ddr_mc_phy/ddr_phy_4lanes_1.u_ddr_phy_4lanes/ddr_byte_lane_A.ddr_byte_lane_A/phaser_out/OCLK
    PHASER_OUT_PHY_X1Y4  PHASER_OUT_PHY (Prop_phaser_out_phy_OCLK_OCLKDIV)
                                                      0.083     3.154 r  i_dram_wrapper/i_dram/u_mig7s_mig/u_memc_ui_top_axi/mem_intfc0/ddr_phy_top0/u_ddr_mc_phy_wrapper/u_ddr_mc_phy/ddr_phy_4lanes_1.u_ddr_phy_4lanes/ddr_byte_lane_A.ddr_byte_lane_A/phaser_out/OCLKDIV
                         net (fo=3, estimated)        0.000     3.154    i_dram_wrapper/i_dram/u_mig7s_mig/u_memc_ui_top_axi/mem_intfc0/ddr_phy_top0/u_ddr_mc_phy_wrapper/u_ddr_mc_phy/ddr_phy_4lanes_1.u_ddr_phy_4lanes/ddr_byte_lane_A.ddr_byte_lane_A/oserdes_clkdiv
    OUT_FIFO_X1Y4        OUT_FIFO                                     r  i_dram_wrapper/i_dram/u_mig7s_mig/u_memc_ui_top_axi/mem_intfc0/ddr_phy_top0/u_ddr_mc_phy_wrapper/u_ddr_mc_phy/ddr_phy_4lanes_1.u_ddr_phy_4lanes/ddr_byte_lane_A.ddr_byte_lane_A/out_fifo/RDCLK
  -------------------------------------------------------------------    -------------------
    OUT_FIFO_X1Y4        OUT_FIFO (Prop_out_fifo_RDCLK_Q1[2])
                                                      0.154     3.308 r  i_dram_wrapper/i_dram/u_mig7s_mig/u_memc_ui_top_axi/mem_intfc0/ddr_phy_top0/u_ddr_mc_phy_wrapper/u_ddr_mc_phy/ddr_phy_4lanes_1.u_ddr_phy_4lanes/ddr_byte_lane_A.ddr_byte_lane_A/out_fifo/Q1[2]
                         net (fo=1, estimated)        0.140     3.448    i_dram_wrapper/i_dram/u_mig7s_mig/u_memc_ui_top_axi/mem_intfc0/ddr_phy_top0/u_ddr_mc_phy_wrapper/u_ddr_mc_phy/ddr_phy_4lanes_1.u_ddr_phy_4lanes/ddr_byte_lane_A.ddr_byte_lane_A/ddr_byte_group_io/oserdes_dq[6]
    OLOGIC_X1Y52         OSERDESE2                                    r  i_dram_wrapper/i_dram/u_mig7s_mig/u_memc_ui_top_axi/mem_intfc0/ddr_phy_top0/u_ddr_mc_phy_wrapper/u_ddr_mc_phy/ddr_phy_4lanes_1.u_ddr_phy_4lanes/ddr_byte_lane_A.ddr_byte_lane_A/ddr_byte_group_io/output_[1].oserdes_dq_.sdr.oserdes_dq_i/D3
  -------------------------------------------------------------------    -------------------

                         (clock oserdes_clkdiv_4 rise edge)
                                                      0.000     0.000 r  
    AD12                                              0.000     0.000 r  sys_clk_p (IN)
                         net (fo=0)                   0.000     0.000    sys_clk_p
    AD12                 IBUFDS (Prop_ibufds_I_O)     0.470     0.470 r  i_bufds_sys_clk/O
                         net (fo=65, estimated)       0.573     1.043    i_dram_wrapper/i_dram/u_mig7s_mig/u_ddr3_infrastructure/plle2_i_0
    PLLE2_ADV_X1Y1       PLLE2_ADV (Prop_plle2_adv_CLKIN1_CLKOUT1)
                                                      0.053     1.096 r  i_dram_wrapper/i_dram/u_mig7s_mig/u_ddr3_infrastructure/plle2_i/CLKOUT1
                         net (fo=14, estimated)       0.289     1.385    i_dram_wrapper/i_dram/u_mig7s_mig/u_memc_ui_top_axi/mem_intfc0/ddr_phy_top0/u_ddr_mc_phy_wrapper/u_ddr_mc_phy/ddr_phy_4lanes_1.u_ddr_phy_4lanes/ddr_byte_lane_A.ddr_byte_lane_A/mem_refclk
    PHASER_OUT_PHY_X1Y4  PHASER_OUT_PHY (Prop_phaser_out_phy_MEMREFCLK_OCLK)
                                                      1.858     3.243 r  i_dram_wrapper/i_dram/u_mig7s_mig/u_memc_ui_top_axi/mem_intfc0/ddr_phy_top0/u_ddr_mc_phy_wrapper/u_ddr_mc_phy/ddr_phy_4lanes_1.u_ddr_phy_4lanes/ddr_byte_lane_A.ddr_byte_lane_A/phaser_out/OCLK
    PHASER_OUT_PHY_X1Y4  PHASER_OUT_PHY (Prop_phaser_out_phy_OCLK_OCLKDIV)
                                                      0.088     3.331 r  i_dram_wrapper/i_dram/u_mig7s_mig/u_memc_ui_top_axi/mem_intfc0/ddr_phy_top0/u_ddr_mc_phy_wrapper/u_ddr_mc_phy/ddr_phy_4lanes_1.u_ddr_phy_4lanes/ddr_byte_lane_A.ddr_byte_lane_A/phaser_out/OCLKDIV
                         net (fo=3, estimated)        0.179     3.510    i_dram_wrapper/i_dram/u_mig7s_mig/u_memc_ui_top_axi/mem_intfc0/ddr_phy_top0/u_ddr_mc_phy_wrapper/u_ddr_mc_phy/ddr_phy_4lanes_1.u_ddr_phy_4lanes/ddr_byte_lane_A.ddr_byte_lane_A/ddr_byte_group_io/oserdes_clkdiv
    OLOGIC_X1Y52         OSERDESE2                                    r  i_dram_wrapper/i_dram/u_mig7s_mig/u_memc_ui_top_axi/mem_intfc0/ddr_phy_top0/u_ddr_mc_phy_wrapper/u_ddr_mc_phy/ddr_phy_4lanes_1.u_ddr_phy_4lanes/ddr_byte_lane_A.ddr_byte_lane_A/ddr_byte_group_io/output_[1].oserdes_dq_.sdr.oserdes_dq_i/CLKDIV
                         clock pessimism             -0.177     3.333    
    OLOGIC_X1Y52         OSERDESE2 (Hold_oserdese2_CLKDIV_D3)
                                                      0.021     3.354    i_dram_wrapper/i_dram/u_mig7s_mig/u_memc_ui_top_axi/mem_intfc0/ddr_phy_top0/u_ddr_mc_phy_wrapper/u_ddr_mc_phy/ddr_phy_4lanes_1.u_ddr_phy_4lanes/ddr_byte_lane_A.ddr_byte_lane_A/ddr_byte_group_io/output_[1].oserdes_dq_.sdr.oserdes_dq_i
  -------------------------------------------------------------------
                         required time                         -3.354    
                         arrival time                           3.448    
  -------------------------------------------------------------------
                         slack                                  0.094    





Pulse Width Checks
--------------------------------------------------------------------------------------
Clock Name:         oserdes_clkdiv_4
Waveform(ns):       { 0.000 2.500 }
Period(ns):         5.000
Sources:            { i_dram_wrapper/i_dram/u_mig7s_mig/u_memc_ui_top_axi/mem_intfc0/ddr_phy_top0/u_ddr_mc_phy_wrapper/u_ddr_mc_phy/ddr_phy_4lanes_1.u_ddr_phy_4lanes/ddr_byte_lane_A.ddr_byte_lane_A/phaser_out/OCLKDIV }

Check Type        Corner  Lib Pin         Reference Pin  Required(ns)  Actual(ns)  Slack(ns)  Location       Pin
Min Period        n/a     OUT_FIFO/RDCLK  n/a            2.126         5.000       2.874      OUT_FIFO_X1Y4  i_dram_wrapper/i_dram/u_mig7s_mig/u_memc_ui_top_axi/mem_intfc0/ddr_phy_top0/u_ddr_mc_phy_wrapper/u_ddr_mc_phy/ddr_phy_4lanes_1.u_ddr_phy_4lanes/ddr_byte_lane_A.ddr_byte_lane_A/out_fifo/RDCLK
Low Pulse Width   Slow    OUT_FIFO/RDCLK  n/a            0.914         2.500       1.586      OUT_FIFO_X1Y4  i_dram_wrapper/i_dram/u_mig7s_mig/u_memc_ui_top_axi/mem_intfc0/ddr_phy_top0/u_ddr_mc_phy_wrapper/u_ddr_mc_phy/ddr_phy_4lanes_1.u_ddr_phy_4lanes/ddr_byte_lane_A.ddr_byte_lane_A/out_fifo/RDCLK
High Pulse Width  Slow    OUT_FIFO/RDCLK  n/a            0.914         2.500       1.586      OUT_FIFO_X1Y4  i_dram_wrapper/i_dram/u_mig7s_mig/u_memc_ui_top_axi/mem_intfc0/ddr_phy_top0/u_ddr_mc_phy_wrapper/u_ddr_mc_phy/ddr_phy_4lanes_1.u_ddr_phy_4lanes/ddr_byte_lane_A.ddr_byte_lane_A/out_fifo/RDCLK



---------------------------------------------------------------------------------------------------
From Clock:  oserdes_clk_5
  To Clock:  oserdes_clk_5

Setup :           NA  Failing Endpoints,  Worst Slack           NA  ,  Total Violation           NA
Hold  :           NA  Failing Endpoints,  Worst Slack           NA  ,  Total Violation           NA
PW    :            0  Failing Endpoints,  Worst Slack        0.180ns,  Total Violation        0.000ns
---------------------------------------------------------------------------------------------------


Pulse Width Checks
--------------------------------------------------------------------------------------
Clock Name:         oserdes_clk_5
Waveform(ns):       { 0.000 0.625 }
Period(ns):         1.250
Sources:            { i_dram_wrapper/i_dram/u_mig7s_mig/u_memc_ui_top_axi/mem_intfc0/ddr_phy_top0/u_ddr_mc_phy_wrapper/u_ddr_mc_phy/ddr_phy_4lanes_1.u_ddr_phy_4lanes/ddr_byte_lane_B.ddr_byte_lane_B/phaser_out/OCLK }

Check Type  Corner  Lib Pin        Reference Pin  Required(ns)  Actual(ns)  Slack(ns)  Location      Pin
Min Period  n/a     OSERDESE2/CLK  n/a            1.070         1.250       0.180      OLOGIC_X1Y69  i_dram_wrapper/i_dram/u_mig7s_mig/u_memc_ui_top_axi/mem_intfc0/ddr_phy_top0/u_ddr_mc_phy_wrapper/u_ddr_mc_phy/ddr_phy_4lanes_1.u_ddr_phy_4lanes/ddr_byte_lane_B.ddr_byte_lane_B/ddr_byte_group_io/output_[10].oserdes_dq_.sdr.oserdes_dq_i/CLK



---------------------------------------------------------------------------------------------------
From Clock:  oserdes_clkdiv_5
  To Clock:  oserdes_clkdiv_5

Setup :            0  Failing Endpoints,  Worst Slack        4.035ns,  Total Violation        0.000ns
Hold  :            0  Failing Endpoints,  Worst Slack        0.101ns,  Total Violation        0.000ns
PW    :            0  Failing Endpoints,  Worst Slack        1.586ns,  Total Violation        0.000ns
---------------------------------------------------------------------------------------------------


Max Delay Paths
--------------------------------------------------------------------------------------
Slack (MET) :             4.035ns  (required time - arrival time)
  Source:                 i_dram_wrapper/i_dram/u_mig7s_mig/u_memc_ui_top_axi/mem_intfc0/ddr_phy_top0/u_ddr_mc_phy_wrapper/u_ddr_mc_phy/ddr_phy_4lanes_1.u_ddr_phy_4lanes/ddr_byte_lane_B.ddr_byte_lane_B/out_fifo/RDCLK
                            (rising edge-triggered cell OUT_FIFO clocked by oserdes_clkdiv_5  {rise@0.000ns fall@2.500ns period=5.000ns})
  Destination:            i_dram_wrapper/i_dram/u_mig7s_mig/u_memc_ui_top_axi/mem_intfc0/ddr_phy_top0/u_ddr_mc_phy_wrapper/u_ddr_mc_phy/ddr_phy_4lanes_1.u_ddr_phy_4lanes/ddr_byte_lane_B.ddr_byte_lane_B/ddr_byte_group_io/output_[10].oserdes_dq_.sdr.oserdes_dq_i/D1
                            (rising edge-triggered cell OSERDESE2 clocked by oserdes_clkdiv_5  {rise@0.000ns fall@2.500ns period=5.000ns})
  Path Group:             oserdes_clkdiv_5
  Path Type:              Setup (Max at Slow Process Corner)
  Requirement:            5.000ns  (oserdes_clkdiv_5 rise@5.000ns - oserdes_clkdiv_5 rise@0.000ns)
  Data Path Delay:        0.838ns  (logic 0.552ns (65.871%)  route 0.286ns (34.129%))
  Logic Levels:           0  
  Clock Path Skew:        0.313ns (DCD - SCD + CPR)
    Destination Clock Delay (DCD):    4.910ns = ( 9.910 - 5.000 ) 
    Source Clock Delay      (SCD):    4.849ns
    Clock Pessimism Removal (CPR):    0.253ns
  Clock Uncertainty:      0.047ns  ((TSJ^2 + DJ^2)^1/2) / 2 + PE
    Total System Jitter     (TSJ):    0.071ns
    Discrete Jitter          (DJ):    0.061ns
    Phase Error              (PE):    0.000ns

    Location             Delay type                Incr(ns)  Path(ns)    Netlist Resource(s)
  -------------------------------------------------------------------    -------------------
                         (clock oserdes_clkdiv_5 rise edge)
                                                      0.000     0.000 r  
    AD12                                              0.000     0.000 r  sys_clk_p (IN)
                         net (fo=0)                   0.000     0.000    sys_clk_p
    AD12                 IBUFDS (Prop_ibufds_I_O)     0.906     0.906 r  i_bufds_sys_clk/O
                         net (fo=65, estimated)       1.098     2.004    i_dram_wrapper/i_dram/u_mig7s_mig/u_ddr3_infrastructure/plle2_i_0
    PLLE2_ADV_X1Y1       PLLE2_ADV (Prop_plle2_adv_CLKIN1_CLKOUT1)
                                                      0.077     2.081 r  i_dram_wrapper/i_dram/u_mig7s_mig/u_ddr3_infrastructure/plle2_i/CLKOUT1
                         net (fo=14, estimated)       0.544     2.625    i_dram_wrapper/i_dram/u_mig7s_mig/u_memc_ui_top_axi/mem_intfc0/ddr_phy_top0/u_ddr_mc_phy_wrapper/u_ddr_mc_phy/ddr_phy_4lanes_1.u_ddr_phy_4lanes/ddr_byte_lane_B.ddr_byte_lane_B/mem_refclk
    PHASER_OUT_PHY_X1Y5  PHASER_OUT_PHY (Prop_phaser_out_phy_MEMREFCLK_OCLK)
                                                      2.083     4.708 r  i_dram_wrapper/i_dram/u_mig7s_mig/u_memc_ui_top_axi/mem_intfc0/ddr_phy_top0/u_ddr_mc_phy_wrapper/u_ddr_mc_phy/ddr_phy_4lanes_1.u_ddr_phy_4lanes/ddr_byte_lane_B.ddr_byte_lane_B/phaser_out/OCLK
    PHASER_OUT_PHY_X1Y5  PHASER_OUT_PHY (Prop_phaser_out_phy_OCLK_OCLKDIV)
                                                      0.141     4.849 r  i_dram_wrapper/i_dram/u_mig7s_mig/u_memc_ui_top_axi/mem_intfc0/ddr_phy_top0/u_ddr_mc_phy_wrapper/u_ddr_mc_phy/ddr_phy_4lanes_1.u_ddr_phy_4lanes/ddr_byte_lane_B.ddr_byte_lane_B/phaser_out/OCLKDIV
                         net (fo=4, estimated)        0.000     4.849    i_dram_wrapper/i_dram/u_mig7s_mig/u_memc_ui_top_axi/mem_intfc0/ddr_phy_top0/u_ddr_mc_phy_wrapper/u_ddr_mc_phy/ddr_phy_4lanes_1.u_ddr_phy_4lanes/ddr_byte_lane_B.ddr_byte_lane_B/oserdes_clkdiv
    OUT_FIFO_X1Y5        OUT_FIFO                                     r  i_dram_wrapper/i_dram/u_mig7s_mig/u_memc_ui_top_axi/mem_intfc0/ddr_phy_top0/u_ddr_mc_phy_wrapper/u_ddr_mc_phy/ddr_phy_4lanes_1.u_ddr_phy_4lanes/ddr_byte_lane_B.ddr_byte_lane_B/out_fifo/RDCLK
  -------------------------------------------------------------------    -------------------
    OUT_FIFO_X1Y5        OUT_FIFO (Prop_out_fifo_RDCLK_Q5[4])
                                                      0.552     5.401 r  i_dram_wrapper/i_dram/u_mig7s_mig/u_memc_ui_top_axi/mem_intfc0/ddr_phy_top0/u_ddr_mc_phy_wrapper/u_ddr_mc_phy/ddr_phy_4lanes_1.u_ddr_phy_4lanes/ddr_byte_lane_B.ddr_byte_lane_B/out_fifo/Q5[4]
                         net (fo=1, estimated)        0.286     5.687    i_dram_wrapper/i_dram/u_mig7s_mig/u_memc_ui_top_axi/mem_intfc0/ddr_phy_top0/u_ddr_mc_phy_wrapper/u_ddr_mc_phy/ddr_phy_4lanes_1.u_ddr_phy_4lanes/ddr_byte_lane_B.ddr_byte_lane_B/ddr_byte_group_io/oserdes_dq[4]
    OLOGIC_X1Y69         OSERDESE2                                    r  i_dram_wrapper/i_dram/u_mig7s_mig/u_memc_ui_top_axi/mem_intfc0/ddr_phy_top0/u_ddr_mc_phy_wrapper/u_ddr_mc_phy/ddr_phy_4lanes_1.u_ddr_phy_4lanes/ddr_byte_lane_B.ddr_byte_lane_B/ddr_byte_group_io/output_[10].oserdes_dq_.sdr.oserdes_dq_i/D1
  -------------------------------------------------------------------    -------------------

                         (clock oserdes_clkdiv_5 rise edge)
                                                      5.000     5.000 r  
    AD12                                              0.000     5.000 r  sys_clk_p (IN)
                         net (fo=0)                   0.000     5.000    sys_clk_p
    AD12                 IBUFDS (Prop_ibufds_I_O)     0.803     5.803 r  i_bufds_sys_clk/O
                         net (fo=65, estimated)       1.043     6.847    i_dram_wrapper/i_dram/u_mig7s_mig/u_ddr3_infrastructure/plle2_i_0
    PLLE2_ADV_X1Y1       PLLE2_ADV (Prop_plle2_adv_CLKIN1_CLKOUT1)
                                                      0.073     6.920 r  i_dram_wrapper/i_dram/u_mig7s_mig/u_ddr3_infrastructure/plle2_i/CLKOUT1
                         net (fo=14, estimated)       0.517     7.436    i_dram_wrapper/i_dram/u_mig7s_mig/u_memc_ui_top_axi/mem_intfc0/ddr_phy_top0/u_ddr_mc_phy_wrapper/u_ddr_mc_phy/ddr_phy_4lanes_1.u_ddr_phy_4lanes/ddr_byte_lane_B.ddr_byte_lane_B/mem_refclk
    PHASER_OUT_PHY_X1Y5  PHASER_OUT_PHY (Prop_phaser_out_phy_MEMREFCLK_OCLK)
                                                      2.027     9.463 r  i_dram_wrapper/i_dram/u_mig7s_mig/u_memc_ui_top_axi/mem_intfc0/ddr_phy_top0/u_ddr_mc_phy_wrapper/u_ddr_mc_phy/ddr_phy_4lanes_1.u_ddr_phy_4lanes/ddr_byte_lane_B.ddr_byte_lane_B/phaser_out/OCLK
    PHASER_OUT_PHY_X1Y5  PHASER_OUT_PHY (Prop_phaser_out_phy_OCLK_OCLKDIV)
                                                      0.133     9.596 r  i_dram_wrapper/i_dram/u_mig7s_mig/u_memc_ui_top_axi/mem_intfc0/ddr_phy_top0/u_ddr_mc_phy_wrapper/u_ddr_mc_phy/ddr_phy_4lanes_1.u_ddr_phy_4lanes/ddr_byte_lane_B.ddr_byte_lane_B/phaser_out/OCLKDIV
                         net (fo=4, estimated)        0.314     9.910    i_dram_wrapper/i_dram/u_mig7s_mig/u_memc_ui_top_axi/mem_intfc0/ddr_phy_top0/u_ddr_mc_phy_wrapper/u_ddr_mc_phy/ddr_phy_4lanes_1.u_ddr_phy_4lanes/ddr_byte_lane_B.ddr_byte_lane_B/ddr_byte_group_io/oserdes_clkdiv
    OLOGIC_X1Y69         OSERDESE2                                    r  i_dram_wrapper/i_dram/u_mig7s_mig/u_memc_ui_top_axi/mem_intfc0/ddr_phy_top0/u_ddr_mc_phy_wrapper/u_ddr_mc_phy/ddr_phy_4lanes_1.u_ddr_phy_4lanes/ddr_byte_lane_B.ddr_byte_lane_B/ddr_byte_group_io/output_[10].oserdes_dq_.sdr.oserdes_dq_i/CLKDIV
                         clock pessimism              0.253    10.162    
                         clock uncertainty           -0.047    10.116    
    OLOGIC_X1Y69         OSERDESE2 (Setup_oserdese2_CLKDIV_D1)
                                                     -0.394     9.722    i_dram_wrapper/i_dram/u_mig7s_mig/u_memc_ui_top_axi/mem_intfc0/ddr_phy_top0/u_ddr_mc_phy_wrapper/u_ddr_mc_phy/ddr_phy_4lanes_1.u_ddr_phy_4lanes/ddr_byte_lane_B.ddr_byte_lane_B/ddr_byte_group_io/output_[10].oserdes_dq_.sdr.oserdes_dq_i
  -------------------------------------------------------------------
                         required time                          9.722    
                         arrival time                          -5.687    
  -------------------------------------------------------------------
                         slack                                  4.035    





Min Delay Paths
--------------------------------------------------------------------------------------
Slack (MET) :             0.101ns  (arrival time - required time)
  Source:                 i_dram_wrapper/i_dram/u_mig7s_mig/u_memc_ui_top_axi/mem_intfc0/ddr_phy_top0/u_ddr_mc_phy_wrapper/u_ddr_mc_phy/ddr_phy_4lanes_1.u_ddr_phy_4lanes/ddr_byte_lane_B.ddr_byte_lane_B/out_fifo/RDCLK
                            (rising edge-triggered cell OUT_FIFO clocked by oserdes_clkdiv_5  {rise@0.000ns fall@2.500ns period=5.000ns})
  Destination:            i_dram_wrapper/i_dram/u_mig7s_mig/u_memc_ui_top_axi/mem_intfc0/ddr_phy_top0/u_ddr_mc_phy_wrapper/u_ddr_mc_phy/ddr_phy_4lanes_1.u_ddr_phy_4lanes/ddr_byte_lane_B.ddr_byte_lane_B/ddr_byte_group_io/output_[4].oserdes_dq_.sdr.oserdes_dq_i/D3
                            (rising edge-triggered cell OSERDESE2 clocked by oserdes_clkdiv_5  {rise@0.000ns fall@2.500ns period=5.000ns})
  Path Group:             oserdes_clkdiv_5
  Path Type:              Hold (Min at Fast Process Corner)
  Requirement:            0.000ns  (oserdes_clkdiv_5 rise@0.000ns - oserdes_clkdiv_5 rise@0.000ns)
  Data Path Delay:        0.295ns  (logic 0.155ns (52.570%)  route 0.140ns (47.430%))
  Logic Levels:           0  
  Clock Path Skew:        0.173ns (DCD - SCD - CPR)
    Destination Clock Delay (DCD):    3.499ns
    Source Clock Delay      (SCD):    3.149ns
    Clock Pessimism Removal (CPR):    0.177ns

    Location             Delay type                Incr(ns)  Path(ns)    Netlist Resource(s)
  -------------------------------------------------------------------    -------------------
                         (clock oserdes_clkdiv_5 rise edge)
                                                      0.000     0.000 r  
    AD12                                              0.000     0.000 r  sys_clk_p (IN)
                         net (fo=0)                   0.000     0.000    sys_clk_p
    AD12                 IBUFDS (Prop_ibufds_I_O)     0.388     0.388 r  i_bufds_sys_clk/O
                         net (fo=65, estimated)       0.545     0.933    i_dram_wrapper/i_dram/u_mig7s_mig/u_ddr3_infrastructure/plle2_i_0
    PLLE2_ADV_X1Y1       PLLE2_ADV (Prop_plle2_adv_CLKIN1_CLKOUT1)
                                                      0.050     0.983 r  i_dram_wrapper/i_dram/u_mig7s_mig/u_ddr3_infrastructure/plle2_i/CLKOUT1
                         net (fo=14, estimated)       0.270     1.253    i_dram_wrapper/i_dram/u_mig7s_mig/u_memc_ui_top_axi/mem_intfc0/ddr_phy_top0/u_ddr_mc_phy_wrapper/u_ddr_mc_phy/ddr_phy_4lanes_1.u_ddr_phy_4lanes/ddr_byte_lane_B.ddr_byte_lane_B/mem_refclk
    PHASER_OUT_PHY_X1Y5  PHASER_OUT_PHY (Prop_phaser_out_phy_MEMREFCLK_OCLK)
                                                      1.813     3.066 r  i_dram_wrapper/i_dram/u_mig7s_mig/u_memc_ui_top_axi/mem_intfc0/ddr_phy_top0/u_ddr_mc_phy_wrapper/u_ddr_mc_phy/ddr_phy_4lanes_1.u_ddr_phy_4lanes/ddr_byte_lane_B.ddr_byte_lane_B/phaser_out/OCLK
    PHASER_OUT_PHY_X1Y5  PHASER_OUT_PHY (Prop_phaser_out_phy_OCLK_OCLKDIV)
                                                      0.083     3.149 r  i_dram_wrapper/i_dram/u_mig7s_mig/u_memc_ui_top_axi/mem_intfc0/ddr_phy_top0/u_ddr_mc_phy_wrapper/u_ddr_mc_phy/ddr_phy_4lanes_1.u_ddr_phy_4lanes/ddr_byte_lane_B.ddr_byte_lane_B/phaser_out/OCLKDIV
                         net (fo=4, estimated)        0.000     3.149    i_dram_wrapper/i_dram/u_mig7s_mig/u_memc_ui_top_axi/mem_intfc0/ddr_phy_top0/u_ddr_mc_phy_wrapper/u_ddr_mc_phy/ddr_phy_4lanes_1.u_ddr_phy_4lanes/ddr_byte_lane_B.ddr_byte_lane_B/oserdes_clkdiv
    OUT_FIFO_X1Y5        OUT_FIFO                                     r  i_dram_wrapper/i_dram/u_mig7s_mig/u_memc_ui_top_axi/mem_intfc0/ddr_phy_top0/u_ddr_mc_phy_wrapper/u_ddr_mc_phy/ddr_phy_4lanes_1.u_ddr_phy_4lanes/ddr_byte_lane_B.ddr_byte_lane_B/out_fifo/RDCLK
  -------------------------------------------------------------------    -------------------
    OUT_FIFO_X1Y5        OUT_FIFO (Prop_out_fifo_RDCLK_Q4[2])
                                                      0.155     3.304 r  i_dram_wrapper/i_dram/u_mig7s_mig/u_memc_ui_top_axi/mem_intfc0/ddr_phy_top0/u_ddr_mc_phy_wrapper/u_ddr_mc_phy/ddr_phy_4lanes_1.u_ddr_phy_4lanes/ddr_byte_lane_B.ddr_byte_lane_B/out_fifo/Q4[2]
                         net (fo=1, estimated)        0.140     3.444    i_dram_wrapper/i_dram/u_mig7s_mig/u_memc_ui_top_axi/mem_intfc0/ddr_phy_top0/u_ddr_mc_phy_wrapper/u_ddr_mc_phy/ddr_phy_4lanes_1.u_ddr_phy_4lanes/ddr_byte_lane_B.ddr_byte_lane_B/ddr_byte_group_io/oserdes_dq[2]
    OLOGIC_X1Y67         OSERDESE2                                    r  i_dram_wrapper/i_dram/u_mig7s_mig/u_memc_ui_top_axi/mem_intfc0/ddr_phy_top0/u_ddr_mc_phy_wrapper/u_ddr_mc_phy/ddr_phy_4lanes_1.u_ddr_phy_4lanes/ddr_byte_lane_B.ddr_byte_lane_B/ddr_byte_group_io/output_[4].oserdes_dq_.sdr.oserdes_dq_i/D3
  -------------------------------------------------------------------    -------------------

                         (clock oserdes_clkdiv_5 rise edge)
                                                      0.000     0.000 r  
    AD12                                              0.000     0.000 r  sys_clk_p (IN)
                         net (fo=0)                   0.000     0.000    sys_clk_p
    AD12                 IBUFDS (Prop_ibufds_I_O)     0.470     0.470 r  i_bufds_sys_clk/O
                         net (fo=65, estimated)       0.573     1.043    i_dram_wrapper/i_dram/u_mig7s_mig/u_ddr3_infrastructure/plle2_i_0
    PLLE2_ADV_X1Y1       PLLE2_ADV (Prop_plle2_adv_CLKIN1_CLKOUT1)
                                                      0.053     1.096 r  i_dram_wrapper/i_dram/u_mig7s_mig/u_ddr3_infrastructure/plle2_i/CLKOUT1
                         net (fo=14, estimated)       0.284     1.380    i_dram_wrapper/i_dram/u_mig7s_mig/u_memc_ui_top_axi/mem_intfc0/ddr_phy_top0/u_ddr_mc_phy_wrapper/u_ddr_mc_phy/ddr_phy_4lanes_1.u_ddr_phy_4lanes/ddr_byte_lane_B.ddr_byte_lane_B/mem_refclk
    PHASER_OUT_PHY_X1Y5  PHASER_OUT_PHY (Prop_phaser_out_phy_MEMREFCLK_OCLK)
                                                      1.858     3.238 r  i_dram_wrapper/i_dram/u_mig7s_mig/u_memc_ui_top_axi/mem_intfc0/ddr_phy_top0/u_ddr_mc_phy_wrapper/u_ddr_mc_phy/ddr_phy_4lanes_1.u_ddr_phy_4lanes/ddr_byte_lane_B.ddr_byte_lane_B/phaser_out/OCLK
    PHASER_OUT_PHY_X1Y5  PHASER_OUT_PHY (Prop_phaser_out_phy_OCLK_OCLKDIV)
                                                      0.088     3.326 r  i_dram_wrapper/i_dram/u_mig7s_mig/u_memc_ui_top_axi/mem_intfc0/ddr_phy_top0/u_ddr_mc_phy_wrapper/u_ddr_mc_phy/ddr_phy_4lanes_1.u_ddr_phy_4lanes/ddr_byte_lane_B.ddr_byte_lane_B/phaser_out/OCLKDIV
                         net (fo=4, estimated)        0.173     3.499    i_dram_wrapper/i_dram/u_mig7s_mig/u_memc_ui_top_axi/mem_intfc0/ddr_phy_top0/u_ddr_mc_phy_wrapper/u_ddr_mc_phy/ddr_phy_4lanes_1.u_ddr_phy_4lanes/ddr_byte_lane_B.ddr_byte_lane_B/ddr_byte_group_io/oserdes_clkdiv
    OLOGIC_X1Y67         OSERDESE2                                    r  i_dram_wrapper/i_dram/u_mig7s_mig/u_memc_ui_top_axi/mem_intfc0/ddr_phy_top0/u_ddr_mc_phy_wrapper/u_ddr_mc_phy/ddr_phy_4lanes_1.u_ddr_phy_4lanes/ddr_byte_lane_B.ddr_byte_lane_B/ddr_byte_group_io/output_[4].oserdes_dq_.sdr.oserdes_dq_i/CLKDIV
                         clock pessimism             -0.177     3.322    
    OLOGIC_X1Y67         OSERDESE2 (Hold_oserdese2_CLKDIV_D3)
                                                      0.021     3.343    i_dram_wrapper/i_dram/u_mig7s_mig/u_memc_ui_top_axi/mem_intfc0/ddr_phy_top0/u_ddr_mc_phy_wrapper/u_ddr_mc_phy/ddr_phy_4lanes_1.u_ddr_phy_4lanes/ddr_byte_lane_B.ddr_byte_lane_B/ddr_byte_group_io/output_[4].oserdes_dq_.sdr.oserdes_dq_i
  -------------------------------------------------------------------
                         required time                         -3.343    
                         arrival time                           3.444    
  -------------------------------------------------------------------
                         slack                                  0.101    





Pulse Width Checks
--------------------------------------------------------------------------------------
Clock Name:         oserdes_clkdiv_5
Waveform(ns):       { 0.000 2.500 }
Period(ns):         5.000
Sources:            { i_dram_wrapper/i_dram/u_mig7s_mig/u_memc_ui_top_axi/mem_intfc0/ddr_phy_top0/u_ddr_mc_phy_wrapper/u_ddr_mc_phy/ddr_phy_4lanes_1.u_ddr_phy_4lanes/ddr_byte_lane_B.ddr_byte_lane_B/phaser_out/OCLKDIV }

Check Type        Corner  Lib Pin         Reference Pin  Required(ns)  Actual(ns)  Slack(ns)  Location       Pin
Min Period        n/a     OUT_FIFO/RDCLK  n/a            2.126         5.000       2.874      OUT_FIFO_X1Y5  i_dram_wrapper/i_dram/u_mig7s_mig/u_memc_ui_top_axi/mem_intfc0/ddr_phy_top0/u_ddr_mc_phy_wrapper/u_ddr_mc_phy/ddr_phy_4lanes_1.u_ddr_phy_4lanes/ddr_byte_lane_B.ddr_byte_lane_B/out_fifo/RDCLK
Low Pulse Width   Slow    OUT_FIFO/RDCLK  n/a            0.914         2.500       1.586      OUT_FIFO_X1Y5  i_dram_wrapper/i_dram/u_mig7s_mig/u_memc_ui_top_axi/mem_intfc0/ddr_phy_top0/u_ddr_mc_phy_wrapper/u_ddr_mc_phy/ddr_phy_4lanes_1.u_ddr_phy_4lanes/ddr_byte_lane_B.ddr_byte_lane_B/out_fifo/RDCLK
High Pulse Width  Slow    OUT_FIFO/RDCLK  n/a            0.914         2.500       1.586      OUT_FIFO_X1Y5  i_dram_wrapper/i_dram/u_mig7s_mig/u_memc_ui_top_axi/mem_intfc0/ddr_phy_top0/u_ddr_mc_phy_wrapper/u_ddr_mc_phy/ddr_phy_4lanes_1.u_ddr_phy_4lanes/ddr_byte_lane_B.ddr_byte_lane_B/out_fifo/RDCLK



---------------------------------------------------------------------------------------------------
From Clock:  oserdes_clk_6
  To Clock:  oserdes_clk_6

Setup :           NA  Failing Endpoints,  Worst Slack           NA  ,  Total Violation           NA
Hold  :           NA  Failing Endpoints,  Worst Slack           NA  ,  Total Violation           NA
PW    :            0  Failing Endpoints,  Worst Slack        0.180ns,  Total Violation        0.000ns
---------------------------------------------------------------------------------------------------


Pulse Width Checks
--------------------------------------------------------------------------------------
Clock Name:         oserdes_clk_6
Waveform(ns):       { 0.000 0.625 }
Period(ns):         1.250
Sources:            { i_dram_wrapper/i_dram/u_mig7s_mig/u_memc_ui_top_axi/mem_intfc0/ddr_phy_top0/u_ddr_mc_phy_wrapper/u_ddr_mc_phy/ddr_phy_4lanes_1.u_ddr_phy_4lanes/ddr_byte_lane_C.ddr_byte_lane_C/phaser_out/OCLK }

Check Type  Corner  Lib Pin        Reference Pin  Required(ns)  Actual(ns)  Slack(ns)  Location      Pin
Min Period  n/a     OSERDESE2/CLK  n/a            1.070         1.250       0.180      OLOGIC_X1Y81  i_dram_wrapper/i_dram/u_mig7s_mig/u_memc_ui_top_axi/mem_intfc0/ddr_phy_top0/u_ddr_mc_phy_wrapper/u_ddr_mc_phy/ddr_phy_4lanes_1.u_ddr_phy_4lanes/ddr_byte_lane_C.ddr_byte_lane_C/ddr_byte_group_io/output_[10].oserdes_dq_.sdr.oserdes_dq_i/CLK



---------------------------------------------------------------------------------------------------
From Clock:  oserdes_clkdiv_6
  To Clock:  oserdes_clkdiv_6

Setup :            0  Failing Endpoints,  Worst Slack        4.040ns,  Total Violation        0.000ns
Hold  :            0  Failing Endpoints,  Worst Slack        0.092ns,  Total Violation        0.000ns
PW    :            0  Failing Endpoints,  Worst Slack        1.586ns,  Total Violation        0.000ns
---------------------------------------------------------------------------------------------------


Max Delay Paths
--------------------------------------------------------------------------------------
Slack (MET) :             4.040ns  (required time - arrival time)
  Source:                 i_dram_wrapper/i_dram/u_mig7s_mig/u_memc_ui_top_axi/mem_intfc0/ddr_phy_top0/u_ddr_mc_phy_wrapper/u_ddr_mc_phy/ddr_phy_4lanes_1.u_ddr_phy_4lanes/ddr_byte_lane_C.ddr_byte_lane_C/out_fifo/RDCLK
                            (rising edge-triggered cell OUT_FIFO clocked by oserdes_clkdiv_6  {rise@0.000ns fall@2.500ns period=5.000ns})
  Destination:            i_dram_wrapper/i_dram/u_mig7s_mig/u_memc_ui_top_axi/mem_intfc0/ddr_phy_top0/u_ddr_mc_phy_wrapper/u_ddr_mc_phy/ddr_phy_4lanes_1.u_ddr_phy_4lanes/ddr_byte_lane_C.ddr_byte_lane_C/ddr_byte_group_io/output_[10].oserdes_dq_.sdr.oserdes_dq_i/D1
                            (rising edge-triggered cell OSERDESE2 clocked by oserdes_clkdiv_6  {rise@0.000ns fall@2.500ns period=5.000ns})
  Path Group:             oserdes_clkdiv_6
  Path Type:              Setup (Max at Slow Process Corner)
  Requirement:            5.000ns  (oserdes_clkdiv_6 rise@5.000ns - oserdes_clkdiv_6 rise@0.000ns)
  Data Path Delay:        0.838ns  (logic 0.552ns (65.871%)  route 0.286ns (34.129%))
  Logic Levels:           0  
  Clock Path Skew:        0.319ns (DCD - SCD + CPR)
    Destination Clock Delay (DCD):    4.925ns = ( 9.925 - 5.000 ) 
    Source Clock Delay      (SCD):    4.859ns
    Clock Pessimism Removal (CPR):    0.253ns
  Clock Uncertainty:      0.047ns  ((TSJ^2 + DJ^2)^1/2) / 2 + PE
    Total System Jitter     (TSJ):    0.071ns
    Discrete Jitter          (DJ):    0.061ns
    Phase Error              (PE):    0.000ns

    Location             Delay type                Incr(ns)  Path(ns)    Netlist Resource(s)
  -------------------------------------------------------------------    -------------------
                         (clock oserdes_clkdiv_6 rise edge)
                                                      0.000     0.000 r  
    AD12                                              0.000     0.000 r  sys_clk_p (IN)
                         net (fo=0)                   0.000     0.000    sys_clk_p
    AD12                 IBUFDS (Prop_ibufds_I_O)     0.906     0.906 r  i_bufds_sys_clk/O
                         net (fo=65, estimated)       1.098     2.004    i_dram_wrapper/i_dram/u_mig7s_mig/u_ddr3_infrastructure/plle2_i_0
    PLLE2_ADV_X1Y1       PLLE2_ADV (Prop_plle2_adv_CLKIN1_CLKOUT1)
                                                      0.077     2.081 r  i_dram_wrapper/i_dram/u_mig7s_mig/u_ddr3_infrastructure/plle2_i/CLKOUT1
                         net (fo=14, estimated)       0.554     2.635    i_dram_wrapper/i_dram/u_mig7s_mig/u_memc_ui_top_axi/mem_intfc0/ddr_phy_top0/u_ddr_mc_phy_wrapper/u_ddr_mc_phy/ddr_phy_4lanes_1.u_ddr_phy_4lanes/ddr_byte_lane_C.ddr_byte_lane_C/mem_refclk
    PHASER_OUT_PHY_X1Y6  PHASER_OUT_PHY (Prop_phaser_out_phy_MEMREFCLK_OCLK)
                                                      2.083     4.718 r  i_dram_wrapper/i_dram/u_mig7s_mig/u_memc_ui_top_axi/mem_intfc0/ddr_phy_top0/u_ddr_mc_phy_wrapper/u_ddr_mc_phy/ddr_phy_4lanes_1.u_ddr_phy_4lanes/ddr_byte_lane_C.ddr_byte_lane_C/phaser_out/OCLK
    PHASER_OUT_PHY_X1Y6  PHASER_OUT_PHY (Prop_phaser_out_phy_OCLK_OCLKDIV)
                                                      0.141     4.859 r  i_dram_wrapper/i_dram/u_mig7s_mig/u_memc_ui_top_axi/mem_intfc0/ddr_phy_top0/u_ddr_mc_phy_wrapper/u_ddr_mc_phy/ddr_phy_4lanes_1.u_ddr_phy_4lanes/ddr_byte_lane_C.ddr_byte_lane_C/phaser_out/OCLKDIV
                         net (fo=11, estimated)       0.000     4.859    i_dram_wrapper/i_dram/u_mig7s_mig/u_memc_ui_top_axi/mem_intfc0/ddr_phy_top0/u_ddr_mc_phy_wrapper/u_ddr_mc_phy/ddr_phy_4lanes_1.u_ddr_phy_4lanes/ddr_byte_lane_C.ddr_byte_lane_C/oserdes_clkdiv
    OUT_FIFO_X1Y6        OUT_FIFO                                     r  i_dram_wrapper/i_dram/u_mig7s_mig/u_memc_ui_top_axi/mem_intfc0/ddr_phy_top0/u_ddr_mc_phy_wrapper/u_ddr_mc_phy/ddr_phy_4lanes_1.u_ddr_phy_4lanes/ddr_byte_lane_C.ddr_byte_lane_C/out_fifo/RDCLK
  -------------------------------------------------------------------    -------------------
    OUT_FIFO_X1Y6        OUT_FIFO (Prop_out_fifo_RDCLK_Q5[4])
                                                      0.552     5.411 r  i_dram_wrapper/i_dram/u_mig7s_mig/u_memc_ui_top_axi/mem_intfc0/ddr_phy_top0/u_ddr_mc_phy_wrapper/u_ddr_mc_phy/ddr_phy_4lanes_1.u_ddr_phy_4lanes/ddr_byte_lane_C.ddr_byte_lane_C/out_fifo/Q5[4]
                         net (fo=1, estimated)        0.286     5.697    i_dram_wrapper/i_dram/u_mig7s_mig/u_memc_ui_top_axi/mem_intfc0/ddr_phy_top0/u_ddr_mc_phy_wrapper/u_ddr_mc_phy/ddr_phy_4lanes_1.u_ddr_phy_4lanes/ddr_byte_lane_C.ddr_byte_lane_C/ddr_byte_group_io/oserdes_dq[32]
    OLOGIC_X1Y81         OSERDESE2                                    r  i_dram_wrapper/i_dram/u_mig7s_mig/u_memc_ui_top_axi/mem_intfc0/ddr_phy_top0/u_ddr_mc_phy_wrapper/u_ddr_mc_phy/ddr_phy_4lanes_1.u_ddr_phy_4lanes/ddr_byte_lane_C.ddr_byte_lane_C/ddr_byte_group_io/output_[10].oserdes_dq_.sdr.oserdes_dq_i/D1
  -------------------------------------------------------------------    -------------------

                         (clock oserdes_clkdiv_6 rise edge)
                                                      5.000     5.000 r  
    AD12                                              0.000     5.000 r  sys_clk_p (IN)
                         net (fo=0)                   0.000     5.000    sys_clk_p
    AD12                 IBUFDS (Prop_ibufds_I_O)     0.803     5.803 r  i_bufds_sys_clk/O
                         net (fo=65, estimated)       1.043     6.847    i_dram_wrapper/i_dram/u_mig7s_mig/u_ddr3_infrastructure/plle2_i_0
    PLLE2_ADV_X1Y1       PLLE2_ADV (Prop_plle2_adv_CLKIN1_CLKOUT1)
                                                      0.073     6.920 r  i_dram_wrapper/i_dram/u_mig7s_mig/u_ddr3_infrastructure/plle2_i/CLKOUT1
                         net (fo=14, estimated)       0.526     7.446    i_dram_wrapper/i_dram/u_mig7s_mig/u_memc_ui_top_axi/mem_intfc0/ddr_phy_top0/u_ddr_mc_phy_wrapper/u_ddr_mc_phy/ddr_phy_4lanes_1.u_ddr_phy_4lanes/ddr_byte_lane_C.ddr_byte_lane_C/mem_refclk
    PHASER_OUT_PHY_X1Y6  PHASER_OUT_PHY (Prop_phaser_out_phy_MEMREFCLK_OCLK)
                                                      2.027     9.473 r  i_dram_wrapper/i_dram/u_mig7s_mig/u_memc_ui_top_axi/mem_intfc0/ddr_phy_top0/u_ddr_mc_phy_wrapper/u_ddr_mc_phy/ddr_phy_4lanes_1.u_ddr_phy_4lanes/ddr_byte_lane_C.ddr_byte_lane_C/phaser_out/OCLK
    PHASER_OUT_PHY_X1Y6  PHASER_OUT_PHY (Prop_phaser_out_phy_OCLK_OCLKDIV)
                                                      0.133     9.606 r  i_dram_wrapper/i_dram/u_mig7s_mig/u_memc_ui_top_axi/mem_intfc0/ddr_phy_top0/u_ddr_mc_phy_wrapper/u_ddr_mc_phy/ddr_phy_4lanes_1.u_ddr_phy_4lanes/ddr_byte_lane_C.ddr_byte_lane_C/phaser_out/OCLKDIV
                         net (fo=11, estimated)       0.319     9.925    i_dram_wrapper/i_dram/u_mig7s_mig/u_memc_ui_top_axi/mem_intfc0/ddr_phy_top0/u_ddr_mc_phy_wrapper/u_ddr_mc_phy/ddr_phy_4lanes_1.u_ddr_phy_4lanes/ddr_byte_lane_C.ddr_byte_lane_C/ddr_byte_group_io/oserdes_clkdiv
    OLOGIC_X1Y81         OSERDESE2                                    r  i_dram_wrapper/i_dram/u_mig7s_mig/u_memc_ui_top_axi/mem_intfc0/ddr_phy_top0/u_ddr_mc_phy_wrapper/u_ddr_mc_phy/ddr_phy_4lanes_1.u_ddr_phy_4lanes/ddr_byte_lane_C.ddr_byte_lane_C/ddr_byte_group_io/output_[10].oserdes_dq_.sdr.oserdes_dq_i/CLKDIV
                         clock pessimism              0.253    10.178    
                         clock uncertainty           -0.047    10.131    
    OLOGIC_X1Y81         OSERDESE2 (Setup_oserdese2_CLKDIV_D1)
                                                     -0.394     9.737    i_dram_wrapper/i_dram/u_mig7s_mig/u_memc_ui_top_axi/mem_intfc0/ddr_phy_top0/u_ddr_mc_phy_wrapper/u_ddr_mc_phy/ddr_phy_4lanes_1.u_ddr_phy_4lanes/ddr_byte_lane_C.ddr_byte_lane_C/ddr_byte_group_io/output_[10].oserdes_dq_.sdr.oserdes_dq_i
  -------------------------------------------------------------------
                         required time                          9.737    
                         arrival time                          -5.697    
  -------------------------------------------------------------------
                         slack                                  4.040    





Min Delay Paths
--------------------------------------------------------------------------------------
Slack (MET) :             0.092ns  (arrival time - required time)
  Source:                 i_dram_wrapper/i_dram/u_mig7s_mig/u_memc_ui_top_axi/mem_intfc0/ddr_phy_top0/u_ddr_mc_phy_wrapper/u_ddr_mc_phy/ddr_phy_4lanes_1.u_ddr_phy_4lanes/ddr_byte_lane_C.ddr_byte_lane_C/out_fifo/RDCLK
                            (rising edge-triggered cell OUT_FIFO clocked by oserdes_clkdiv_6  {rise@0.000ns fall@2.500ns period=5.000ns})
  Destination:            i_dram_wrapper/i_dram/u_mig7s_mig/u_memc_ui_top_axi/mem_intfc0/ddr_phy_top0/u_ddr_mc_phy_wrapper/u_ddr_mc_phy/ddr_phy_4lanes_1.u_ddr_phy_4lanes/ddr_byte_lane_C.ddr_byte_lane_C/ddr_byte_group_io/output_[2].oserdes_dq_.sdr.oserdes_dq_i/D3
                            (rising edge-triggered cell OSERDESE2 clocked by oserdes_clkdiv_6  {rise@0.000ns fall@2.500ns period=5.000ns})
  Path Group:             oserdes_clkdiv_6
  Path Type:              Hold (Min at Fast Process Corner)
  Requirement:            0.000ns  (oserdes_clkdiv_6 rise@0.000ns - oserdes_clkdiv_6 rise@0.000ns)
  Data Path Delay:        0.290ns  (logic 0.150ns (51.752%)  route 0.140ns (48.248%))
  Logic Levels:           0  
  Clock Path Skew:        0.176ns (DCD - SCD - CPR)
    Destination Clock Delay (DCD):    3.508ns
    Source Clock Delay      (SCD):    3.154ns
    Clock Pessimism Removal (CPR):    0.177ns

    Location             Delay type                Incr(ns)  Path(ns)    Netlist Resource(s)
  -------------------------------------------------------------------    -------------------
                         (clock oserdes_clkdiv_6 rise edge)
                                                      0.000     0.000 r  
    AD12                                              0.000     0.000 r  sys_clk_p (IN)
                         net (fo=0)                   0.000     0.000    sys_clk_p
    AD12                 IBUFDS (Prop_ibufds_I_O)     0.388     0.388 r  i_bufds_sys_clk/O
                         net (fo=65, estimated)       0.545     0.933    i_dram_wrapper/i_dram/u_mig7s_mig/u_ddr3_infrastructure/plle2_i_0
    PLLE2_ADV_X1Y1       PLLE2_ADV (Prop_plle2_adv_CLKIN1_CLKOUT1)
                                                      0.050     0.983 r  i_dram_wrapper/i_dram/u_mig7s_mig/u_ddr3_infrastructure/plle2_i/CLKOUT1
                         net (fo=14, estimated)       0.275     1.258    i_dram_wrapper/i_dram/u_mig7s_mig/u_memc_ui_top_axi/mem_intfc0/ddr_phy_top0/u_ddr_mc_phy_wrapper/u_ddr_mc_phy/ddr_phy_4lanes_1.u_ddr_phy_4lanes/ddr_byte_lane_C.ddr_byte_lane_C/mem_refclk
    PHASER_OUT_PHY_X1Y6  PHASER_OUT_PHY (Prop_phaser_out_phy_MEMREFCLK_OCLK)
                                                      1.813     3.071 r  i_dram_wrapper/i_dram/u_mig7s_mig/u_memc_ui_top_axi/mem_intfc0/ddr_phy_top0/u_ddr_mc_phy_wrapper/u_ddr_mc_phy/ddr_phy_4lanes_1.u_ddr_phy_4lanes/ddr_byte_lane_C.ddr_byte_lane_C/phaser_out/OCLK
    PHASER_OUT_PHY_X1Y6  PHASER_OUT_PHY (Prop_phaser_out_phy_OCLK_OCLKDIV)
                                                      0.083     3.154 r  i_dram_wrapper/i_dram/u_mig7s_mig/u_memc_ui_top_axi/mem_intfc0/ddr_phy_top0/u_ddr_mc_phy_wrapper/u_ddr_mc_phy/ddr_phy_4lanes_1.u_ddr_phy_4lanes/ddr_byte_lane_C.ddr_byte_lane_C/phaser_out/OCLKDIV
                         net (fo=11, estimated)       0.000     3.154    i_dram_wrapper/i_dram/u_mig7s_mig/u_memc_ui_top_axi/mem_intfc0/ddr_phy_top0/u_ddr_mc_phy_wrapper/u_ddr_mc_phy/ddr_phy_4lanes_1.u_ddr_phy_4lanes/ddr_byte_lane_C.ddr_byte_lane_C/oserdes_clkdiv
    OUT_FIFO_X1Y6        OUT_FIFO                                     r  i_dram_wrapper/i_dram/u_mig7s_mig/u_memc_ui_top_axi/mem_intfc0/ddr_phy_top0/u_ddr_mc_phy_wrapper/u_ddr_mc_phy/ddr_phy_4lanes_1.u_ddr_phy_4lanes/ddr_byte_lane_C.ddr_byte_lane_C/out_fifo/RDCLK
  -------------------------------------------------------------------    -------------------
    OUT_FIFO_X1Y6        OUT_FIFO (Prop_out_fifo_RDCLK_Q2[2])
                                                      0.150     3.304 r  i_dram_wrapper/i_dram/u_mig7s_mig/u_memc_ui_top_axi/mem_intfc0/ddr_phy_top0/u_ddr_mc_phy_wrapper/u_ddr_mc_phy/ddr_phy_4lanes_1.u_ddr_phy_4lanes/ddr_byte_lane_C.ddr_byte_lane_C/out_fifo/Q2[2]
                         net (fo=1, estimated)        0.140     3.444    i_dram_wrapper/i_dram/u_mig7s_mig/u_memc_ui_top_axi/mem_intfc0/ddr_phy_top0/u_ddr_mc_phy_wrapper/u_ddr_mc_phy/ddr_phy_4lanes_1.u_ddr_phy_4lanes/ddr_byte_lane_C.ddr_byte_lane_C/ddr_byte_group_io/oserdes_dq[2]
    OLOGIC_X1Y77         OSERDESE2                                    r  i_dram_wrapper/i_dram/u_mig7s_mig/u_memc_ui_top_axi/mem_intfc0/ddr_phy_top0/u_ddr_mc_phy_wrapper/u_ddr_mc_phy/ddr_phy_4lanes_1.u_ddr_phy_4lanes/ddr_byte_lane_C.ddr_byte_lane_C/ddr_byte_group_io/output_[2].oserdes_dq_.sdr.oserdes_dq_i/D3
  -------------------------------------------------------------------    -------------------

                         (clock oserdes_clkdiv_6 rise edge)
                                                      0.000     0.000 r  
    AD12                                              0.000     0.000 r  sys_clk_p (IN)
                         net (fo=0)                   0.000     0.000    sys_clk_p
    AD12                 IBUFDS (Prop_ibufds_I_O)     0.470     0.470 r  i_bufds_sys_clk/O
                         net (fo=65, estimated)       0.573     1.043    i_dram_wrapper/i_dram/u_mig7s_mig/u_ddr3_infrastructure/plle2_i_0
    PLLE2_ADV_X1Y1       PLLE2_ADV (Prop_plle2_adv_CLKIN1_CLKOUT1)
                                                      0.053     1.096 r  i_dram_wrapper/i_dram/u_mig7s_mig/u_ddr3_infrastructure/plle2_i/CLKOUT1
                         net (fo=14, estimated)       0.289     1.385    i_dram_wrapper/i_dram/u_mig7s_mig/u_memc_ui_top_axi/mem_intfc0/ddr_phy_top0/u_ddr_mc_phy_wrapper/u_ddr_mc_phy/ddr_phy_4lanes_1.u_ddr_phy_4lanes/ddr_byte_lane_C.ddr_byte_lane_C/mem_refclk
    PHASER_OUT_PHY_X1Y6  PHASER_OUT_PHY (Prop_phaser_out_phy_MEMREFCLK_OCLK)
                                                      1.858     3.243 r  i_dram_wrapper/i_dram/u_mig7s_mig/u_memc_ui_top_axi/mem_intfc0/ddr_phy_top0/u_ddr_mc_phy_wrapper/u_ddr_mc_phy/ddr_phy_4lanes_1.u_ddr_phy_4lanes/ddr_byte_lane_C.ddr_byte_lane_C/phaser_out/OCLK
    PHASER_OUT_PHY_X1Y6  PHASER_OUT_PHY (Prop_phaser_out_phy_OCLK_OCLKDIV)
                                                      0.088     3.331 r  i_dram_wrapper/i_dram/u_mig7s_mig/u_memc_ui_top_axi/mem_intfc0/ddr_phy_top0/u_ddr_mc_phy_wrapper/u_ddr_mc_phy/ddr_phy_4lanes_1.u_ddr_phy_4lanes/ddr_byte_lane_C.ddr_byte_lane_C/phaser_out/OCLKDIV
                         net (fo=11, estimated)       0.176     3.508    i_dram_wrapper/i_dram/u_mig7s_mig/u_memc_ui_top_axi/mem_intfc0/ddr_phy_top0/u_ddr_mc_phy_wrapper/u_ddr_mc_phy/ddr_phy_4lanes_1.u_ddr_phy_4lanes/ddr_byte_lane_C.ddr_byte_lane_C/ddr_byte_group_io/oserdes_clkdiv
    OLOGIC_X1Y77         OSERDESE2                                    r  i_dram_wrapper/i_dram/u_mig7s_mig/u_memc_ui_top_axi/mem_intfc0/ddr_phy_top0/u_ddr_mc_phy_wrapper/u_ddr_mc_phy/ddr_phy_4lanes_1.u_ddr_phy_4lanes/ddr_byte_lane_C.ddr_byte_lane_C/ddr_byte_group_io/output_[2].oserdes_dq_.sdr.oserdes_dq_i/CLKDIV
                         clock pessimism             -0.177     3.331    
    OLOGIC_X1Y77         OSERDESE2 (Hold_oserdese2_CLKDIV_D3)
                                                      0.021     3.352    i_dram_wrapper/i_dram/u_mig7s_mig/u_memc_ui_top_axi/mem_intfc0/ddr_phy_top0/u_ddr_mc_phy_wrapper/u_ddr_mc_phy/ddr_phy_4lanes_1.u_ddr_phy_4lanes/ddr_byte_lane_C.ddr_byte_lane_C/ddr_byte_group_io/output_[2].oserdes_dq_.sdr.oserdes_dq_i
  -------------------------------------------------------------------
                         required time                         -3.352    
                         arrival time                           3.444    
  -------------------------------------------------------------------
                         slack                                  0.092    





Pulse Width Checks
--------------------------------------------------------------------------------------
Clock Name:         oserdes_clkdiv_6
Waveform(ns):       { 0.000 2.500 }
Period(ns):         5.000
Sources:            { i_dram_wrapper/i_dram/u_mig7s_mig/u_memc_ui_top_axi/mem_intfc0/ddr_phy_top0/u_ddr_mc_phy_wrapper/u_ddr_mc_phy/ddr_phy_4lanes_1.u_ddr_phy_4lanes/ddr_byte_lane_C.ddr_byte_lane_C/phaser_out/OCLKDIV }

Check Type        Corner  Lib Pin         Reference Pin  Required(ns)  Actual(ns)  Slack(ns)  Location       Pin
Min Period        n/a     OUT_FIFO/RDCLK  n/a            2.126         5.000       2.874      OUT_FIFO_X1Y6  i_dram_wrapper/i_dram/u_mig7s_mig/u_memc_ui_top_axi/mem_intfc0/ddr_phy_top0/u_ddr_mc_phy_wrapper/u_ddr_mc_phy/ddr_phy_4lanes_1.u_ddr_phy_4lanes/ddr_byte_lane_C.ddr_byte_lane_C/out_fifo/RDCLK
Low Pulse Width   Slow    OUT_FIFO/RDCLK  n/a            0.914         2.500       1.586      OUT_FIFO_X1Y6  i_dram_wrapper/i_dram/u_mig7s_mig/u_memc_ui_top_axi/mem_intfc0/ddr_phy_top0/u_ddr_mc_phy_wrapper/u_ddr_mc_phy/ddr_phy_4lanes_1.u_ddr_phy_4lanes/ddr_byte_lane_C.ddr_byte_lane_C/out_fifo/RDCLK
High Pulse Width  Slow    OUT_FIFO/RDCLK  n/a            0.914         2.500       1.586      OUT_FIFO_X1Y6  i_dram_wrapper/i_dram/u_mig7s_mig/u_memc_ui_top_axi/mem_intfc0/ddr_phy_top0/u_ddr_mc_phy_wrapper/u_ddr_mc_phy/ddr_phy_4lanes_1.u_ddr_phy_4lanes/ddr_byte_lane_C.ddr_byte_lane_C/out_fifo/RDCLK



---------------------------------------------------------------------------------------------------
From Clock:  oserdes_clk_7
  To Clock:  oserdes_clk_7

Setup :           NA  Failing Endpoints,  Worst Slack           NA  ,  Total Violation           NA
Hold  :           NA  Failing Endpoints,  Worst Slack           NA  ,  Total Violation           NA
PW    :            0  Failing Endpoints,  Worst Slack        0.180ns,  Total Violation        0.000ns
---------------------------------------------------------------------------------------------------


Pulse Width Checks
--------------------------------------------------------------------------------------
Clock Name:         oserdes_clk_7
Waveform(ns):       { 0.000 0.625 }
Period(ns):         1.250
Sources:            { i_dram_wrapper/i_dram/u_mig7s_mig/u_memc_ui_top_axi/mem_intfc0/ddr_phy_top0/u_ddr_mc_phy_wrapper/u_ddr_mc_phy/ddr_phy_4lanes_1.u_ddr_phy_4lanes/ddr_byte_lane_D.ddr_byte_lane_D/phaser_out/OCLK }

Check Type  Corner  Lib Pin  Reference Pin  Required(ns)  Actual(ns)  Slack(ns)  Location      Pin
Min Period  n/a     ODDR/C   n/a            1.070         1.250       0.180      OLOGIC_X1Y94  i_dram_wrapper/i_dram/u_mig7s_mig/u_memc_ui_top_axi/mem_intfc0/ddr_phy_top0/u_ddr_mc_phy_wrapper/u_ddr_mc_phy/ddr_phy_4lanes_1.u_ddr_phy_4lanes/ddr_byte_lane_D.ddr_byte_lane_D/ddr_ck_gen_loop[0].ddr_ck_gen.ddr_ck/C



---------------------------------------------------------------------------------------------------
From Clock:  oserdes_clkdiv_7
  To Clock:  oserdes_clkdiv_7

Setup :            0  Failing Endpoints,  Worst Slack        4.054ns,  Total Violation        0.000ns
Hold  :            0  Failing Endpoints,  Worst Slack        0.085ns,  Total Violation        0.000ns
PW    :            0  Failing Endpoints,  Worst Slack        1.586ns,  Total Violation        0.000ns
---------------------------------------------------------------------------------------------------


Max Delay Paths
--------------------------------------------------------------------------------------
Slack (MET) :             4.054ns  (required time - arrival time)
  Source:                 i_dram_wrapper/i_dram/u_mig7s_mig/u_memc_ui_top_axi/mem_intfc0/ddr_phy_top0/u_ddr_mc_phy_wrapper/u_ddr_mc_phy/ddr_phy_4lanes_1.u_ddr_phy_4lanes/ddr_byte_lane_D.ddr_byte_lane_D/out_fifo/RDCLK
                            (rising edge-triggered cell OUT_FIFO clocked by oserdes_clkdiv_7  {rise@0.000ns fall@2.500ns period=5.000ns})
  Destination:            i_dram_wrapper/i_dram/u_mig7s_mig/u_memc_ui_top_axi/mem_intfc0/ddr_phy_top0/u_ddr_mc_phy_wrapper/u_ddr_mc_phy/ddr_phy_4lanes_1.u_ddr_phy_4lanes/ddr_byte_lane_D.ddr_byte_lane_D/ddr_byte_group_io/output_[6].oserdes_dq_.sdr.oserdes_dq_i/D1
                            (rising edge-triggered cell OSERDESE2 clocked by oserdes_clkdiv_7  {rise@0.000ns fall@2.500ns period=5.000ns})
  Path Group:             oserdes_clkdiv_7
  Path Type:              Setup (Max at Slow Process Corner)
  Requirement:            5.000ns  (oserdes_clkdiv_7 rise@5.000ns - oserdes_clkdiv_7 rise@0.000ns)
  Data Path Delay:        0.838ns  (logic 0.552ns (65.871%)  route 0.286ns (34.129%))
  Logic Levels:           0  
  Clock Path Skew:        0.332ns (DCD - SCD + CPR)
    Destination Clock Delay (DCD):    4.929ns = ( 9.929 - 5.000 ) 
    Source Clock Delay      (SCD):    4.849ns
    Clock Pessimism Removal (CPR):    0.253ns
  Clock Uncertainty:      0.047ns  ((TSJ^2 + DJ^2)^1/2) / 2 + PE
    Total System Jitter     (TSJ):    0.071ns
    Discrete Jitter          (DJ):    0.061ns
    Phase Error              (PE):    0.000ns

    Location             Delay type                Incr(ns)  Path(ns)    Netlist Resource(s)
  -------------------------------------------------------------------    -------------------
                         (clock oserdes_clkdiv_7 rise edge)
                                                      0.000     0.000 r  
    AD12                                              0.000     0.000 r  sys_clk_p (IN)
                         net (fo=0)                   0.000     0.000    sys_clk_p
    AD12                 IBUFDS (Prop_ibufds_I_O)     0.906     0.906 r  i_bufds_sys_clk/O
                         net (fo=65, estimated)       1.098     2.004    i_dram_wrapper/i_dram/u_mig7s_mig/u_ddr3_infrastructure/plle2_i_0
    PLLE2_ADV_X1Y1       PLLE2_ADV (Prop_plle2_adv_CLKIN1_CLKOUT1)
                                                      0.077     2.081 r  i_dram_wrapper/i_dram/u_mig7s_mig/u_ddr3_infrastructure/plle2_i/CLKOUT1
                         net (fo=14, estimated)       0.544     2.625    i_dram_wrapper/i_dram/u_mig7s_mig/u_memc_ui_top_axi/mem_intfc0/ddr_phy_top0/u_ddr_mc_phy_wrapper/u_ddr_mc_phy/ddr_phy_4lanes_1.u_ddr_phy_4lanes/ddr_byte_lane_D.ddr_byte_lane_D/mem_refclk
    PHASER_OUT_PHY_X1Y7  PHASER_OUT_PHY (Prop_phaser_out_phy_MEMREFCLK_OCLK)
                                                      2.083     4.708 r  i_dram_wrapper/i_dram/u_mig7s_mig/u_memc_ui_top_axi/mem_intfc0/ddr_phy_top0/u_ddr_mc_phy_wrapper/u_ddr_mc_phy/ddr_phy_4lanes_1.u_ddr_phy_4lanes/ddr_byte_lane_D.ddr_byte_lane_D/phaser_out/OCLK
    PHASER_OUT_PHY_X1Y7  PHASER_OUT_PHY (Prop_phaser_out_phy_OCLK_OCLKDIV)
                                                      0.141     4.849 r  i_dram_wrapper/i_dram/u_mig7s_mig/u_memc_ui_top_axi/mem_intfc0/ddr_phy_top0/u_ddr_mc_phy_wrapper/u_ddr_mc_phy/ddr_phy_4lanes_1.u_ddr_phy_4lanes/ddr_byte_lane_D.ddr_byte_lane_D/phaser_out/OCLKDIV
                         net (fo=10, estimated)       0.000     4.849    i_dram_wrapper/i_dram/u_mig7s_mig/u_memc_ui_top_axi/mem_intfc0/ddr_phy_top0/u_ddr_mc_phy_wrapper/u_ddr_mc_phy/ddr_phy_4lanes_1.u_ddr_phy_4lanes/ddr_byte_lane_D.ddr_byte_lane_D/oserdes_clkdiv
    OUT_FIFO_X1Y7        OUT_FIFO                                     r  i_dram_wrapper/i_dram/u_mig7s_mig/u_memc_ui_top_axi/mem_intfc0/ddr_phy_top0/u_ddr_mc_phy_wrapper/u_ddr_mc_phy/ddr_phy_4lanes_1.u_ddr_phy_4lanes/ddr_byte_lane_D.ddr_byte_lane_D/out_fifo/RDCLK
  -------------------------------------------------------------------    -------------------
    OUT_FIFO_X1Y7        OUT_FIFO (Prop_out_fifo_RDCLK_Q6[0])
                                                      0.552     5.401 r  i_dram_wrapper/i_dram/u_mig7s_mig/u_memc_ui_top_axi/mem_intfc0/ddr_phy_top0/u_ddr_mc_phy_wrapper/u_ddr_mc_phy/ddr_phy_4lanes_1.u_ddr_phy_4lanes/ddr_byte_lane_D.ddr_byte_lane_D/out_fifo/Q6[0]
                         net (fo=1, estimated)        0.286     5.687    i_dram_wrapper/i_dram/u_mig7s_mig/u_memc_ui_top_axi/mem_intfc0/ddr_phy_top0/u_ddr_mc_phy_wrapper/u_ddr_mc_phy/ddr_phy_4lanes_1.u_ddr_phy_4lanes/ddr_byte_lane_D.ddr_byte_lane_D/ddr_byte_group_io/oserdes_dq[20]
    OLOGIC_X1Y95         OSERDESE2                                    r  i_dram_wrapper/i_dram/u_mig7s_mig/u_memc_ui_top_axi/mem_intfc0/ddr_phy_top0/u_ddr_mc_phy_wrapper/u_ddr_mc_phy/ddr_phy_4lanes_1.u_ddr_phy_4lanes/ddr_byte_lane_D.ddr_byte_lane_D/ddr_byte_group_io/output_[6].oserdes_dq_.sdr.oserdes_dq_i/D1
  -------------------------------------------------------------------    -------------------

                         (clock oserdes_clkdiv_7 rise edge)
                                                      5.000     5.000 r  
    AD12                                              0.000     5.000 r  sys_clk_p (IN)
                         net (fo=0)                   0.000     5.000    sys_clk_p
    AD12                 IBUFDS (Prop_ibufds_I_O)     0.803     5.803 r  i_bufds_sys_clk/O
                         net (fo=65, estimated)       1.043     6.847    i_dram_wrapper/i_dram/u_mig7s_mig/u_ddr3_infrastructure/plle2_i_0
    PLLE2_ADV_X1Y1       PLLE2_ADV (Prop_plle2_adv_CLKIN1_CLKOUT1)
                                                      0.073     6.920 r  i_dram_wrapper/i_dram/u_mig7s_mig/u_ddr3_infrastructure/plle2_i/CLKOUT1
                         net (fo=14, estimated)       0.517     7.436    i_dram_wrapper/i_dram/u_mig7s_mig/u_memc_ui_top_axi/mem_intfc0/ddr_phy_top0/u_ddr_mc_phy_wrapper/u_ddr_mc_phy/ddr_phy_4lanes_1.u_ddr_phy_4lanes/ddr_byte_lane_D.ddr_byte_lane_D/mem_refclk
    PHASER_OUT_PHY_X1Y7  PHASER_OUT_PHY (Prop_phaser_out_phy_MEMREFCLK_OCLK)
                                                      2.027     9.463 r  i_dram_wrapper/i_dram/u_mig7s_mig/u_memc_ui_top_axi/mem_intfc0/ddr_phy_top0/u_ddr_mc_phy_wrapper/u_ddr_mc_phy/ddr_phy_4lanes_1.u_ddr_phy_4lanes/ddr_byte_lane_D.ddr_byte_lane_D/phaser_out/OCLK
    PHASER_OUT_PHY_X1Y7  PHASER_OUT_PHY (Prop_phaser_out_phy_OCLK_OCLKDIV)
                                                      0.133     9.596 r  i_dram_wrapper/i_dram/u_mig7s_mig/u_memc_ui_top_axi/mem_intfc0/ddr_phy_top0/u_ddr_mc_phy_wrapper/u_ddr_mc_phy/ddr_phy_4lanes_1.u_ddr_phy_4lanes/ddr_byte_lane_D.ddr_byte_lane_D/phaser_out/OCLKDIV
                         net (fo=10, estimated)       0.333     9.929    i_dram_wrapper/i_dram/u_mig7s_mig/u_memc_ui_top_axi/mem_intfc0/ddr_phy_top0/u_ddr_mc_phy_wrapper/u_ddr_mc_phy/ddr_phy_4lanes_1.u_ddr_phy_4lanes/ddr_byte_lane_D.ddr_byte_lane_D/ddr_byte_group_io/oserdes_clkdiv
    OLOGIC_X1Y95         OSERDESE2                                    r  i_dram_wrapper/i_dram/u_mig7s_mig/u_memc_ui_top_axi/mem_intfc0/ddr_phy_top0/u_ddr_mc_phy_wrapper/u_ddr_mc_phy/ddr_phy_4lanes_1.u_ddr_phy_4lanes/ddr_byte_lane_D.ddr_byte_lane_D/ddr_byte_group_io/output_[6].oserdes_dq_.sdr.oserdes_dq_i/CLKDIV
                         clock pessimism              0.253    10.181    
                         clock uncertainty           -0.047    10.135    
    OLOGIC_X1Y95         OSERDESE2 (Setup_oserdese2_CLKDIV_D1)
                                                     -0.394     9.741    i_dram_wrapper/i_dram/u_mig7s_mig/u_memc_ui_top_axi/mem_intfc0/ddr_phy_top0/u_ddr_mc_phy_wrapper/u_ddr_mc_phy/ddr_phy_4lanes_1.u_ddr_phy_4lanes/ddr_byte_lane_D.ddr_byte_lane_D/ddr_byte_group_io/output_[6].oserdes_dq_.sdr.oserdes_dq_i
  -------------------------------------------------------------------
                         required time                          9.741    
                         arrival time                          -5.687    
  -------------------------------------------------------------------
                         slack                                  4.054    





Min Delay Paths
--------------------------------------------------------------------------------------
Slack (MET) :             0.085ns  (arrival time - required time)
  Source:                 i_dram_wrapper/i_dram/u_mig7s_mig/u_memc_ui_top_axi/mem_intfc0/ddr_phy_top0/u_ddr_mc_phy_wrapper/u_ddr_mc_phy/ddr_phy_4lanes_1.u_ddr_phy_4lanes/ddr_byte_lane_D.ddr_byte_lane_D/out_fifo/RDCLK
                            (rising edge-triggered cell OUT_FIFO clocked by oserdes_clkdiv_7  {rise@0.000ns fall@2.500ns period=5.000ns})
  Destination:            i_dram_wrapper/i_dram/u_mig7s_mig/u_memc_ui_top_axi/mem_intfc0/ddr_phy_top0/u_ddr_mc_phy_wrapper/u_ddr_mc_phy/ddr_phy_4lanes_1.u_ddr_phy_4lanes/ddr_byte_lane_D.ddr_byte_lane_D/ddr_byte_group_io/output_[2].oserdes_dq_.sdr.oserdes_dq_i/D3
                            (rising edge-triggered cell OSERDESE2 clocked by oserdes_clkdiv_7  {rise@0.000ns fall@2.500ns period=5.000ns})
  Path Group:             oserdes_clkdiv_7
  Path Type:              Hold (Min at Fast Process Corner)
  Requirement:            0.000ns  (oserdes_clkdiv_7 rise@0.000ns - oserdes_clkdiv_7 rise@0.000ns)
  Data Path Delay:        0.290ns  (logic 0.150ns (51.752%)  route 0.140ns (48.248%))
  Logic Levels:           0  
  Clock Path Skew:        0.184ns (DCD - SCD - CPR)
    Destination Clock Delay (DCD):    3.510ns
    Source Clock Delay      (SCD):    3.149ns
    Clock Pessimism Removal (CPR):    0.177ns

    Location             Delay type                Incr(ns)  Path(ns)    Netlist Resource(s)
  -------------------------------------------------------------------    -------------------
                         (clock oserdes_clkdiv_7 rise edge)
                                                      0.000     0.000 r  
    AD12                                              0.000     0.000 r  sys_clk_p (IN)
                         net (fo=0)                   0.000     0.000    sys_clk_p
    AD12                 IBUFDS (Prop_ibufds_I_O)     0.388     0.388 r  i_bufds_sys_clk/O
                         net (fo=65, estimated)       0.545     0.933    i_dram_wrapper/i_dram/u_mig7s_mig/u_ddr3_infrastructure/plle2_i_0
    PLLE2_ADV_X1Y1       PLLE2_ADV (Prop_plle2_adv_CLKIN1_CLKOUT1)
                                                      0.050     0.983 r  i_dram_wrapper/i_dram/u_mig7s_mig/u_ddr3_infrastructure/plle2_i/CLKOUT1
                         net (fo=14, estimated)       0.270     1.253    i_dram_wrapper/i_dram/u_mig7s_mig/u_memc_ui_top_axi/mem_intfc0/ddr_phy_top0/u_ddr_mc_phy_wrapper/u_ddr_mc_phy/ddr_phy_4lanes_1.u_ddr_phy_4lanes/ddr_byte_lane_D.ddr_byte_lane_D/mem_refclk
    PHASER_OUT_PHY_X1Y7  PHASER_OUT_PHY (Prop_phaser_out_phy_MEMREFCLK_OCLK)
                                                      1.813     3.066 r  i_dram_wrapper/i_dram/u_mig7s_mig/u_memc_ui_top_axi/mem_intfc0/ddr_phy_top0/u_ddr_mc_phy_wrapper/u_ddr_mc_phy/ddr_phy_4lanes_1.u_ddr_phy_4lanes/ddr_byte_lane_D.ddr_byte_lane_D/phaser_out/OCLK
    PHASER_OUT_PHY_X1Y7  PHASER_OUT_PHY (Prop_phaser_out_phy_OCLK_OCLKDIV)
                                                      0.083     3.149 r  i_dram_wrapper/i_dram/u_mig7s_mig/u_memc_ui_top_axi/mem_intfc0/ddr_phy_top0/u_ddr_mc_phy_wrapper/u_ddr_mc_phy/ddr_phy_4lanes_1.u_ddr_phy_4lanes/ddr_byte_lane_D.ddr_byte_lane_D/phaser_out/OCLKDIV
                         net (fo=10, estimated)       0.000     3.149    i_dram_wrapper/i_dram/u_mig7s_mig/u_memc_ui_top_axi/mem_intfc0/ddr_phy_top0/u_ddr_mc_phy_wrapper/u_ddr_mc_phy/ddr_phy_4lanes_1.u_ddr_phy_4lanes/ddr_byte_lane_D.ddr_byte_lane_D/oserdes_clkdiv
    OUT_FIFO_X1Y7        OUT_FIFO                                     r  i_dram_wrapper/i_dram/u_mig7s_mig/u_memc_ui_top_axi/mem_intfc0/ddr_phy_top0/u_ddr_mc_phy_wrapper/u_ddr_mc_phy/ddr_phy_4lanes_1.u_ddr_phy_4lanes/ddr_byte_lane_D.ddr_byte_lane_D/out_fifo/RDCLK
  -------------------------------------------------------------------    -------------------
    OUT_FIFO_X1Y7        OUT_FIFO (Prop_out_fifo_RDCLK_Q2[2])
                                                      0.150     3.299 r  i_dram_wrapper/i_dram/u_mig7s_mig/u_memc_ui_top_axi/mem_intfc0/ddr_phy_top0/u_ddr_mc_phy_wrapper/u_ddr_mc_phy/ddr_phy_4lanes_1.u_ddr_phy_4lanes/ddr_byte_lane_D.ddr_byte_lane_D/out_fifo/Q2[2]
                         net (fo=1, estimated)        0.140     3.439    i_dram_wrapper/i_dram/u_mig7s_mig/u_memc_ui_top_axi/mem_intfc0/ddr_phy_top0/u_ddr_mc_phy_wrapper/u_ddr_mc_phy/ddr_phy_4lanes_1.u_ddr_phy_4lanes/ddr_byte_lane_D.ddr_byte_lane_D/ddr_byte_group_io/oserdes_dq[6]
    OLOGIC_X1Y89         OSERDESE2                                    r  i_dram_wrapper/i_dram/u_mig7s_mig/u_memc_ui_top_axi/mem_intfc0/ddr_phy_top0/u_ddr_mc_phy_wrapper/u_ddr_mc_phy/ddr_phy_4lanes_1.u_ddr_phy_4lanes/ddr_byte_lane_D.ddr_byte_lane_D/ddr_byte_group_io/output_[2].oserdes_dq_.sdr.oserdes_dq_i/D3
  -------------------------------------------------------------------    -------------------

                         (clock oserdes_clkdiv_7 rise edge)
                                                      0.000     0.000 r  
    AD12                                              0.000     0.000 r  sys_clk_p (IN)
                         net (fo=0)                   0.000     0.000    sys_clk_p
    AD12                 IBUFDS (Prop_ibufds_I_O)     0.470     0.470 r  i_bufds_sys_clk/O
                         net (fo=65, estimated)       0.573     1.043    i_dram_wrapper/i_dram/u_mig7s_mig/u_ddr3_infrastructure/plle2_i_0
    PLLE2_ADV_X1Y1       PLLE2_ADV (Prop_plle2_adv_CLKIN1_CLKOUT1)
                                                      0.053     1.096 r  i_dram_wrapper/i_dram/u_mig7s_mig/u_ddr3_infrastructure/plle2_i/CLKOUT1
                         net (fo=14, estimated)       0.284     1.380    i_dram_wrapper/i_dram/u_mig7s_mig/u_memc_ui_top_axi/mem_intfc0/ddr_phy_top0/u_ddr_mc_phy_wrapper/u_ddr_mc_phy/ddr_phy_4lanes_1.u_ddr_phy_4lanes/ddr_byte_lane_D.ddr_byte_lane_D/mem_refclk
    PHASER_OUT_PHY_X1Y7  PHASER_OUT_PHY (Prop_phaser_out_phy_MEMREFCLK_OCLK)
                                                      1.858     3.238 r  i_dram_wrapper/i_dram/u_mig7s_mig/u_memc_ui_top_axi/mem_intfc0/ddr_phy_top0/u_ddr_mc_phy_wrapper/u_ddr_mc_phy/ddr_phy_4lanes_1.u_ddr_phy_4lanes/ddr_byte_lane_D.ddr_byte_lane_D/phaser_out/OCLK
    PHASER_OUT_PHY_X1Y7  PHASER_OUT_PHY (Prop_phaser_out_phy_OCLK_OCLKDIV)
                                                      0.088     3.326 r  i_dram_wrapper/i_dram/u_mig7s_mig/u_memc_ui_top_axi/mem_intfc0/ddr_phy_top0/u_ddr_mc_phy_wrapper/u_ddr_mc_phy/ddr_phy_4lanes_1.u_ddr_phy_4lanes/ddr_byte_lane_D.ddr_byte_lane_D/phaser_out/OCLKDIV
                         net (fo=10, estimated)       0.184     3.510    i_dram_wrapper/i_dram/u_mig7s_mig/u_memc_ui_top_axi/mem_intfc0/ddr_phy_top0/u_ddr_mc_phy_wrapper/u_ddr_mc_phy/ddr_phy_4lanes_1.u_ddr_phy_4lanes/ddr_byte_lane_D.ddr_byte_lane_D/ddr_byte_group_io/oserdes_clkdiv
    OLOGIC_X1Y89         OSERDESE2                                    r  i_dram_wrapper/i_dram/u_mig7s_mig/u_memc_ui_top_axi/mem_intfc0/ddr_phy_top0/u_ddr_mc_phy_wrapper/u_ddr_mc_phy/ddr_phy_4lanes_1.u_ddr_phy_4lanes/ddr_byte_lane_D.ddr_byte_lane_D/ddr_byte_group_io/output_[2].oserdes_dq_.sdr.oserdes_dq_i/CLKDIV
                         clock pessimism             -0.177     3.333    
    OLOGIC_X1Y89         OSERDESE2 (Hold_oserdese2_CLKDIV_D3)
                                                      0.021     3.354    i_dram_wrapper/i_dram/u_mig7s_mig/u_memc_ui_top_axi/mem_intfc0/ddr_phy_top0/u_ddr_mc_phy_wrapper/u_ddr_mc_phy/ddr_phy_4lanes_1.u_ddr_phy_4lanes/ddr_byte_lane_D.ddr_byte_lane_D/ddr_byte_group_io/output_[2].oserdes_dq_.sdr.oserdes_dq_i
  -------------------------------------------------------------------
                         required time                         -3.354    
                         arrival time                           3.439    
  -------------------------------------------------------------------
                         slack                                  0.085    





Pulse Width Checks
--------------------------------------------------------------------------------------
Clock Name:         oserdes_clkdiv_7
Waveform(ns):       { 0.000 2.500 }
Period(ns):         5.000
Sources:            { i_dram_wrapper/i_dram/u_mig7s_mig/u_memc_ui_top_axi/mem_intfc0/ddr_phy_top0/u_ddr_mc_phy_wrapper/u_ddr_mc_phy/ddr_phy_4lanes_1.u_ddr_phy_4lanes/ddr_byte_lane_D.ddr_byte_lane_D/phaser_out/OCLKDIV }

Check Type        Corner  Lib Pin         Reference Pin  Required(ns)  Actual(ns)  Slack(ns)  Location       Pin
Min Period        n/a     OUT_FIFO/RDCLK  n/a            2.126         5.000       2.874      OUT_FIFO_X1Y7  i_dram_wrapper/i_dram/u_mig7s_mig/u_memc_ui_top_axi/mem_intfc0/ddr_phy_top0/u_ddr_mc_phy_wrapper/u_ddr_mc_phy/ddr_phy_4lanes_1.u_ddr_phy_4lanes/ddr_byte_lane_D.ddr_byte_lane_D/out_fifo/RDCLK
Low Pulse Width   Slow    OUT_FIFO/RDCLK  n/a            0.914         2.500       1.586      OUT_FIFO_X1Y7  i_dram_wrapper/i_dram/u_mig7s_mig/u_memc_ui_top_axi/mem_intfc0/ddr_phy_top0/u_ddr_mc_phy_wrapper/u_ddr_mc_phy/ddr_phy_4lanes_1.u_ddr_phy_4lanes/ddr_byte_lane_D.ddr_byte_lane_D/out_fifo/RDCLK
High Pulse Width  Slow    OUT_FIFO/RDCLK  n/a            0.914         2.500       1.586      OUT_FIFO_X1Y7  i_dram_wrapper/i_dram/u_mig7s_mig/u_memc_ui_top_axi/mem_intfc0/ddr_phy_top0/u_ddr_mc_phy_wrapper/u_ddr_mc_phy/ddr_phy_4lanes_1.u_ddr_phy_4lanes/ddr_byte_lane_D.ddr_byte_lane_D/out_fifo/RDCLK



---------------------------------------------------------------------------------------------------
From Clock:  mmcm_clkfbout
  To Clock:  mmcm_clkfbout

Setup :           NA  Failing Endpoints,  Worst Slack           NA  ,  Total Violation           NA
Hold  :           NA  Failing Endpoints,  Worst Slack           NA  ,  Total Violation           NA
PW    :            0  Failing Endpoints,  Worst Slack        3.929ns,  Total Violation        0.000ns
---------------------------------------------------------------------------------------------------


Pulse Width Checks
--------------------------------------------------------------------------------------
Clock Name:         mmcm_clkfbout
Waveform(ns):       { 0.000 2.500 }
Period(ns):         5.000
Sources:            { i_dram_wrapper/i_dram/u_mig7s_mig/u_iodelay_ctrl/clk_ref_mmcm_gen.mmcm_i/CLKFBOUT }

Check Type  Corner  Lib Pin              Reference Pin  Required(ns)  Actual(ns)  Slack(ns)  Location  Pin
Min Period  n/a     MMCME2_ADV/CLKFBOUT  n/a            1.071         5.000       3.929                i_dram_wrapper/i_dram/u_mig7s_mig/u_iodelay_ctrl/clk_ref_mmcm_gen.mmcm_i/CLKFBOUT
Max Period  n/a     MMCME2_ADV/CLKFBIN   n/a            100.000       5.000       95.000               i_dram_wrapper/i_dram/u_mig7s_mig/u_iodelay_ctrl/clk_ref_mmcm_gen.mmcm_i/CLKFBIN



---------------------------------------------------------------------------------------------------
From Clock:  pll_clk3_out
  To Clock:  pll_clk3_out

Setup :           NA  Failing Endpoints,  Worst Slack           NA  ,  Total Violation           NA
Hold  :           NA  Failing Endpoints,  Worst Slack           NA  ,  Total Violation           NA
PW    :            0  Failing Endpoints,  Worst Slack        1.100ns,  Total Violation        0.000ns
---------------------------------------------------------------------------------------------------


Pulse Width Checks
--------------------------------------------------------------------------------------
Clock Name:         pll_clk3_out
Waveform(ns):       { 0.000 2.500 }
Period(ns):         5.000
Sources:            { i_dram_wrapper/i_dram/u_mig7s_mig/u_ddr3_infrastructure/plle2_i/CLKOUT3 }

Check Type        Corner  Lib Pin            Reference Pin  Required(ns)  Actual(ns)  Slack(ns)  Location         Pin
Min Period        n/a     BUFH/I             n/a            1.408         5.000       3.591                       i_dram_wrapper/i_dram/u_mig7s_mig/u_ddr3_infrastructure/u_bufh_pll_clk3/I
Max Period        n/a     MMCME2_ADV/CLKIN1  n/a            100.000       5.000       95.000     MMCME2_ADV_X1Y1  i_dram_wrapper/i_dram/u_mig7s_mig/u_ddr3_infrastructure/gen_mmcm.mmcm_i/CLKIN1
Low Pulse Width   Slow    MMCME2_ADV/CLKIN1  n/a            1.400         2.500       1.100      MMCME2_ADV_X1Y1  i_dram_wrapper/i_dram/u_mig7s_mig/u_ddr3_infrastructure/gen_mmcm.mmcm_i/CLKIN1
High Pulse Width  Slow    MMCME2_ADV/CLKIN1  n/a            1.400         2.500       1.100      MMCME2_ADV_X1Y1  i_dram_wrapper/i_dram/u_mig7s_mig/u_ddr3_infrastructure/gen_mmcm.mmcm_i/CLKIN1



---------------------------------------------------------------------------------------------------
From Clock:  clk_div2_bufg_in
  To Clock:  clk_div2_bufg_in

Setup :            0  Failing Endpoints,  Worst Slack        1.786ns,  Total Violation        0.000ns
Hold  :            0  Failing Endpoints,  Worst Slack        0.066ns,  Total Violation        0.000ns
PW    :            0  Failing Endpoints,  Worst Slack        0.900ns,  Total Violation        0.000ns
---------------------------------------------------------------------------------------------------


Max Delay Paths
--------------------------------------------------------------------------------------
Slack (MET) :             1.786ns  (required time - arrival time)
  Source:                 i_dram_wrapper/i_dram/u_mig7s_mig/u_ddr3_infrastructure/rstdiv2_sync_r_reg[11]/C
                            (rising edge-triggered cell FDPE clocked by clk_div2_bufg_in  {rise@0.000ns fall@1.250ns period=2.500ns})
  Destination:            i_dram_wrapper/i_dram/u_mig7s_mig/u_ddr3_infrastructure/rstdiv2_sync_r1_reg/D
                            (rising edge-triggered cell FDPE clocked by clk_div2_bufg_in  {rise@0.000ns fall@1.250ns period=2.500ns})
  Path Group:             clk_div2_bufg_in
  Path Type:              Setup (Max at Slow Process Corner)
  Requirement:            2.500ns  (clk_div2_bufg_in rise@2.500ns - clk_div2_bufg_in rise@0.000ns)
  Data Path Delay:        0.412ns  (logic 0.223ns (54.126%)  route 0.189ns (45.874%))
  Logic Levels:           0  
  Clock Path Skew:        -0.145ns (DCD - SCD + CPR)
    Destination Clock Delay (DCD):    2.864ns = ( 5.364 - 2.500 ) 
    Source Clock Delay      (SCD):    3.352ns
    Clock Pessimism Removal (CPR):    0.343ns
  Clock Uncertainty:      0.057ns  ((TSJ^2 + DJ^2)^1/2) / 2 + PE
    Total System Jitter     (TSJ):    0.071ns
    Discrete Jitter          (DJ):    0.089ns
    Phase Error              (PE):    0.000ns

    Location             Delay type                Incr(ns)  Path(ns)    Netlist Resource(s)
  -------------------------------------------------------------------    -------------------
                         (clock clk_div2_bufg_in rise edge)
                                                      0.000     0.000 r  
    AD12                                              0.000     0.000 r  sys_clk_p (IN)
                         net (fo=0)                   0.000     0.000    sys_clk_p
    AD12                 IBUFDS (Prop_ibufds_I_O)     0.906     0.906 r  i_bufds_sys_clk/O
                         net (fo=65, estimated)       1.098     2.004    i_dram_wrapper/i_dram/u_mig7s_mig/u_ddr3_infrastructure/plle2_i_0
    PLLE2_ADV_X1Y1       PLLE2_ADV (Prop_plle2_adv_CLKIN1_CLKOUT3)
                                                      0.077     2.081 r  i_dram_wrapper/i_dram/u_mig7s_mig/u_ddr3_infrastructure/plle2_i/CLKOUT3
                         net (fo=1, unplaced)         0.584     2.665    i_dram_wrapper/i_dram/u_mig7s_mig/u_ddr3_infrastructure/pll_clk3_out
                         BUFH (Prop_bufh_I_O)         0.103     2.768 r  i_dram_wrapper/i_dram/u_mig7s_mig/u_ddr3_infrastructure/u_bufh_pll_clk3/O
                         net (fo=1, unplaced)         0.466     3.233    i_dram_wrapper/i_dram/u_mig7s_mig/u_ddr3_infrastructure/pll_clk3
    MMCME2_ADV_X1Y1      MMCME2_ADV (Prop_mmcme2_adv_CLKIN1_CLKOUT1)
                                                     -1.024     2.209 r  i_dram_wrapper/i_dram/u_mig7s_mig/u_ddr3_infrastructure/gen_mmcm.mmcm_i/CLKOUT1
                         net (fo=1, unplaced)         0.466     2.675    i_dram_wrapper/i_dram/u_mig7s_mig/u_ddr3_infrastructure/clk_div2_bufg_in
                         BUFG (Prop_bufg_I_O)         0.093     2.768 r  i_dram_wrapper/i_dram/u_mig7s_mig/u_ddr3_infrastructure/gen_mmcm.u_bufg_clk_div2/O
                         net (fo=13, unplaced)        0.584     3.352    i_dram_wrapper/i_dram/u_mig7s_mig/u_ddr3_infrastructure/gen_mmcm.u_bufg_clk_div2_n_0
                         FDPE                                         r  i_dram_wrapper/i_dram/u_mig7s_mig/u_ddr3_infrastructure/rstdiv2_sync_r_reg[11]/C
  -------------------------------------------------------------------    -------------------
                         FDPE (Prop_fdpe_C_Q)         0.223     3.575 r  i_dram_wrapper/i_dram/u_mig7s_mig/u_ddr3_infrastructure/rstdiv2_sync_r_reg[11]/Q
                         net (fo=1, unplaced)         0.189     3.764    i_dram_wrapper/i_dram/u_mig7s_mig/u_ddr3_infrastructure/rstdiv2_sync_r[11]
                         FDPE                                         r  i_dram_wrapper/i_dram/u_mig7s_mig/u_ddr3_infrastructure/rstdiv2_sync_r1_reg/D
  -------------------------------------------------------------------    -------------------

                         (clock clk_div2_bufg_in rise edge)
                                                      2.500     2.500 r  
    AD12                                              0.000     2.500 r  sys_clk_p (IN)
                         net (fo=0)                   0.000     2.500    sys_clk_p
    AD12                 IBUFDS (Prop_ibufds_I_O)     0.803     3.303 r  i_bufds_sys_clk/O
                         net (fo=65, estimated)       1.043     4.347    i_dram_wrapper/i_dram/u_mig7s_mig/u_ddr3_infrastructure/plle2_i_0
    PLLE2_ADV_X1Y1       PLLE2_ADV (Prop_plle2_adv_CLKIN1_CLKOUT3)
                                                      0.073     4.420 r  i_dram_wrapper/i_dram/u_mig7s_mig/u_ddr3_infrastructure/plle2_i/CLKOUT3
                         net (fo=1, unplaced)         0.439     4.859    i_dram_wrapper/i_dram/u_mig7s_mig/u_ddr3_infrastructure/pll_clk3_out
                         BUFH (Prop_bufh_I_O)         0.066     4.925 r  i_dram_wrapper/i_dram/u_mig7s_mig/u_ddr3_infrastructure/u_bufh_pll_clk3/O
                         net (fo=1, unplaced)         0.442     5.367    i_dram_wrapper/i_dram/u_mig7s_mig/u_ddr3_infrastructure/pll_clk3
    MMCME2_ADV_X1Y1      MMCME2_ADV (Prop_mmcme2_adv_CLKIN1_CLKOUT1)
                                                     -0.968     4.399 r  i_dram_wrapper/i_dram/u_mig7s_mig/u_ddr3_infrastructure/gen_mmcm.mmcm_i/CLKOUT1
                         net (fo=1, unplaced)         0.442     4.842    i_dram_wrapper/i_dram/u_mig7s_mig/u_ddr3_infrastructure/clk_div2_bufg_in
                         BUFG (Prop_bufg_I_O)         0.083     4.925 r  i_dram_wrapper/i_dram/u_mig7s_mig/u_ddr3_infrastructure/gen_mmcm.u_bufg_clk_div2/O
                         net (fo=13, unplaced)        0.439     5.364    i_dram_wrapper/i_dram/u_mig7s_mig/u_ddr3_infrastructure/gen_mmcm.u_bufg_clk_div2_n_0
                         FDPE                                         r  i_dram_wrapper/i_dram/u_mig7s_mig/u_ddr3_infrastructure/rstdiv2_sync_r1_reg/C
                         clock pessimism              0.343     5.707    
                         clock uncertainty           -0.057     5.650    
                         FDPE (Setup_fdpe_C_D)       -0.100     5.550    i_dram_wrapper/i_dram/u_mig7s_mig/u_ddr3_infrastructure/rstdiv2_sync_r1_reg
  -------------------------------------------------------------------
                         required time                          5.550    
                         arrival time                          -3.764    
  -------------------------------------------------------------------
                         slack                                  1.786    





Min Delay Paths
--------------------------------------------------------------------------------------
Slack (MET) :             0.066ns  (arrival time - required time)
  Source:                 i_dram_wrapper/i_dram/u_mig7s_mig/u_ddr3_infrastructure/rstdiv2_sync_r_reg[11]/C
                            (rising edge-triggered cell FDPE clocked by clk_div2_bufg_in  {rise@0.000ns fall@1.250ns period=2.500ns})
  Destination:            i_dram_wrapper/i_dram/u_mig7s_mig/u_ddr3_infrastructure/rstdiv2_sync_r1_reg/D
                            (rising edge-triggered cell FDPE clocked by clk_div2_bufg_in  {rise@0.000ns fall@1.250ns period=2.500ns})
  Path Group:             clk_div2_bufg_in
  Path Type:              Hold (Min at Fast Process Corner)
  Requirement:            0.000ns  (clk_div2_bufg_in rise@0.000ns - clk_div2_bufg_in rise@0.000ns)
  Data Path Delay:        0.194ns  (logic 0.100ns (51.619%)  route 0.094ns (48.381%))
  Logic Levels:           0  
  Clock Path Skew:        0.145ns (DCD - SCD - CPR)
    Destination Clock Delay (DCD):    1.659ns
    Source Clock Delay      (SCD):    1.234ns
    Clock Pessimism Removal (CPR):    0.280ns

    Location             Delay type                Incr(ns)  Path(ns)    Netlist Resource(s)
  -------------------------------------------------------------------    -------------------
                         (clock clk_div2_bufg_in rise edge)
                                                      0.000     0.000 r  
    AD12                                              0.000     0.000 r  sys_clk_p (IN)
                         net (fo=0)                   0.000     0.000    sys_clk_p
    AD12                 IBUFDS (Prop_ibufds_I_O)     0.388     0.388 r  i_bufds_sys_clk/O
                         net (fo=65, estimated)       0.545     0.933    i_dram_wrapper/i_dram/u_mig7s_mig/u_ddr3_infrastructure/plle2_i_0
    PLLE2_ADV_X1Y1       PLLE2_ADV (Prop_plle2_adv_CLKIN1_CLKOUT3)
                                                      0.050     0.983 r  i_dram_wrapper/i_dram/u_mig7s_mig/u_ddr3_infrastructure/plle2_i/CLKOUT3
                         net (fo=1, unplaced)         0.114     1.097    i_dram_wrapper/i_dram/u_mig7s_mig/u_ddr3_infrastructure/pll_clk3_out
                         BUFH (Prop_bufh_I_O)         0.023     1.120 r  i_dram_wrapper/i_dram/u_mig7s_mig/u_ddr3_infrastructure/u_bufh_pll_clk3/O
                         net (fo=1, unplaced)         0.231     1.351    i_dram_wrapper/i_dram/u_mig7s_mig/u_ddr3_infrastructure/pll_clk3
    MMCME2_ADV_X1Y1      MMCME2_ADV (Prop_mmcme2_adv_CLKIN1_CLKOUT1)
                                                     -0.488     0.863 r  i_dram_wrapper/i_dram/u_mig7s_mig/u_ddr3_infrastructure/gen_mmcm.mmcm_i/CLKOUT1
                         net (fo=1, unplaced)         0.231     1.094    i_dram_wrapper/i_dram/u_mig7s_mig/u_ddr3_infrastructure/clk_div2_bufg_in
                         BUFG (Prop_bufg_I_O)         0.026     1.120 r  i_dram_wrapper/i_dram/u_mig7s_mig/u_ddr3_infrastructure/gen_mmcm.u_bufg_clk_div2/O
                         net (fo=13, unplaced)        0.114     1.234    i_dram_wrapper/i_dram/u_mig7s_mig/u_ddr3_infrastructure/gen_mmcm.u_bufg_clk_div2_n_0
                         FDPE                                         r  i_dram_wrapper/i_dram/u_mig7s_mig/u_ddr3_infrastructure/rstdiv2_sync_r_reg[11]/C
  -------------------------------------------------------------------    -------------------
                         FDPE (Prop_fdpe_C_Q)         0.100     1.334 r  i_dram_wrapper/i_dram/u_mig7s_mig/u_ddr3_infrastructure/rstdiv2_sync_r_reg[11]/Q
                         net (fo=1, unplaced)         0.094     1.428    i_dram_wrapper/i_dram/u_mig7s_mig/u_ddr3_infrastructure/rstdiv2_sync_r[11]
                         FDPE                                         r  i_dram_wrapper/i_dram/u_mig7s_mig/u_ddr3_infrastructure/rstdiv2_sync_r1_reg/D
  -------------------------------------------------------------------    -------------------

                         (clock clk_div2_bufg_in rise edge)
                                                      0.000     0.000 r  
    AD12                                              0.000     0.000 r  sys_clk_p (IN)
                         net (fo=0)                   0.000     0.000    sys_clk_p
    AD12                 IBUFDS (Prop_ibufds_I_O)     0.470     0.470 r  i_bufds_sys_clk/O
                         net (fo=65, estimated)       0.573     1.043    i_dram_wrapper/i_dram/u_mig7s_mig/u_ddr3_infrastructure/plle2_i_0
    PLLE2_ADV_X1Y1       PLLE2_ADV (Prop_plle2_adv_CLKIN1_CLKOUT3)
                                                      0.053     1.096 r  i_dram_wrapper/i_dram/u_mig7s_mig/u_ddr3_infrastructure/plle2_i/CLKOUT3
                         net (fo=1, unplaced)         0.259     1.355    i_dram_wrapper/i_dram/u_mig7s_mig/u_ddr3_infrastructure/pll_clk3_out
                         BUFH (Prop_bufh_I_O)         0.045     1.400 r  i_dram_wrapper/i_dram/u_mig7s_mig/u_ddr3_infrastructure/u_bufh_pll_clk3/O
                         net (fo=1, unplaced)         0.243     1.643    i_dram_wrapper/i_dram/u_mig7s_mig/u_ddr3_infrastructure/pll_clk3
    MMCME2_ADV_X1Y1      MMCME2_ADV (Prop_mmcme2_adv_CLKIN1_CLKOUT1)
                                                     -0.516     1.127 r  i_dram_wrapper/i_dram/u_mig7s_mig/u_ddr3_infrastructure/gen_mmcm.mmcm_i/CLKOUT1
                         net (fo=1, unplaced)         0.243     1.370    i_dram_wrapper/i_dram/u_mig7s_mig/u_ddr3_infrastructure/clk_div2_bufg_in
                         BUFG (Prop_bufg_I_O)         0.030     1.400 r  i_dram_wrapper/i_dram/u_mig7s_mig/u_ddr3_infrastructure/gen_mmcm.u_bufg_clk_div2/O
                         net (fo=13, unplaced)        0.259     1.659    i_dram_wrapper/i_dram/u_mig7s_mig/u_ddr3_infrastructure/gen_mmcm.u_bufg_clk_div2_n_0
                         FDPE                                         r  i_dram_wrapper/i_dram/u_mig7s_mig/u_ddr3_infrastructure/rstdiv2_sync_r1_reg/C
                         clock pessimism             -0.280     1.379    
                         FDPE (Hold_fdpe_C_D)        -0.017     1.362    i_dram_wrapper/i_dram/u_mig7s_mig/u_ddr3_infrastructure/rstdiv2_sync_r1_reg
  -------------------------------------------------------------------
                         required time                         -1.362    
                         arrival time                           1.428    
  -------------------------------------------------------------------
                         slack                                  0.066    





Pulse Width Checks
--------------------------------------------------------------------------------------
Clock Name:         clk_div2_bufg_in
Waveform(ns):       { 0.000 1.250 }
Period(ns):         2.500
Sources:            { i_dram_wrapper/i_dram/u_mig7s_mig/u_ddr3_infrastructure/gen_mmcm.mmcm_i/CLKOUT1 }

Check Type        Corner  Lib Pin             Reference Pin  Required(ns)  Actual(ns)  Slack(ns)  Location         Pin
Min Period        n/a     BUFG/I              n/a            1.408         2.500       1.092                       i_dram_wrapper/i_dram/u_mig7s_mig/u_ddr3_infrastructure/gen_mmcm.u_bufg_clk_div2/I
Max Period        n/a     MMCME2_ADV/CLKOUT1  n/a            213.360       2.500       210.860    MMCME2_ADV_X1Y1  i_dram_wrapper/i_dram/u_mig7s_mig/u_ddr3_infrastructure/gen_mmcm.mmcm_i/CLKOUT1
Low Pulse Width   Slow    FDPE/C              n/a            0.350         1.250       0.900                       i_dram_wrapper/i_dram/u_mig7s_mig/u_ddr3_infrastructure/rstdiv2_sync_r1_reg/C
High Pulse Width  Slow    FDPE/C              n/a            0.350         1.250       0.900                       i_dram_wrapper/i_dram/u_mig7s_mig/u_ddr3_infrastructure/rstdiv2_sync_r1_reg/C



---------------------------------------------------------------------------------------------------
From Clock:  clk_pll_i
  To Clock:  clk_pll_i

Setup :            0  Failing Endpoints,  Worst Slack        0.845ns,  Total Violation        0.000ns
Hold  :         4219  Failing Endpoints,  Worst Slack       -0.063ns,  Total Violation      -83.758ns
PW    :            0  Failing Endpoints,  Worst Slack        1.250ns,  Total Violation        0.000ns
---------------------------------------------------------------------------------------------------


Max Delay Paths
--------------------------------------------------------------------------------------
Slack (MET) :             0.845ns  (required time - arrival time)
  Source:                 i_dram_wrapper/i_dram/u_mig7s_mig/u_memc_ui_top_axi/mem_intfc0/ddr_phy_top0/u_ddr_calib_top/ddr_phy_prbs_rdlvl_gen.u_ddr_phy_prbs_rdlvl/bit_cnt_reg[1]/C
                            (rising edge-triggered cell FDRE clocked by clk_pll_i  {rise@0.000ns fall@2.500ns period=5.000ns})
  Destination:            i_dram_wrapper/i_dram/u_mig7s_mig/u_memc_ui_top_axi/mem_intfc0/ddr_phy_top0/u_ddr_calib_top/ddr_phy_prbs_rdlvl_gen.u_ddr_phy_prbs_rdlvl/ref_bit_reg[0]/CE
                            (rising edge-triggered cell FDRE clocked by clk_pll_i  {rise@0.000ns fall@2.500ns period=5.000ns})
  Path Group:             clk_pll_i
  Path Type:              Setup (Max at Slow Process Corner)
  Requirement:            5.000ns  (clk_pll_i rise@5.000ns - clk_pll_i rise@0.000ns)
  Data Path Delay:        3.759ns  (logic 0.905ns (24.076%)  route 2.854ns (75.924%))
  Logic Levels:           7  (CARRY4=2 LUT4=1 LUT5=3 LUT6=1)
  Clock Path Skew:        -0.145ns (DCD - SCD + CPR)
    Destination Clock Delay (DCD):    2.745ns = ( 7.745 - 5.000 ) 
    Source Clock Delay      (SCD):    3.233ns
    Clock Pessimism Removal (CPR):    0.343ns
  Clock Uncertainty:      0.052ns  ((TSJ^2 + DJ^2)^1/2) / 2 + PE
    Total System Jitter     (TSJ):    0.071ns
    Discrete Jitter          (DJ):    0.077ns
    Phase Error              (PE):    0.000ns

    Location             Delay type                Incr(ns)  Path(ns)    Netlist Resource(s)
  -------------------------------------------------------------------    -------------------
                         (clock clk_pll_i rise edge)
                                                      0.000     0.000 r  
    AD12                                              0.000     0.000 r  sys_clk_p (IN)
                         net (fo=0)                   0.000     0.000    sys_clk_p
    AD12                 IBUFDS (Prop_ibufds_I_O)     0.906     0.906 r  i_bufds_sys_clk/O
                         net (fo=65, estimated)       1.098     2.004    i_dram_wrapper/i_dram/u_mig7s_mig/u_ddr3_infrastructure/plle2_i_0
    PLLE2_ADV_X1Y1       PLLE2_ADV (Prop_plle2_adv_CLKIN1_CLKOUT3)
                                                      0.077     2.081 r  i_dram_wrapper/i_dram/u_mig7s_mig/u_ddr3_infrastructure/plle2_i/CLKOUT3
                         net (fo=1, unplaced)         0.584     2.665    i_dram_wrapper/i_dram/u_mig7s_mig/u_ddr3_infrastructure/pll_clk3_out
                         BUFH (Prop_bufh_I_O)         0.103     2.768 r  i_dram_wrapper/i_dram/u_mig7s_mig/u_ddr3_infrastructure/u_bufh_pll_clk3/O
                         net (fo=1, unplaced)         0.466     3.233    i_dram_wrapper/i_dram/u_mig7s_mig/u_ddr3_infrastructure/pll_clk3
    MMCME2_ADV_X1Y1      MMCME2_ADV (Prop_mmcme2_adv_CLKIN1_CLKFBOUT)
                                                     -1.024     2.209 r  i_dram_wrapper/i_dram/u_mig7s_mig/u_ddr3_infrastructure/gen_mmcm.mmcm_i/CLKFBOUT
                         net (fo=1, unplaced)         0.466     2.675    i_dram_wrapper/i_dram/u_mig7s_mig/u_ddr3_infrastructure/clk_pll_i
                         BUFG (Prop_bufg_I_O)         0.093     2.768 r  i_dram_wrapper/i_dram/u_mig7s_mig/u_ddr3_infrastructure/u_bufg_clkdiv0/O
                         net (fo=13430, unplaced)     0.466     3.233    i_dram_wrapper/i_dram/u_mig7s_mig/u_memc_ui_top_axi/mem_intfc0/ddr_phy_top0/u_ddr_calib_top/ddr_phy_prbs_rdlvl_gen.u_ddr_phy_prbs_rdlvl/CLK
                         FDRE                                         r  i_dram_wrapper/i_dram/u_mig7s_mig/u_memc_ui_top_axi/mem_intfc0/ddr_phy_top0/u_ddr_calib_top/ddr_phy_prbs_rdlvl_gen.u_ddr_phy_prbs_rdlvl/bit_cnt_reg[1]/C
  -------------------------------------------------------------------    -------------------
                         FDRE (Prop_fdre_C_Q)         0.223     3.456 r  i_dram_wrapper/i_dram/u_mig7s_mig/u_memc_ui_top_axi/mem_intfc0/ddr_phy_top0/u_ddr_calib_top/ddr_phy_prbs_rdlvl_gen.u_ddr_phy_prbs_rdlvl/bit_cnt_reg[1]/Q
                         net (fo=10, unplaced)        0.539     3.995    i_dram_wrapper/i_dram/u_mig7s_mig/u_memc_ui_top_axi/mem_intfc0/ddr_phy_top0/u_ddr_calib_top/ddr_phy_prbs_rdlvl_gen.u_ddr_phy_prbs_rdlvl/bit_cnt_reg[1]
                         CARRY4 (Prop_carry4_DI[3]_CO[3])
                                                      0.270     4.265 r  i_dram_wrapper/i_dram/u_mig7s_mig/u_memc_ui_top_axi/mem_intfc0/ddr_phy_top0/u_ddr_calib_top/ddr_phy_prbs_rdlvl_gen.u_ddr_phy_prbs_rdlvl/ref_right_edge_reg[5]_i_3/CO[3]
                         net (fo=1, unplaced)         0.007     4.272    i_dram_wrapper/i_dram/u_mig7s_mig/u_memc_ui_top_axi/mem_intfc0/ddr_phy_top0/u_ddr_calib_top/ddr_phy_prbs_rdlvl_gen.u_ddr_phy_prbs_rdlvl/ref_right_edge_reg[5]_i_3_n_0
                         CARRY4 (Prop_carry4_CI_O[0])
                                                      0.117     4.389 r  i_dram_wrapper/i_dram/u_mig7s_mig/u_memc_ui_top_axi/mem_intfc0/ddr_phy_top0/u_ddr_calib_top/ddr_phy_prbs_rdlvl_gen.u_ddr_phy_prbs_rdlvl/ref_right_edge_reg[5]_i_6/O[0]
                         net (fo=20, unplaced)        0.251     4.640    i_dram_wrapper/i_dram/u_mig7s_mig/u_memc_ui_top_axi/mem_intfc0/ddr_phy_top0/u_ddr_calib_top/ddr_phy_prbs_rdlvl_gen.u_ddr_phy_prbs_rdlvl/ref_right_edge1[5]
                         LUT5 (Prop_lut5_I3_O)        0.123     4.763 f  i_dram_wrapper/i_dram/u_mig7s_mig/u_memc_ui_top_axi/mem_intfc0/ddr_phy_top0/u_ddr_calib_top/ddr_phy_prbs_rdlvl_gen.u_ddr_phy_prbs_rdlvl/ref_right_edge[5]_i_14/O
                         net (fo=2, unplaced)         0.418     5.181    i_dram_wrapper/i_dram/u_mig7s_mig/u_memc_ui_top_axi/mem_intfc0/ddr_phy_top0/u_ddr_calib_top/ddr_phy_prbs_rdlvl_gen.u_ddr_phy_prbs_rdlvl/ref_right_edge[5]_i_14_n_0
                         LUT6 (Prop_lut6_I1_O)        0.043     5.224 f  i_dram_wrapper/i_dram/u_mig7s_mig/u_memc_ui_top_axi/mem_intfc0/ddr_phy_top0/u_ddr_calib_top/ddr_phy_prbs_rdlvl_gen.u_ddr_phy_prbs_rdlvl/ref_right_edge[5]_i_5/O
                         net (fo=4, unplaced)         0.294     5.518    i_dram_wrapper/i_dram/u_mig7s_mig/u_memc_ui_top_axi/mem_intfc0/ddr_phy_top0/u_ddr_calib_top/ddr_phy_prbs_rdlvl_gen.u_ddr_phy_prbs_rdlvl/ref_right_edge[5]_i_5_n_0
                         LUT5 (Prop_lut5_I4_O)        0.043     5.561 f  i_dram_wrapper/i_dram/u_mig7s_mig/u_memc_ui_top_axi/mem_intfc0/ddr_phy_top0/u_ddr_calib_top/ddr_phy_prbs_rdlvl_gen.u_ddr_phy_prbs_rdlvl/ref_right_edge[5]_i_1/O
                         net (fo=3, unplaced)         0.288     5.849    i_dram_wrapper/i_dram/u_mig7s_mig/u_memc_ui_top_axi/mem_intfc0/ddr_phy_top0/u_ddr_calib_top/ddr_phy_prbs_rdlvl_gen.u_ddr_phy_prbs_rdlvl/ref_right_edge0[5]
                         LUT4 (Prop_lut4_I2_O)        0.043     5.892 r  i_dram_wrapper/i_dram/u_mig7s_mig/u_memc_ui_top_axi/mem_intfc0/ddr_phy_top0/u_ddr_calib_top/ddr_phy_prbs_rdlvl_gen.u_ddr_phy_prbs_rdlvl/ref_bit[3]_i_2/O
                         net (fo=1, unplaced)         0.742     6.634    i_dram_wrapper/i_dram/u_mig7s_mig/u_memc_ui_top_axi/mem_intfc0/ddr_phy_top0/u_ddr_calib_top/ddr_phy_prbs_rdlvl_gen.u_ddr_phy_prbs_rdlvl/ref_bit[3]_i_2_n_0
                         LUT5 (Prop_lut5_I0_O)        0.043     6.677 r  i_dram_wrapper/i_dram/u_mig7s_mig/u_memc_ui_top_axi/mem_intfc0/ddr_phy_top0/u_ddr_calib_top/ddr_phy_prbs_rdlvl_gen.u_ddr_phy_prbs_rdlvl/ref_bit[3]_i_1/O
                         net (fo=10, unplaced)        0.315     6.992    i_dram_wrapper/i_dram/u_mig7s_mig/u_memc_ui_top_axi/mem_intfc0/ddr_phy_top0/u_ddr_calib_top/ddr_phy_prbs_rdlvl_gen.u_ddr_phy_prbs_rdlvl/ref_right_edge
                         FDRE                                         r  i_dram_wrapper/i_dram/u_mig7s_mig/u_memc_ui_top_axi/mem_intfc0/ddr_phy_top0/u_ddr_calib_top/ddr_phy_prbs_rdlvl_gen.u_ddr_phy_prbs_rdlvl/ref_bit_reg[0]/CE
  -------------------------------------------------------------------    -------------------

                         (clock clk_pll_i rise edge)
                                                      5.000     5.000 r  
    AD12                                              0.000     5.000 r  sys_clk_p (IN)
                         net (fo=0)                   0.000     5.000    sys_clk_p
    AD12                 IBUFDS (Prop_ibufds_I_O)     0.803     5.803 r  i_bufds_sys_clk/O
                         net (fo=65, estimated)       1.043     6.847    i_dram_wrapper/i_dram/u_mig7s_mig/u_ddr3_infrastructure/plle2_i_0
    PLLE2_ADV_X1Y1       PLLE2_ADV (Prop_plle2_adv_CLKIN1_CLKOUT3)
                                                      0.073     6.920 r  i_dram_wrapper/i_dram/u_mig7s_mig/u_ddr3_infrastructure/plle2_i/CLKOUT3
                         net (fo=1, unplaced)         0.439     7.359    i_dram_wrapper/i_dram/u_mig7s_mig/u_ddr3_infrastructure/pll_clk3_out
                         BUFH (Prop_bufh_I_O)         0.066     7.425 r  i_dram_wrapper/i_dram/u_mig7s_mig/u_ddr3_infrastructure/u_bufh_pll_clk3/O
                         net (fo=1, unplaced)         0.442     7.867    i_dram_wrapper/i_dram/u_mig7s_mig/u_ddr3_infrastructure/pll_clk3
    MMCME2_ADV_X1Y1      MMCME2_ADV (Prop_mmcme2_adv_CLKIN1_CLKFBOUT)
                                                     -0.968     6.899 r  i_dram_wrapper/i_dram/u_mig7s_mig/u_ddr3_infrastructure/gen_mmcm.mmcm_i/CLKFBOUT
                         net (fo=1, unplaced)         0.442     7.342    i_dram_wrapper/i_dram/u_mig7s_mig/u_ddr3_infrastructure/clk_pll_i
                         BUFG (Prop_bufg_I_O)         0.083     7.425 r  i_dram_wrapper/i_dram/u_mig7s_mig/u_ddr3_infrastructure/u_bufg_clkdiv0/O
                         net (fo=13430, unplaced)     0.321     7.745    i_dram_wrapper/i_dram/u_mig7s_mig/u_memc_ui_top_axi/mem_intfc0/ddr_phy_top0/u_ddr_calib_top/ddr_phy_prbs_rdlvl_gen.u_ddr_phy_prbs_rdlvl/CLK
                         FDRE                                         r  i_dram_wrapper/i_dram/u_mig7s_mig/u_memc_ui_top_axi/mem_intfc0/ddr_phy_top0/u_ddr_calib_top/ddr_phy_prbs_rdlvl_gen.u_ddr_phy_prbs_rdlvl/ref_bit_reg[0]/C
                         clock pessimism              0.343     8.088    
                         clock uncertainty           -0.052     8.036    
                         FDRE (Setup_fdre_C_CE)      -0.199     7.837    i_dram_wrapper/i_dram/u_mig7s_mig/u_memc_ui_top_axi/mem_intfc0/ddr_phy_top0/u_ddr_calib_top/ddr_phy_prbs_rdlvl_gen.u_ddr_phy_prbs_rdlvl/ref_bit_reg[0]
  -------------------------------------------------------------------
                         required time                          7.837    
                         arrival time                          -6.992    
  -------------------------------------------------------------------
                         slack                                  0.845    





Min Delay Paths
--------------------------------------------------------------------------------------
Slack (VIOLATED) :        -0.063ns  (arrival time - required time)
  Source:                 i_dram_wrapper/i_dram/u_mig7s_mig/u_memc_ui_top_axi/u_ui_top/ui_rd_data0/not_strict_mode.status_ram.status_ram_wr_addr_r_reg[1]/C
                            (rising edge-triggered cell FDRE clocked by clk_pll_i  {rise@0.000ns fall@2.500ns period=5.000ns})
  Destination:            i_dram_wrapper/i_dram/u_mig7s_mig/u_memc_ui_top_axi/u_ui_top/ui_rd_data0/not_strict_mode.status_ram.RAM32M0/RAMA/WADR1
                            (rising edge-triggered cell RAMD32 clocked by clk_pll_i  {rise@0.000ns fall@2.500ns period=5.000ns})
  Path Group:             clk_pll_i
  Path Type:              Hold (Min at Fast Process Corner)
  Requirement:            0.000ns  (clk_pll_i rise@0.000ns - clk_pll_i rise@0.000ns)
  Data Path Delay:        0.340ns  (logic 0.100ns (29.410%)  route 0.240ns (70.590%))
  Logic Levels:           0  
  Clock Path Skew:        0.145ns (DCD - SCD - CPR)
    Destination Clock Delay (DCD):    1.643ns
    Source Clock Delay      (SCD):    1.218ns
    Clock Pessimism Removal (CPR):    0.280ns

    Location             Delay type                Incr(ns)  Path(ns)    Netlist Resource(s)
  -------------------------------------------------------------------    -------------------
                         (clock clk_pll_i rise edge)
                                                      0.000     0.000 r  
    AD12                                              0.000     0.000 r  sys_clk_p (IN)
                         net (fo=0)                   0.000     0.000    sys_clk_p
    AD12                 IBUFDS (Prop_ibufds_I_O)     0.388     0.388 r  i_bufds_sys_clk/O
                         net (fo=65, estimated)       0.545     0.933    i_dram_wrapper/i_dram/u_mig7s_mig/u_ddr3_infrastructure/plle2_i_0
    PLLE2_ADV_X1Y1       PLLE2_ADV (Prop_plle2_adv_CLKIN1_CLKOUT3)
                                                      0.050     0.983 r  i_dram_wrapper/i_dram/u_mig7s_mig/u_ddr3_infrastructure/plle2_i/CLKOUT3
                         net (fo=1, unplaced)         0.114     1.097    i_dram_wrapper/i_dram/u_mig7s_mig/u_ddr3_infrastructure/pll_clk3_out
                         BUFH (Prop_bufh_I_O)         0.023     1.120 r  i_dram_wrapper/i_dram/u_mig7s_mig/u_ddr3_infrastructure/u_bufh_pll_clk3/O
                         net (fo=1, unplaced)         0.231     1.351    i_dram_wrapper/i_dram/u_mig7s_mig/u_ddr3_infrastructure/pll_clk3
    MMCME2_ADV_X1Y1      MMCME2_ADV (Prop_mmcme2_adv_CLKIN1_CLKFBOUT)
                                                     -0.488     0.863 r  i_dram_wrapper/i_dram/u_mig7s_mig/u_ddr3_infrastructure/gen_mmcm.mmcm_i/CLKFBOUT
                         net (fo=1, unplaced)         0.231     1.094    i_dram_wrapper/i_dram/u_mig7s_mig/u_ddr3_infrastructure/clk_pll_i
                         BUFG (Prop_bufg_I_O)         0.026     1.120 r  i_dram_wrapper/i_dram/u_mig7s_mig/u_ddr3_infrastructure/u_bufg_clkdiv0/O
                         net (fo=13430, unplaced)     0.098     1.218    i_dram_wrapper/i_dram/u_mig7s_mig/u_memc_ui_top_axi/u_ui_top/ui_rd_data0/CLK
                         FDRE                                         r  i_dram_wrapper/i_dram/u_mig7s_mig/u_memc_ui_top_axi/u_ui_top/ui_rd_data0/not_strict_mode.status_ram.status_ram_wr_addr_r_reg[1]/C
  -------------------------------------------------------------------    -------------------
                         FDRE (Prop_fdre_C_Q)         0.100     1.318 r  i_dram_wrapper/i_dram/u_mig7s_mig/u_memc_ui_top_axi/u_ui_top/ui_rd_data0/not_strict_mode.status_ram.status_ram_wr_addr_r_reg[1]/Q
                         net (fo=8, unplaced)         0.240     1.558    i_dram_wrapper/i_dram/u_mig7s_mig/u_memc_ui_top_axi/u_ui_top/ui_rd_data0/not_strict_mode.status_ram.RAM32M0/ADDRD1
                         RAMD32                                       r  i_dram_wrapper/i_dram/u_mig7s_mig/u_memc_ui_top_axi/u_ui_top/ui_rd_data0/not_strict_mode.status_ram.RAM32M0/RAMA/WADR1
  -------------------------------------------------------------------    -------------------

                         (clock clk_pll_i rise edge)
                                                      0.000     0.000 r  
    AD12                                              0.000     0.000 r  sys_clk_p (IN)
                         net (fo=0)                   0.000     0.000    sys_clk_p
    AD12                 IBUFDS (Prop_ibufds_I_O)     0.470     0.470 r  i_bufds_sys_clk/O
                         net (fo=65, estimated)       0.573     1.043    i_dram_wrapper/i_dram/u_mig7s_mig/u_ddr3_infrastructure/plle2_i_0
    PLLE2_ADV_X1Y1       PLLE2_ADV (Prop_plle2_adv_CLKIN1_CLKOUT3)
                                                      0.053     1.096 r  i_dram_wrapper/i_dram/u_mig7s_mig/u_ddr3_infrastructure/plle2_i/CLKOUT3
                         net (fo=1, unplaced)         0.259     1.355    i_dram_wrapper/i_dram/u_mig7s_mig/u_ddr3_infrastructure/pll_clk3_out
                         BUFH (Prop_bufh_I_O)         0.045     1.400 r  i_dram_wrapper/i_dram/u_mig7s_mig/u_ddr3_infrastructure/u_bufh_pll_clk3/O
                         net (fo=1, unplaced)         0.243     1.643    i_dram_wrapper/i_dram/u_mig7s_mig/u_ddr3_infrastructure/pll_clk3
    MMCME2_ADV_X1Y1      MMCME2_ADV (Prop_mmcme2_adv_CLKIN1_CLKFBOUT)
                                                     -0.516     1.127 r  i_dram_wrapper/i_dram/u_mig7s_mig/u_ddr3_infrastructure/gen_mmcm.mmcm_i/CLKFBOUT
                         net (fo=1, unplaced)         0.243     1.370    i_dram_wrapper/i_dram/u_mig7s_mig/u_ddr3_infrastructure/clk_pll_i
                         BUFG (Prop_bufg_I_O)         0.030     1.400 r  i_dram_wrapper/i_dram/u_mig7s_mig/u_ddr3_infrastructure/u_bufg_clkdiv0/O
                         net (fo=13430, unplaced)     0.243     1.643    i_dram_wrapper/i_dram/u_mig7s_mig/u_memc_ui_top_axi/u_ui_top/ui_rd_data0/not_strict_mode.status_ram.RAM32M0/WCLK
                         RAMD32                                       r  i_dram_wrapper/i_dram/u_mig7s_mig/u_memc_ui_top_axi/u_ui_top/ui_rd_data0/not_strict_mode.status_ram.RAM32M0/RAMA/CLK
                         clock pessimism             -0.280     1.363    
                         RAMD32 (Hold_ramd32_CLK_WADR1)
                                                      0.258     1.621    i_dram_wrapper/i_dram/u_mig7s_mig/u_memc_ui_top_axi/u_ui_top/ui_rd_data0/not_strict_mode.status_ram.RAM32M0/RAMA
  -------------------------------------------------------------------
                         required time                         -1.621    
                         arrival time                           1.558    
  -------------------------------------------------------------------
                         slack                                 -0.063    





Pulse Width Checks
--------------------------------------------------------------------------------------
Clock Name:         clk_pll_i
Waveform(ns):       { 0.000 2.500 }
Period(ns):         5.000
Sources:            { i_dram_wrapper/i_dram/u_mig7s_mig/u_ddr3_infrastructure/gen_mmcm.mmcm_i/CLKFBOUT }

Check Type        Corner  Lib Pin             Reference Pin  Required(ns)  Actual(ns)  Slack(ns)  Location          Pin
Min Period        n/a     PHY_CONTROL/PHYCLK  n/a            2.500         5.000       2.500      PHY_CONTROL_X1Y2  i_dram_wrapper/i_dram/u_mig7s_mig/u_memc_ui_top_axi/mem_intfc0/ddr_phy_top0/u_ddr_mc_phy_wrapper/u_ddr_mc_phy/ddr_phy_4lanes_0.u_ddr_phy_4lanes/phy_control_i/PHYCLK
Max Period        n/a     MMCME2_ADV/CLKFBIN  n/a            100.000       5.000       95.000     MMCME2_ADV_X1Y1   i_dram_wrapper/i_dram/u_mig7s_mig/u_ddr3_infrastructure/gen_mmcm.mmcm_i/CLKFBIN
Low Pulse Width   Slow    PHY_CONTROL/PHYCLK  n/a            1.250         2.500       1.250      PHY_CONTROL_X1Y2  i_dram_wrapper/i_dram/u_mig7s_mig/u_memc_ui_top_axi/mem_intfc0/ddr_phy_top0/u_ddr_mc_phy_wrapper/u_ddr_mc_phy/ddr_phy_4lanes_0.u_ddr_phy_4lanes/phy_control_i/PHYCLK
High Pulse Width  Slow    PHY_CONTROL/PHYCLK  n/a            1.250         2.500       1.250      PHY_CONTROL_X1Y2  i_dram_wrapper/i_dram/u_mig7s_mig/u_memc_ui_top_axi/mem_intfc0/ddr_phy_top0/u_ddr_mc_phy_wrapper/u_ddr_mc_phy/ddr_phy_4lanes_0.u_ddr_phy_4lanes/phy_control_i/PHYCLK



---------------------------------------------------------------------------------------------------
From Clock:  mmcm_ps_clk_bufg_in
  To Clock:  mmcm_ps_clk_bufg_in

Setup :            0  Failing Endpoints,  Worst Slack        3.531ns,  Total Violation        0.000ns
Hold  :            4  Failing Endpoints,  Worst Slack       -0.168ns,  Total Violation       -0.672ns
PW    :            0  Failing Endpoints,  Worst Slack        4.650ns,  Total Violation        0.000ns
---------------------------------------------------------------------------------------------------


Max Delay Paths
--------------------------------------------------------------------------------------
Slack (MET) :             3.531ns  (required time - arrival time)
  Source:                 i_dram_wrapper/i_dram/u_mig7s_mig/u_ddr3_infrastructure/rst_sync_r1_reg/C
                            (rising edge-triggered cell FDPE clocked by mmcm_ps_clk_bufg_in  {rise@0.000ns fall@5.000ns period=10.000ns})
  Destination:            i_dram_wrapper/i_dram/u_mig7s_mig/u_memc_ui_top_axi/mem_intfc0/ddr_phy_top0/u_ddr_mc_phy_wrapper/gen_dqs_iobuf_HP.gen_dqs_iobuf[0].gen_dqs_diff.u_iddr_edge_det/u_phase_detector/R
                            (rising edge-triggered cell IDDR clocked by mmcm_ps_clk_bufg_in  {rise@0.000ns fall@5.000ns period=10.000ns})
  Path Group:             mmcm_ps_clk_bufg_in
  Path Type:              Setup (Max at Slow Process Corner)
  Requirement:            5.000ns  (mmcm_ps_clk_bufg_in fall@5.000ns - mmcm_ps_clk_bufg_in rise@0.000ns)
  Data Path Delay:        0.689ns  (logic 0.223ns (32.383%)  route 0.466ns (67.617%))
  Logic Levels:           0  
  Clock Path Skew:        -0.023ns (DCD - SCD + CPR)
    Destination Clock Delay (DCD):    2.867ns = ( 7.867 - 5.000 ) 
    Source Clock Delay      (SCD):    3.233ns
    Clock Pessimism Removal (CPR):    0.343ns
  Clock Uncertainty:      0.068ns  ((TSJ^2 + DJ^2)^1/2) / 2 + PE
    Total System Jitter     (TSJ):    0.071ns
    Discrete Jitter          (DJ):    0.117ns
    Phase Error              (PE):    0.000ns

    Location             Delay type                Incr(ns)  Path(ns)    Netlist Resource(s)
  -------------------------------------------------------------------    -------------------
                         (clock mmcm_ps_clk_bufg_in rise edge)
                                                      0.000     0.000 r  
    AD12                                              0.000     0.000 r  sys_clk_p (IN)
                         net (fo=0)                   0.000     0.000    sys_clk_p
    AD12                 IBUFDS (Prop_ibufds_I_O)     0.906     0.906 r  i_bufds_sys_clk/O
                         net (fo=65, estimated)       1.098     2.004    i_dram_wrapper/i_dram/u_mig7s_mig/u_ddr3_infrastructure/plle2_i_0
    PLLE2_ADV_X1Y1       PLLE2_ADV (Prop_plle2_adv_CLKIN1_CLKOUT3)
                                                      0.077     2.081 r  i_dram_wrapper/i_dram/u_mig7s_mig/u_ddr3_infrastructure/plle2_i/CLKOUT3
                         net (fo=1, unplaced)         0.584     2.665    i_dram_wrapper/i_dram/u_mig7s_mig/u_ddr3_infrastructure/pll_clk3_out
                         BUFH (Prop_bufh_I_O)         0.103     2.768 r  i_dram_wrapper/i_dram/u_mig7s_mig/u_ddr3_infrastructure/u_bufh_pll_clk3/O
                         net (fo=1, unplaced)         0.466     3.233    i_dram_wrapper/i_dram/u_mig7s_mig/u_ddr3_infrastructure/pll_clk3
    MMCME2_ADV_X1Y1      MMCME2_ADV (Prop_mmcme2_adv_CLKIN1_CLKOUT0)
                                                     -1.024     2.209 r  i_dram_wrapper/i_dram/u_mig7s_mig/u_ddr3_infrastructure/gen_mmcm.mmcm_i/CLKOUT0
                         net (fo=1, unplaced)         0.466     2.675    i_dram_wrapper/i_dram/u_mig7s_mig/u_ddr3_infrastructure/mmcm_ps_clk_bufg_in
                         BUFG (Prop_bufg_I_O)         0.093     2.768 r  i_dram_wrapper/i_dram/u_mig7s_mig/u_ddr3_infrastructure/gen_mmcm.u_bufg_mmcm_ps_clk/O
                         net (fo=18, unplaced)        0.466     3.233    i_dram_wrapper/i_dram/u_mig7s_mig/u_ddr3_infrastructure/mmcm_ps_clk
                         FDPE                                         r  i_dram_wrapper/i_dram/u_mig7s_mig/u_ddr3_infrastructure/rst_sync_r1_reg/C
  -------------------------------------------------------------------    -------------------
                         FDPE (Prop_fdpe_C_Q)         0.223     3.456 r  i_dram_wrapper/i_dram/u_mig7s_mig/u_ddr3_infrastructure/rst_sync_r1_reg/Q
                         net (fo=4, unplaced)         0.466     3.922    i_dram_wrapper/i_dram/u_mig7s_mig/u_memc_ui_top_axi/mem_intfc0/ddr_phy_top0/u_ddr_mc_phy_wrapper/gen_dqs_iobuf_HP.gen_dqs_iobuf[0].gen_dqs_diff.u_iddr_edge_det/rst_sync_r1
    ILOGIC_X1Y143        IDDR                                         r  i_dram_wrapper/i_dram/u_mig7s_mig/u_memc_ui_top_axi/mem_intfc0/ddr_phy_top0/u_ddr_mc_phy_wrapper/gen_dqs_iobuf_HP.gen_dqs_iobuf[0].gen_dqs_diff.u_iddr_edge_det/u_phase_detector/R
  -------------------------------------------------------------------    -------------------

                         (clock mmcm_ps_clk_bufg_in fall edge)
                                                      5.000     5.000 f  
    AD12                                              0.000     5.000 f  sys_clk_p (IN)
                         net (fo=0)                   0.000     5.000    sys_clk_p
    AD12                 IBUFDS (Prop_ibufds_I_O)     0.803     5.803 f  i_bufds_sys_clk/O
                         net (fo=65, estimated)       1.043     6.847    i_dram_wrapper/i_dram/u_mig7s_mig/u_ddr3_infrastructure/plle2_i_0
    PLLE2_ADV_X1Y1       PLLE2_ADV (Prop_plle2_adv_CLKIN1_CLKOUT3)
                                                      0.073     6.920 f  i_dram_wrapper/i_dram/u_mig7s_mig/u_ddr3_infrastructure/plle2_i/CLKOUT3
                         net (fo=1, unplaced)         0.439     7.359    i_dram_wrapper/i_dram/u_mig7s_mig/u_ddr3_infrastructure/pll_clk3_out
                         BUFH (Prop_bufh_I_O)         0.066     7.425 f  i_dram_wrapper/i_dram/u_mig7s_mig/u_ddr3_infrastructure/u_bufh_pll_clk3/O
                         net (fo=1, unplaced)         0.442     7.867    i_dram_wrapper/i_dram/u_mig7s_mig/u_ddr3_infrastructure/pll_clk3
    MMCME2_ADV_X1Y1      MMCME2_ADV (Prop_mmcme2_adv_CLKIN1_CLKOUT0)
                                                     -0.968     6.899 f  i_dram_wrapper/i_dram/u_mig7s_mig/u_ddr3_infrastructure/gen_mmcm.mmcm_i/CLKOUT0
                         net (fo=1, unplaced)         0.442     7.342    i_dram_wrapper/i_dram/u_mig7s_mig/u_ddr3_infrastructure/mmcm_ps_clk_bufg_in
                         BUFG (Prop_bufg_I_O)         0.083     7.425 f  i_dram_wrapper/i_dram/u_mig7s_mig/u_ddr3_infrastructure/gen_mmcm.u_bufg_mmcm_ps_clk/O
                         net (fo=18, unplaced)        0.442     7.867    i_dram_wrapper/i_dram/u_mig7s_mig/u_memc_ui_top_axi/mem_intfc0/ddr_phy_top0/u_ddr_mc_phy_wrapper/gen_dqs_iobuf_HP.gen_dqs_iobuf[0].gen_dqs_diff.u_iddr_edge_det/mmcm_ps_clk
    ILOGIC_X1Y143        IDDR                                         f  i_dram_wrapper/i_dram/u_mig7s_mig/u_memc_ui_top_axi/mem_intfc0/ddr_phy_top0/u_ddr_mc_phy_wrapper/gen_dqs_iobuf_HP.gen_dqs_iobuf[0].gen_dqs_diff.u_iddr_edge_det/u_phase_detector/C
                         clock pessimism              0.343     8.210    
                         clock uncertainty           -0.068     8.142    
    ILOGIC_X1Y143        IDDR (Setup_iddr_C_R)       -0.689     7.453    i_dram_wrapper/i_dram/u_mig7s_mig/u_memc_ui_top_axi/mem_intfc0/ddr_phy_top0/u_ddr_mc_phy_wrapper/gen_dqs_iobuf_HP.gen_dqs_iobuf[0].gen_dqs_diff.u_iddr_edge_det/u_phase_detector
  -------------------------------------------------------------------
                         required time                          7.453    
                         arrival time                          -3.922    
  -------------------------------------------------------------------
                         slack                                  3.531    





Min Delay Paths
--------------------------------------------------------------------------------------
Slack (VIOLATED) :        -0.168ns  (arrival time - required time)
  Source:                 i_dram_wrapper/i_dram/u_mig7s_mig/u_ddr3_infrastructure/rst_sync_r1_reg/C
                            (rising edge-triggered cell FDPE clocked by mmcm_ps_clk_bufg_in  {rise@0.000ns fall@5.000ns period=10.000ns})
  Destination:            i_dram_wrapper/i_dram/u_mig7s_mig/u_memc_ui_top_axi/mem_intfc0/ddr_phy_top0/u_ddr_mc_phy_wrapper/gen_dqs_iobuf_HP.gen_dqs_iobuf[0].gen_dqs_diff.u_iddr_edge_det/u_phase_detector/R
                            (rising edge-triggered cell IDDR clocked by mmcm_ps_clk_bufg_in  {rise@0.000ns fall@5.000ns period=10.000ns})
  Path Group:             mmcm_ps_clk_bufg_in
  Path Type:              Hold (Min at Fast Process Corner)
  Requirement:            0.000ns  (mmcm_ps_clk_bufg_in rise@0.000ns - mmcm_ps_clk_bufg_in rise@0.000ns)
  Data Path Delay:        0.331ns  (logic 0.100ns (30.219%)  route 0.231ns (69.781%))
  Logic Levels:           0  
  Clock Path Skew:        0.145ns (DCD - SCD - CPR)
    Destination Clock Delay (DCD):    1.643ns
    Source Clock Delay      (SCD):    1.218ns
    Clock Pessimism Removal (CPR):    0.280ns

    Location             Delay type                Incr(ns)  Path(ns)    Netlist Resource(s)
  -------------------------------------------------------------------    -------------------
                         (clock mmcm_ps_clk_bufg_in rise edge)
                                                      0.000     0.000 r  
    AD12                                              0.000     0.000 r  sys_clk_p (IN)
                         net (fo=0)                   0.000     0.000    sys_clk_p
    AD12                 IBUFDS (Prop_ibufds_I_O)     0.388     0.388 r  i_bufds_sys_clk/O
                         net (fo=65, estimated)       0.545     0.933    i_dram_wrapper/i_dram/u_mig7s_mig/u_ddr3_infrastructure/plle2_i_0
    PLLE2_ADV_X1Y1       PLLE2_ADV (Prop_plle2_adv_CLKIN1_CLKOUT3)
                                                      0.050     0.983 r  i_dram_wrapper/i_dram/u_mig7s_mig/u_ddr3_infrastructure/plle2_i/CLKOUT3
                         net (fo=1, unplaced)         0.114     1.097    i_dram_wrapper/i_dram/u_mig7s_mig/u_ddr3_infrastructure/pll_clk3_out
                         BUFH (Prop_bufh_I_O)         0.023     1.120 r  i_dram_wrapper/i_dram/u_mig7s_mig/u_ddr3_infrastructure/u_bufh_pll_clk3/O
                         net (fo=1, unplaced)         0.231     1.351    i_dram_wrapper/i_dram/u_mig7s_mig/u_ddr3_infrastructure/pll_clk3
    MMCME2_ADV_X1Y1      MMCME2_ADV (Prop_mmcme2_adv_CLKIN1_CLKOUT0)
                                                     -0.488     0.863 r  i_dram_wrapper/i_dram/u_mig7s_mig/u_ddr3_infrastructure/gen_mmcm.mmcm_i/CLKOUT0
                         net (fo=1, unplaced)         0.231     1.094    i_dram_wrapper/i_dram/u_mig7s_mig/u_ddr3_infrastructure/mmcm_ps_clk_bufg_in
                         BUFG (Prop_bufg_I_O)         0.026     1.120 r  i_dram_wrapper/i_dram/u_mig7s_mig/u_ddr3_infrastructure/gen_mmcm.u_bufg_mmcm_ps_clk/O
                         net (fo=18, unplaced)        0.098     1.218    i_dram_wrapper/i_dram/u_mig7s_mig/u_ddr3_infrastructure/mmcm_ps_clk
                         FDPE                                         r  i_dram_wrapper/i_dram/u_mig7s_mig/u_ddr3_infrastructure/rst_sync_r1_reg/C
  -------------------------------------------------------------------    -------------------
                         FDPE (Prop_fdpe_C_Q)         0.100     1.318 r  i_dram_wrapper/i_dram/u_mig7s_mig/u_ddr3_infrastructure/rst_sync_r1_reg/Q
                         net (fo=4, unplaced)         0.231     1.549    i_dram_wrapper/i_dram/u_mig7s_mig/u_memc_ui_top_axi/mem_intfc0/ddr_phy_top0/u_ddr_mc_phy_wrapper/gen_dqs_iobuf_HP.gen_dqs_iobuf[0].gen_dqs_diff.u_iddr_edge_det/rst_sync_r1
    ILOGIC_X1Y143        IDDR                                         r  i_dram_wrapper/i_dram/u_mig7s_mig/u_memc_ui_top_axi/mem_intfc0/ddr_phy_top0/u_ddr_mc_phy_wrapper/gen_dqs_iobuf_HP.gen_dqs_iobuf[0].gen_dqs_diff.u_iddr_edge_det/u_phase_detector/R
  -------------------------------------------------------------------    -------------------

                         (clock mmcm_ps_clk_bufg_in rise edge)
                                                      0.000     0.000 r  
    AD12                                              0.000     0.000 r  sys_clk_p (IN)
                         net (fo=0)                   0.000     0.000    sys_clk_p
    AD12                 IBUFDS (Prop_ibufds_I_O)     0.470     0.470 r  i_bufds_sys_clk/O
                         net (fo=65, estimated)       0.573     1.043    i_dram_wrapper/i_dram/u_mig7s_mig/u_ddr3_infrastructure/plle2_i_0
    PLLE2_ADV_X1Y1       PLLE2_ADV (Prop_plle2_adv_CLKIN1_CLKOUT3)
                                                      0.053     1.096 r  i_dram_wrapper/i_dram/u_mig7s_mig/u_ddr3_infrastructure/plle2_i/CLKOUT3
                         net (fo=1, unplaced)         0.259     1.355    i_dram_wrapper/i_dram/u_mig7s_mig/u_ddr3_infrastructure/pll_clk3_out
                         BUFH (Prop_bufh_I_O)         0.045     1.400 r  i_dram_wrapper/i_dram/u_mig7s_mig/u_ddr3_infrastructure/u_bufh_pll_clk3/O
                         net (fo=1, unplaced)         0.243     1.643    i_dram_wrapper/i_dram/u_mig7s_mig/u_ddr3_infrastructure/pll_clk3
    MMCME2_ADV_X1Y1      MMCME2_ADV (Prop_mmcme2_adv_CLKIN1_CLKOUT0)
                                                     -0.516     1.127 r  i_dram_wrapper/i_dram/u_mig7s_mig/u_ddr3_infrastructure/gen_mmcm.mmcm_i/CLKOUT0
                         net (fo=1, unplaced)         0.243     1.370    i_dram_wrapper/i_dram/u_mig7s_mig/u_ddr3_infrastructure/mmcm_ps_clk_bufg_in
                         BUFG (Prop_bufg_I_O)         0.030     1.400 r  i_dram_wrapper/i_dram/u_mig7s_mig/u_ddr3_infrastructure/gen_mmcm.u_bufg_mmcm_ps_clk/O
                         net (fo=18, unplaced)        0.243     1.643    i_dram_wrapper/i_dram/u_mig7s_mig/u_memc_ui_top_axi/mem_intfc0/ddr_phy_top0/u_ddr_mc_phy_wrapper/gen_dqs_iobuf_HP.gen_dqs_iobuf[0].gen_dqs_diff.u_iddr_edge_det/mmcm_ps_clk
    ILOGIC_X1Y143        IDDR                                         r  i_dram_wrapper/i_dram/u_mig7s_mig/u_memc_ui_top_axi/mem_intfc0/ddr_phy_top0/u_ddr_mc_phy_wrapper/gen_dqs_iobuf_HP.gen_dqs_iobuf[0].gen_dqs_diff.u_iddr_edge_det/u_phase_detector/C
                         clock pessimism             -0.280     1.363    
    ILOGIC_X1Y143        IDDR (Hold_iddr_C_R)         0.354     1.717    i_dram_wrapper/i_dram/u_mig7s_mig/u_memc_ui_top_axi/mem_intfc0/ddr_phy_top0/u_ddr_mc_phy_wrapper/gen_dqs_iobuf_HP.gen_dqs_iobuf[0].gen_dqs_diff.u_iddr_edge_det/u_phase_detector
  -------------------------------------------------------------------
                         required time                         -1.717    
                         arrival time                           1.549    
  -------------------------------------------------------------------
                         slack                                 -0.168    





Pulse Width Checks
--------------------------------------------------------------------------------------
Clock Name:         mmcm_ps_clk_bufg_in
Waveform(ns):       { 0.000 5.000 }
Period(ns):         10.000
Sources:            { i_dram_wrapper/i_dram/u_mig7s_mig/u_ddr3_infrastructure/gen_mmcm.mmcm_i/CLKOUT0 }

Check Type        Corner  Lib Pin             Reference Pin  Required(ns)  Actual(ns)  Slack(ns)  Location         Pin
Min Period        n/a     BUFG/I              n/a            1.408         10.000      8.591                       i_dram_wrapper/i_dram/u_mig7s_mig/u_ddr3_infrastructure/gen_mmcm.u_bufg_mmcm_ps_clk/I
Max Period        n/a     MMCME2_ADV/CLKOUT0  n/a            213.360       10.000      203.360    MMCME2_ADV_X1Y1  i_dram_wrapper/i_dram/u_mig7s_mig/u_ddr3_infrastructure/gen_mmcm.mmcm_i/CLKOUT0
Low Pulse Width   Slow    FDRE/C              n/a            0.350         5.000       4.650                       i_dram_wrapper/i_dram/u_mig7s_mig/u_ddr3_infrastructure/first_rising_ps_clk_r_reg/C
High Pulse Width  Slow    FDRE/C              n/a            0.350         5.000       4.650                       i_dram_wrapper/i_dram/u_mig7s_mig/u_ddr3_infrastructure/first_rising_ps_clk_r_reg/C



---------------------------------------------------------------------------------------------------
From Clock:  pll_clkfbout
  To Clock:  pll_clkfbout

Setup :           NA  Failing Endpoints,  Worst Slack           NA  ,  Total Violation           NA
Hold  :           NA  Failing Endpoints,  Worst Slack           NA  ,  Total Violation           NA
PW    :            0  Failing Endpoints,  Worst Slack        3.929ns,  Total Violation        0.000ns
---------------------------------------------------------------------------------------------------


Pulse Width Checks
--------------------------------------------------------------------------------------
Clock Name:         pll_clkfbout
Waveform(ns):       { 0.000 2.500 }
Period(ns):         5.000
Sources:            { i_dram_wrapper/i_dram/u_mig7s_mig/u_ddr3_infrastructure/plle2_i/CLKFBOUT }

Check Type  Corner  Lib Pin             Reference Pin  Required(ns)  Actual(ns)  Slack(ns)  Location        Pin
Min Period  n/a     PLLE2_ADV/CLKFBOUT  n/a            1.071         5.000       3.929      PLLE2_ADV_X1Y1  i_dram_wrapper/i_dram/u_mig7s_mig/u_ddr3_infrastructure/plle2_i/CLKFBOUT
Max Period  n/a     PLLE2_ADV/CLKFBIN   n/a            52.633        5.000       47.633     PLLE2_ADV_X1Y1  i_dram_wrapper/i_dram/u_mig7s_mig/u_ddr3_infrastructure/plle2_i/CLKFBIN



---------------------------------------------------------------------------------------------------
From Clock:  sync_pulse
  To Clock:  sync_pulse

Setup :           NA  Failing Endpoints,  Worst Slack           NA  ,  Total Violation           NA
Hold  :           NA  Failing Endpoints,  Worst Slack           NA  ,  Total Violation           NA
PW    :            0  Failing Endpoints,  Worst Slack        0.178ns,  Total Violation        0.000ns
---------------------------------------------------------------------------------------------------


Pulse Width Checks
--------------------------------------------------------------------------------------
Clock Name:         sync_pulse
Waveform(ns):       { 0.547 1.797 }
Period(ns):         20.000
Sources:            { i_dram_wrapper/i_dram/u_mig7s_mig/u_ddr3_infrastructure/plle2_i/CLKOUT2 }

Check Type        Corner  Lib Pin               Reference Pin  Required(ns)  Actual(ns)  Slack(ns)  Location            Pin
Min Period        n/a     PLLE2_ADV/CLKOUT2     n/a            1.071         20.000      18.929     PLLE2_ADV_X1Y1      i_dram_wrapper/i_dram/u_mig7s_mig/u_ddr3_infrastructure/plle2_i/CLKOUT2
Max Period        n/a     PLLE2_ADV/CLKOUT2     n/a            160.000       20.000      140.000    PLLE2_ADV_X1Y1      i_dram_wrapper/i_dram/u_mig7s_mig/u_ddr3_infrastructure/plle2_i/CLKOUT2
High Pulse Width  Slow    PHASER_IN_PHY/SYNCIN  n/a            1.072         1.250       0.178      PHASER_IN_PHY_X1Y8  i_dram_wrapper/i_dram/u_mig7s_mig/u_memc_ui_top_axi/mem_intfc0/ddr_phy_top0/u_ddr_mc_phy_wrapper/u_ddr_mc_phy/ddr_phy_4lanes_0.u_ddr_phy_4lanes/ddr_byte_lane_A.ddr_byte_lane_A/phaser_in_gen.phaser_in/SYNCIN



---------------------------------------------------------------------------------------------------
From Clock:  clk_pll_i
  To Clock:  sys_clk

Setup :            0  Failing Endpoints,  Worst Slack       19.520ns,  Total Violation        0.000ns
Hold  :           NA  Failing Endpoints,  Worst Slack           NA  ,  Total Violation           NA
---------------------------------------------------------------------------------------------------


Max Delay Paths
--------------------------------------------------------------------------------------
Slack (MET) :             19.520ns  (required time - arrival time)
  Source:                 i_dram_wrapper/i_dram/u_mig7s_mig/u_ddr3_infrastructure/rstdiv0_sync_r1_reg_rep/C
                            (rising edge-triggered cell FDPE clocked by clk_pll_i  {rise@0.000ns fall@2.500ns period=5.000ns})
  Destination:            i_dram_wrapper/i_dram/u_mig7s_mig/temp_mon_enabled.u_tempmon/xadc_supplied_temperature.rst_r1_reg/D
                            (rising edge-triggered cell FDRE clocked by sys_clk  {rise@0.000ns fall@2.500ns period=5.000ns})
  Path Group:             sys_clk
  Path Type:              Setup (Max at Slow Process Corner)
  Requirement:            20.000ns  (MaxDelay Path 20.000ns)
  Data Path Delay:        0.537ns  (logic 0.346ns (64.432%)  route 0.191ns (35.568%))
  Logic Levels:           1  (LUT1=1)
  Timing Exception:       MaxDelay Path 20.000ns -datapath_only

    Location             Delay type                Incr(ns)  Path(ns)    Netlist Resource(s)
  -------------------------------------------------------------------    -------------------
                                                      0.000     0.000 r  i_dram_wrapper/i_dram/u_mig7s_mig/u_ddr3_infrastructure/rstdiv0_sync_r1_reg_rep/C
                         FDPE (Prop_fdpe_C_Q)         0.223     0.223 r  i_dram_wrapper/i_dram/u_mig7s_mig/u_ddr3_infrastructure/rstdiv0_sync_r1_reg_rep/Q
                         net (fo=1, unplaced)         0.191     0.414    i_dram_wrapper/i_dram/u_mig7s_mig/u_ddr3_infrastructure/rstdiv0_sync_r1_reg_rep_n_0
                         LUT1 (Prop_lut1_I0_O)        0.123     0.537 r  i_dram_wrapper/i_dram/u_mig7s_mig/u_ddr3_infrastructure/rstdiv0_sync_r1_inst/O
                         net (fo=413, unplaced)       0.000     0.537    i_dram_wrapper/i_dram/u_mig7s_mig/temp_mon_enabled.u_tempmon/in0
                         FDRE                                         r  i_dram_wrapper/i_dram/u_mig7s_mig/temp_mon_enabled.u_tempmon/xadc_supplied_temperature.rst_r1_reg/D
  -------------------------------------------------------------------    -------------------

                         max delay                   20.000    20.000    
                         FDRE (Setup_fdre_C_D)        0.057    20.057    i_dram_wrapper/i_dram/u_mig7s_mig/temp_mon_enabled.u_tempmon/xadc_supplied_temperature.rst_r1_reg
  -------------------------------------------------------------------
                         required time                         20.057    
                         arrival time                          -0.537    
  -------------------------------------------------------------------
                         slack                                 19.520    





---------------------------------------------------------------------------------------------------
From Clock:  input port clock
  To Clock:  clk_50_clkwiz

Setup :            0  Failing Endpoints,  Worst Slack       66.361ns,  Total Violation        0.000ns
Hold  :           NA  Failing Endpoints,  Worst Slack           NA  ,  Total Violation           NA
---------------------------------------------------------------------------------------------------


Max Delay Paths
--------------------------------------------------------------------------------------
Slack (MET) :             66.361ns  (required time - arrival time)
  Source:                 uart_rx_i
                            (input port)
  Destination:            i_cheshire_soc/gen_uart.i_uart/i_apb_uart_wrap/i_obi_uart/i_uart_rx/i_sync/reg_q_reg[0]/D
                            (rising edge-triggered cell FDCE clocked by clk_50_clkwiz  {rise@0.000ns fall@10.000ns period=20.000ns})
  Path Group:             clk_50_clkwiz
  Path Type:              Setup (Max at Slow Process Corner)
  Requirement:            70.000ns  (MaxDelay Path 70.000ns)
  Data Path Delay:        1.961ns  (logic 1.495ns (76.251%)  route 0.466ns (23.749%))
  Logic Levels:           2  (IBUF=1 LUT4=1)
  Clock Path Skew:        -1.567ns (DCD - SCD + CPR)
    Destination Clock Delay (DCD):    -1.567ns
    Source Clock Delay      (SCD):    0.000ns
    Clock Pessimism Removal (CPR):    0.000ns
  Clock Uncertainty:      0.148ns  ((TSJ^2 + DJ^2)^1/2) / 2 + PE
    Total System Jitter     (TSJ):    0.050ns
    Discrete Jitter          (DJ):    0.121ns
    Phase Error              (PE):    0.083ns
  Timing Exception:       MaxDelay Path 70.000ns

    Location             Delay type                Incr(ns)  Path(ns)    Netlist Resource(s)
  -------------------------------------------------------------------    -------------------
    Y20                                               0.000     0.000 r  uart_rx_i (IN)
                         net (fo=0)                   0.000     0.000    uart_rx_i
    Y20                  IBUF (Prop_ibuf_I_O)         1.452     1.452 r  uart_rx_i_IBUF_inst/O
                         net (fo=1, unplaced)         0.466     1.918    i_cheshire_soc/gen_uart.i_uart/i_apb_uart_wrap/i_obi_uart/i_uart_register/uart_rx_i_IBUF
                         LUT4 (Prop_lut4_I3_O)        0.043     1.961 r  i_cheshire_soc/gen_uart.i_uart/i_apb_uart_wrap/i_obi_uart/i_uart_register/i_sync_i_1/O
                         net (fo=1, unplaced)         0.000     1.961    i_cheshire_soc/gen_uart.i_uart/i_apb_uart_wrap/i_obi_uart/i_uart_rx/i_sync/serial_i
                         FDCE                                         r  i_cheshire_soc/gen_uart.i_uart/i_apb_uart_wrap/i_obi_uart/i_uart_rx/i_sync/reg_q_reg[0]/D
  -------------------------------------------------------------------    -------------------

                         max delay                   70.000    70.000    
    AD12                                              0.000    70.000 r  sys_clk_p (IN)
                         net (fo=0)                   0.000    70.000    sys_clk_p
    AD12                 IBUFDS (Prop_ibufds_I_O)     0.803    70.803 r  i_bufds_sys_clk/O
                         net (fo=65, unplaced)        0.953    71.756    i_clkwiz/inst/clk_in1
                         MMCME2_ADV (Prop_mmcme2_adv_CLKIN1_CLKOUT0)
                                                     -4.287    67.469 r  i_clkwiz/inst/mmcm_adv_inst/CLKOUT0
                         net (fo=1, unplaced)         0.442    67.911    i_clkwiz/inst/clk_50_clkwiz
                         BUFG (Prop_bufg_I_O)         0.083    67.994 r  i_clkwiz/inst/clkout1_buf/O
                         net (fo=86229, unplaced)     0.439    68.433    i_cheshire_soc/gen_uart.i_uart/i_apb_uart_wrap/i_obi_uart/i_uart_rx/i_sync/clk_i
                         FDCE                                         r  i_cheshire_soc/gen_uart.i_uart/i_apb_uart_wrap/i_obi_uart/i_uart_rx/i_sync/reg_q_reg[0]/C
                         clock pessimism              0.000    68.433    
                         clock uncertainty           -0.148    68.285    
                         FDCE (Setup_fdce_C_D)        0.036    68.321    i_cheshire_soc/gen_uart.i_uart/i_apb_uart_wrap/i_obi_uart/i_uart_rx/i_sync/reg_q_reg[0]
  -------------------------------------------------------------------
                         required time                         68.321    
                         arrival time                          -1.961    
  -------------------------------------------------------------------
                         slack                                 66.361    





---------------------------------------------------------------------------------------------------
From Clock:  clk_pll_i
  To Clock:  clk_50_clkwiz

Setup :            0  Failing Endpoints,  Worst Slack        3.512ns,  Total Violation        0.000ns
Hold  :           NA  Failing Endpoints,  Worst Slack           NA  ,  Total Violation           NA
---------------------------------------------------------------------------------------------------


Max Delay Paths
--------------------------------------------------------------------------------------
Slack (MET) :             3.512ns  (required time - arrival time)
  Source:                 i_dram_wrapper/gen_cdc.i_axi_cdc_mig/i_axi_cdc_dst/i_cdc_fifo_gray_src_r/gen_word[23].data_q_reg[23][data][0]/C
                            (rising edge-triggered cell FDRE clocked by clk_pll_i  {rise@0.000ns fall@2.500ns period=5.000ns})
  Destination:            i_dram_wrapper/gen_cdc.i_axi_cdc_mig/i_axi_cdc_src/i_cdc_fifo_gray_dst_r/i_spill_register/spill_register_flushable_i/gen_spill_reg.a_data_q_reg[data][0]/D
                            (rising edge-triggered cell FDCE clocked by clk_50_clkwiz  {rise@0.000ns fall@10.000ns period=20.000ns})
  Path Group:             clk_50_clkwiz
  Path Type:              Setup (Max at Slow Process Corner)
  Requirement:            5.000ns  (MaxDelay Path 5.000ns)
  Data Path Delay:        1.524ns  (logic 0.590ns (38.714%)  route 0.934ns (61.286%))
  Logic Levels:           3  (LUT6=2 MUXF7=1)
  Timing Exception:       MaxDelay Path 5.000ns -datapath_only

    Location             Delay type                Incr(ns)  Path(ns)    Netlist Resource(s)
  -------------------------------------------------------------------    -------------------
                                                      0.000     0.000 r  i_dram_wrapper/gen_cdc.i_axi_cdc_mig/i_axi_cdc_dst/i_cdc_fifo_gray_src_r/gen_word[23].data_q_reg[23][data][0]/C
                         FDRE (Prop_fdre_C_Q)         0.223     0.223 r  i_dram_wrapper/gen_cdc.i_axi_cdc_mig/i_axi_cdc_dst/i_cdc_fifo_gray_src_r/gen_word[23].data_q_reg[23][data][0]/Q
                         net (fo=1, unplaced)         0.527     0.750    i_dram_wrapper/gen_cdc.i_axi_cdc_mig/i_axi_cdc_dst/i_cdc_fifo_gray_src_r/async_data_r_data[23][data][0]
                         LUT6 (Prop_lut6_I0_O)        0.123     0.873 r  i_dram_wrapper/gen_cdc.i_axi_cdc_mig/i_axi_cdc_dst/i_cdc_fifo_gray_src_r/gen_spill_reg.a_data_q[data][0]_i_9/O
                         net (fo=1, unplaced)         0.000     0.873    i_dram_wrapper/gen_cdc.i_axi_cdc_mig/i_axi_cdc_dst/i_cdc_fifo_gray_src_r/gen_spill_reg.a_data_q[data][0]_i_9_n_0
                         MUXF7 (Prop_muxf7_I1_O)      0.122     0.995 r  i_dram_wrapper/gen_cdc.i_axi_cdc_mig/i_axi_cdc_dst/i_cdc_fifo_gray_src_r/gen_spill_reg.a_data_q_reg[data][0]_i_3/O
                         net (fo=1, unplaced)         0.407     1.402    i_dram_wrapper/gen_cdc.i_axi_cdc_mig/i_axi_cdc_dst/i_cdc_fifo_gray_src_r/gen_spill_reg.a_data_q_reg[data][0]_i_3_n_0
                         LUT6 (Prop_lut6_I1_O)        0.122     1.524 r  i_dram_wrapper/gen_cdc.i_axi_cdc_mig/i_axi_cdc_dst/i_cdc_fifo_gray_src_r/gen_spill_reg.a_data_q[data][0]_i_1__21/O
                         net (fo=1, unplaced)         0.000     1.524    i_dram_wrapper/gen_cdc.i_axi_cdc_mig/i_axi_cdc_src/i_cdc_fifo_gray_dst_r/i_spill_register/spill_register_flushable_i/gen_spill_reg.a_data_q_reg[data][63]_0[0]
                         FDCE                                         r  i_dram_wrapper/gen_cdc.i_axi_cdc_mig/i_axi_cdc_src/i_cdc_fifo_gray_dst_r/i_spill_register/spill_register_flushable_i/gen_spill_reg.a_data_q_reg[data][0]/D
  -------------------------------------------------------------------    -------------------

                         max delay                    5.000     5.000    
                         FDCE (Setup_fdce_C_D)        0.036     5.036    i_dram_wrapper/gen_cdc.i_axi_cdc_mig/i_axi_cdc_src/i_cdc_fifo_gray_dst_r/i_spill_register/spill_register_flushable_i/gen_spill_reg.a_data_q_reg[data][0]
  -------------------------------------------------------------------
                         required time                          5.036    
                         arrival time                          -1.524    
  -------------------------------------------------------------------
                         slack                                  3.512    





---------------------------------------------------------------------------------------------------
From Clock:  clk_pll_i
  To Clock:  u_memc_ui_top_axi/mem_intfc0/ddr_phy_top0/u_ddr_mc_phy_wrapper/u_ddr_mc_phy/ddr_phy_4lanes_0.u_ddr_phy_4lanes/ddr_byte_lane_A.ddr_byte_lane_A/iserdes_clk

Setup :            0  Failing Endpoints,  Worst Slack        5.342ns,  Total Violation        0.000ns
Hold  :            0  Failing Endpoints,  Worst Slack       18.155ns,  Total Violation        0.000ns
---------------------------------------------------------------------------------------------------


Max Delay Paths
--------------------------------------------------------------------------------------
Slack (MET) :             5.342ns  (required time - arrival time)
  Source:                 i_dram_wrapper/i_dram/u_mig7s_mig/u_memc_ui_top_axi/mem_intfc0/mc0/mc_read_idle_r_reg/C
                            (rising edge-triggered cell FDRE clocked by clk_pll_i  {rise@0.000ns fall@2.500ns period=5.000ns})
  Destination:            i_dram_wrapper/i_dram/u_mig7s_mig/u_memc_ui_top_axi/mem_intfc0/ddr_phy_top0/u_ddr_mc_phy_wrapper/u_ddr_mc_phy/ddr_phy_4lanes_0.u_ddr_phy_4lanes/ddr_byte_lane_A.ddr_byte_lane_A/ddr_byte_group_io/input_[2].iserdes_dq_.iserdesdq/DDLY
                            (falling edge-triggered cell ISERDESE2 clocked by u_memc_ui_top_axi/mem_intfc0/ddr_phy_top0/u_ddr_mc_phy_wrapper/u_ddr_mc_phy/ddr_phy_4lanes_0.u_ddr_phy_4lanes/ddr_byte_lane_A.ddr_byte_lane_A/iserdes_clk  {rise@1.172ns fall@1.797ns period=1.250ns})
  Path Group:             u_memc_ui_top_axi/mem_intfc0/ddr_phy_top0/u_ddr_mc_phy_wrapper/u_ddr_mc_phy/ddr_phy_4lanes_0.u_ddr_phy_4lanes/ddr_byte_lane_A.ddr_byte_lane_A/iserdes_clk
  Path Type:              Setup (Max at Slow Process Corner)
  Requirement:            6.797ns  (u_memc_ui_top_axi/mem_intfc0/ddr_phy_top0/u_ddr_mc_phy_wrapper/u_ddr_mc_phy/ddr_phy_4lanes_0.u_ddr_phy_4lanes/ddr_byte_lane_A.ddr_byte_lane_A/iserdes_clk fall@6.797ns - clk_pll_i rise@0.000ns)
  Data Path Delay:        2.891ns  (logic 2.425ns (83.891%)  route 0.466ns (16.109%))
  Logic Levels:           2  (IBUF_IBUFDISABLE=1 IDELAYE2_FINEDELAY=1)
  Clock Path Skew:        1.723ns (DCD - SCD + CPR)
    Destination Clock Delay (DCD):    4.796ns = ( 5.342 - 0.547 ) 
    Source Clock Delay      (SCD):    3.233ns
    Clock Pessimism Removal (CPR):    0.161ns
  Clock Uncertainty:      0.173ns  ((TSJ^2 + DJ^2)^1/2) / 2 + PE
    Total System Jitter     (TSJ):    0.071ns
    Discrete Jitter          (DJ):    0.076ns
    Phase Error              (PE):    0.121ns
  Timing Exception:       MultiCycle Path   Setup -end   6

    Location             Delay type                Incr(ns)  Path(ns)    Netlist Resource(s)
  -------------------------------------------------------------------    -------------------
                         (clock clk_pll_i rise edge)
                                                      0.000     0.000 r  
    AD12                                              0.000     0.000 r  sys_clk_p (IN)
                         net (fo=0)                   0.000     0.000    sys_clk_p
    AD12                 IBUFDS (Prop_ibufds_I_O)     0.906     0.906 r  i_bufds_sys_clk/O
                         net (fo=65, estimated)       1.098     2.004    i_dram_wrapper/i_dram/u_mig7s_mig/u_ddr3_infrastructure/plle2_i_0
    PLLE2_ADV_X1Y1       PLLE2_ADV (Prop_plle2_adv_CLKIN1_CLKOUT3)
                                                      0.077     2.081 r  i_dram_wrapper/i_dram/u_mig7s_mig/u_ddr3_infrastructure/plle2_i/CLKOUT3
                         net (fo=1, unplaced)         0.584     2.665    i_dram_wrapper/i_dram/u_mig7s_mig/u_ddr3_infrastructure/pll_clk3_out
                         BUFH (Prop_bufh_I_O)         0.103     2.768 r  i_dram_wrapper/i_dram/u_mig7s_mig/u_ddr3_infrastructure/u_bufh_pll_clk3/O
                         net (fo=1, unplaced)         0.466     3.233    i_dram_wrapper/i_dram/u_mig7s_mig/u_ddr3_infrastructure/pll_clk3
    MMCME2_ADV_X1Y1      MMCME2_ADV (Prop_mmcme2_adv_CLKIN1_CLKFBOUT)
                                                     -1.024     2.209 r  i_dram_wrapper/i_dram/u_mig7s_mig/u_ddr3_infrastructure/gen_mmcm.mmcm_i/CLKFBOUT
                         net (fo=1, unplaced)         0.466     2.675    i_dram_wrapper/i_dram/u_mig7s_mig/u_ddr3_infrastructure/clk_pll_i
                         BUFG (Prop_bufg_I_O)         0.093     2.768 r  i_dram_wrapper/i_dram/u_mig7s_mig/u_ddr3_infrastructure/u_bufg_clkdiv0/O
                         net (fo=13430, unplaced)     0.466     3.233    i_dram_wrapper/i_dram/u_mig7s_mig/u_memc_ui_top_axi/mem_intfc0/mc0/CLK
                         FDRE                                         r  i_dram_wrapper/i_dram/u_mig7s_mig/u_memc_ui_top_axi/mem_intfc0/mc0/mc_read_idle_r_reg/C
  -------------------------------------------------------------------    -------------------
                         FDRE (Prop_fdre_C_Q)         0.223     3.456 r  i_dram_wrapper/i_dram/u_mig7s_mig/u_memc_ui_top_axi/mem_intfc0/mc0/mc_read_idle_r_reg/Q
                         net (fo=72, unplaced)        0.466     3.922    i_dram_wrapper/i_dram/u_mig7s_mig/u_memc_ui_top_axi/mem_intfc0/ddr_phy_top0/u_ddr_mc_phy_wrapper/gen_dq_iobuf_HP.gen_dq_iobuf[29].u_iobuf_dq/IBUFDISABLE
    AK8                  IBUF_IBUFDISABLE (Prop_ibuf_ibufdisable_IBUFDISABLE_O)
                                                      1.536     5.458 r  i_dram_wrapper/i_dram/u_mig7s_mig/u_memc_ui_top_axi/mem_intfc0/ddr_phy_top0/u_ddr_mc_phy_wrapper/gen_dq_iobuf_HP.gen_dq_iobuf[29].u_iobuf_dq/IBUF/O
                         net (fo=2, estimated)        0.000     5.458    i_dram_wrapper/i_dram/u_mig7s_mig/u_memc_ui_top_axi/mem_intfc0/ddr_phy_top0/u_ddr_mc_phy_wrapper/u_ddr_mc_phy/ddr_phy_4lanes_0.u_ddr_phy_4lanes/ddr_byte_lane_A.ddr_byte_lane_A/ddr_byte_group_io/mem_dq_in[2]
    IDELAY_X1Y103        IDELAYE2_FINEDELAY (Prop_idelaye2_finedelay_IDATAIN_DATAOUT)
                                                      0.666     6.124 r  i_dram_wrapper/i_dram/u_mig7s_mig/u_memc_ui_top_axi/mem_intfc0/ddr_phy_top0/u_ddr_mc_phy_wrapper/u_ddr_mc_phy/ddr_phy_4lanes_0.u_ddr_phy_4lanes/ddr_byte_lane_A.ddr_byte_lane_A/ddr_byte_group_io/input_[2].iserdes_dq_.idelay_finedelay_dq.idelaye2/DATAOUT
                         net (fo=1, estimated)        0.000     6.124    i_dram_wrapper/i_dram/u_mig7s_mig/u_memc_ui_top_axi/mem_intfc0/ddr_phy_top0/u_ddr_mc_phy_wrapper/u_ddr_mc_phy/ddr_phy_4lanes_0.u_ddr_phy_4lanes/ddr_byte_lane_A.ddr_byte_lane_A/ddr_byte_group_io/data_in_dly_2
    ILOGIC_X1Y103        ISERDESE2                                    r  i_dram_wrapper/i_dram/u_mig7s_mig/u_memc_ui_top_axi/mem_intfc0/ddr_phy_top0/u_ddr_mc_phy_wrapper/u_ddr_mc_phy/ddr_phy_4lanes_0.u_ddr_phy_4lanes/ddr_byte_lane_A.ddr_byte_lane_A/ddr_byte_group_io/input_[2].iserdes_dq_.iserdesdq/DDLY
  -------------------------------------------------------------------    -------------------

                         (clock u_memc_ui_top_axi/mem_intfc0/ddr_phy_top0/u_ddr_mc_phy_wrapper/u_ddr_mc_phy/ddr_phy_4lanes_0.u_ddr_phy_4lanes/ddr_byte_lane_A.ddr_byte_lane_A/iserdes_clk fall edge)
                                                      6.797     6.797 f  
    AD12                                              0.000     6.797 f  sys_clk_p (IN)
                         net (fo=0)                   0.000     6.797    sys_clk_p
    AD12                 IBUFDS (Prop_ibufds_I_O)     0.803     7.600 f  i_bufds_sys_clk/O
                         net (fo=65, estimated)       1.043     8.643    i_dram_wrapper/i_dram/u_mig7s_mig/u_ddr3_infrastructure/plle2_i_0
    PLLE2_ADV_X1Y1       PLLE2_ADV (Prop_plle2_adv_CLKIN1_CLKOUT0)
                                                      0.073     8.716 f  i_dram_wrapper/i_dram/u_mig7s_mig/u_ddr3_infrastructure/plle2_i/CLKOUT0
                         net (fo=14, estimated)       1.145     9.861    i_dram_wrapper/i_dram/u_mig7s_mig/u_memc_ui_top_axi/mem_intfc0/ddr_phy_top0/u_ddr_mc_phy_wrapper/u_ddr_mc_phy/ddr_phy_4lanes_0.u_ddr_phy_4lanes/ddr_byte_lane_A.ddr_byte_lane_A/freq_refclk
    PHASER_IN_PHY_X1Y8   PHASER_IN_PHY (Prop_phaser_in_phy_FREQREFCLK_ICLK)
                                                      1.394    11.255 f  i_dram_wrapper/i_dram/u_mig7s_mig/u_memc_ui_top_axi/mem_intfc0/ddr_phy_top0/u_ddr_mc_phy_wrapper/u_ddr_mc_phy/ddr_phy_4lanes_0.u_ddr_phy_4lanes/ddr_byte_lane_A.ddr_byte_lane_A/phaser_in_gen.phaser_in/ICLK
                         net (fo=16, estimated)       0.337    11.592    i_dram_wrapper/i_dram/u_mig7s_mig/u_memc_ui_top_axi/mem_intfc0/ddr_phy_top0/u_ddr_mc_phy_wrapper/u_ddr_mc_phy/ddr_phy_4lanes_0.u_ddr_phy_4lanes/ddr_byte_lane_A.ddr_byte_lane_A/ddr_byte_group_io/CLKB0
    ILOGIC_X1Y103        ISERDESE2                                    r  i_dram_wrapper/i_dram/u_mig7s_mig/u_memc_ui_top_axi/mem_intfc0/ddr_phy_top0/u_ddr_mc_phy_wrapper/u_ddr_mc_phy/ddr_phy_4lanes_0.u_ddr_phy_4lanes/ddr_byte_lane_A.ddr_byte_lane_A/ddr_byte_group_io/input_[2].iserdes_dq_.iserdesdq/CLKB  (IS_INVERTED)
                         clock pessimism              0.161    11.754    
                         clock uncertainty           -0.173    11.581    
    ILOGIC_X1Y103        ISERDESE2 (Setup_iserdese2_CLKB_DDLY)
                                                     -0.115    11.466    i_dram_wrapper/i_dram/u_mig7s_mig/u_memc_ui_top_axi/mem_intfc0/ddr_phy_top0/u_ddr_mc_phy_wrapper/u_ddr_mc_phy/ddr_phy_4lanes_0.u_ddr_phy_4lanes/ddr_byte_lane_A.ddr_byte_lane_A/ddr_byte_group_io/input_[2].iserdes_dq_.iserdesdq
  -------------------------------------------------------------------
                         required time                         11.466    
                         arrival time                          -6.124    
  -------------------------------------------------------------------
                         slack                                  5.342    





Min Delay Paths
--------------------------------------------------------------------------------------
Slack (MET) :             18.155ns  (arrival time - required time)
  Source:                 i_dram_wrapper/i_dram/u_mig7s_mig/u_memc_ui_top_axi/mem_intfc0/mc0/mc_read_idle_r_reg/C
                            (rising edge-triggered cell FDRE clocked by clk_pll_i  {rise@0.000ns fall@2.500ns period=5.000ns})
  Destination:            i_dram_wrapper/i_dram/u_mig7s_mig/u_memc_ui_top_axi/mem_intfc0/ddr_phy_top0/u_ddr_mc_phy_wrapper/u_ddr_mc_phy/ddr_phy_4lanes_0.u_ddr_phy_4lanes/ddr_byte_lane_A.ddr_byte_lane_A/ddr_byte_group_io/input_[7].iserdes_dq_.iserdesdq/DDLY
                            (rising edge-triggered cell ISERDESE2 clocked by u_memc_ui_top_axi/mem_intfc0/ddr_phy_top0/u_ddr_mc_phy_wrapper/u_ddr_mc_phy/ddr_phy_4lanes_0.u_ddr_phy_4lanes/ddr_byte_lane_A.ddr_byte_lane_A/iserdes_clk  {rise@1.172ns fall@1.797ns period=1.250ns})
  Path Group:             u_memc_ui_top_axi/mem_intfc0/ddr_phy_top0/u_ddr_mc_phy_wrapper/u_ddr_mc_phy/ddr_phy_4lanes_0.u_ddr_phy_4lanes/ddr_byte_lane_A.ddr_byte_lane_A/iserdes_clk
  Path Type:              Hold (Min at Fast Process Corner)
  Requirement:            -18.828ns  (u_memc_ui_top_axi/mem_intfc0/ddr_phy_top0/u_ddr_mc_phy_wrapper/u_ddr_mc_phy/ddr_phy_4lanes_0.u_ddr_phy_4lanes/ddr_byte_lane_A.ddr_byte_lane_A/iserdes_clk rise@11.172ns - clk_pll_i rise@30.000ns)
  Data Path Delay:        1.362ns  (logic 1.131ns (83.045%)  route 0.231ns (16.955%))
  Logic Levels:           2  (IBUF_IBUFDISABLE=1 IDELAYE2_FINEDELAY=1)
  Clock Path Skew:        1.801ns (DCD - SCD - CPR)
    Destination Clock Delay (DCD):    3.132ns = ( 8.054 - 4.922 ) 
    Source Clock Delay      (SCD):    1.218ns = ( 6.218 - 5.000 ) 
    Clock Pessimism Removal (CPR):    0.113ns
  Clock Uncertainty:      0.173ns  ((TSJ^2 + DJ^2)^1/2) / 2 + PE
    Total System Jitter     (TSJ):    0.071ns
    Discrete Jitter          (DJ):    0.076ns
    Phase Error              (PE):    0.121ns
  Timing Exception:       MultiCycle Path   Setup -end   6    Hold  -start 5

    Location             Delay type                Incr(ns)  Path(ns)    Netlist Resource(s)
  -------------------------------------------------------------------    -------------------
                         (clock clk_pll_i rise edge)
                                                     30.000    30.000 r  
    AD12                                              0.000    30.000 r  sys_clk_p (IN)
                         net (fo=0)                   0.000    30.000    sys_clk_p
    AD12                 IBUFDS (Prop_ibufds_I_O)     0.388    30.388 r  i_bufds_sys_clk/O
                         net (fo=65, estimated)       0.545    30.933    i_dram_wrapper/i_dram/u_mig7s_mig/u_ddr3_infrastructure/plle2_i_0
    PLLE2_ADV_X1Y1       PLLE2_ADV (Prop_plle2_adv_CLKIN1_CLKOUT3)
                                                      0.050    30.983 r  i_dram_wrapper/i_dram/u_mig7s_mig/u_ddr3_infrastructure/plle2_i/CLKOUT3
                         net (fo=1, unplaced)         0.114    31.097    i_dram_wrapper/i_dram/u_mig7s_mig/u_ddr3_infrastructure/pll_clk3_out
                         BUFH (Prop_bufh_I_O)         0.023    31.120 r  i_dram_wrapper/i_dram/u_mig7s_mig/u_ddr3_infrastructure/u_bufh_pll_clk3/O
                         net (fo=1, unplaced)         0.231    31.351    i_dram_wrapper/i_dram/u_mig7s_mig/u_ddr3_infrastructure/pll_clk3
    MMCME2_ADV_X1Y1      MMCME2_ADV (Prop_mmcme2_adv_CLKIN1_CLKFBOUT)
                                                     -0.488    30.863 r  i_dram_wrapper/i_dram/u_mig7s_mig/u_ddr3_infrastructure/gen_mmcm.mmcm_i/CLKFBOUT
                         net (fo=1, unplaced)         0.231    31.094    i_dram_wrapper/i_dram/u_mig7s_mig/u_ddr3_infrastructure/clk_pll_i
                         BUFG (Prop_bufg_I_O)         0.026    31.120 r  i_dram_wrapper/i_dram/u_mig7s_mig/u_ddr3_infrastructure/u_bufg_clkdiv0/O
                         net (fo=13430, unplaced)     0.098    31.218    i_dram_wrapper/i_dram/u_mig7s_mig/u_memc_ui_top_axi/mem_intfc0/mc0/CLK
                         FDRE                                         r  i_dram_wrapper/i_dram/u_mig7s_mig/u_memc_ui_top_axi/mem_intfc0/mc0/mc_read_idle_r_reg/C
  -------------------------------------------------------------------    -------------------
                         FDRE (Prop_fdre_C_Q)         0.100    31.318 r  i_dram_wrapper/i_dram/u_mig7s_mig/u_memc_ui_top_axi/mem_intfc0/mc0/mc_read_idle_r_reg/Q
                         net (fo=72, unplaced)        0.231    31.549    i_dram_wrapper/i_dram/u_mig7s_mig/u_memc_ui_top_axi/mem_intfc0/ddr_phy_top0/u_ddr_mc_phy_wrapper/gen_dq_iobuf_HP.gen_dq_iobuf[24].u_iobuf_dq/IBUFDISABLE
    AF7                  IBUF_IBUFDISABLE (Prop_ibuf_ibufdisable_IBUFDISABLE_O)
                                                      0.767    32.316 r  i_dram_wrapper/i_dram/u_mig7s_mig/u_memc_ui_top_axi/mem_intfc0/ddr_phy_top0/u_ddr_mc_phy_wrapper/gen_dq_iobuf_HP.gen_dq_iobuf[24].u_iobuf_dq/IBUF/O
                         net (fo=2, estimated)        0.000    32.316    i_dram_wrapper/i_dram/u_mig7s_mig/u_memc_ui_top_axi/mem_intfc0/ddr_phy_top0/u_ddr_mc_phy_wrapper/u_ddr_mc_phy/ddr_phy_4lanes_0.u_ddr_phy_4lanes/ddr_byte_lane_A.ddr_byte_lane_A/ddr_byte_group_io/mem_dq_in[7]
    IDELAY_X1Y110        IDELAYE2_FINEDELAY (Prop_idelaye2_finedelay_IDATAIN_DATAOUT)
                                                      0.264    32.580 r  i_dram_wrapper/i_dram/u_mig7s_mig/u_memc_ui_top_axi/mem_intfc0/ddr_phy_top0/u_ddr_mc_phy_wrapper/u_ddr_mc_phy/ddr_phy_4lanes_0.u_ddr_phy_4lanes/ddr_byte_lane_A.ddr_byte_lane_A/ddr_byte_group_io/input_[7].iserdes_dq_.idelay_finedelay_dq.idelaye2/DATAOUT
                         net (fo=1, estimated)        0.000    32.580    i_dram_wrapper/i_dram/u_mig7s_mig/u_memc_ui_top_axi/mem_intfc0/ddr_phy_top0/u_ddr_mc_phy_wrapper/u_ddr_mc_phy/ddr_phy_4lanes_0.u_ddr_phy_4lanes/ddr_byte_lane_A.ddr_byte_lane_A/ddr_byte_group_io/data_in_dly_7
    ILOGIC_X1Y110        ISERDESE2                                    r  i_dram_wrapper/i_dram/u_mig7s_mig/u_memc_ui_top_axi/mem_intfc0/ddr_phy_top0/u_ddr_mc_phy_wrapper/u_ddr_mc_phy/ddr_phy_4lanes_0.u_ddr_phy_4lanes/ddr_byte_lane_A.ddr_byte_lane_A/ddr_byte_group_io/input_[7].iserdes_dq_.iserdesdq/DDLY
  -------------------------------------------------------------------    -------------------

                         (clock u_memc_ui_top_axi/mem_intfc0/ddr_phy_top0/u_ddr_mc_phy_wrapper/u_ddr_mc_phy/ddr_phy_4lanes_0.u_ddr_phy_4lanes/ddr_byte_lane_A.ddr_byte_lane_A/iserdes_clk rise edge)
                                                     11.172    11.172 r  
    AD12                                              0.000    11.172 r  sys_clk_p (IN)
                         net (fo=0)                   0.000    11.172    sys_clk_p
    AD12                 IBUFDS (Prop_ibufds_I_O)     0.470    11.642 r  i_bufds_sys_clk/O
                         net (fo=65, estimated)       0.573    12.215    i_dram_wrapper/i_dram/u_mig7s_mig/u_ddr3_infrastructure/plle2_i_0
    PLLE2_ADV_X1Y1       PLLE2_ADV (Prop_plle2_adv_CLKIN1_CLKOUT0)
                                                      0.053    12.268 r  i_dram_wrapper/i_dram/u_mig7s_mig/u_ddr3_infrastructure/plle2_i/CLKOUT0
                         net (fo=14, estimated)       0.629    12.897    i_dram_wrapper/i_dram/u_mig7s_mig/u_memc_ui_top_axi/mem_intfc0/ddr_phy_top0/u_ddr_mc_phy_wrapper/u_ddr_mc_phy/ddr_phy_4lanes_0.u_ddr_phy_4lanes/ddr_byte_lane_A.ddr_byte_lane_A/freq_refclk
    PHASER_IN_PHY_X1Y8   PHASER_IN_PHY (Prop_phaser_in_phy_FREQREFCLK_ICLK)
                                                      1.219    14.116 r  i_dram_wrapper/i_dram/u_mig7s_mig/u_memc_ui_top_axi/mem_intfc0/ddr_phy_top0/u_ddr_mc_phy_wrapper/u_ddr_mc_phy/ddr_phy_4lanes_0.u_ddr_phy_4lanes/ddr_byte_lane_A.ddr_byte_lane_A/phaser_in_gen.phaser_in/ICLK
                         net (fo=16, estimated)       0.188    14.304    i_dram_wrapper/i_dram/u_mig7s_mig/u_memc_ui_top_axi/mem_intfc0/ddr_phy_top0/u_ddr_mc_phy_wrapper/u_ddr_mc_phy/ddr_phy_4lanes_0.u_ddr_phy_4lanes/ddr_byte_lane_A.ddr_byte_lane_A/ddr_byte_group_io/input_[7].iserdes_dq_.iserdesdq_0
    ILOGIC_X1Y110        ISERDESE2                                    r  i_dram_wrapper/i_dram/u_mig7s_mig/u_memc_ui_top_axi/mem_intfc0/ddr_phy_top0/u_ddr_mc_phy_wrapper/u_ddr_mc_phy/ddr_phy_4lanes_0.u_ddr_phy_4lanes/ddr_byte_lane_A.ddr_byte_lane_A/ddr_byte_group_io/input_[7].iserdes_dq_.iserdesdq/CLK
                         clock pessimism             -0.113    14.191    
                         clock uncertainty            0.173    14.364    
    ILOGIC_X1Y110        ISERDESE2 (Hold_iserdese2_CLK_DDLY)
                                                      0.061    14.425    i_dram_wrapper/i_dram/u_mig7s_mig/u_memc_ui_top_axi/mem_intfc0/ddr_phy_top0/u_ddr_mc_phy_wrapper/u_ddr_mc_phy/ddr_phy_4lanes_0.u_ddr_phy_4lanes/ddr_byte_lane_A.ddr_byte_lane_A/ddr_byte_group_io/input_[7].iserdes_dq_.iserdesdq
  -------------------------------------------------------------------
                         required time                        -14.425    
                         arrival time                          32.580    
  -------------------------------------------------------------------
                         slack                                 18.155    





---------------------------------------------------------------------------------------------------
From Clock:  clk_pll_i
  To Clock:  u_memc_ui_top_axi/mem_intfc0/ddr_phy_top0/u_ddr_mc_phy_wrapper/u_ddr_mc_phy/ddr_phy_4lanes_0.u_ddr_phy_4lanes/ddr_byte_lane_B.ddr_byte_lane_B/iserdes_clk

Setup :            0  Failing Endpoints,  Worst Slack        5.328ns,  Total Violation        0.000ns
Hold  :            0  Failing Endpoints,  Worst Slack       18.163ns,  Total Violation        0.000ns
---------------------------------------------------------------------------------------------------


Max Delay Paths
--------------------------------------------------------------------------------------
Slack (MET) :             5.328ns  (required time - arrival time)
  Source:                 i_dram_wrapper/i_dram/u_mig7s_mig/u_memc_ui_top_axi/mem_intfc0/mc0/mc_read_idle_r_reg/C
                            (rising edge-triggered cell FDRE clocked by clk_pll_i  {rise@0.000ns fall@2.500ns period=5.000ns})
  Destination:            i_dram_wrapper/i_dram/u_mig7s_mig/u_memc_ui_top_axi/mem_intfc0/ddr_phy_top0/u_ddr_mc_phy_wrapper/u_ddr_mc_phy/ddr_phy_4lanes_0.u_ddr_phy_4lanes/ddr_byte_lane_B.ddr_byte_lane_B/ddr_byte_group_io/input_[3].iserdes_dq_.iserdesdq/DDLY
                            (falling edge-triggered cell ISERDESE2 clocked by u_memc_ui_top_axi/mem_intfc0/ddr_phy_top0/u_ddr_mc_phy_wrapper/u_ddr_mc_phy/ddr_phy_4lanes_0.u_ddr_phy_4lanes/ddr_byte_lane_B.ddr_byte_lane_B/iserdes_clk  {rise@1.172ns fall@1.797ns period=1.250ns})
  Path Group:             u_memc_ui_top_axi/mem_intfc0/ddr_phy_top0/u_ddr_mc_phy_wrapper/u_ddr_mc_phy/ddr_phy_4lanes_0.u_ddr_phy_4lanes/ddr_byte_lane_B.ddr_byte_lane_B/iserdes_clk
  Path Type:              Setup (Max at Slow Process Corner)
  Requirement:            6.797ns  (u_memc_ui_top_axi/mem_intfc0/ddr_phy_top0/u_ddr_mc_phy_wrapper/u_ddr_mc_phy/ddr_phy_4lanes_0.u_ddr_phy_4lanes/ddr_byte_lane_B.ddr_byte_lane_B/iserdes_clk fall@6.797ns - clk_pll_i rise@0.000ns)
  Data Path Delay:        2.891ns  (logic 2.425ns (83.891%)  route 0.466ns (16.109%))
  Logic Levels:           2  (IBUF_IBUFDISABLE=1 IDELAYE2_FINEDELAY=1)
  Clock Path Skew:        1.709ns (DCD - SCD + CPR)
    Destination Clock Delay (DCD):    4.781ns = ( 5.328 - 0.547 ) 
    Source Clock Delay      (SCD):    3.233ns
    Clock Pessimism Removal (CPR):    0.161ns
  Clock Uncertainty:      0.173ns  ((TSJ^2 + DJ^2)^1/2) / 2 + PE
    Total System Jitter     (TSJ):    0.071ns
    Discrete Jitter          (DJ):    0.076ns
    Phase Error              (PE):    0.121ns
  Timing Exception:       MultiCycle Path   Setup -end   6

    Location             Delay type                Incr(ns)  Path(ns)    Netlist Resource(s)
  -------------------------------------------------------------------    -------------------
                         (clock clk_pll_i rise edge)
                                                      0.000     0.000 r  
    AD12                                              0.000     0.000 r  sys_clk_p (IN)
                         net (fo=0)                   0.000     0.000    sys_clk_p
    AD12                 IBUFDS (Prop_ibufds_I_O)     0.906     0.906 r  i_bufds_sys_clk/O
                         net (fo=65, estimated)       1.098     2.004    i_dram_wrapper/i_dram/u_mig7s_mig/u_ddr3_infrastructure/plle2_i_0
    PLLE2_ADV_X1Y1       PLLE2_ADV (Prop_plle2_adv_CLKIN1_CLKOUT3)
                                                      0.077     2.081 r  i_dram_wrapper/i_dram/u_mig7s_mig/u_ddr3_infrastructure/plle2_i/CLKOUT3
                         net (fo=1, unplaced)         0.584     2.665    i_dram_wrapper/i_dram/u_mig7s_mig/u_ddr3_infrastructure/pll_clk3_out
                         BUFH (Prop_bufh_I_O)         0.103     2.768 r  i_dram_wrapper/i_dram/u_mig7s_mig/u_ddr3_infrastructure/u_bufh_pll_clk3/O
                         net (fo=1, unplaced)         0.466     3.233    i_dram_wrapper/i_dram/u_mig7s_mig/u_ddr3_infrastructure/pll_clk3
    MMCME2_ADV_X1Y1      MMCME2_ADV (Prop_mmcme2_adv_CLKIN1_CLKFBOUT)
                                                     -1.024     2.209 r  i_dram_wrapper/i_dram/u_mig7s_mig/u_ddr3_infrastructure/gen_mmcm.mmcm_i/CLKFBOUT
                         net (fo=1, unplaced)         0.466     2.675    i_dram_wrapper/i_dram/u_mig7s_mig/u_ddr3_infrastructure/clk_pll_i
                         BUFG (Prop_bufg_I_O)         0.093     2.768 r  i_dram_wrapper/i_dram/u_mig7s_mig/u_ddr3_infrastructure/u_bufg_clkdiv0/O
                         net (fo=13430, unplaced)     0.466     3.233    i_dram_wrapper/i_dram/u_mig7s_mig/u_memc_ui_top_axi/mem_intfc0/mc0/CLK
                         FDRE                                         r  i_dram_wrapper/i_dram/u_mig7s_mig/u_memc_ui_top_axi/mem_intfc0/mc0/mc_read_idle_r_reg/C
  -------------------------------------------------------------------    -------------------
                         FDRE (Prop_fdre_C_Q)         0.223     3.456 r  i_dram_wrapper/i_dram/u_mig7s_mig/u_memc_ui_top_axi/mem_intfc0/mc0/mc_read_idle_r_reg/Q
                         net (fo=72, unplaced)        0.466     3.922    i_dram_wrapper/i_dram/u_mig7s_mig/u_memc_ui_top_axi/mem_intfc0/ddr_phy_top0/u_ddr_mc_phy_wrapper/gen_dq_iobuf_HP.gen_dq_iobuf[21].u_iobuf_dq/IBUFDISABLE
    AJ1                  IBUF_IBUFDISABLE (Prop_ibuf_ibufdisable_IBUFDISABLE_O)
                                                      1.536     5.458 r  i_dram_wrapper/i_dram/u_mig7s_mig/u_memc_ui_top_axi/mem_intfc0/ddr_phy_top0/u_ddr_mc_phy_wrapper/gen_dq_iobuf_HP.gen_dq_iobuf[21].u_iobuf_dq/IBUF/O
                         net (fo=2, estimated)        0.000     5.458    i_dram_wrapper/i_dram/u_mig7s_mig/u_memc_ui_top_axi/mem_intfc0/ddr_phy_top0/u_ddr_mc_phy_wrapper/u_ddr_mc_phy/ddr_phy_4lanes_0.u_ddr_phy_4lanes/ddr_byte_lane_B.ddr_byte_lane_B/ddr_byte_group_io/mem_dq_in[2]
    IDELAY_X1Y116        IDELAYE2_FINEDELAY (Prop_idelaye2_finedelay_IDATAIN_DATAOUT)
                                                      0.666     6.124 r  i_dram_wrapper/i_dram/u_mig7s_mig/u_memc_ui_top_axi/mem_intfc0/ddr_phy_top0/u_ddr_mc_phy_wrapper/u_ddr_mc_phy/ddr_phy_4lanes_0.u_ddr_phy_4lanes/ddr_byte_lane_B.ddr_byte_lane_B/ddr_byte_group_io/input_[3].iserdes_dq_.idelay_finedelay_dq.idelaye2/DATAOUT
                         net (fo=1, estimated)        0.000     6.124    i_dram_wrapper/i_dram/u_mig7s_mig/u_memc_ui_top_axi/mem_intfc0/ddr_phy_top0/u_ddr_mc_phy_wrapper/u_ddr_mc_phy/ddr_phy_4lanes_0.u_ddr_phy_4lanes/ddr_byte_lane_B.ddr_byte_lane_B/ddr_byte_group_io/data_in_dly_3
    ILOGIC_X1Y116        ISERDESE2                                    r  i_dram_wrapper/i_dram/u_mig7s_mig/u_memc_ui_top_axi/mem_intfc0/ddr_phy_top0/u_ddr_mc_phy_wrapper/u_ddr_mc_phy/ddr_phy_4lanes_0.u_ddr_phy_4lanes/ddr_byte_lane_B.ddr_byte_lane_B/ddr_byte_group_io/input_[3].iserdes_dq_.iserdesdq/DDLY
  -------------------------------------------------------------------    -------------------

                         (clock u_memc_ui_top_axi/mem_intfc0/ddr_phy_top0/u_ddr_mc_phy_wrapper/u_ddr_mc_phy/ddr_phy_4lanes_0.u_ddr_phy_4lanes/ddr_byte_lane_B.ddr_byte_lane_B/iserdes_clk fall edge)
                                                      6.797     6.797 f  
    AD12                                              0.000     6.797 f  sys_clk_p (IN)
                         net (fo=0)                   0.000     6.797    sys_clk_p
    AD12                 IBUFDS (Prop_ibufds_I_O)     0.803     7.600 f  i_bufds_sys_clk/O
                         net (fo=65, estimated)       1.043     8.643    i_dram_wrapper/i_dram/u_mig7s_mig/u_ddr3_infrastructure/plle2_i_0
    PLLE2_ADV_X1Y1       PLLE2_ADV (Prop_plle2_adv_CLKIN1_CLKOUT0)
                                                      0.073     8.716 f  i_dram_wrapper/i_dram/u_mig7s_mig/u_ddr3_infrastructure/plle2_i/CLKOUT0
                         net (fo=14, estimated)       1.144     9.860    i_dram_wrapper/i_dram/u_mig7s_mig/u_memc_ui_top_axi/mem_intfc0/ddr_phy_top0/u_ddr_mc_phy_wrapper/u_ddr_mc_phy/ddr_phy_4lanes_0.u_ddr_phy_4lanes/ddr_byte_lane_B.ddr_byte_lane_B/freq_refclk
    PHASER_IN_PHY_X1Y9   PHASER_IN_PHY (Prop_phaser_in_phy_FREQREFCLK_ICLK)
                                                      1.394    11.254 f  i_dram_wrapper/i_dram/u_mig7s_mig/u_memc_ui_top_axi/mem_intfc0/ddr_phy_top0/u_ddr_mc_phy_wrapper/u_ddr_mc_phy/ddr_phy_4lanes_0.u_ddr_phy_4lanes/ddr_byte_lane_B.ddr_byte_lane_B/phaser_in_gen.phaser_in/ICLK
                         net (fo=16, estimated)       0.324    11.578    i_dram_wrapper/i_dram/u_mig7s_mig/u_memc_ui_top_axi/mem_intfc0/ddr_phy_top0/u_ddr_mc_phy_wrapper/u_ddr_mc_phy/ddr_phy_4lanes_0.u_ddr_phy_4lanes/ddr_byte_lane_B.ddr_byte_lane_B/ddr_byte_group_io/CLKB0_7
    ILOGIC_X1Y116        ISERDESE2                                    r  i_dram_wrapper/i_dram/u_mig7s_mig/u_memc_ui_top_axi/mem_intfc0/ddr_phy_top0/u_ddr_mc_phy_wrapper/u_ddr_mc_phy/ddr_phy_4lanes_0.u_ddr_phy_4lanes/ddr_byte_lane_B.ddr_byte_lane_B/ddr_byte_group_io/input_[3].iserdes_dq_.iserdesdq/CLKB  (IS_INVERTED)
                         clock pessimism              0.161    11.739    
                         clock uncertainty           -0.173    11.567    
    ILOGIC_X1Y116        ISERDESE2 (Setup_iserdese2_CLKB_DDLY)
                                                     -0.115    11.452    i_dram_wrapper/i_dram/u_mig7s_mig/u_memc_ui_top_axi/mem_intfc0/ddr_phy_top0/u_ddr_mc_phy_wrapper/u_ddr_mc_phy/ddr_phy_4lanes_0.u_ddr_phy_4lanes/ddr_byte_lane_B.ddr_byte_lane_B/ddr_byte_group_io/input_[3].iserdes_dq_.iserdesdq
  -------------------------------------------------------------------
                         required time                         11.452    
                         arrival time                          -6.124    
  -------------------------------------------------------------------
                         slack                                  5.328    





Min Delay Paths
--------------------------------------------------------------------------------------
Slack (MET) :             18.163ns  (arrival time - required time)
  Source:                 i_dram_wrapper/i_dram/u_mig7s_mig/u_memc_ui_top_axi/mem_intfc0/mc0/mc_read_idle_r_reg/C
                            (rising edge-triggered cell FDRE clocked by clk_pll_i  {rise@0.000ns fall@2.500ns period=5.000ns})
  Destination:            i_dram_wrapper/i_dram/u_mig7s_mig/u_memc_ui_top_axi/mem_intfc0/ddr_phy_top0/u_ddr_mc_phy_wrapper/u_ddr_mc_phy/ddr_phy_4lanes_0.u_ddr_phy_4lanes/ddr_byte_lane_B.ddr_byte_lane_B/ddr_byte_group_io/input_[7].iserdes_dq_.iserdesdq/DDLY
                            (rising edge-triggered cell ISERDESE2 clocked by u_memc_ui_top_axi/mem_intfc0/ddr_phy_top0/u_ddr_mc_phy_wrapper/u_ddr_mc_phy/ddr_phy_4lanes_0.u_ddr_phy_4lanes/ddr_byte_lane_B.ddr_byte_lane_B/iserdes_clk  {rise@1.172ns fall@1.797ns period=1.250ns})
  Path Group:             u_memc_ui_top_axi/mem_intfc0/ddr_phy_top0/u_ddr_mc_phy_wrapper/u_ddr_mc_phy/ddr_phy_4lanes_0.u_ddr_phy_4lanes/ddr_byte_lane_B.ddr_byte_lane_B/iserdes_clk
  Path Type:              Hold (Min at Fast Process Corner)
  Requirement:            -18.828ns  (u_memc_ui_top_axi/mem_intfc0/ddr_phy_top0/u_ddr_mc_phy_wrapper/u_ddr_mc_phy/ddr_phy_4lanes_0.u_ddr_phy_4lanes/ddr_byte_lane_B.ddr_byte_lane_B/iserdes_clk rise@11.172ns - clk_pll_i rise@30.000ns)
  Data Path Delay:        1.362ns  (logic 1.131ns (83.045%)  route 0.231ns (16.955%))
  Logic Levels:           2  (IBUF_IBUFDISABLE=1 IDELAYE2_FINEDELAY=1)
  Clock Path Skew:        1.793ns (DCD - SCD - CPR)
    Destination Clock Delay (DCD):    3.124ns = ( 8.046 - 4.922 ) 
    Source Clock Delay      (SCD):    1.218ns = ( 6.218 - 5.000 ) 
    Clock Pessimism Removal (CPR):    0.113ns
  Clock Uncertainty:      0.173ns  ((TSJ^2 + DJ^2)^1/2) / 2 + PE
    Total System Jitter     (TSJ):    0.071ns
    Discrete Jitter          (DJ):    0.076ns
    Phase Error              (PE):    0.121ns
  Timing Exception:       MultiCycle Path   Setup -end   6    Hold  -start 5

    Location             Delay type                Incr(ns)  Path(ns)    Netlist Resource(s)
  -------------------------------------------------------------------    -------------------
                         (clock clk_pll_i rise edge)
                                                     30.000    30.000 r  
    AD12                                              0.000    30.000 r  sys_clk_p (IN)
                         net (fo=0)                   0.000    30.000    sys_clk_p
    AD12                 IBUFDS (Prop_ibufds_I_O)     0.388    30.388 r  i_bufds_sys_clk/O
                         net (fo=65, estimated)       0.545    30.933    i_dram_wrapper/i_dram/u_mig7s_mig/u_ddr3_infrastructure/plle2_i_0
    PLLE2_ADV_X1Y1       PLLE2_ADV (Prop_plle2_adv_CLKIN1_CLKOUT3)
                                                      0.050    30.983 r  i_dram_wrapper/i_dram/u_mig7s_mig/u_ddr3_infrastructure/plle2_i/CLKOUT3
                         net (fo=1, unplaced)         0.114    31.097    i_dram_wrapper/i_dram/u_mig7s_mig/u_ddr3_infrastructure/pll_clk3_out
                         BUFH (Prop_bufh_I_O)         0.023    31.120 r  i_dram_wrapper/i_dram/u_mig7s_mig/u_ddr3_infrastructure/u_bufh_pll_clk3/O
                         net (fo=1, unplaced)         0.231    31.351    i_dram_wrapper/i_dram/u_mig7s_mig/u_ddr3_infrastructure/pll_clk3
    MMCME2_ADV_X1Y1      MMCME2_ADV (Prop_mmcme2_adv_CLKIN1_CLKFBOUT)
                                                     -0.488    30.863 r  i_dram_wrapper/i_dram/u_mig7s_mig/u_ddr3_infrastructure/gen_mmcm.mmcm_i/CLKFBOUT
                         net (fo=1, unplaced)         0.231    31.094    i_dram_wrapper/i_dram/u_mig7s_mig/u_ddr3_infrastructure/clk_pll_i
                         BUFG (Prop_bufg_I_O)         0.026    31.120 r  i_dram_wrapper/i_dram/u_mig7s_mig/u_ddr3_infrastructure/u_bufg_clkdiv0/O
                         net (fo=13430, unplaced)     0.098    31.218    i_dram_wrapper/i_dram/u_mig7s_mig/u_memc_ui_top_axi/mem_intfc0/mc0/CLK
                         FDRE                                         r  i_dram_wrapper/i_dram/u_mig7s_mig/u_memc_ui_top_axi/mem_intfc0/mc0/mc_read_idle_r_reg/C
  -------------------------------------------------------------------    -------------------
                         FDRE (Prop_fdre_C_Q)         0.100    31.318 r  i_dram_wrapper/i_dram/u_mig7s_mig/u_memc_ui_top_axi/mem_intfc0/mc0/mc_read_idle_r_reg/Q
                         net (fo=72, unplaced)        0.231    31.549    i_dram_wrapper/i_dram/u_mig7s_mig/u_memc_ui_top_axi/mem_intfc0/ddr_phy_top0/u_ddr_mc_phy_wrapper/gen_dq_iobuf_HP.gen_dq_iobuf[17].u_iobuf_dq/IBUFDISABLE
    AH6                  IBUF_IBUFDISABLE (Prop_ibuf_ibufdisable_IBUFDISABLE_O)
                                                      0.767    32.316 r  i_dram_wrapper/i_dram/u_mig7s_mig/u_memc_ui_top_axi/mem_intfc0/ddr_phy_top0/u_ddr_mc_phy_wrapper/gen_dq_iobuf_HP.gen_dq_iobuf[17].u_iobuf_dq/IBUF/O
                         net (fo=2, estimated)        0.000    32.316    i_dram_wrapper/i_dram/u_mig7s_mig/u_memc_ui_top_axi/mem_intfc0/ddr_phy_top0/u_ddr_mc_phy_wrapper/u_ddr_mc_phy/ddr_phy_4lanes_0.u_ddr_phy_4lanes/ddr_byte_lane_B.ddr_byte_lane_B/ddr_byte_group_io/mem_dq_in[6]
    IDELAY_X1Y122        IDELAYE2_FINEDELAY (Prop_idelaye2_finedelay_IDATAIN_DATAOUT)
                                                      0.264    32.580 r  i_dram_wrapper/i_dram/u_mig7s_mig/u_memc_ui_top_axi/mem_intfc0/ddr_phy_top0/u_ddr_mc_phy_wrapper/u_ddr_mc_phy/ddr_phy_4lanes_0.u_ddr_phy_4lanes/ddr_byte_lane_B.ddr_byte_lane_B/ddr_byte_group_io/input_[7].iserdes_dq_.idelay_finedelay_dq.idelaye2/DATAOUT
                         net (fo=1, estimated)        0.000    32.580    i_dram_wrapper/i_dram/u_mig7s_mig/u_memc_ui_top_axi/mem_intfc0/ddr_phy_top0/u_ddr_mc_phy_wrapper/u_ddr_mc_phy/ddr_phy_4lanes_0.u_ddr_phy_4lanes/ddr_byte_lane_B.ddr_byte_lane_B/ddr_byte_group_io/data_in_dly_7
    ILOGIC_X1Y122        ISERDESE2                                    r  i_dram_wrapper/i_dram/u_mig7s_mig/u_memc_ui_top_axi/mem_intfc0/ddr_phy_top0/u_ddr_mc_phy_wrapper/u_ddr_mc_phy/ddr_phy_4lanes_0.u_ddr_phy_4lanes/ddr_byte_lane_B.ddr_byte_lane_B/ddr_byte_group_io/input_[7].iserdes_dq_.iserdesdq/DDLY
  -------------------------------------------------------------------    -------------------

                         (clock u_memc_ui_top_axi/mem_intfc0/ddr_phy_top0/u_ddr_mc_phy_wrapper/u_ddr_mc_phy/ddr_phy_4lanes_0.u_ddr_phy_4lanes/ddr_byte_lane_B.ddr_byte_lane_B/iserdes_clk rise edge)
                                                     11.172    11.172 r  
    AD12                                              0.000    11.172 r  sys_clk_p (IN)
                         net (fo=0)                   0.000    11.172    sys_clk_p
    AD12                 IBUFDS (Prop_ibufds_I_O)     0.470    11.642 r  i_bufds_sys_clk/O
                         net (fo=65, estimated)       0.573    12.215    i_dram_wrapper/i_dram/u_mig7s_mig/u_ddr3_infrastructure/plle2_i_0
    PLLE2_ADV_X1Y1       PLLE2_ADV (Prop_plle2_adv_CLKIN1_CLKOUT0)
                                                      0.053    12.268 r  i_dram_wrapper/i_dram/u_mig7s_mig/u_ddr3_infrastructure/plle2_i/CLKOUT0
                         net (fo=14, estimated)       0.628    12.896    i_dram_wrapper/i_dram/u_mig7s_mig/u_memc_ui_top_axi/mem_intfc0/ddr_phy_top0/u_ddr_mc_phy_wrapper/u_ddr_mc_phy/ddr_phy_4lanes_0.u_ddr_phy_4lanes/ddr_byte_lane_B.ddr_byte_lane_B/freq_refclk
    PHASER_IN_PHY_X1Y9   PHASER_IN_PHY (Prop_phaser_in_phy_FREQREFCLK_ICLK)
                                                      1.219    14.115 r  i_dram_wrapper/i_dram/u_mig7s_mig/u_memc_ui_top_axi/mem_intfc0/ddr_phy_top0/u_ddr_mc_phy_wrapper/u_ddr_mc_phy/ddr_phy_4lanes_0.u_ddr_phy_4lanes/ddr_byte_lane_B.ddr_byte_lane_B/phaser_in_gen.phaser_in/ICLK
                         net (fo=16, estimated)       0.181    14.296    i_dram_wrapper/i_dram/u_mig7s_mig/u_memc_ui_top_axi/mem_intfc0/ddr_phy_top0/u_ddr_mc_phy_wrapper/u_ddr_mc_phy/ddr_phy_4lanes_0.u_ddr_phy_4lanes/ddr_byte_lane_B.ddr_byte_lane_B/ddr_byte_group_io/input_[8].iserdes_dq_.iserdesdq_0
    ILOGIC_X1Y122        ISERDESE2                                    r  i_dram_wrapper/i_dram/u_mig7s_mig/u_memc_ui_top_axi/mem_intfc0/ddr_phy_top0/u_ddr_mc_phy_wrapper/u_ddr_mc_phy/ddr_phy_4lanes_0.u_ddr_phy_4lanes/ddr_byte_lane_B.ddr_byte_lane_B/ddr_byte_group_io/input_[7].iserdes_dq_.iserdesdq/CLK
                         clock pessimism             -0.113    14.183    
                         clock uncertainty            0.173    14.356    
    ILOGIC_X1Y122        ISERDESE2 (Hold_iserdese2_CLK_DDLY)
                                                      0.061    14.417    i_dram_wrapper/i_dram/u_mig7s_mig/u_memc_ui_top_axi/mem_intfc0/ddr_phy_top0/u_ddr_mc_phy_wrapper/u_ddr_mc_phy/ddr_phy_4lanes_0.u_ddr_phy_4lanes/ddr_byte_lane_B.ddr_byte_lane_B/ddr_byte_group_io/input_[7].iserdes_dq_.iserdesdq
  -------------------------------------------------------------------
                         required time                        -14.417    
                         arrival time                          32.580    
  -------------------------------------------------------------------
                         slack                                 18.163    





---------------------------------------------------------------------------------------------------
From Clock:  clk_pll_i
  To Clock:  u_memc_ui_top_axi/mem_intfc0/ddr_phy_top0/u_ddr_mc_phy_wrapper/u_ddr_mc_phy/ddr_phy_4lanes_0.u_ddr_phy_4lanes/ddr_byte_lane_C.ddr_byte_lane_C/iserdes_clk

Setup :            0  Failing Endpoints,  Worst Slack        5.315ns,  Total Violation        0.000ns
Hold  :            0  Failing Endpoints,  Worst Slack       18.170ns,  Total Violation        0.000ns
---------------------------------------------------------------------------------------------------


Max Delay Paths
--------------------------------------------------------------------------------------
Slack (MET) :             5.315ns  (required time - arrival time)
  Source:                 i_dram_wrapper/i_dram/u_mig7s_mig/u_memc_ui_top_axi/mem_intfc0/mc0/mc_read_idle_r_reg/C
                            (rising edge-triggered cell FDRE clocked by clk_pll_i  {rise@0.000ns fall@2.500ns period=5.000ns})
  Destination:            i_dram_wrapper/i_dram/u_mig7s_mig/u_memc_ui_top_axi/mem_intfc0/ddr_phy_top0/u_ddr_mc_phy_wrapper/u_ddr_mc_phy/ddr_phy_4lanes_0.u_ddr_phy_4lanes/ddr_byte_lane_C.ddr_byte_lane_C/ddr_byte_group_io/input_[2].iserdes_dq_.iserdesdq/DDLY
                            (falling edge-triggered cell ISERDESE2 clocked by u_memc_ui_top_axi/mem_intfc0/ddr_phy_top0/u_ddr_mc_phy_wrapper/u_ddr_mc_phy/ddr_phy_4lanes_0.u_ddr_phy_4lanes/ddr_byte_lane_C.ddr_byte_lane_C/iserdes_clk  {rise@1.172ns fall@1.797ns period=1.250ns})
  Path Group:             u_memc_ui_top_axi/mem_intfc0/ddr_phy_top0/u_ddr_mc_phy_wrapper/u_ddr_mc_phy/ddr_phy_4lanes_0.u_ddr_phy_4lanes/ddr_byte_lane_C.ddr_byte_lane_C/iserdes_clk
  Path Type:              Setup (Max at Slow Process Corner)
  Requirement:            6.797ns  (u_memc_ui_top_axi/mem_intfc0/ddr_phy_top0/u_ddr_mc_phy_wrapper/u_ddr_mc_phy/ddr_phy_4lanes_0.u_ddr_phy_4lanes/ddr_byte_lane_C.ddr_byte_lane_C/iserdes_clk fall@6.797ns - clk_pll_i rise@0.000ns)
  Data Path Delay:        2.891ns  (logic 2.425ns (83.891%)  route 0.466ns (16.109%))
  Logic Levels:           2  (IBUF_IBUFDISABLE=1 IDELAYE2_FINEDELAY=1)
  Clock Path Skew:        1.697ns (DCD - SCD + CPR)
    Destination Clock Delay (DCD):    4.769ns = ( 5.316 - 0.547 ) 
    Source Clock Delay      (SCD):    3.233ns
    Clock Pessimism Removal (CPR):    0.161ns
  Clock Uncertainty:      0.173ns  ((TSJ^2 + DJ^2)^1/2) / 2 + PE
    Total System Jitter     (TSJ):    0.071ns
    Discrete Jitter          (DJ):    0.076ns
    Phase Error              (PE):    0.121ns
  Timing Exception:       MultiCycle Path   Setup -end   6

    Location             Delay type                Incr(ns)  Path(ns)    Netlist Resource(s)
  -------------------------------------------------------------------    -------------------
                         (clock clk_pll_i rise edge)
                                                      0.000     0.000 r  
    AD12                                              0.000     0.000 r  sys_clk_p (IN)
                         net (fo=0)                   0.000     0.000    sys_clk_p
    AD12                 IBUFDS (Prop_ibufds_I_O)     0.906     0.906 r  i_bufds_sys_clk/O
                         net (fo=65, estimated)       1.098     2.004    i_dram_wrapper/i_dram/u_mig7s_mig/u_ddr3_infrastructure/plle2_i_0
    PLLE2_ADV_X1Y1       PLLE2_ADV (Prop_plle2_adv_CLKIN1_CLKOUT3)
                                                      0.077     2.081 r  i_dram_wrapper/i_dram/u_mig7s_mig/u_ddr3_infrastructure/plle2_i/CLKOUT3
                         net (fo=1, unplaced)         0.584     2.665    i_dram_wrapper/i_dram/u_mig7s_mig/u_ddr3_infrastructure/pll_clk3_out
                         BUFH (Prop_bufh_I_O)         0.103     2.768 r  i_dram_wrapper/i_dram/u_mig7s_mig/u_ddr3_infrastructure/u_bufh_pll_clk3/O
                         net (fo=1, unplaced)         0.466     3.233    i_dram_wrapper/i_dram/u_mig7s_mig/u_ddr3_infrastructure/pll_clk3
    MMCME2_ADV_X1Y1      MMCME2_ADV (Prop_mmcme2_adv_CLKIN1_CLKFBOUT)
                                                     -1.024     2.209 r  i_dram_wrapper/i_dram/u_mig7s_mig/u_ddr3_infrastructure/gen_mmcm.mmcm_i/CLKFBOUT
                         net (fo=1, unplaced)         0.466     2.675    i_dram_wrapper/i_dram/u_mig7s_mig/u_ddr3_infrastructure/clk_pll_i
                         BUFG (Prop_bufg_I_O)         0.093     2.768 r  i_dram_wrapper/i_dram/u_mig7s_mig/u_ddr3_infrastructure/u_bufg_clkdiv0/O
                         net (fo=13430, unplaced)     0.466     3.233    i_dram_wrapper/i_dram/u_mig7s_mig/u_memc_ui_top_axi/mem_intfc0/mc0/CLK
                         FDRE                                         r  i_dram_wrapper/i_dram/u_mig7s_mig/u_memc_ui_top_axi/mem_intfc0/mc0/mc_read_idle_r_reg/C
  -------------------------------------------------------------------    -------------------
                         FDRE (Prop_fdre_C_Q)         0.223     3.456 r  i_dram_wrapper/i_dram/u_mig7s_mig/u_memc_ui_top_axi/mem_intfc0/mc0/mc_read_idle_r_reg/Q
                         net (fo=72, unplaced)        0.466     3.922    i_dram_wrapper/i_dram/u_mig7s_mig/u_memc_ui_top_axi/mem_intfc0/ddr_phy_top0/u_ddr_mc_phy_wrapper/gen_dq_iobuf_HP.gen_dq_iobuf[14].u_iobuf_dq/IBUFDISABLE
    AF5                  IBUF_IBUFDISABLE (Prop_ibuf_ibufdisable_IBUFDISABLE_O)
                                                      1.536     5.458 r  i_dram_wrapper/i_dram/u_mig7s_mig/u_memc_ui_top_axi/mem_intfc0/ddr_phy_top0/u_ddr_mc_phy_wrapper/gen_dq_iobuf_HP.gen_dq_iobuf[14].u_iobuf_dq/IBUF/O
                         net (fo=2, estimated)        0.000     5.458    i_dram_wrapper/i_dram/u_mig7s_mig/u_memc_ui_top_axi/mem_intfc0/ddr_phy_top0/u_ddr_mc_phy_wrapper/u_ddr_mc_phy/ddr_phy_4lanes_0.u_ddr_phy_4lanes/ddr_byte_lane_C.ddr_byte_lane_C/ddr_byte_group_io/mem_dq_in[1]
    IDELAY_X1Y127        IDELAYE2_FINEDELAY (Prop_idelaye2_finedelay_IDATAIN_DATAOUT)
                                                      0.666     6.124 r  i_dram_wrapper/i_dram/u_mig7s_mig/u_memc_ui_top_axi/mem_intfc0/ddr_phy_top0/u_ddr_mc_phy_wrapper/u_ddr_mc_phy/ddr_phy_4lanes_0.u_ddr_phy_4lanes/ddr_byte_lane_C.ddr_byte_lane_C/ddr_byte_group_io/input_[2].iserdes_dq_.idelay_finedelay_dq.idelaye2/DATAOUT
                         net (fo=1, estimated)        0.000     6.124    i_dram_wrapper/i_dram/u_mig7s_mig/u_memc_ui_top_axi/mem_intfc0/ddr_phy_top0/u_ddr_mc_phy_wrapper/u_ddr_mc_phy/ddr_phy_4lanes_0.u_ddr_phy_4lanes/ddr_byte_lane_C.ddr_byte_lane_C/ddr_byte_group_io/data_in_dly_2
    ILOGIC_X1Y127        ISERDESE2                                    r  i_dram_wrapper/i_dram/u_mig7s_mig/u_memc_ui_top_axi/mem_intfc0/ddr_phy_top0/u_ddr_mc_phy_wrapper/u_ddr_mc_phy/ddr_phy_4lanes_0.u_ddr_phy_4lanes/ddr_byte_lane_C.ddr_byte_lane_C/ddr_byte_group_io/input_[2].iserdes_dq_.iserdesdq/DDLY
  -------------------------------------------------------------------    -------------------

                         (clock u_memc_ui_top_axi/mem_intfc0/ddr_phy_top0/u_ddr_mc_phy_wrapper/u_ddr_mc_phy/ddr_phy_4lanes_0.u_ddr_phy_4lanes/ddr_byte_lane_C.ddr_byte_lane_C/iserdes_clk fall edge)
                                                      6.797     6.797 f  
    AD12                                              0.000     6.797 f  sys_clk_p (IN)
                         net (fo=0)                   0.000     6.797    sys_clk_p
    AD12                 IBUFDS (Prop_ibufds_I_O)     0.803     7.600 f  i_bufds_sys_clk/O
                         net (fo=65, estimated)       1.043     8.643    i_dram_wrapper/i_dram/u_mig7s_mig/u_ddr3_infrastructure/plle2_i_0
    PLLE2_ADV_X1Y1       PLLE2_ADV (Prop_plle2_adv_CLKIN1_CLKOUT0)
                                                      0.073     8.716 f  i_dram_wrapper/i_dram/u_mig7s_mig/u_ddr3_infrastructure/plle2_i/CLKOUT0
                         net (fo=14, estimated)       1.132     9.849    i_dram_wrapper/i_dram/u_mig7s_mig/u_memc_ui_top_axi/mem_intfc0/ddr_phy_top0/u_ddr_mc_phy_wrapper/u_ddr_mc_phy/ddr_phy_4lanes_0.u_ddr_phy_4lanes/ddr_byte_lane_C.ddr_byte_lane_C/freq_refclk
    PHASER_IN_PHY_X1Y10  PHASER_IN_PHY (Prop_phaser_in_phy_FREQREFCLK_ICLK)
                                                      1.394    11.243 f  i_dram_wrapper/i_dram/u_mig7s_mig/u_memc_ui_top_axi/mem_intfc0/ddr_phy_top0/u_ddr_mc_phy_wrapper/u_ddr_mc_phy/ddr_phy_4lanes_0.u_ddr_phy_4lanes/ddr_byte_lane_C.ddr_byte_lane_C/phaser_in_gen.phaser_in/ICLK
                         net (fo=16, estimated)       0.323    11.566    i_dram_wrapper/i_dram/u_mig7s_mig/u_memc_ui_top_axi/mem_intfc0/ddr_phy_top0/u_ddr_mc_phy_wrapper/u_ddr_mc_phy/ddr_phy_4lanes_0.u_ddr_phy_4lanes/ddr_byte_lane_C.ddr_byte_lane_C/ddr_byte_group_io/CLKB0_8
    ILOGIC_X1Y127        ISERDESE2                                    r  i_dram_wrapper/i_dram/u_mig7s_mig/u_memc_ui_top_axi/mem_intfc0/ddr_phy_top0/u_ddr_mc_phy_wrapper/u_ddr_mc_phy/ddr_phy_4lanes_0.u_ddr_phy_4lanes/ddr_byte_lane_C.ddr_byte_lane_C/ddr_byte_group_io/input_[2].iserdes_dq_.iserdesdq/CLKB  (IS_INVERTED)
                         clock pessimism              0.161    11.727    
                         clock uncertainty           -0.173    11.554    
    ILOGIC_X1Y127        ISERDESE2 (Setup_iserdese2_CLKB_DDLY)
                                                     -0.115    11.439    i_dram_wrapper/i_dram/u_mig7s_mig/u_memc_ui_top_axi/mem_intfc0/ddr_phy_top0/u_ddr_mc_phy_wrapper/u_ddr_mc_phy/ddr_phy_4lanes_0.u_ddr_phy_4lanes/ddr_byte_lane_C.ddr_byte_lane_C/ddr_byte_group_io/input_[2].iserdes_dq_.iserdesdq
  -------------------------------------------------------------------
                         required time                         11.439    
                         arrival time                          -6.124    
  -------------------------------------------------------------------
                         slack                                  5.315    





Min Delay Paths
--------------------------------------------------------------------------------------
Slack (MET) :             18.170ns  (arrival time - required time)
  Source:                 i_dram_wrapper/i_dram/u_mig7s_mig/u_memc_ui_top_axi/mem_intfc0/mc0/mc_read_idle_r_reg/C
                            (rising edge-triggered cell FDRE clocked by clk_pll_i  {rise@0.000ns fall@2.500ns period=5.000ns})
  Destination:            i_dram_wrapper/i_dram/u_mig7s_mig/u_memc_ui_top_axi/mem_intfc0/ddr_phy_top0/u_ddr_mc_phy_wrapper/u_ddr_mc_phy/ddr_phy_4lanes_0.u_ddr_phy_4lanes/ddr_byte_lane_C.ddr_byte_lane_C/ddr_byte_group_io/input_[7].iserdes_dq_.iserdesdq/DDLY
                            (rising edge-triggered cell ISERDESE2 clocked by u_memc_ui_top_axi/mem_intfc0/ddr_phy_top0/u_ddr_mc_phy_wrapper/u_ddr_mc_phy/ddr_phy_4lanes_0.u_ddr_phy_4lanes/ddr_byte_lane_C.ddr_byte_lane_C/iserdes_clk  {rise@1.172ns fall@1.797ns period=1.250ns})
  Path Group:             u_memc_ui_top_axi/mem_intfc0/ddr_phy_top0/u_ddr_mc_phy_wrapper/u_ddr_mc_phy/ddr_phy_4lanes_0.u_ddr_phy_4lanes/ddr_byte_lane_C.ddr_byte_lane_C/iserdes_clk
  Path Type:              Hold (Min at Fast Process Corner)
  Requirement:            -18.828ns  (u_memc_ui_top_axi/mem_intfc0/ddr_phy_top0/u_ddr_mc_phy_wrapper/u_ddr_mc_phy/ddr_phy_4lanes_0.u_ddr_phy_4lanes/ddr_byte_lane_C.ddr_byte_lane_C/iserdes_clk rise@11.172ns - clk_pll_i rise@30.000ns)
  Data Path Delay:        1.362ns  (logic 1.131ns (83.045%)  route 0.231ns (16.955%))
  Logic Levels:           2  (IBUF_IBUFDISABLE=1 IDELAYE2_FINEDELAY=1)
  Clock Path Skew:        1.787ns (DCD - SCD - CPR)
    Destination Clock Delay (DCD):    3.117ns = ( 8.039 - 4.922 ) 
    Source Clock Delay      (SCD):    1.218ns = ( 6.218 - 5.000 ) 
    Clock Pessimism Removal (CPR):    0.113ns
  Clock Uncertainty:      0.173ns  ((TSJ^2 + DJ^2)^1/2) / 2 + PE
    Total System Jitter     (TSJ):    0.071ns
    Discrete Jitter          (DJ):    0.076ns
    Phase Error              (PE):    0.121ns
  Timing Exception:       MultiCycle Path   Setup -end   6    Hold  -start 5

    Location             Delay type                Incr(ns)  Path(ns)    Netlist Resource(s)
  -------------------------------------------------------------------    -------------------
                         (clock clk_pll_i rise edge)
                                                     30.000    30.000 r  
    AD12                                              0.000    30.000 r  sys_clk_p (IN)
                         net (fo=0)                   0.000    30.000    sys_clk_p
    AD12                 IBUFDS (Prop_ibufds_I_O)     0.388    30.388 r  i_bufds_sys_clk/O
                         net (fo=65, estimated)       0.545    30.933    i_dram_wrapper/i_dram/u_mig7s_mig/u_ddr3_infrastructure/plle2_i_0
    PLLE2_ADV_X1Y1       PLLE2_ADV (Prop_plle2_adv_CLKIN1_CLKOUT3)
                                                      0.050    30.983 r  i_dram_wrapper/i_dram/u_mig7s_mig/u_ddr3_infrastructure/plle2_i/CLKOUT3
                         net (fo=1, unplaced)         0.114    31.097    i_dram_wrapper/i_dram/u_mig7s_mig/u_ddr3_infrastructure/pll_clk3_out
                         BUFH (Prop_bufh_I_O)         0.023    31.120 r  i_dram_wrapper/i_dram/u_mig7s_mig/u_ddr3_infrastructure/u_bufh_pll_clk3/O
                         net (fo=1, unplaced)         0.231    31.351    i_dram_wrapper/i_dram/u_mig7s_mig/u_ddr3_infrastructure/pll_clk3
    MMCME2_ADV_X1Y1      MMCME2_ADV (Prop_mmcme2_adv_CLKIN1_CLKFBOUT)
                                                     -0.488    30.863 r  i_dram_wrapper/i_dram/u_mig7s_mig/u_ddr3_infrastructure/gen_mmcm.mmcm_i/CLKFBOUT
                         net (fo=1, unplaced)         0.231    31.094    i_dram_wrapper/i_dram/u_mig7s_mig/u_ddr3_infrastructure/clk_pll_i
                         BUFG (Prop_bufg_I_O)         0.026    31.120 r  i_dram_wrapper/i_dram/u_mig7s_mig/u_ddr3_infrastructure/u_bufg_clkdiv0/O
                         net (fo=13430, unplaced)     0.098    31.218    i_dram_wrapper/i_dram/u_mig7s_mig/u_memc_ui_top_axi/mem_intfc0/mc0/CLK
                         FDRE                                         r  i_dram_wrapper/i_dram/u_mig7s_mig/u_memc_ui_top_axi/mem_intfc0/mc0/mc_read_idle_r_reg/C
  -------------------------------------------------------------------    -------------------
                         FDRE (Prop_fdre_C_Q)         0.100    31.318 r  i_dram_wrapper/i_dram/u_mig7s_mig/u_memc_ui_top_axi/mem_intfc0/mc0/mc_read_idle_r_reg/Q
                         net (fo=72, unplaced)        0.231    31.549    i_dram_wrapper/i_dram/u_mig7s_mig/u_memc_ui_top_axi/mem_intfc0/ddr_phy_top0/u_ddr_mc_phy_wrapper/gen_dq_iobuf_HP.gen_dq_iobuf[9].u_iobuf_dq/IBUFDISABLE
    AE1                  IBUF_IBUFDISABLE (Prop_ibuf_ibufdisable_IBUFDISABLE_O)
                                                      0.767    32.316 r  i_dram_wrapper/i_dram/u_mig7s_mig/u_memc_ui_top_axi/mem_intfc0/ddr_phy_top0/u_ddr_mc_phy_wrapper/gen_dq_iobuf_HP.gen_dq_iobuf[9].u_iobuf_dq/IBUF/O
                         net (fo=2, estimated)        0.000    32.316    i_dram_wrapper/i_dram/u_mig7s_mig/u_memc_ui_top_axi/mem_intfc0/ddr_phy_top0/u_ddr_mc_phy_wrapper/u_ddr_mc_phy/ddr_phy_4lanes_0.u_ddr_phy_4lanes/ddr_byte_lane_C.ddr_byte_lane_C/ddr_byte_group_io/mem_dq_in[6]
    IDELAY_X1Y134        IDELAYE2_FINEDELAY (Prop_idelaye2_finedelay_IDATAIN_DATAOUT)
                                                      0.264    32.580 r  i_dram_wrapper/i_dram/u_mig7s_mig/u_memc_ui_top_axi/mem_intfc0/ddr_phy_top0/u_ddr_mc_phy_wrapper/u_ddr_mc_phy/ddr_phy_4lanes_0.u_ddr_phy_4lanes/ddr_byte_lane_C.ddr_byte_lane_C/ddr_byte_group_io/input_[7].iserdes_dq_.idelay_finedelay_dq.idelaye2/DATAOUT
                         net (fo=1, estimated)        0.000    32.580    i_dram_wrapper/i_dram/u_mig7s_mig/u_memc_ui_top_axi/mem_intfc0/ddr_phy_top0/u_ddr_mc_phy_wrapper/u_ddr_mc_phy/ddr_phy_4lanes_0.u_ddr_phy_4lanes/ddr_byte_lane_C.ddr_byte_lane_C/ddr_byte_group_io/data_in_dly_7
    ILOGIC_X1Y134        ISERDESE2                                    r  i_dram_wrapper/i_dram/u_mig7s_mig/u_memc_ui_top_axi/mem_intfc0/ddr_phy_top0/u_ddr_mc_phy_wrapper/u_ddr_mc_phy/ddr_phy_4lanes_0.u_ddr_phy_4lanes/ddr_byte_lane_C.ddr_byte_lane_C/ddr_byte_group_io/input_[7].iserdes_dq_.iserdesdq/DDLY
  -------------------------------------------------------------------    -------------------

                         (clock u_memc_ui_top_axi/mem_intfc0/ddr_phy_top0/u_ddr_mc_phy_wrapper/u_ddr_mc_phy/ddr_phy_4lanes_0.u_ddr_phy_4lanes/ddr_byte_lane_C.ddr_byte_lane_C/iserdes_clk rise edge)
                                                     11.172    11.172 r  
    AD12                                              0.000    11.172 r  sys_clk_p (IN)
                         net (fo=0)                   0.000    11.172    sys_clk_p
    AD12                 IBUFDS (Prop_ibufds_I_O)     0.470    11.642 r  i_bufds_sys_clk/O
                         net (fo=65, estimated)       0.573    12.215    i_dram_wrapper/i_dram/u_mig7s_mig/u_ddr3_infrastructure/plle2_i_0
    PLLE2_ADV_X1Y1       PLLE2_ADV (Prop_plle2_adv_CLKIN1_CLKOUT0)
                                                      0.053    12.268 r  i_dram_wrapper/i_dram/u_mig7s_mig/u_ddr3_infrastructure/plle2_i/CLKOUT0
                         net (fo=14, estimated)       0.622    12.890    i_dram_wrapper/i_dram/u_mig7s_mig/u_memc_ui_top_axi/mem_intfc0/ddr_phy_top0/u_ddr_mc_phy_wrapper/u_ddr_mc_phy/ddr_phy_4lanes_0.u_ddr_phy_4lanes/ddr_byte_lane_C.ddr_byte_lane_C/freq_refclk
    PHASER_IN_PHY_X1Y10  PHASER_IN_PHY (Prop_phaser_in_phy_FREQREFCLK_ICLK)
                                                      1.219    14.109 r  i_dram_wrapper/i_dram/u_mig7s_mig/u_memc_ui_top_axi/mem_intfc0/ddr_phy_top0/u_ddr_mc_phy_wrapper/u_ddr_mc_phy/ddr_phy_4lanes_0.u_ddr_phy_4lanes/ddr_byte_lane_C.ddr_byte_lane_C/phaser_in_gen.phaser_in/ICLK
                         net (fo=16, estimated)       0.180    14.289    i_dram_wrapper/i_dram/u_mig7s_mig/u_memc_ui_top_axi/mem_intfc0/ddr_phy_top0/u_ddr_mc_phy_wrapper/u_ddr_mc_phy/ddr_phy_4lanes_0.u_ddr_phy_4lanes/ddr_byte_lane_C.ddr_byte_lane_C/ddr_byte_group_io/input_[8].iserdes_dq_.iserdesdq_0
    ILOGIC_X1Y134        ISERDESE2                                    r  i_dram_wrapper/i_dram/u_mig7s_mig/u_memc_ui_top_axi/mem_intfc0/ddr_phy_top0/u_ddr_mc_phy_wrapper/u_ddr_mc_phy/ddr_phy_4lanes_0.u_ddr_phy_4lanes/ddr_byte_lane_C.ddr_byte_lane_C/ddr_byte_group_io/input_[7].iserdes_dq_.iserdesdq/CLK
                         clock pessimism             -0.113    14.176    
                         clock uncertainty            0.173    14.349    
    ILOGIC_X1Y134        ISERDESE2 (Hold_iserdese2_CLK_DDLY)
                                                      0.061    14.410    i_dram_wrapper/i_dram/u_mig7s_mig/u_memc_ui_top_axi/mem_intfc0/ddr_phy_top0/u_ddr_mc_phy_wrapper/u_ddr_mc_phy/ddr_phy_4lanes_0.u_ddr_phy_4lanes/ddr_byte_lane_C.ddr_byte_lane_C/ddr_byte_group_io/input_[7].iserdes_dq_.iserdesdq
  -------------------------------------------------------------------
                         required time                        -14.410    
                         arrival time                          32.580    
  -------------------------------------------------------------------
                         slack                                 18.170    





---------------------------------------------------------------------------------------------------
From Clock:  clk_pll_i
  To Clock:  u_memc_ui_top_axi/mem_intfc0/ddr_phy_top0/u_ddr_mc_phy_wrapper/u_ddr_mc_phy/ddr_phy_4lanes_0.u_ddr_phy_4lanes/ddr_byte_lane_D.ddr_byte_lane_D/iserdes_clk

Setup :            0  Failing Endpoints,  Worst Slack        5.322ns,  Total Violation        0.000ns
Hold  :            0  Failing Endpoints,  Worst Slack       18.166ns,  Total Violation        0.000ns
---------------------------------------------------------------------------------------------------


Max Delay Paths
--------------------------------------------------------------------------------------
Slack (MET) :             5.322ns  (required time - arrival time)
  Source:                 i_dram_wrapper/i_dram/u_mig7s_mig/u_memc_ui_top_axi/mem_intfc0/mc0/mc_read_idle_r_reg/C
                            (rising edge-triggered cell FDRE clocked by clk_pll_i  {rise@0.000ns fall@2.500ns period=5.000ns})
  Destination:            i_dram_wrapper/i_dram/u_mig7s_mig/u_memc_ui_top_axi/mem_intfc0/ddr_phy_top0/u_ddr_mc_phy_wrapper/u_ddr_mc_phy/ddr_phy_4lanes_0.u_ddr_phy_4lanes/ddr_byte_lane_D.ddr_byte_lane_D/ddr_byte_group_io/input_[2].iserdes_dq_.iserdesdq/DDLY
                            (falling edge-triggered cell ISERDESE2 clocked by u_memc_ui_top_axi/mem_intfc0/ddr_phy_top0/u_ddr_mc_phy_wrapper/u_ddr_mc_phy/ddr_phy_4lanes_0.u_ddr_phy_4lanes/ddr_byte_lane_D.ddr_byte_lane_D/iserdes_clk  {rise@1.172ns fall@1.797ns period=1.250ns})
  Path Group:             u_memc_ui_top_axi/mem_intfc0/ddr_phy_top0/u_ddr_mc_phy_wrapper/u_ddr_mc_phy/ddr_phy_4lanes_0.u_ddr_phy_4lanes/ddr_byte_lane_D.ddr_byte_lane_D/iserdes_clk
  Path Type:              Setup (Max at Slow Process Corner)
  Requirement:            6.797ns  (u_memc_ui_top_axi/mem_intfc0/ddr_phy_top0/u_ddr_mc_phy_wrapper/u_ddr_mc_phy/ddr_phy_4lanes_0.u_ddr_phy_4lanes/ddr_byte_lane_D.ddr_byte_lane_D/iserdes_clk fall@6.797ns - clk_pll_i rise@0.000ns)
  Data Path Delay:        2.891ns  (logic 2.425ns (83.891%)  route 0.466ns (16.109%))
  Logic Levels:           2  (IBUF_IBUFDISABLE=1 IDELAYE2_FINEDELAY=1)
  Clock Path Skew:        1.703ns (DCD - SCD + CPR)
    Destination Clock Delay (DCD):    4.776ns = ( 5.322 - 0.547 ) 
    Source Clock Delay      (SCD):    3.233ns
    Clock Pessimism Removal (CPR):    0.161ns
  Clock Uncertainty:      0.173ns  ((TSJ^2 + DJ^2)^1/2) / 2 + PE
    Total System Jitter     (TSJ):    0.071ns
    Discrete Jitter          (DJ):    0.076ns
    Phase Error              (PE):    0.121ns
  Timing Exception:       MultiCycle Path   Setup -end   6

    Location             Delay type                Incr(ns)  Path(ns)    Netlist Resource(s)
  -------------------------------------------------------------------    -------------------
                         (clock clk_pll_i rise edge)
                                                      0.000     0.000 r  
    AD12                                              0.000     0.000 r  sys_clk_p (IN)
                         net (fo=0)                   0.000     0.000    sys_clk_p
    AD12                 IBUFDS (Prop_ibufds_I_O)     0.906     0.906 r  i_bufds_sys_clk/O
                         net (fo=65, estimated)       1.098     2.004    i_dram_wrapper/i_dram/u_mig7s_mig/u_ddr3_infrastructure/plle2_i_0
    PLLE2_ADV_X1Y1       PLLE2_ADV (Prop_plle2_adv_CLKIN1_CLKOUT3)
                                                      0.077     2.081 r  i_dram_wrapper/i_dram/u_mig7s_mig/u_ddr3_infrastructure/plle2_i/CLKOUT3
                         net (fo=1, unplaced)         0.584     2.665    i_dram_wrapper/i_dram/u_mig7s_mig/u_ddr3_infrastructure/pll_clk3_out
                         BUFH (Prop_bufh_I_O)         0.103     2.768 r  i_dram_wrapper/i_dram/u_mig7s_mig/u_ddr3_infrastructure/u_bufh_pll_clk3/O
                         net (fo=1, unplaced)         0.466     3.233    i_dram_wrapper/i_dram/u_mig7s_mig/u_ddr3_infrastructure/pll_clk3
    MMCME2_ADV_X1Y1      MMCME2_ADV (Prop_mmcme2_adv_CLKIN1_CLKFBOUT)
                                                     -1.024     2.209 r  i_dram_wrapper/i_dram/u_mig7s_mig/u_ddr3_infrastructure/gen_mmcm.mmcm_i/CLKFBOUT
                         net (fo=1, unplaced)         0.466     2.675    i_dram_wrapper/i_dram/u_mig7s_mig/u_ddr3_infrastructure/clk_pll_i
                         BUFG (Prop_bufg_I_O)         0.093     2.768 r  i_dram_wrapper/i_dram/u_mig7s_mig/u_ddr3_infrastructure/u_bufg_clkdiv0/O
                         net (fo=13430, unplaced)     0.466     3.233    i_dram_wrapper/i_dram/u_mig7s_mig/u_memc_ui_top_axi/mem_intfc0/mc0/CLK
                         FDRE                                         r  i_dram_wrapper/i_dram/u_mig7s_mig/u_memc_ui_top_axi/mem_intfc0/mc0/mc_read_idle_r_reg/C
  -------------------------------------------------------------------    -------------------
                         FDRE (Prop_fdre_C_Q)         0.223     3.456 r  i_dram_wrapper/i_dram/u_mig7s_mig/u_memc_ui_top_axi/mem_intfc0/mc0/mc_read_idle_r_reg/Q
                         net (fo=72, unplaced)        0.466     3.922    i_dram_wrapper/i_dram/u_mig7s_mig/u_memc_ui_top_axi/mem_intfc0/ddr_phy_top0/u_ddr_mc_phy_wrapper/gen_dq_iobuf_HP.gen_dq_iobuf[6].u_iobuf_dq/IBUFDISABLE
    AE6                  IBUF_IBUFDISABLE (Prop_ibuf_ibufdisable_IBUFDISABLE_O)
                                                      1.536     5.458 r  i_dram_wrapper/i_dram/u_mig7s_mig/u_memc_ui_top_axi/mem_intfc0/ddr_phy_top0/u_ddr_mc_phy_wrapper/gen_dq_iobuf_HP.gen_dq_iobuf[6].u_iobuf_dq/IBUF/O
                         net (fo=2, estimated)        0.000     5.458    i_dram_wrapper/i_dram/u_mig7s_mig/u_memc_ui_top_axi/mem_intfc0/ddr_phy_top0/u_ddr_mc_phy_wrapper/u_ddr_mc_phy/ddr_phy_4lanes_0.u_ddr_phy_4lanes/ddr_byte_lane_D.ddr_byte_lane_D/ddr_byte_group_io/mem_dq_in[1]
    IDELAY_X1Y139        IDELAYE2_FINEDELAY (Prop_idelaye2_finedelay_IDATAIN_DATAOUT)
                                                      0.666     6.124 r  i_dram_wrapper/i_dram/u_mig7s_mig/u_memc_ui_top_axi/mem_intfc0/ddr_phy_top0/u_ddr_mc_phy_wrapper/u_ddr_mc_phy/ddr_phy_4lanes_0.u_ddr_phy_4lanes/ddr_byte_lane_D.ddr_byte_lane_D/ddr_byte_group_io/input_[2].iserdes_dq_.idelay_finedelay_dq.idelaye2/DATAOUT
                         net (fo=1, estimated)        0.000     6.124    i_dram_wrapper/i_dram/u_mig7s_mig/u_memc_ui_top_axi/mem_intfc0/ddr_phy_top0/u_ddr_mc_phy_wrapper/u_ddr_mc_phy/ddr_phy_4lanes_0.u_ddr_phy_4lanes/ddr_byte_lane_D.ddr_byte_lane_D/ddr_byte_group_io/data_in_dly_2
    ILOGIC_X1Y139        ISERDESE2                                    r  i_dram_wrapper/i_dram/u_mig7s_mig/u_memc_ui_top_axi/mem_intfc0/ddr_phy_top0/u_ddr_mc_phy_wrapper/u_ddr_mc_phy/ddr_phy_4lanes_0.u_ddr_phy_4lanes/ddr_byte_lane_D.ddr_byte_lane_D/ddr_byte_group_io/input_[2].iserdes_dq_.iserdesdq/DDLY
  -------------------------------------------------------------------    -------------------

                         (clock u_memc_ui_top_axi/mem_intfc0/ddr_phy_top0/u_ddr_mc_phy_wrapper/u_ddr_mc_phy/ddr_phy_4lanes_0.u_ddr_phy_4lanes/ddr_byte_lane_D.ddr_byte_lane_D/iserdes_clk fall edge)
                                                      6.797     6.797 f  
    AD12                                              0.000     6.797 f  sys_clk_p (IN)
                         net (fo=0)                   0.000     6.797    sys_clk_p
    AD12                 IBUFDS (Prop_ibufds_I_O)     0.803     7.600 f  i_bufds_sys_clk/O
                         net (fo=65, estimated)       1.043     8.643    i_dram_wrapper/i_dram/u_mig7s_mig/u_ddr3_infrastructure/plle2_i_0
    PLLE2_ADV_X1Y1       PLLE2_ADV (Prop_plle2_adv_CLKIN1_CLKOUT0)
                                                      0.073     8.716 f  i_dram_wrapper/i_dram/u_mig7s_mig/u_ddr3_infrastructure/plle2_i/CLKOUT0
                         net (fo=14, estimated)       1.125     9.841    i_dram_wrapper/i_dram/u_mig7s_mig/u_memc_ui_top_axi/mem_intfc0/ddr_phy_top0/u_ddr_mc_phy_wrapper/u_ddr_mc_phy/ddr_phy_4lanes_0.u_ddr_phy_4lanes/ddr_byte_lane_D.ddr_byte_lane_D/freq_refclk
    PHASER_IN_PHY_X1Y11  PHASER_IN_PHY (Prop_phaser_in_phy_FREQREFCLK_ICLK)
                                                      1.394    11.235 f  i_dram_wrapper/i_dram/u_mig7s_mig/u_memc_ui_top_axi/mem_intfc0/ddr_phy_top0/u_ddr_mc_phy_wrapper/u_ddr_mc_phy/ddr_phy_4lanes_0.u_ddr_phy_4lanes/ddr_byte_lane_D.ddr_byte_lane_D/phaser_in_gen.phaser_in/ICLK
                         net (fo=16, estimated)       0.337    11.572    i_dram_wrapper/i_dram/u_mig7s_mig/u_memc_ui_top_axi/mem_intfc0/ddr_phy_top0/u_ddr_mc_phy_wrapper/u_ddr_mc_phy/ddr_phy_4lanes_0.u_ddr_phy_4lanes/ddr_byte_lane_D.ddr_byte_lane_D/ddr_byte_group_io/CLKB0_9
    ILOGIC_X1Y139        ISERDESE2                                    r  i_dram_wrapper/i_dram/u_mig7s_mig/u_memc_ui_top_axi/mem_intfc0/ddr_phy_top0/u_ddr_mc_phy_wrapper/u_ddr_mc_phy/ddr_phy_4lanes_0.u_ddr_phy_4lanes/ddr_byte_lane_D.ddr_byte_lane_D/ddr_byte_group_io/input_[2].iserdes_dq_.iserdesdq/CLKB  (IS_INVERTED)
                         clock pessimism              0.161    11.734    
                         clock uncertainty           -0.173    11.561    
    ILOGIC_X1Y139        ISERDESE2 (Setup_iserdese2_CLKB_DDLY)
                                                     -0.115    11.446    i_dram_wrapper/i_dram/u_mig7s_mig/u_memc_ui_top_axi/mem_intfc0/ddr_phy_top0/u_ddr_mc_phy_wrapper/u_ddr_mc_phy/ddr_phy_4lanes_0.u_ddr_phy_4lanes/ddr_byte_lane_D.ddr_byte_lane_D/ddr_byte_group_io/input_[2].iserdes_dq_.iserdesdq
  -------------------------------------------------------------------
                         required time                         11.446    
                         arrival time                          -6.124    
  -------------------------------------------------------------------
                         slack                                  5.322    





Min Delay Paths
--------------------------------------------------------------------------------------
Slack (MET) :             18.166ns  (arrival time - required time)
  Source:                 i_dram_wrapper/i_dram/u_mig7s_mig/u_memc_ui_top_axi/mem_intfc0/mc0/mc_read_idle_r_reg/C
                            (rising edge-triggered cell FDRE clocked by clk_pll_i  {rise@0.000ns fall@2.500ns period=5.000ns})
  Destination:            i_dram_wrapper/i_dram/u_mig7s_mig/u_memc_ui_top_axi/mem_intfc0/ddr_phy_top0/u_ddr_mc_phy_wrapper/u_ddr_mc_phy/ddr_phy_4lanes_0.u_ddr_phy_4lanes/ddr_byte_lane_D.ddr_byte_lane_D/ddr_byte_group_io/input_[7].iserdes_dq_.iserdesdq/DDLY
                            (rising edge-triggered cell ISERDESE2 clocked by u_memc_ui_top_axi/mem_intfc0/ddr_phy_top0/u_ddr_mc_phy_wrapper/u_ddr_mc_phy/ddr_phy_4lanes_0.u_ddr_phy_4lanes/ddr_byte_lane_D.ddr_byte_lane_D/iserdes_clk  {rise@1.172ns fall@1.797ns period=1.250ns})
  Path Group:             u_memc_ui_top_axi/mem_intfc0/ddr_phy_top0/u_ddr_mc_phy_wrapper/u_ddr_mc_phy/ddr_phy_4lanes_0.u_ddr_phy_4lanes/ddr_byte_lane_D.ddr_byte_lane_D/iserdes_clk
  Path Type:              Hold (Min at Fast Process Corner)
  Requirement:            -18.828ns  (u_memc_ui_top_axi/mem_intfc0/ddr_phy_top0/u_ddr_mc_phy_wrapper/u_ddr_mc_phy/ddr_phy_4lanes_0.u_ddr_phy_4lanes/ddr_byte_lane_D.ddr_byte_lane_D/iserdes_clk rise@11.172ns - clk_pll_i rise@30.000ns)
  Data Path Delay:        1.362ns  (logic 1.131ns (83.045%)  route 0.231ns (16.955%))
  Logic Levels:           2  (IBUF_IBUFDISABLE=1 IDELAYE2_FINEDELAY=1)
  Clock Path Skew:        1.790ns (DCD - SCD - CPR)
    Destination Clock Delay (DCD):    3.121ns = ( 8.043 - 4.922 ) 
    Source Clock Delay      (SCD):    1.218ns = ( 6.218 - 5.000 ) 
    Clock Pessimism Removal (CPR):    0.113ns
  Clock Uncertainty:      0.173ns  ((TSJ^2 + DJ^2)^1/2) / 2 + PE
    Total System Jitter     (TSJ):    0.071ns
    Discrete Jitter          (DJ):    0.076ns
    Phase Error              (PE):    0.121ns
  Timing Exception:       MultiCycle Path   Setup -end   6    Hold  -start 5

    Location             Delay type                Incr(ns)  Path(ns)    Netlist Resource(s)
  -------------------------------------------------------------------    -------------------
                         (clock clk_pll_i rise edge)
                                                     30.000    30.000 r  
    AD12                                              0.000    30.000 r  sys_clk_p (IN)
                         net (fo=0)                   0.000    30.000    sys_clk_p
    AD12                 IBUFDS (Prop_ibufds_I_O)     0.388    30.388 r  i_bufds_sys_clk/O
                         net (fo=65, estimated)       0.545    30.933    i_dram_wrapper/i_dram/u_mig7s_mig/u_ddr3_infrastructure/plle2_i_0
    PLLE2_ADV_X1Y1       PLLE2_ADV (Prop_plle2_adv_CLKIN1_CLKOUT3)
                                                      0.050    30.983 r  i_dram_wrapper/i_dram/u_mig7s_mig/u_ddr3_infrastructure/plle2_i/CLKOUT3
                         net (fo=1, unplaced)         0.114    31.097    i_dram_wrapper/i_dram/u_mig7s_mig/u_ddr3_infrastructure/pll_clk3_out
                         BUFH (Prop_bufh_I_O)         0.023    31.120 r  i_dram_wrapper/i_dram/u_mig7s_mig/u_ddr3_infrastructure/u_bufh_pll_clk3/O
                         net (fo=1, unplaced)         0.231    31.351    i_dram_wrapper/i_dram/u_mig7s_mig/u_ddr3_infrastructure/pll_clk3
    MMCME2_ADV_X1Y1      MMCME2_ADV (Prop_mmcme2_adv_CLKIN1_CLKFBOUT)
                                                     -0.488    30.863 r  i_dram_wrapper/i_dram/u_mig7s_mig/u_ddr3_infrastructure/gen_mmcm.mmcm_i/CLKFBOUT
                         net (fo=1, unplaced)         0.231    31.094    i_dram_wrapper/i_dram/u_mig7s_mig/u_ddr3_infrastructure/clk_pll_i
                         BUFG (Prop_bufg_I_O)         0.026    31.120 r  i_dram_wrapper/i_dram/u_mig7s_mig/u_ddr3_infrastructure/u_bufg_clkdiv0/O
                         net (fo=13430, unplaced)     0.098    31.218    i_dram_wrapper/i_dram/u_mig7s_mig/u_memc_ui_top_axi/mem_intfc0/mc0/CLK
                         FDRE                                         r  i_dram_wrapper/i_dram/u_mig7s_mig/u_memc_ui_top_axi/mem_intfc0/mc0/mc_read_idle_r_reg/C
  -------------------------------------------------------------------    -------------------
                         FDRE (Prop_fdre_C_Q)         0.100    31.318 r  i_dram_wrapper/i_dram/u_mig7s_mig/u_memc_ui_top_axi/mem_intfc0/mc0/mc_read_idle_r_reg/Q
                         net (fo=72, unplaced)        0.231    31.549    i_dram_wrapper/i_dram/u_mig7s_mig/u_memc_ui_top_axi/mem_intfc0/ddr_phy_top0/u_ddr_mc_phy_wrapper/gen_dq_iobuf_HP.gen_dq_iobuf[1].u_iobuf_dq/IBUFDISABLE
    AC2                  IBUF_IBUFDISABLE (Prop_ibuf_ibufdisable_IBUFDISABLE_O)
                                                      0.767    32.316 r  i_dram_wrapper/i_dram/u_mig7s_mig/u_memc_ui_top_axi/mem_intfc0/ddr_phy_top0/u_ddr_mc_phy_wrapper/gen_dq_iobuf_HP.gen_dq_iobuf[1].u_iobuf_dq/IBUF/O
                         net (fo=2, estimated)        0.000    32.316    i_dram_wrapper/i_dram/u_mig7s_mig/u_memc_ui_top_axi/mem_intfc0/ddr_phy_top0/u_ddr_mc_phy_wrapper/u_ddr_mc_phy/ddr_phy_4lanes_0.u_ddr_phy_4lanes/ddr_byte_lane_D.ddr_byte_lane_D/ddr_byte_group_io/mem_dq_in[6]
    IDELAY_X1Y146        IDELAYE2_FINEDELAY (Prop_idelaye2_finedelay_IDATAIN_DATAOUT)
                                                      0.264    32.580 r  i_dram_wrapper/i_dram/u_mig7s_mig/u_memc_ui_top_axi/mem_intfc0/ddr_phy_top0/u_ddr_mc_phy_wrapper/u_ddr_mc_phy/ddr_phy_4lanes_0.u_ddr_phy_4lanes/ddr_byte_lane_D.ddr_byte_lane_D/ddr_byte_group_io/input_[7].iserdes_dq_.idelay_finedelay_dq.idelaye2/DATAOUT
                         net (fo=1, estimated)        0.000    32.580    i_dram_wrapper/i_dram/u_mig7s_mig/u_memc_ui_top_axi/mem_intfc0/ddr_phy_top0/u_ddr_mc_phy_wrapper/u_ddr_mc_phy/ddr_phy_4lanes_0.u_ddr_phy_4lanes/ddr_byte_lane_D.ddr_byte_lane_D/ddr_byte_group_io/data_in_dly_7
    ILOGIC_X1Y146        ISERDESE2                                    r  i_dram_wrapper/i_dram/u_mig7s_mig/u_memc_ui_top_axi/mem_intfc0/ddr_phy_top0/u_ddr_mc_phy_wrapper/u_ddr_mc_phy/ddr_phy_4lanes_0.u_ddr_phy_4lanes/ddr_byte_lane_D.ddr_byte_lane_D/ddr_byte_group_io/input_[7].iserdes_dq_.iserdesdq/DDLY
  -------------------------------------------------------------------    -------------------

                         (clock u_memc_ui_top_axi/mem_intfc0/ddr_phy_top0/u_ddr_mc_phy_wrapper/u_ddr_mc_phy/ddr_phy_4lanes_0.u_ddr_phy_4lanes/ddr_byte_lane_D.ddr_byte_lane_D/iserdes_clk rise edge)
                                                     11.172    11.172 r  
    AD12                                              0.000    11.172 r  sys_clk_p (IN)
                         net (fo=0)                   0.000    11.172    sys_clk_p
    AD12                 IBUFDS (Prop_ibufds_I_O)     0.470    11.642 r  i_bufds_sys_clk/O
                         net (fo=65, estimated)       0.573    12.215    i_dram_wrapper/i_dram/u_mig7s_mig/u_ddr3_infrastructure/plle2_i_0
    PLLE2_ADV_X1Y1       PLLE2_ADV (Prop_plle2_adv_CLKIN1_CLKOUT0)
                                                      0.053    12.268 r  i_dram_wrapper/i_dram/u_mig7s_mig/u_ddr3_infrastructure/plle2_i/CLKOUT0
                         net (fo=14, estimated)       0.618    12.886    i_dram_wrapper/i_dram/u_mig7s_mig/u_memc_ui_top_axi/mem_intfc0/ddr_phy_top0/u_ddr_mc_phy_wrapper/u_ddr_mc_phy/ddr_phy_4lanes_0.u_ddr_phy_4lanes/ddr_byte_lane_D.ddr_byte_lane_D/freq_refclk
    PHASER_IN_PHY_X1Y11  PHASER_IN_PHY (Prop_phaser_in_phy_FREQREFCLK_ICLK)
                                                      1.219    14.105 r  i_dram_wrapper/i_dram/u_mig7s_mig/u_memc_ui_top_axi/mem_intfc0/ddr_phy_top0/u_ddr_mc_phy_wrapper/u_ddr_mc_phy/ddr_phy_4lanes_0.u_ddr_phy_4lanes/ddr_byte_lane_D.ddr_byte_lane_D/phaser_in_gen.phaser_in/ICLK
                         net (fo=16, estimated)       0.188    14.293    i_dram_wrapper/i_dram/u_mig7s_mig/u_memc_ui_top_axi/mem_intfc0/ddr_phy_top0/u_ddr_mc_phy_wrapper/u_ddr_mc_phy/ddr_phy_4lanes_0.u_ddr_phy_4lanes/ddr_byte_lane_D.ddr_byte_lane_D/ddr_byte_group_io/input_[8].iserdes_dq_.iserdesdq_0
    ILOGIC_X1Y146        ISERDESE2                                    r  i_dram_wrapper/i_dram/u_mig7s_mig/u_memc_ui_top_axi/mem_intfc0/ddr_phy_top0/u_ddr_mc_phy_wrapper/u_ddr_mc_phy/ddr_phy_4lanes_0.u_ddr_phy_4lanes/ddr_byte_lane_D.ddr_byte_lane_D/ddr_byte_group_io/input_[7].iserdes_dq_.iserdesdq/CLK
                         clock pessimism             -0.113    14.180    
                         clock uncertainty            0.173    14.353    
    ILOGIC_X1Y146        ISERDESE2 (Hold_iserdese2_CLK_DDLY)
                                                      0.061    14.414    i_dram_wrapper/i_dram/u_mig7s_mig/u_memc_ui_top_axi/mem_intfc0/ddr_phy_top0/u_ddr_mc_phy_wrapper/u_ddr_mc_phy/ddr_phy_4lanes_0.u_ddr_phy_4lanes/ddr_byte_lane_D.ddr_byte_lane_D/ddr_byte_group_io/input_[7].iserdes_dq_.iserdesdq
  -------------------------------------------------------------------
                         required time                        -14.414    
                         arrival time                          32.580    
  -------------------------------------------------------------------
                         slack                                 18.166    





---------------------------------------------------------------------------------------------------
From Clock:  sync_pulse
  To Clock:  mem_refclk

Setup :            0  Failing Endpoints,  Worst Slack        0.292ns,  Total Violation        0.000ns
Hold  :            0  Failing Endpoints,  Worst Slack        0.153ns,  Total Violation        0.000ns
---------------------------------------------------------------------------------------------------


Max Delay Paths
--------------------------------------------------------------------------------------
Slack (MET) :             0.292ns  (required time - arrival time)
  Source:                 i_dram_wrapper/i_dram/u_mig7s_mig/u_ddr3_infrastructure/plle2_i/CLKOUT2
                            (clock source 'sync_pulse'  {rise@0.547ns fall@1.797ns period=20.000ns})
  Destination:            i_dram_wrapper/i_dram/u_mig7s_mig/u_memc_ui_top_axi/mem_intfc0/ddr_phy_top0/u_ddr_mc_phy_wrapper/u_ddr_mc_phy/ddr_phy_4lanes_0.u_ddr_phy_4lanes/phy_control_i/SYNCIN
                            (rising edge-triggered cell PHY_CONTROL clocked by mem_refclk  {rise@0.000ns fall@0.625ns period=1.250ns})
  Path Group:             mem_refclk
  Path Type:              Setup (Max at Slow Process Corner)
  Requirement:            0.703ns  (mem_refclk rise@1.250ns - sync_pulse rise@0.547ns)
  Data Path Delay:        1.204ns  (logic 0.000ns (0.000%)  route 1.204ns (100.000%))
  Logic Levels:           0  
  Clock Path Skew:        1.144ns (DCD - SCD + CPR)
    Destination Clock Delay (DCD):    3.063ns = ( 4.313 - 1.250 ) 
    Source Clock Delay      (SCD):    2.081ns = ( 2.628 - 0.547 ) 
    Clock Pessimism Removal (CPR):    0.161ns
  Clock Uncertainty:      0.183ns  ((TSJ^2 + DJ^2)^1/2) / 2 + PE
    Total System Jitter     (TSJ):    0.071ns
    Discrete Jitter          (DJ):    0.104ns
    Phase Error              (PE):    0.120ns

    Location             Delay type                Incr(ns)  Path(ns)    Netlist Resource(s)
  -------------------------------------------------------------------    -------------------
                         (clock sync_pulse rise edge)
                                                      0.547     0.547 r  
    AD12                                              0.000     0.547 r  sys_clk_p (IN)
                         net (fo=0)                   0.000     0.547    sys_clk_p
    AD12                 IBUFDS (Prop_ibufds_I_O)     0.906     1.453 r  i_bufds_sys_clk/O
                         net (fo=65, estimated)       1.098     2.551    i_dram_wrapper/i_dram/u_mig7s_mig/u_ddr3_infrastructure/plle2_i_0
  -------------------------------------------------------------------    -------------------
    PLLE2_ADV_X1Y1       PLLE2_ADV (Prop_plle2_adv_CLKIN1_CLKOUT2)
                                                      0.077     2.628 r  i_dram_wrapper/i_dram/u_mig7s_mig/u_ddr3_infrastructure/plle2_i/CLKOUT2
                         net (fo=14, estimated)       1.204     3.832    i_dram_wrapper/i_dram/u_mig7s_mig/u_memc_ui_top_axi/mem_intfc0/ddr_phy_top0/u_ddr_mc_phy_wrapper/u_ddr_mc_phy/ddr_phy_4lanes_0.u_ddr_phy_4lanes/sync_pulse
    PHY_CONTROL_X1Y2     PHY_CONTROL                                  r  i_dram_wrapper/i_dram/u_mig7s_mig/u_memc_ui_top_axi/mem_intfc0/ddr_phy_top0/u_ddr_mc_phy_wrapper/u_ddr_mc_phy/ddr_phy_4lanes_0.u_ddr_phy_4lanes/phy_control_i/SYNCIN
  -------------------------------------------------------------------    -------------------

                         (clock mem_refclk rise edge)
                                                      1.250     1.250 r  
    AD12                                              0.000     1.250 r  sys_clk_p (IN)
                         net (fo=0)                   0.000     1.250    sys_clk_p
    AD12                 IBUFDS (Prop_ibufds_I_O)     0.803     2.053 r  i_bufds_sys_clk/O
                         net (fo=65, estimated)       1.043     3.097    i_dram_wrapper/i_dram/u_mig7s_mig/u_ddr3_infrastructure/plle2_i_0
    PLLE2_ADV_X1Y1       PLLE2_ADV (Prop_plle2_adv_CLKIN1_CLKOUT1)
                                                      0.073     3.170 r  i_dram_wrapper/i_dram/u_mig7s_mig/u_ddr3_infrastructure/plle2_i/CLKOUT1
                         net (fo=14, estimated)       1.144     4.313    i_dram_wrapper/i_dram/u_mig7s_mig/u_memc_ui_top_axi/mem_intfc0/ddr_phy_top0/u_ddr_mc_phy_wrapper/u_ddr_mc_phy/ddr_phy_4lanes_0.u_ddr_phy_4lanes/mem_refclk
    PHY_CONTROL_X1Y2     PHY_CONTROL                                  r  i_dram_wrapper/i_dram/u_mig7s_mig/u_memc_ui_top_axi/mem_intfc0/ddr_phy_top0/u_ddr_mc_phy_wrapper/u_ddr_mc_phy/ddr_phy_4lanes_0.u_ddr_phy_4lanes/phy_control_i/MEMREFCLK
                         clock pessimism              0.161     4.474    
                         clock uncertainty           -0.183     4.291    
    PHY_CONTROL_X1Y2     PHY_CONTROL (Setup_phy_control_MEMREFCLK_SYNCIN)
                                                     -0.168     4.123    i_dram_wrapper/i_dram/u_mig7s_mig/u_memc_ui_top_axi/mem_intfc0/ddr_phy_top0/u_ddr_mc_phy_wrapper/u_ddr_mc_phy/ddr_phy_4lanes_0.u_ddr_phy_4lanes/phy_control_i
  -------------------------------------------------------------------
                         required time                          4.123    
                         arrival time                          -3.832    
  -------------------------------------------------------------------
                         slack                                  0.292    





Min Delay Paths
--------------------------------------------------------------------------------------
Slack (MET) :             0.153ns  (arrival time - required time)
  Source:                 i_dram_wrapper/i_dram/u_mig7s_mig/u_ddr3_infrastructure/plle2_i/CLKOUT2
                            (clock source 'sync_pulse'  {rise@0.547ns fall@1.797ns period=20.000ns})
  Destination:            i_dram_wrapper/i_dram/u_mig7s_mig/u_memc_ui_top_axi/mem_intfc0/ddr_phy_top0/u_ddr_mc_phy_wrapper/u_ddr_mc_phy/ddr_phy_4lanes_0.u_ddr_phy_4lanes/phy_control_i/SYNCIN
                            (rising edge-triggered cell PHY_CONTROL clocked by mem_refclk  {rise@0.000ns fall@0.625ns period=1.250ns})
  Path Group:             mem_refclk
  Path Type:              Hold (Min at Slow Process Corner)
  Requirement:            -0.547ns  (mem_refclk rise@0.000ns - sync_pulse rise@0.547ns)
  Data Path Delay:        1.144ns  (logic 0.000ns (0.000%)  route 1.144ns (100.000%))
  Logic Levels:           0  
  Clock Path Skew:        1.204ns (DCD - SCD - CPR)
    Destination Clock Delay (DCD):    3.285ns
    Source Clock Delay      (SCD):    1.920ns = ( 2.466 - 0.547 ) 
    Clock Pessimism Removal (CPR):    0.161ns
  Clock Uncertainty:      0.183ns  ((TSJ^2 + DJ^2)^1/2) / 2 + PE
    Total System Jitter     (TSJ):    0.071ns
    Discrete Jitter          (DJ):    0.104ns
    Phase Error              (PE):    0.120ns

    Location             Delay type                Incr(ns)  Path(ns)    Netlist Resource(s)
  -------------------------------------------------------------------    -------------------
                         (clock sync_pulse rise edge)
                                                      0.547     0.547 r  
    AD12                                              0.000     0.547 r  sys_clk_p (IN)
                         net (fo=0)                   0.000     0.547    sys_clk_p
    AD12                 IBUFDS (Prop_ibufds_I_O)     0.803     1.350 r  i_bufds_sys_clk/O
                         net (fo=65, estimated)       1.043     2.393    i_dram_wrapper/i_dram/u_mig7s_mig/u_ddr3_infrastructure/plle2_i_0
  -------------------------------------------------------------------    -------------------
    PLLE2_ADV_X1Y1       PLLE2_ADV (Prop_plle2_adv_CLKIN1_CLKOUT2)
                                                      0.073     2.466 r  i_dram_wrapper/i_dram/u_mig7s_mig/u_ddr3_infrastructure/plle2_i/CLKOUT2
                         net (fo=14, estimated)       1.144     3.610    i_dram_wrapper/i_dram/u_mig7s_mig/u_memc_ui_top_axi/mem_intfc0/ddr_phy_top0/u_ddr_mc_phy_wrapper/u_ddr_mc_phy/ddr_phy_4lanes_0.u_ddr_phy_4lanes/sync_pulse
    PHY_CONTROL_X1Y2     PHY_CONTROL                                  r  i_dram_wrapper/i_dram/u_mig7s_mig/u_memc_ui_top_axi/mem_intfc0/ddr_phy_top0/u_ddr_mc_phy_wrapper/u_ddr_mc_phy/ddr_phy_4lanes_0.u_ddr_phy_4lanes/phy_control_i/SYNCIN
  -------------------------------------------------------------------    -------------------

                         (clock mem_refclk rise edge)
                                                      0.000     0.000 r  
    AD12                                              0.000     0.000 r  sys_clk_p (IN)
                         net (fo=0)                   0.000     0.000    sys_clk_p
    AD12                 IBUFDS (Prop_ibufds_I_O)     0.906     0.906 r  i_bufds_sys_clk/O
                         net (fo=65, estimated)       1.098     2.004    i_dram_wrapper/i_dram/u_mig7s_mig/u_ddr3_infrastructure/plle2_i_0
    PLLE2_ADV_X1Y1       PLLE2_ADV (Prop_plle2_adv_CLKIN1_CLKOUT1)
                                                      0.077     2.081 r  i_dram_wrapper/i_dram/u_mig7s_mig/u_ddr3_infrastructure/plle2_i/CLKOUT1
                         net (fo=14, estimated)       1.204     3.285    i_dram_wrapper/i_dram/u_mig7s_mig/u_memc_ui_top_axi/mem_intfc0/ddr_phy_top0/u_ddr_mc_phy_wrapper/u_ddr_mc_phy/ddr_phy_4lanes_0.u_ddr_phy_4lanes/mem_refclk
    PHY_CONTROL_X1Y2     PHY_CONTROL                                  r  i_dram_wrapper/i_dram/u_mig7s_mig/u_memc_ui_top_axi/mem_intfc0/ddr_phy_top0/u_ddr_mc_phy_wrapper/u_ddr_mc_phy/ddr_phy_4lanes_0.u_ddr_phy_4lanes/phy_control_i/MEMREFCLK
                         clock pessimism             -0.161     3.124    
                         clock uncertainty            0.183     3.307    
    PHY_CONTROL_X1Y2     PHY_CONTROL (Hold_phy_control_MEMREFCLK_SYNCIN)
                                                      0.151     3.458    i_dram_wrapper/i_dram/u_mig7s_mig/u_memc_ui_top_axi/mem_intfc0/ddr_phy_top0/u_ddr_mc_phy_wrapper/u_ddr_mc_phy/ddr_phy_4lanes_0.u_ddr_phy_4lanes/phy_control_i
  -------------------------------------------------------------------
                         required time                         -3.458    
                         arrival time                           3.610    
  -------------------------------------------------------------------
                         slack                                  0.153    





---------------------------------------------------------------------------------------------------
From Clock:  oserdes_clk
  To Clock:  oserdes_clkdiv

Setup :            0  Failing Endpoints,  Worst Slack        0.505ns,  Total Violation        0.000ns
Hold  :           10  Failing Endpoints,  Worst Slack       -0.354ns,  Total Violation       -2.694ns
---------------------------------------------------------------------------------------------------


Max Delay Paths
--------------------------------------------------------------------------------------
Slack (MET) :             0.505ns  (required time - arrival time)
  Source:                 i_dram_wrapper/i_dram/u_mig7s_mig/u_memc_ui_top_axi/mem_intfc0/ddr_phy_top0/u_ddr_mc_phy_wrapper/u_ddr_mc_phy/ddr_phy_4lanes_0.u_ddr_phy_4lanes/ddr_byte_lane_A.ddr_byte_lane_A/phaser_out/OCLK
                            (rising edge-triggered cell PHASER_OUT_PHY clocked by oserdes_clk  {rise@0.000ns fall@0.625ns period=1.250ns})
  Destination:            i_dram_wrapper/i_dram/u_mig7s_mig/u_memc_ui_top_axi/mem_intfc0/ddr_phy_top0/u_ddr_mc_phy_wrapper/u_ddr_mc_phy/ddr_phy_4lanes_0.u_ddr_phy_4lanes/ddr_byte_lane_A.ddr_byte_lane_A/out_fifo/RDEN
                            (rising edge-triggered cell OUT_FIFO clocked by oserdes_clkdiv  {rise@0.000ns fall@1.250ns period=2.500ns})
  Path Group:             oserdes_clkdiv
  Path Type:              Setup (Max at Slow Process Corner)
  Requirement:            1.250ns  (oserdes_clkdiv rise@2.500ns - oserdes_clk rise@1.250ns)
  Data Path Delay:        0.301ns  (logic 0.301ns (100.000%)  route 0.000ns (0.000%))
  Logic Levels:           0  
  Clock Path Skew:        0.133ns (DCD - SCD + CPR)
    Destination Clock Delay (DCD):    5.218ns = ( 7.718 - 2.500 ) 
    Source Clock Delay      (SCD):    5.362ns = ( 6.612 - 1.250 ) 
    Clock Pessimism Removal (CPR):    0.277ns
  Clock Uncertainty:      0.047ns  ((TSJ^2 + DJ^2)^1/2) / 2 + PE
    Total System Jitter     (TSJ):    0.071ns
    Discrete Jitter          (DJ):    0.061ns
    Phase Error              (PE):    0.000ns

    Location             Delay type                Incr(ns)  Path(ns)    Netlist Resource(s)
  -------------------------------------------------------------------    -------------------
                         (clock oserdes_clk rise edge)
                                                      1.250     1.250 r  
    AD12                                              0.000     1.250 r  sys_clk_p (IN)
                         net (fo=0)                   0.000     1.250    sys_clk_p
    AD12                 IBUFDS (Prop_ibufds_I_O)     0.906     2.156 r  i_bufds_sys_clk/O
                         net (fo=65, estimated)       1.098     3.254    i_dram_wrapper/i_dram/u_mig7s_mig/u_ddr3_infrastructure/plle2_i_0
    PLLE2_ADV_X1Y1       PLLE2_ADV (Prop_plle2_adv_CLKIN1_CLKOUT1)
                                                      0.077     3.331 r  i_dram_wrapper/i_dram/u_mig7s_mig/u_ddr3_infrastructure/plle2_i/CLKOUT1
                         net (fo=14, estimated)       1.198     4.529    i_dram_wrapper/i_dram/u_mig7s_mig/u_memc_ui_top_axi/mem_intfc0/ddr_phy_top0/u_ddr_mc_phy_wrapper/u_ddr_mc_phy/ddr_phy_4lanes_0.u_ddr_phy_4lanes/ddr_byte_lane_A.ddr_byte_lane_A/mem_refclk
    PHASER_OUT_PHY_X1Y8  PHASER_OUT_PHY (Prop_phaser_out_phy_MEMREFCLK_OCLK)
                                                      2.083     6.612 r  i_dram_wrapper/i_dram/u_mig7s_mig/u_memc_ui_top_axi/mem_intfc0/ddr_phy_top0/u_ddr_mc_phy_wrapper/u_ddr_mc_phy/ddr_phy_4lanes_0.u_ddr_phy_4lanes/ddr_byte_lane_A.ddr_byte_lane_A/phaser_out/OCLK
  -------------------------------------------------------------------    -------------------
    PHASER_OUT_PHY_X1Y8  PHASER_OUT_PHY (Prop_phaser_out_phy_OCLK_RDENABLE)
                                                      0.301     6.913 r  i_dram_wrapper/i_dram/u_mig7s_mig/u_memc_ui_top_axi/mem_intfc0/ddr_phy_top0/u_ddr_mc_phy_wrapper/u_ddr_mc_phy/ddr_phy_4lanes_0.u_ddr_phy_4lanes/ddr_byte_lane_A.ddr_byte_lane_A/phaser_out/RDENABLE
                         net (fo=1, estimated)        0.000     6.913    i_dram_wrapper/i_dram/u_mig7s_mig/u_memc_ui_top_axi/mem_intfc0/ddr_phy_top0/u_ddr_mc_phy_wrapper/u_ddr_mc_phy/ddr_phy_4lanes_0.u_ddr_phy_4lanes/ddr_byte_lane_A.ddr_byte_lane_A/po_rd_enable
    OUT_FIFO_X1Y8        OUT_FIFO                                     r  i_dram_wrapper/i_dram/u_mig7s_mig/u_memc_ui_top_axi/mem_intfc0/ddr_phy_top0/u_ddr_mc_phy_wrapper/u_ddr_mc_phy/ddr_phy_4lanes_0.u_ddr_phy_4lanes/ddr_byte_lane_A.ddr_byte_lane_A/out_fifo/RDEN
  -------------------------------------------------------------------    -------------------

                         (clock oserdes_clkdiv rise edge)
                                                      2.500     2.500 r  
    AD12                                              0.000     2.500 r  sys_clk_p (IN)
                         net (fo=0)                   0.000     2.500    sys_clk_p
    AD12                 IBUFDS (Prop_ibufds_I_O)     0.803     3.303 r  i_bufds_sys_clk/O
                         net (fo=65, estimated)       1.043     4.347    i_dram_wrapper/i_dram/u_mig7s_mig/u_ddr3_infrastructure/plle2_i_0
    PLLE2_ADV_X1Y1       PLLE2_ADV (Prop_plle2_adv_CLKIN1_CLKOUT1)
                                                      0.073     4.420 r  i_dram_wrapper/i_dram/u_mig7s_mig/u_ddr3_infrastructure/plle2_i/CLKOUT1
                         net (fo=14, estimated)       1.138     5.558    i_dram_wrapper/i_dram/u_mig7s_mig/u_memc_ui_top_axi/mem_intfc0/ddr_phy_top0/u_ddr_mc_phy_wrapper/u_ddr_mc_phy/ddr_phy_4lanes_0.u_ddr_phy_4lanes/ddr_byte_lane_A.ddr_byte_lane_A/mem_refclk
    PHASER_OUT_PHY_X1Y8  PHASER_OUT_PHY (Prop_phaser_out_phy_MEMREFCLK_OCLK)
                                                      2.027     7.585 r  i_dram_wrapper/i_dram/u_mig7s_mig/u_memc_ui_top_axi/mem_intfc0/ddr_phy_top0/u_ddr_mc_phy_wrapper/u_ddr_mc_phy/ddr_phy_4lanes_0.u_ddr_phy_4lanes/ddr_byte_lane_A.ddr_byte_lane_A/phaser_out/OCLK
    PHASER_OUT_PHY_X1Y8  PHASER_OUT_PHY (Prop_phaser_out_phy_OCLK_OCLKDIV)
                                                      0.133     7.718 r  i_dram_wrapper/i_dram/u_mig7s_mig/u_memc_ui_top_axi/mem_intfc0/ddr_phy_top0/u_ddr_mc_phy_wrapper/u_ddr_mc_phy/ddr_phy_4lanes_0.u_ddr_phy_4lanes/ddr_byte_lane_A.ddr_byte_lane_A/phaser_out/OCLKDIV
                         net (fo=11, estimated)       0.000     7.718    i_dram_wrapper/i_dram/u_mig7s_mig/u_memc_ui_top_axi/mem_intfc0/ddr_phy_top0/u_ddr_mc_phy_wrapper/u_ddr_mc_phy/ddr_phy_4lanes_0.u_ddr_phy_4lanes/ddr_byte_lane_A.ddr_byte_lane_A/oserdes_clkdiv
    OUT_FIFO_X1Y8        OUT_FIFO                                     r  i_dram_wrapper/i_dram/u_mig7s_mig/u_memc_ui_top_axi/mem_intfc0/ddr_phy_top0/u_ddr_mc_phy_wrapper/u_ddr_mc_phy/ddr_phy_4lanes_0.u_ddr_phy_4lanes/ddr_byte_lane_A.ddr_byte_lane_A/out_fifo/RDCLK
                         clock pessimism              0.277     7.995    
                         clock uncertainty           -0.047     7.948    
    OUT_FIFO_X1Y8        OUT_FIFO (Setup_out_fifo_RDCLK_RDEN)
                                                     -0.530     7.418    i_dram_wrapper/i_dram/u_mig7s_mig/u_memc_ui_top_axi/mem_intfc0/ddr_phy_top0/u_ddr_mc_phy_wrapper/u_ddr_mc_phy/ddr_phy_4lanes_0.u_ddr_phy_4lanes/ddr_byte_lane_A.ddr_byte_lane_A/out_fifo
  -------------------------------------------------------------------
                         required time                          7.418    
                         arrival time                          -6.913    
  -------------------------------------------------------------------
                         slack                                  0.505    





Min Delay Paths
--------------------------------------------------------------------------------------
Slack (VIOLATED) :        -0.354ns  (arrival time - required time)
  Source:                 i_dram_wrapper/i_dram/u_mig7s_mig/u_memc_ui_top_axi/mem_intfc0/ddr_phy_top0/u_ddr_mc_phy_wrapper/u_ddr_mc_phy/ddr_phy_4lanes_0.u_ddr_phy_4lanes/ddr_byte_lane_A.ddr_byte_lane_A/phaser_out/OCLK
                            (rising edge-triggered cell PHASER_OUT_PHY clocked by oserdes_clk  {rise@0.000ns fall@0.625ns period=1.250ns})
  Destination:            i_dram_wrapper/i_dram/u_mig7s_mig/u_memc_ui_top_axi/mem_intfc0/ddr_phy_top0/u_ddr_mc_phy_wrapper/u_ddr_mc_phy/ddr_phy_4lanes_0.u_ddr_phy_4lanes/ddr_byte_lane_A.ddr_byte_lane_A/ddr_byte_group_io/output_[6].oserdes_dq_.ddr.oserdes_dq_i/RST
                            (rising edge-triggered cell OSERDESE2 clocked by oserdes_clkdiv  {rise@0.000ns fall@1.250ns period=2.500ns})
  Path Group:             oserdes_clkdiv
  Path Type:              Hold (Min at Fast Process Corner)
  Requirement:            0.000ns  (oserdes_clkdiv rise@0.000ns - oserdes_clk rise@0.000ns)
  Data Path Delay:        0.519ns  (logic 0.272ns (52.362%)  route 0.247ns (47.638%))
  Logic Levels:           0  
  Clock Path Skew:        0.266ns (DCD - SCD - CPR)
    Destination Clock Delay (DCD):    3.845ns
    Source Clock Delay      (SCD):    3.390ns
    Clock Pessimism Removal (CPR):    0.189ns
  Timing Exception:       MultiCycle Path   Setup -start 2    Hold  -start 1

    Location             Delay type                Incr(ns)  Path(ns)    Netlist Resource(s)
  -------------------------------------------------------------------    -------------------
                         (clock oserdes_clk rise edge)
                                                      0.000     0.000 r  
    AD12                                              0.000     0.000 r  sys_clk_p (IN)
                         net (fo=0)                   0.000     0.000    sys_clk_p
    AD12                 IBUFDS (Prop_ibufds_I_O)     0.388     0.388 r  i_bufds_sys_clk/O
                         net (fo=65, estimated)       0.545     0.933    i_dram_wrapper/i_dram/u_mig7s_mig/u_ddr3_infrastructure/plle2_i_0
    PLLE2_ADV_X1Y1       PLLE2_ADV (Prop_plle2_adv_CLKIN1_CLKOUT1)
                                                      0.050     0.983 r  i_dram_wrapper/i_dram/u_mig7s_mig/u_ddr3_infrastructure/plle2_i/CLKOUT1
                         net (fo=14, estimated)       0.594     1.577    i_dram_wrapper/i_dram/u_mig7s_mig/u_memc_ui_top_axi/mem_intfc0/ddr_phy_top0/u_ddr_mc_phy_wrapper/u_ddr_mc_phy/ddr_phy_4lanes_0.u_ddr_phy_4lanes/ddr_byte_lane_A.ddr_byte_lane_A/mem_refclk
    PHASER_OUT_PHY_X1Y8  PHASER_OUT_PHY (Prop_phaser_out_phy_MEMREFCLK_OCLK)
                                                      1.813     3.390 r  i_dram_wrapper/i_dram/u_mig7s_mig/u_memc_ui_top_axi/mem_intfc0/ddr_phy_top0/u_ddr_mc_phy_wrapper/u_ddr_mc_phy/ddr_phy_4lanes_0.u_ddr_phy_4lanes/ddr_byte_lane_A.ddr_byte_lane_A/phaser_out/OCLK
  -------------------------------------------------------------------    -------------------
    PHASER_OUT_PHY_X1Y8  PHASER_OUT_PHY (Prop_phaser_out_phy_OCLK_OSERDESRST)
                                                      0.272     3.662 r  i_dram_wrapper/i_dram/u_mig7s_mig/u_memc_ui_top_axi/mem_intfc0/ddr_phy_top0/u_ddr_mc_phy_wrapper/u_ddr_mc_phy/ddr_phy_4lanes_0.u_ddr_phy_4lanes/ddr_byte_lane_A.ddr_byte_lane_A/phaser_out/OSERDESRST
                         net (fo=10, estimated)       0.247     3.910    i_dram_wrapper/i_dram/u_mig7s_mig/u_memc_ui_top_axi/mem_intfc0/ddr_phy_top0/u_ddr_mc_phy_wrapper/u_ddr_mc_phy/ddr_phy_4lanes_0.u_ddr_phy_4lanes/ddr_byte_lane_A.ddr_byte_lane_A/ddr_byte_group_io/po_oserdes_rst
    OLOGIC_X1Y109        OSERDESE2                                    r  i_dram_wrapper/i_dram/u_mig7s_mig/u_memc_ui_top_axi/mem_intfc0/ddr_phy_top0/u_ddr_mc_phy_wrapper/u_ddr_mc_phy/ddr_phy_4lanes_0.u_ddr_phy_4lanes/ddr_byte_lane_A.ddr_byte_lane_A/ddr_byte_group_io/output_[6].oserdes_dq_.ddr.oserdes_dq_i/RST
  -------------------------------------------------------------------    -------------------

                         (clock oserdes_clkdiv rise edge)
                                                      0.000     0.000 r  
    AD12                                              0.000     0.000 r  sys_clk_p (IN)
                         net (fo=0)                   0.000     0.000    sys_clk_p
    AD12                 IBUFDS (Prop_ibufds_I_O)     0.470     0.470 r  i_bufds_sys_clk/O
                         net (fo=65, estimated)       0.573     1.043    i_dram_wrapper/i_dram/u_mig7s_mig/u_ddr3_infrastructure/plle2_i_0
    PLLE2_ADV_X1Y1       PLLE2_ADV (Prop_plle2_adv_CLKIN1_CLKOUT1)
                                                      0.053     1.096 r  i_dram_wrapper/i_dram/u_mig7s_mig/u_ddr3_infrastructure/plle2_i/CLKOUT1
                         net (fo=14, estimated)       0.625     1.721    i_dram_wrapper/i_dram/u_mig7s_mig/u_memc_ui_top_axi/mem_intfc0/ddr_phy_top0/u_ddr_mc_phy_wrapper/u_ddr_mc_phy/ddr_phy_4lanes_0.u_ddr_phy_4lanes/ddr_byte_lane_A.ddr_byte_lane_A/mem_refclk
    PHASER_OUT_PHY_X1Y8  PHASER_OUT_PHY (Prop_phaser_out_phy_MEMREFCLK_OCLK)
                                                      1.858     3.579 r  i_dram_wrapper/i_dram/u_mig7s_mig/u_memc_ui_top_axi/mem_intfc0/ddr_phy_top0/u_ddr_mc_phy_wrapper/u_ddr_mc_phy/ddr_phy_4lanes_0.u_ddr_phy_4lanes/ddr_byte_lane_A.ddr_byte_lane_A/phaser_out/OCLK
    PHASER_OUT_PHY_X1Y8  PHASER_OUT_PHY (Prop_phaser_out_phy_OCLK_OCLKDIV)
                                                      0.088     3.667 r  i_dram_wrapper/i_dram/u_mig7s_mig/u_memc_ui_top_axi/mem_intfc0/ddr_phy_top0/u_ddr_mc_phy_wrapper/u_ddr_mc_phy/ddr_phy_4lanes_0.u_ddr_phy_4lanes/ddr_byte_lane_A.ddr_byte_lane_A/phaser_out/OCLKDIV
                         net (fo=11, estimated)       0.178     3.845    i_dram_wrapper/i_dram/u_mig7s_mig/u_memc_ui_top_axi/mem_intfc0/ddr_phy_top0/u_ddr_mc_phy_wrapper/u_ddr_mc_phy/ddr_phy_4lanes_0.u_ddr_phy_4lanes/ddr_byte_lane_A.ddr_byte_lane_A/ddr_byte_group_io/oserdes_clkdiv
    OLOGIC_X1Y109        OSERDESE2                                    r  i_dram_wrapper/i_dram/u_mig7s_mig/u_memc_ui_top_axi/mem_intfc0/ddr_phy_top0/u_ddr_mc_phy_wrapper/u_ddr_mc_phy/ddr_phy_4lanes_0.u_ddr_phy_4lanes/ddr_byte_lane_A.ddr_byte_lane_A/ddr_byte_group_io/output_[6].oserdes_dq_.ddr.oserdes_dq_i/CLKDIV
                         clock pessimism             -0.189     3.656    
    OLOGIC_X1Y109        OSERDESE2 (Hold_oserdese2_CLKDIV_RST)
                                                      0.607     4.263    i_dram_wrapper/i_dram/u_mig7s_mig/u_memc_ui_top_axi/mem_intfc0/ddr_phy_top0/u_ddr_mc_phy_wrapper/u_ddr_mc_phy/ddr_phy_4lanes_0.u_ddr_phy_4lanes/ddr_byte_lane_A.ddr_byte_lane_A/ddr_byte_group_io/output_[6].oserdes_dq_.ddr.oserdes_dq_i
  -------------------------------------------------------------------
                         required time                         -4.263    
                         arrival time                           3.910    
  -------------------------------------------------------------------
                         slack                                 -0.354    





---------------------------------------------------------------------------------------------------
From Clock:  oserdes_clk_1
  To Clock:  oserdes_clkdiv_1

Setup :            0  Failing Endpoints,  Worst Slack        0.505ns,  Total Violation        0.000ns
Hold  :           10  Failing Endpoints,  Worst Slack       -0.375ns,  Total Violation       -3.207ns
---------------------------------------------------------------------------------------------------


Max Delay Paths
--------------------------------------------------------------------------------------
Slack (MET) :             0.505ns  (required time - arrival time)
  Source:                 i_dram_wrapper/i_dram/u_mig7s_mig/u_memc_ui_top_axi/mem_intfc0/ddr_phy_top0/u_ddr_mc_phy_wrapper/u_ddr_mc_phy/ddr_phy_4lanes_0.u_ddr_phy_4lanes/ddr_byte_lane_B.ddr_byte_lane_B/phaser_out/OCLK
                            (rising edge-triggered cell PHASER_OUT_PHY clocked by oserdes_clk_1  {rise@0.000ns fall@0.625ns period=1.250ns})
  Destination:            i_dram_wrapper/i_dram/u_mig7s_mig/u_memc_ui_top_axi/mem_intfc0/ddr_phy_top0/u_ddr_mc_phy_wrapper/u_ddr_mc_phy/ddr_phy_4lanes_0.u_ddr_phy_4lanes/ddr_byte_lane_B.ddr_byte_lane_B/out_fifo/RDEN
                            (rising edge-triggered cell OUT_FIFO clocked by oserdes_clkdiv_1  {rise@0.000ns fall@1.250ns period=2.500ns})
  Path Group:             oserdes_clkdiv_1
  Path Type:              Setup (Max at Slow Process Corner)
  Requirement:            1.250ns  (oserdes_clkdiv_1 rise@2.500ns - oserdes_clk_1 rise@1.250ns)
  Data Path Delay:        0.301ns  (logic 0.301ns (100.000%)  route 0.000ns (0.000%))
  Logic Levels:           0  
  Clock Path Skew:        0.133ns (DCD - SCD + CPR)
    Destination Clock Delay (DCD):    5.208ns = ( 7.708 - 2.500 ) 
    Source Clock Delay      (SCD):    5.352ns = ( 6.602 - 1.250 ) 
    Clock Pessimism Removal (CPR):    0.277ns
  Clock Uncertainty:      0.047ns  ((TSJ^2 + DJ^2)^1/2) / 2 + PE
    Total System Jitter     (TSJ):    0.071ns
    Discrete Jitter          (DJ):    0.061ns
    Phase Error              (PE):    0.000ns

    Location             Delay type                Incr(ns)  Path(ns)    Netlist Resource(s)
  -------------------------------------------------------------------    -------------------
                         (clock oserdes_clk_1 rise edge)
                                                      1.250     1.250 r  
    AD12                                              0.000     1.250 r  sys_clk_p (IN)
                         net (fo=0)                   0.000     1.250    sys_clk_p
    AD12                 IBUFDS (Prop_ibufds_I_O)     0.906     2.156 r  i_bufds_sys_clk/O
                         net (fo=65, estimated)       1.098     3.254    i_dram_wrapper/i_dram/u_mig7s_mig/u_ddr3_infrastructure/plle2_i_0
    PLLE2_ADV_X1Y1       PLLE2_ADV (Prop_plle2_adv_CLKIN1_CLKOUT1)
                                                      0.077     3.331 r  i_dram_wrapper/i_dram/u_mig7s_mig/u_ddr3_infrastructure/plle2_i/CLKOUT1
                         net (fo=14, estimated)       1.188     4.519    i_dram_wrapper/i_dram/u_mig7s_mig/u_memc_ui_top_axi/mem_intfc0/ddr_phy_top0/u_ddr_mc_phy_wrapper/u_ddr_mc_phy/ddr_phy_4lanes_0.u_ddr_phy_4lanes/ddr_byte_lane_B.ddr_byte_lane_B/mem_refclk
    PHASER_OUT_PHY_X1Y9  PHASER_OUT_PHY (Prop_phaser_out_phy_MEMREFCLK_OCLK)
                                                      2.083     6.602 r  i_dram_wrapper/i_dram/u_mig7s_mig/u_memc_ui_top_axi/mem_intfc0/ddr_phy_top0/u_ddr_mc_phy_wrapper/u_ddr_mc_phy/ddr_phy_4lanes_0.u_ddr_phy_4lanes/ddr_byte_lane_B.ddr_byte_lane_B/phaser_out/OCLK
  -------------------------------------------------------------------    -------------------
    PHASER_OUT_PHY_X1Y9  PHASER_OUT_PHY (Prop_phaser_out_phy_OCLK_RDENABLE)
                                                      0.301     6.903 r  i_dram_wrapper/i_dram/u_mig7s_mig/u_memc_ui_top_axi/mem_intfc0/ddr_phy_top0/u_ddr_mc_phy_wrapper/u_ddr_mc_phy/ddr_phy_4lanes_0.u_ddr_phy_4lanes/ddr_byte_lane_B.ddr_byte_lane_B/phaser_out/RDENABLE
                         net (fo=1, estimated)        0.000     6.903    i_dram_wrapper/i_dram/u_mig7s_mig/u_memc_ui_top_axi/mem_intfc0/ddr_phy_top0/u_ddr_mc_phy_wrapper/u_ddr_mc_phy/ddr_phy_4lanes_0.u_ddr_phy_4lanes/ddr_byte_lane_B.ddr_byte_lane_B/po_rd_enable
    OUT_FIFO_X1Y9        OUT_FIFO                                     r  i_dram_wrapper/i_dram/u_mig7s_mig/u_memc_ui_top_axi/mem_intfc0/ddr_phy_top0/u_ddr_mc_phy_wrapper/u_ddr_mc_phy/ddr_phy_4lanes_0.u_ddr_phy_4lanes/ddr_byte_lane_B.ddr_byte_lane_B/out_fifo/RDEN
  -------------------------------------------------------------------    -------------------

                         (clock oserdes_clkdiv_1 rise edge)
                                                      2.500     2.500 r  
    AD12                                              0.000     2.500 r  sys_clk_p (IN)
                         net (fo=0)                   0.000     2.500    sys_clk_p
    AD12                 IBUFDS (Prop_ibufds_I_O)     0.803     3.303 r  i_bufds_sys_clk/O
                         net (fo=65, estimated)       1.043     4.347    i_dram_wrapper/i_dram/u_mig7s_mig/u_ddr3_infrastructure/plle2_i_0
    PLLE2_ADV_X1Y1       PLLE2_ADV (Prop_plle2_adv_CLKIN1_CLKOUT1)
                                                      0.073     4.420 r  i_dram_wrapper/i_dram/u_mig7s_mig/u_ddr3_infrastructure/plle2_i/CLKOUT1
                         net (fo=14, estimated)       1.129     5.548    i_dram_wrapper/i_dram/u_mig7s_mig/u_memc_ui_top_axi/mem_intfc0/ddr_phy_top0/u_ddr_mc_phy_wrapper/u_ddr_mc_phy/ddr_phy_4lanes_0.u_ddr_phy_4lanes/ddr_byte_lane_B.ddr_byte_lane_B/mem_refclk
    PHASER_OUT_PHY_X1Y9  PHASER_OUT_PHY (Prop_phaser_out_phy_MEMREFCLK_OCLK)
                                                      2.027     7.575 r  i_dram_wrapper/i_dram/u_mig7s_mig/u_memc_ui_top_axi/mem_intfc0/ddr_phy_top0/u_ddr_mc_phy_wrapper/u_ddr_mc_phy/ddr_phy_4lanes_0.u_ddr_phy_4lanes/ddr_byte_lane_B.ddr_byte_lane_B/phaser_out/OCLK
    PHASER_OUT_PHY_X1Y9  PHASER_OUT_PHY (Prop_phaser_out_phy_OCLK_OCLKDIV)
                                                      0.133     7.708 r  i_dram_wrapper/i_dram/u_mig7s_mig/u_memc_ui_top_axi/mem_intfc0/ddr_phy_top0/u_ddr_mc_phy_wrapper/u_ddr_mc_phy/ddr_phy_4lanes_0.u_ddr_phy_4lanes/ddr_byte_lane_B.ddr_byte_lane_B/phaser_out/OCLKDIV
                         net (fo=11, estimated)       0.000     7.708    i_dram_wrapper/i_dram/u_mig7s_mig/u_memc_ui_top_axi/mem_intfc0/ddr_phy_top0/u_ddr_mc_phy_wrapper/u_ddr_mc_phy/ddr_phy_4lanes_0.u_ddr_phy_4lanes/ddr_byte_lane_B.ddr_byte_lane_B/oserdes_clkdiv
    OUT_FIFO_X1Y9        OUT_FIFO                                     r  i_dram_wrapper/i_dram/u_mig7s_mig/u_memc_ui_top_axi/mem_intfc0/ddr_phy_top0/u_ddr_mc_phy_wrapper/u_ddr_mc_phy/ddr_phy_4lanes_0.u_ddr_phy_4lanes/ddr_byte_lane_B.ddr_byte_lane_B/out_fifo/RDCLK
                         clock pessimism              0.277     7.985    
                         clock uncertainty           -0.047     7.938    
    OUT_FIFO_X1Y9        OUT_FIFO (Setup_out_fifo_RDCLK_RDEN)
                                                     -0.530     7.408    i_dram_wrapper/i_dram/u_mig7s_mig/u_memc_ui_top_axi/mem_intfc0/ddr_phy_top0/u_ddr_mc_phy_wrapper/u_ddr_mc_phy/ddr_phy_4lanes_0.u_ddr_phy_4lanes/ddr_byte_lane_B.ddr_byte_lane_B/out_fifo
  -------------------------------------------------------------------
                         required time                          7.408    
                         arrival time                          -6.903    
  -------------------------------------------------------------------
                         slack                                  0.505    





Min Delay Paths
--------------------------------------------------------------------------------------
Slack (VIOLATED) :        -0.375ns  (arrival time - required time)
  Source:                 i_dram_wrapper/i_dram/u_mig7s_mig/u_memc_ui_top_axi/mem_intfc0/ddr_phy_top0/u_ddr_mc_phy_wrapper/u_ddr_mc_phy/ddr_phy_4lanes_0.u_ddr_phy_4lanes/ddr_byte_lane_B.ddr_byte_lane_B/phaser_out/OCLK
                            (rising edge-triggered cell PHASER_OUT_PHY clocked by oserdes_clk_1  {rise@0.000ns fall@0.625ns period=1.250ns})
  Destination:            i_dram_wrapper/i_dram/u_mig7s_mig/u_memc_ui_top_axi/mem_intfc0/ddr_phy_top0/u_ddr_mc_phy_wrapper/u_ddr_mc_phy/ddr_phy_4lanes_0.u_ddr_phy_4lanes/ddr_byte_lane_B.ddr_byte_lane_B/ddr_byte_group_io/output_[8].oserdes_dq_.ddr.oserdes_dq_i/RST
                            (rising edge-triggered cell OSERDESE2 clocked by oserdes_clkdiv_1  {rise@0.000ns fall@1.250ns period=2.500ns})
  Path Group:             oserdes_clkdiv_1
  Path Type:              Hold (Min at Fast Process Corner)
  Requirement:            0.000ns  (oserdes_clkdiv_1 rise@0.000ns - oserdes_clk_1 rise@0.000ns)
  Data Path Delay:        0.494ns  (logic 0.272ns (55.098%)  route 0.222ns (44.902%))
  Logic Levels:           0  
  Clock Path Skew:        0.261ns (DCD - SCD - CPR)
    Destination Clock Delay (DCD):    3.835ns
    Source Clock Delay      (SCD):    3.386ns
    Clock Pessimism Removal (CPR):    0.189ns
  Timing Exception:       MultiCycle Path   Setup -start 2    Hold  -start 1

    Location             Delay type                Incr(ns)  Path(ns)    Netlist Resource(s)
  -------------------------------------------------------------------    -------------------
                         (clock oserdes_clk_1 rise edge)
                                                      0.000     0.000 r  
    AD12                                              0.000     0.000 r  sys_clk_p (IN)
                         net (fo=0)                   0.000     0.000    sys_clk_p
    AD12                 IBUFDS (Prop_ibufds_I_O)     0.388     0.388 r  i_bufds_sys_clk/O
                         net (fo=65, estimated)       0.545     0.933    i_dram_wrapper/i_dram/u_mig7s_mig/u_ddr3_infrastructure/plle2_i_0
    PLLE2_ADV_X1Y1       PLLE2_ADV (Prop_plle2_adv_CLKIN1_CLKOUT1)
                                                      0.050     0.983 r  i_dram_wrapper/i_dram/u_mig7s_mig/u_ddr3_infrastructure/plle2_i/CLKOUT1
                         net (fo=14, estimated)       0.589     1.572    i_dram_wrapper/i_dram/u_mig7s_mig/u_memc_ui_top_axi/mem_intfc0/ddr_phy_top0/u_ddr_mc_phy_wrapper/u_ddr_mc_phy/ddr_phy_4lanes_0.u_ddr_phy_4lanes/ddr_byte_lane_B.ddr_byte_lane_B/mem_refclk
    PHASER_OUT_PHY_X1Y9  PHASER_OUT_PHY (Prop_phaser_out_phy_MEMREFCLK_OCLK)
                                                      1.813     3.386 r  i_dram_wrapper/i_dram/u_mig7s_mig/u_memc_ui_top_axi/mem_intfc0/ddr_phy_top0/u_ddr_mc_phy_wrapper/u_ddr_mc_phy/ddr_phy_4lanes_0.u_ddr_phy_4lanes/ddr_byte_lane_B.ddr_byte_lane_B/phaser_out/OCLK
  -------------------------------------------------------------------    -------------------
    PHASER_OUT_PHY_X1Y9  PHASER_OUT_PHY (Prop_phaser_out_phy_OCLK_OSERDESRST)
                                                      0.272     3.658 r  i_dram_wrapper/i_dram/u_mig7s_mig/u_memc_ui_top_axi/mem_intfc0/ddr_phy_top0/u_ddr_mc_phy_wrapper/u_ddr_mc_phy/ddr_phy_4lanes_0.u_ddr_phy_4lanes/ddr_byte_lane_B.ddr_byte_lane_B/phaser_out/OSERDESRST
                         net (fo=10, estimated)       0.222     3.879    i_dram_wrapper/i_dram/u_mig7s_mig/u_memc_ui_top_axi/mem_intfc0/ddr_phy_top0/u_ddr_mc_phy_wrapper/u_ddr_mc_phy/ddr_phy_4lanes_0.u_ddr_phy_4lanes/ddr_byte_lane_B.ddr_byte_lane_B/ddr_byte_group_io/po_oserdes_rst
    OLOGIC_X1Y123        OSERDESE2                                    r  i_dram_wrapper/i_dram/u_mig7s_mig/u_memc_ui_top_axi/mem_intfc0/ddr_phy_top0/u_ddr_mc_phy_wrapper/u_ddr_mc_phy/ddr_phy_4lanes_0.u_ddr_phy_4lanes/ddr_byte_lane_B.ddr_byte_lane_B/ddr_byte_group_io/output_[8].oserdes_dq_.ddr.oserdes_dq_i/RST
  -------------------------------------------------------------------    -------------------

                         (clock oserdes_clkdiv_1 rise edge)
                                                      0.000     0.000 r  
    AD12                                              0.000     0.000 r  sys_clk_p (IN)
                         net (fo=0)                   0.000     0.000    sys_clk_p
    AD12                 IBUFDS (Prop_ibufds_I_O)     0.470     0.470 r  i_bufds_sys_clk/O
                         net (fo=65, estimated)       0.573     1.043    i_dram_wrapper/i_dram/u_mig7s_mig/u_ddr3_infrastructure/plle2_i_0
    PLLE2_ADV_X1Y1       PLLE2_ADV (Prop_plle2_adv_CLKIN1_CLKOUT1)
                                                      0.053     1.096 r  i_dram_wrapper/i_dram/u_mig7s_mig/u_ddr3_infrastructure/plle2_i/CLKOUT1
                         net (fo=14, estimated)       0.620     1.716    i_dram_wrapper/i_dram/u_mig7s_mig/u_memc_ui_top_axi/mem_intfc0/ddr_phy_top0/u_ddr_mc_phy_wrapper/u_ddr_mc_phy/ddr_phy_4lanes_0.u_ddr_phy_4lanes/ddr_byte_lane_B.ddr_byte_lane_B/mem_refclk
    PHASER_OUT_PHY_X1Y9  PHASER_OUT_PHY (Prop_phaser_out_phy_MEMREFCLK_OCLK)
                                                      1.858     3.574 r  i_dram_wrapper/i_dram/u_mig7s_mig/u_memc_ui_top_axi/mem_intfc0/ddr_phy_top0/u_ddr_mc_phy_wrapper/u_ddr_mc_phy/ddr_phy_4lanes_0.u_ddr_phy_4lanes/ddr_byte_lane_B.ddr_byte_lane_B/phaser_out/OCLK
    PHASER_OUT_PHY_X1Y9  PHASER_OUT_PHY (Prop_phaser_out_phy_OCLK_OCLKDIV)
                                                      0.088     3.662 r  i_dram_wrapper/i_dram/u_mig7s_mig/u_memc_ui_top_axi/mem_intfc0/ddr_phy_top0/u_ddr_mc_phy_wrapper/u_ddr_mc_phy/ddr_phy_4lanes_0.u_ddr_phy_4lanes/ddr_byte_lane_B.ddr_byte_lane_B/phaser_out/OCLKDIV
                         net (fo=11, estimated)       0.173     3.835    i_dram_wrapper/i_dram/u_mig7s_mig/u_memc_ui_top_axi/mem_intfc0/ddr_phy_top0/u_ddr_mc_phy_wrapper/u_ddr_mc_phy/ddr_phy_4lanes_0.u_ddr_phy_4lanes/ddr_byte_lane_B.ddr_byte_lane_B/ddr_byte_group_io/oserdes_clkdiv
    OLOGIC_X1Y123        OSERDESE2                                    r  i_dram_wrapper/i_dram/u_mig7s_mig/u_memc_ui_top_axi/mem_intfc0/ddr_phy_top0/u_ddr_mc_phy_wrapper/u_ddr_mc_phy/ddr_phy_4lanes_0.u_ddr_phy_4lanes/ddr_byte_lane_B.ddr_byte_lane_B/ddr_byte_group_io/output_[8].oserdes_dq_.ddr.oserdes_dq_i/CLKDIV
                         clock pessimism             -0.189     3.647    
    OLOGIC_X1Y123        OSERDESE2 (Hold_oserdese2_CLKDIV_RST)
                                                      0.607     4.254    i_dram_wrapper/i_dram/u_mig7s_mig/u_memc_ui_top_axi/mem_intfc0/ddr_phy_top0/u_ddr_mc_phy_wrapper/u_ddr_mc_phy/ddr_phy_4lanes_0.u_ddr_phy_4lanes/ddr_byte_lane_B.ddr_byte_lane_B/ddr_byte_group_io/output_[8].oserdes_dq_.ddr.oserdes_dq_i
  -------------------------------------------------------------------
                         required time                         -4.254    
                         arrival time                           3.879    
  -------------------------------------------------------------------
                         slack                                 -0.375    





---------------------------------------------------------------------------------------------------
From Clock:  oserdes_clk_2
  To Clock:  oserdes_clkdiv_2

Setup :            0  Failing Endpoints,  Worst Slack        0.505ns,  Total Violation        0.000ns
Hold  :           10  Failing Endpoints,  Worst Slack       -0.379ns,  Total Violation       -3.308ns
---------------------------------------------------------------------------------------------------


Max Delay Paths
--------------------------------------------------------------------------------------
Slack (MET) :             0.505ns  (required time - arrival time)
  Source:                 i_dram_wrapper/i_dram/u_mig7s_mig/u_memc_ui_top_axi/mem_intfc0/ddr_phy_top0/u_ddr_mc_phy_wrapper/u_ddr_mc_phy/ddr_phy_4lanes_0.u_ddr_phy_4lanes/ddr_byte_lane_C.ddr_byte_lane_C/phaser_out/OCLK
                            (rising edge-triggered cell PHASER_OUT_PHY clocked by oserdes_clk_2  {rise@0.000ns fall@0.625ns period=1.250ns})
  Destination:            i_dram_wrapper/i_dram/u_mig7s_mig/u_memc_ui_top_axi/mem_intfc0/ddr_phy_top0/u_ddr_mc_phy_wrapper/u_ddr_mc_phy/ddr_phy_4lanes_0.u_ddr_phy_4lanes/ddr_byte_lane_C.ddr_byte_lane_C/out_fifo/RDEN
                            (rising edge-triggered cell OUT_FIFO clocked by oserdes_clkdiv_2  {rise@0.000ns fall@1.250ns period=2.500ns})
  Path Group:             oserdes_clkdiv_2
  Path Type:              Setup (Max at Slow Process Corner)
  Requirement:            1.250ns  (oserdes_clkdiv_2 rise@2.500ns - oserdes_clk_2 rise@1.250ns)
  Data Path Delay:        0.301ns  (logic 0.301ns (100.000%)  route 0.000ns (0.000%))
  Logic Levels:           0  
  Clock Path Skew:        0.133ns (DCD - SCD + CPR)
    Destination Clock Delay (DCD):    5.218ns = ( 7.718 - 2.500 ) 
    Source Clock Delay      (SCD):    5.362ns = ( 6.612 - 1.250 ) 
    Clock Pessimism Removal (CPR):    0.277ns
  Clock Uncertainty:      0.047ns  ((TSJ^2 + DJ^2)^1/2) / 2 + PE
    Total System Jitter     (TSJ):    0.071ns
    Discrete Jitter          (DJ):    0.061ns
    Phase Error              (PE):    0.000ns

    Location             Delay type                Incr(ns)  Path(ns)    Netlist Resource(s)
  -------------------------------------------------------------------    -------------------
                         (clock oserdes_clk_2 rise edge)
                                                      1.250     1.250 r  
    AD12                                              0.000     1.250 r  sys_clk_p (IN)
                         net (fo=0)                   0.000     1.250    sys_clk_p
    AD12                 IBUFDS (Prop_ibufds_I_O)     0.906     2.156 r  i_bufds_sys_clk/O
                         net (fo=65, estimated)       1.098     3.254    i_dram_wrapper/i_dram/u_mig7s_mig/u_ddr3_infrastructure/plle2_i_0
    PLLE2_ADV_X1Y1       PLLE2_ADV (Prop_plle2_adv_CLKIN1_CLKOUT1)
                                                      0.077     3.331 r  i_dram_wrapper/i_dram/u_mig7s_mig/u_ddr3_infrastructure/plle2_i/CLKOUT1
                         net (fo=14, estimated)       1.198     4.529    i_dram_wrapper/i_dram/u_mig7s_mig/u_memc_ui_top_axi/mem_intfc0/ddr_phy_top0/u_ddr_mc_phy_wrapper/u_ddr_mc_phy/ddr_phy_4lanes_0.u_ddr_phy_4lanes/ddr_byte_lane_C.ddr_byte_lane_C/mem_refclk
    PHASER_OUT_PHY_X1Y10 PHASER_OUT_PHY (Prop_phaser_out_phy_MEMREFCLK_OCLK)
                                                      2.083     6.612 r  i_dram_wrapper/i_dram/u_mig7s_mig/u_memc_ui_top_axi/mem_intfc0/ddr_phy_top0/u_ddr_mc_phy_wrapper/u_ddr_mc_phy/ddr_phy_4lanes_0.u_ddr_phy_4lanes/ddr_byte_lane_C.ddr_byte_lane_C/phaser_out/OCLK
  -------------------------------------------------------------------    -------------------
    PHASER_OUT_PHY_X1Y10 PHASER_OUT_PHY (Prop_phaser_out_phy_OCLK_RDENABLE)
                                                      0.301     6.913 r  i_dram_wrapper/i_dram/u_mig7s_mig/u_memc_ui_top_axi/mem_intfc0/ddr_phy_top0/u_ddr_mc_phy_wrapper/u_ddr_mc_phy/ddr_phy_4lanes_0.u_ddr_phy_4lanes/ddr_byte_lane_C.ddr_byte_lane_C/phaser_out/RDENABLE
                         net (fo=1, estimated)        0.000     6.913    i_dram_wrapper/i_dram/u_mig7s_mig/u_memc_ui_top_axi/mem_intfc0/ddr_phy_top0/u_ddr_mc_phy_wrapper/u_ddr_mc_phy/ddr_phy_4lanes_0.u_ddr_phy_4lanes/ddr_byte_lane_C.ddr_byte_lane_C/po_rd_enable
    OUT_FIFO_X1Y10       OUT_FIFO                                     r  i_dram_wrapper/i_dram/u_mig7s_mig/u_memc_ui_top_axi/mem_intfc0/ddr_phy_top0/u_ddr_mc_phy_wrapper/u_ddr_mc_phy/ddr_phy_4lanes_0.u_ddr_phy_4lanes/ddr_byte_lane_C.ddr_byte_lane_C/out_fifo/RDEN
  -------------------------------------------------------------------    -------------------

                         (clock oserdes_clkdiv_2 rise edge)
                                                      2.500     2.500 r  
    AD12                                              0.000     2.500 r  sys_clk_p (IN)
                         net (fo=0)                   0.000     2.500    sys_clk_p
    AD12                 IBUFDS (Prop_ibufds_I_O)     0.803     3.303 r  i_bufds_sys_clk/O
                         net (fo=65, estimated)       1.043     4.347    i_dram_wrapper/i_dram/u_mig7s_mig/u_ddr3_infrastructure/plle2_i_0
    PLLE2_ADV_X1Y1       PLLE2_ADV (Prop_plle2_adv_CLKIN1_CLKOUT1)
                                                      0.073     4.420 r  i_dram_wrapper/i_dram/u_mig7s_mig/u_ddr3_infrastructure/plle2_i/CLKOUT1
                         net (fo=14, estimated)       1.138     5.558    i_dram_wrapper/i_dram/u_mig7s_mig/u_memc_ui_top_axi/mem_intfc0/ddr_phy_top0/u_ddr_mc_phy_wrapper/u_ddr_mc_phy/ddr_phy_4lanes_0.u_ddr_phy_4lanes/ddr_byte_lane_C.ddr_byte_lane_C/mem_refclk
    PHASER_OUT_PHY_X1Y10 PHASER_OUT_PHY (Prop_phaser_out_phy_MEMREFCLK_OCLK)
                                                      2.027     7.585 r  i_dram_wrapper/i_dram/u_mig7s_mig/u_memc_ui_top_axi/mem_intfc0/ddr_phy_top0/u_ddr_mc_phy_wrapper/u_ddr_mc_phy/ddr_phy_4lanes_0.u_ddr_phy_4lanes/ddr_byte_lane_C.ddr_byte_lane_C/phaser_out/OCLK
    PHASER_OUT_PHY_X1Y10 PHASER_OUT_PHY (Prop_phaser_out_phy_OCLK_OCLKDIV)
                                                      0.133     7.718 r  i_dram_wrapper/i_dram/u_mig7s_mig/u_memc_ui_top_axi/mem_intfc0/ddr_phy_top0/u_ddr_mc_phy_wrapper/u_ddr_mc_phy/ddr_phy_4lanes_0.u_ddr_phy_4lanes/ddr_byte_lane_C.ddr_byte_lane_C/phaser_out/OCLKDIV
                         net (fo=11, estimated)       0.000     7.718    i_dram_wrapper/i_dram/u_mig7s_mig/u_memc_ui_top_axi/mem_intfc0/ddr_phy_top0/u_ddr_mc_phy_wrapper/u_ddr_mc_phy/ddr_phy_4lanes_0.u_ddr_phy_4lanes/ddr_byte_lane_C.ddr_byte_lane_C/oserdes_clkdiv
    OUT_FIFO_X1Y10       OUT_FIFO                                     r  i_dram_wrapper/i_dram/u_mig7s_mig/u_memc_ui_top_axi/mem_intfc0/ddr_phy_top0/u_ddr_mc_phy_wrapper/u_ddr_mc_phy/ddr_phy_4lanes_0.u_ddr_phy_4lanes/ddr_byte_lane_C.ddr_byte_lane_C/out_fifo/RDCLK
                         clock pessimism              0.277     7.995    
                         clock uncertainty           -0.047     7.948    
    OUT_FIFO_X1Y10       OUT_FIFO (Setup_out_fifo_RDCLK_RDEN)
                                                     -0.530     7.418    i_dram_wrapper/i_dram/u_mig7s_mig/u_memc_ui_top_axi/mem_intfc0/ddr_phy_top0/u_ddr_mc_phy_wrapper/u_ddr_mc_phy/ddr_phy_4lanes_0.u_ddr_phy_4lanes/ddr_byte_lane_C.ddr_byte_lane_C/out_fifo
  -------------------------------------------------------------------
                         required time                          7.418    
                         arrival time                          -6.913    
  -------------------------------------------------------------------
                         slack                                  0.505    





Min Delay Paths
--------------------------------------------------------------------------------------
Slack (VIOLATED) :        -0.379ns  (arrival time - required time)
  Source:                 i_dram_wrapper/i_dram/u_mig7s_mig/u_memc_ui_top_axi/mem_intfc0/ddr_phy_top0/u_ddr_mc_phy_wrapper/u_ddr_mc_phy/ddr_phy_4lanes_0.u_ddr_phy_4lanes/ddr_byte_lane_C.ddr_byte_lane_C/phaser_out/OCLK
                            (rising edge-triggered cell PHASER_OUT_PHY clocked by oserdes_clk_2  {rise@0.000ns fall@0.625ns period=1.250ns})
  Destination:            i_dram_wrapper/i_dram/u_mig7s_mig/u_memc_ui_top_axi/mem_intfc0/ddr_phy_top0/u_ddr_mc_phy_wrapper/u_ddr_mc_phy/ddr_phy_4lanes_0.u_ddr_phy_4lanes/ddr_byte_lane_C.ddr_byte_lane_C/ddr_byte_group_io/output_[2].oserdes_dq_.ddr.oserdes_dq_i/RST
                            (rising edge-triggered cell OSERDESE2 clocked by oserdes_clkdiv_2  {rise@0.000ns fall@1.250ns period=2.500ns})
  Path Group:             oserdes_clkdiv_2
  Path Type:              Hold (Min at Fast Process Corner)
  Requirement:            0.000ns  (oserdes_clkdiv_2 rise@0.000ns - oserdes_clk_2 rise@0.000ns)
  Data Path Delay:        0.493ns  (logic 0.272ns (55.208%)  route 0.221ns (44.792%))
  Logic Levels:           0  
  Clock Path Skew:        0.264ns (DCD - SCD - CPR)
    Destination Clock Delay (DCD):    3.844ns
    Source Clock Delay      (SCD):    3.390ns
    Clock Pessimism Removal (CPR):    0.189ns
  Timing Exception:       MultiCycle Path   Setup -start 2    Hold  -start 1

    Location             Delay type                Incr(ns)  Path(ns)    Netlist Resource(s)
  -------------------------------------------------------------------    -------------------
                         (clock oserdes_clk_2 rise edge)
                                                      0.000     0.000 r  
    AD12                                              0.000     0.000 r  sys_clk_p (IN)
                         net (fo=0)                   0.000     0.000    sys_clk_p
    AD12                 IBUFDS (Prop_ibufds_I_O)     0.388     0.388 r  i_bufds_sys_clk/O
                         net (fo=65, estimated)       0.545     0.933    i_dram_wrapper/i_dram/u_mig7s_mig/u_ddr3_infrastructure/plle2_i_0
    PLLE2_ADV_X1Y1       PLLE2_ADV (Prop_plle2_adv_CLKIN1_CLKOUT1)
                                                      0.050     0.983 r  i_dram_wrapper/i_dram/u_mig7s_mig/u_ddr3_infrastructure/plle2_i/CLKOUT1
                         net (fo=14, estimated)       0.594     1.577    i_dram_wrapper/i_dram/u_mig7s_mig/u_memc_ui_top_axi/mem_intfc0/ddr_phy_top0/u_ddr_mc_phy_wrapper/u_ddr_mc_phy/ddr_phy_4lanes_0.u_ddr_phy_4lanes/ddr_byte_lane_C.ddr_byte_lane_C/mem_refclk
    PHASER_OUT_PHY_X1Y10 PHASER_OUT_PHY (Prop_phaser_out_phy_MEMREFCLK_OCLK)
                                                      1.813     3.390 r  i_dram_wrapper/i_dram/u_mig7s_mig/u_memc_ui_top_axi/mem_intfc0/ddr_phy_top0/u_ddr_mc_phy_wrapper/u_ddr_mc_phy/ddr_phy_4lanes_0.u_ddr_phy_4lanes/ddr_byte_lane_C.ddr_byte_lane_C/phaser_out/OCLK
  -------------------------------------------------------------------    -------------------
    PHASER_OUT_PHY_X1Y10 PHASER_OUT_PHY (Prop_phaser_out_phy_OCLK_OSERDESRST)
                                                      0.272     3.662 r  i_dram_wrapper/i_dram/u_mig7s_mig/u_memc_ui_top_axi/mem_intfc0/ddr_phy_top0/u_ddr_mc_phy_wrapper/u_ddr_mc_phy/ddr_phy_4lanes_0.u_ddr_phy_4lanes/ddr_byte_lane_C.ddr_byte_lane_C/phaser_out/OSERDESRST
                         net (fo=10, estimated)       0.221     3.883    i_dram_wrapper/i_dram/u_mig7s_mig/u_memc_ui_top_axi/mem_intfc0/ddr_phy_top0/u_ddr_mc_phy_wrapper/u_ddr_mc_phy/ddr_phy_4lanes_0.u_ddr_phy_4lanes/ddr_byte_lane_C.ddr_byte_lane_C/ddr_byte_group_io/po_oserdes_rst
    OLOGIC_X1Y127        OSERDESE2                                    r  i_dram_wrapper/i_dram/u_mig7s_mig/u_memc_ui_top_axi/mem_intfc0/ddr_phy_top0/u_ddr_mc_phy_wrapper/u_ddr_mc_phy/ddr_phy_4lanes_0.u_ddr_phy_4lanes/ddr_byte_lane_C.ddr_byte_lane_C/ddr_byte_group_io/output_[2].oserdes_dq_.ddr.oserdes_dq_i/RST
  -------------------------------------------------------------------    -------------------

                         (clock oserdes_clkdiv_2 rise edge)
                                                      0.000     0.000 r  
    AD12                                              0.000     0.000 r  sys_clk_p (IN)
                         net (fo=0)                   0.000     0.000    sys_clk_p
    AD12                 IBUFDS (Prop_ibufds_I_O)     0.470     0.470 r  i_bufds_sys_clk/O
                         net (fo=65, estimated)       0.573     1.043    i_dram_wrapper/i_dram/u_mig7s_mig/u_ddr3_infrastructure/plle2_i_0
    PLLE2_ADV_X1Y1       PLLE2_ADV (Prop_plle2_adv_CLKIN1_CLKOUT1)
                                                      0.053     1.096 r  i_dram_wrapper/i_dram/u_mig7s_mig/u_ddr3_infrastructure/plle2_i/CLKOUT1
                         net (fo=14, estimated)       0.625     1.721    i_dram_wrapper/i_dram/u_mig7s_mig/u_memc_ui_top_axi/mem_intfc0/ddr_phy_top0/u_ddr_mc_phy_wrapper/u_ddr_mc_phy/ddr_phy_4lanes_0.u_ddr_phy_4lanes/ddr_byte_lane_C.ddr_byte_lane_C/mem_refclk
    PHASER_OUT_PHY_X1Y10 PHASER_OUT_PHY (Prop_phaser_out_phy_MEMREFCLK_OCLK)
                                                      1.858     3.579 r  i_dram_wrapper/i_dram/u_mig7s_mig/u_memc_ui_top_axi/mem_intfc0/ddr_phy_top0/u_ddr_mc_phy_wrapper/u_ddr_mc_phy/ddr_phy_4lanes_0.u_ddr_phy_4lanes/ddr_byte_lane_C.ddr_byte_lane_C/phaser_out/OCLK
    PHASER_OUT_PHY_X1Y10 PHASER_OUT_PHY (Prop_phaser_out_phy_OCLK_OCLKDIV)
                                                      0.088     3.667 r  i_dram_wrapper/i_dram/u_mig7s_mig/u_memc_ui_top_axi/mem_intfc0/ddr_phy_top0/u_ddr_mc_phy_wrapper/u_ddr_mc_phy/ddr_phy_4lanes_0.u_ddr_phy_4lanes/ddr_byte_lane_C.ddr_byte_lane_C/phaser_out/OCLKDIV
                         net (fo=11, estimated)       0.176     3.844    i_dram_wrapper/i_dram/u_mig7s_mig/u_memc_ui_top_axi/mem_intfc0/ddr_phy_top0/u_ddr_mc_phy_wrapper/u_ddr_mc_phy/ddr_phy_4lanes_0.u_ddr_phy_4lanes/ddr_byte_lane_C.ddr_byte_lane_C/ddr_byte_group_io/oserdes_clkdiv
    OLOGIC_X1Y127        OSERDESE2                                    r  i_dram_wrapper/i_dram/u_mig7s_mig/u_memc_ui_top_axi/mem_intfc0/ddr_phy_top0/u_ddr_mc_phy_wrapper/u_ddr_mc_phy/ddr_phy_4lanes_0.u_ddr_phy_4lanes/ddr_byte_lane_C.ddr_byte_lane_C/ddr_byte_group_io/output_[2].oserdes_dq_.ddr.oserdes_dq_i/CLKDIV
                         clock pessimism             -0.189     3.655    
    OLOGIC_X1Y127        OSERDESE2 (Hold_oserdese2_CLKDIV_RST)
                                                      0.607     4.262    i_dram_wrapper/i_dram/u_mig7s_mig/u_memc_ui_top_axi/mem_intfc0/ddr_phy_top0/u_ddr_mc_phy_wrapper/u_ddr_mc_phy/ddr_phy_4lanes_0.u_ddr_phy_4lanes/ddr_byte_lane_C.ddr_byte_lane_C/ddr_byte_group_io/output_[2].oserdes_dq_.ddr.oserdes_dq_i
  -------------------------------------------------------------------
                         required time                         -4.262    
                         arrival time                           3.883    
  -------------------------------------------------------------------
                         slack                                 -0.379    





---------------------------------------------------------------------------------------------------
From Clock:  oserdes_clk_3
  To Clock:  oserdes_clkdiv_3

Setup :            0  Failing Endpoints,  Worst Slack        0.505ns,  Total Violation        0.000ns
Hold  :           10  Failing Endpoints,  Worst Slack       -0.317ns,  Total Violation       -2.406ns
---------------------------------------------------------------------------------------------------


Max Delay Paths
--------------------------------------------------------------------------------------
Slack (MET) :             0.505ns  (required time - arrival time)
  Source:                 i_dram_wrapper/i_dram/u_mig7s_mig/u_memc_ui_top_axi/mem_intfc0/ddr_phy_top0/u_ddr_mc_phy_wrapper/u_ddr_mc_phy/ddr_phy_4lanes_0.u_ddr_phy_4lanes/ddr_byte_lane_D.ddr_byte_lane_D/phaser_out/OCLK
                            (rising edge-triggered cell PHASER_OUT_PHY clocked by oserdes_clk_3  {rise@0.000ns fall@0.625ns period=1.250ns})
  Destination:            i_dram_wrapper/i_dram/u_mig7s_mig/u_memc_ui_top_axi/mem_intfc0/ddr_phy_top0/u_ddr_mc_phy_wrapper/u_ddr_mc_phy/ddr_phy_4lanes_0.u_ddr_phy_4lanes/ddr_byte_lane_D.ddr_byte_lane_D/out_fifo/RDEN
                            (rising edge-triggered cell OUT_FIFO clocked by oserdes_clkdiv_3  {rise@0.000ns fall@1.250ns period=2.500ns})
  Path Group:             oserdes_clkdiv_3
  Path Type:              Setup (Max at Slow Process Corner)
  Requirement:            1.250ns  (oserdes_clkdiv_3 rise@2.500ns - oserdes_clk_3 rise@1.250ns)
  Data Path Delay:        0.301ns  (logic 0.301ns (100.000%)  route 0.000ns (0.000%))
  Logic Levels:           0  
  Clock Path Skew:        0.133ns (DCD - SCD + CPR)
    Destination Clock Delay (DCD):    5.208ns = ( 7.708 - 2.500 ) 
    Source Clock Delay      (SCD):    5.352ns = ( 6.602 - 1.250 ) 
    Clock Pessimism Removal (CPR):    0.277ns
  Clock Uncertainty:      0.047ns  ((TSJ^2 + DJ^2)^1/2) / 2 + PE
    Total System Jitter     (TSJ):    0.071ns
    Discrete Jitter          (DJ):    0.061ns
    Phase Error              (PE):    0.000ns

    Location             Delay type                Incr(ns)  Path(ns)    Netlist Resource(s)
  -------------------------------------------------------------------    -------------------
                         (clock oserdes_clk_3 rise edge)
                                                      1.250     1.250 r  
    AD12                                              0.000     1.250 r  sys_clk_p (IN)
                         net (fo=0)                   0.000     1.250    sys_clk_p
    AD12                 IBUFDS (Prop_ibufds_I_O)     0.906     2.156 r  i_bufds_sys_clk/O
                         net (fo=65, estimated)       1.098     3.254    i_dram_wrapper/i_dram/u_mig7s_mig/u_ddr3_infrastructure/plle2_i_0
    PLLE2_ADV_X1Y1       PLLE2_ADV (Prop_plle2_adv_CLKIN1_CLKOUT1)
                                                      0.077     3.331 r  i_dram_wrapper/i_dram/u_mig7s_mig/u_ddr3_infrastructure/plle2_i/CLKOUT1
                         net (fo=14, estimated)       1.188     4.519    i_dram_wrapper/i_dram/u_mig7s_mig/u_memc_ui_top_axi/mem_intfc0/ddr_phy_top0/u_ddr_mc_phy_wrapper/u_ddr_mc_phy/ddr_phy_4lanes_0.u_ddr_phy_4lanes/ddr_byte_lane_D.ddr_byte_lane_D/mem_refclk
    PHASER_OUT_PHY_X1Y11 PHASER_OUT_PHY (Prop_phaser_out_phy_MEMREFCLK_OCLK)
                                                      2.083     6.602 r  i_dram_wrapper/i_dram/u_mig7s_mig/u_memc_ui_top_axi/mem_intfc0/ddr_phy_top0/u_ddr_mc_phy_wrapper/u_ddr_mc_phy/ddr_phy_4lanes_0.u_ddr_phy_4lanes/ddr_byte_lane_D.ddr_byte_lane_D/phaser_out/OCLK
  -------------------------------------------------------------------    -------------------
    PHASER_OUT_PHY_X1Y11 PHASER_OUT_PHY (Prop_phaser_out_phy_OCLK_RDENABLE)
                                                      0.301     6.903 r  i_dram_wrapper/i_dram/u_mig7s_mig/u_memc_ui_top_axi/mem_intfc0/ddr_phy_top0/u_ddr_mc_phy_wrapper/u_ddr_mc_phy/ddr_phy_4lanes_0.u_ddr_phy_4lanes/ddr_byte_lane_D.ddr_byte_lane_D/phaser_out/RDENABLE
                         net (fo=1, estimated)        0.000     6.903    i_dram_wrapper/i_dram/u_mig7s_mig/u_memc_ui_top_axi/mem_intfc0/ddr_phy_top0/u_ddr_mc_phy_wrapper/u_ddr_mc_phy/ddr_phy_4lanes_0.u_ddr_phy_4lanes/ddr_byte_lane_D.ddr_byte_lane_D/po_rd_enable
    OUT_FIFO_X1Y11       OUT_FIFO                                     r  i_dram_wrapper/i_dram/u_mig7s_mig/u_memc_ui_top_axi/mem_intfc0/ddr_phy_top0/u_ddr_mc_phy_wrapper/u_ddr_mc_phy/ddr_phy_4lanes_0.u_ddr_phy_4lanes/ddr_byte_lane_D.ddr_byte_lane_D/out_fifo/RDEN
  -------------------------------------------------------------------    -------------------

                         (clock oserdes_clkdiv_3 rise edge)
                                                      2.500     2.500 r  
    AD12                                              0.000     2.500 r  sys_clk_p (IN)
                         net (fo=0)                   0.000     2.500    sys_clk_p
    AD12                 IBUFDS (Prop_ibufds_I_O)     0.803     3.303 r  i_bufds_sys_clk/O
                         net (fo=65, estimated)       1.043     4.347    i_dram_wrapper/i_dram/u_mig7s_mig/u_ddr3_infrastructure/plle2_i_0
    PLLE2_ADV_X1Y1       PLLE2_ADV (Prop_plle2_adv_CLKIN1_CLKOUT1)
                                                      0.073     4.420 r  i_dram_wrapper/i_dram/u_mig7s_mig/u_ddr3_infrastructure/plle2_i/CLKOUT1
                         net (fo=14, estimated)       1.129     5.548    i_dram_wrapper/i_dram/u_mig7s_mig/u_memc_ui_top_axi/mem_intfc0/ddr_phy_top0/u_ddr_mc_phy_wrapper/u_ddr_mc_phy/ddr_phy_4lanes_0.u_ddr_phy_4lanes/ddr_byte_lane_D.ddr_byte_lane_D/mem_refclk
    PHASER_OUT_PHY_X1Y11 PHASER_OUT_PHY (Prop_phaser_out_phy_MEMREFCLK_OCLK)
                                                      2.027     7.575 r  i_dram_wrapper/i_dram/u_mig7s_mig/u_memc_ui_top_axi/mem_intfc0/ddr_phy_top0/u_ddr_mc_phy_wrapper/u_ddr_mc_phy/ddr_phy_4lanes_0.u_ddr_phy_4lanes/ddr_byte_lane_D.ddr_byte_lane_D/phaser_out/OCLK
    PHASER_OUT_PHY_X1Y11 PHASER_OUT_PHY (Prop_phaser_out_phy_OCLK_OCLKDIV)
                                                      0.133     7.708 r  i_dram_wrapper/i_dram/u_mig7s_mig/u_memc_ui_top_axi/mem_intfc0/ddr_phy_top0/u_ddr_mc_phy_wrapper/u_ddr_mc_phy/ddr_phy_4lanes_0.u_ddr_phy_4lanes/ddr_byte_lane_D.ddr_byte_lane_D/phaser_out/OCLKDIV
                         net (fo=11, estimated)       0.000     7.708    i_dram_wrapper/i_dram/u_mig7s_mig/u_memc_ui_top_axi/mem_intfc0/ddr_phy_top0/u_ddr_mc_phy_wrapper/u_ddr_mc_phy/ddr_phy_4lanes_0.u_ddr_phy_4lanes/ddr_byte_lane_D.ddr_byte_lane_D/oserdes_clkdiv
    OUT_FIFO_X1Y11       OUT_FIFO                                     r  i_dram_wrapper/i_dram/u_mig7s_mig/u_memc_ui_top_axi/mem_intfc0/ddr_phy_top0/u_ddr_mc_phy_wrapper/u_ddr_mc_phy/ddr_phy_4lanes_0.u_ddr_phy_4lanes/ddr_byte_lane_D.ddr_byte_lane_D/out_fifo/RDCLK
                         clock pessimism              0.277     7.985    
                         clock uncertainty           -0.047     7.938    
    OUT_FIFO_X1Y11       OUT_FIFO (Setup_out_fifo_RDCLK_RDEN)
                                                     -0.530     7.408    i_dram_wrapper/i_dram/u_mig7s_mig/u_memc_ui_top_axi/mem_intfc0/ddr_phy_top0/u_ddr_mc_phy_wrapper/u_ddr_mc_phy/ddr_phy_4lanes_0.u_ddr_phy_4lanes/ddr_byte_lane_D.ddr_byte_lane_D/out_fifo
  -------------------------------------------------------------------
                         required time                          7.408    
                         arrival time                          -6.903    
  -------------------------------------------------------------------
                         slack                                  0.505    





Min Delay Paths
--------------------------------------------------------------------------------------
Slack (VIOLATED) :        -0.317ns  (arrival time - required time)
  Source:                 i_dram_wrapper/i_dram/u_mig7s_mig/u_memc_ui_top_axi/mem_intfc0/ddr_phy_top0/u_ddr_mc_phy_wrapper/u_ddr_mc_phy/ddr_phy_4lanes_0.u_ddr_phy_4lanes/ddr_byte_lane_D.ddr_byte_lane_D/phaser_out/OCLK
                            (rising edge-triggered cell PHASER_OUT_PHY clocked by oserdes_clk_3  {rise@0.000ns fall@0.625ns period=1.250ns})
  Destination:            i_dram_wrapper/i_dram/u_mig7s_mig/u_memc_ui_top_axi/mem_intfc0/ddr_phy_top0/u_ddr_mc_phy_wrapper/u_ddr_mc_phy/ddr_phy_4lanes_0.u_ddr_phy_4lanes/ddr_byte_lane_D.ddr_byte_lane_D/ddr_byte_group_io/output_[1].oserdes_dq_.ddr.oserdes_dq_i/RST
                            (rising edge-triggered cell OSERDESE2 clocked by oserdes_clkdiv_3  {rise@0.000ns fall@1.250ns period=2.500ns})
  Path Group:             oserdes_clkdiv_3
  Path Type:              Hold (Min at Fast Process Corner)
  Requirement:            0.000ns  (oserdes_clkdiv_3 rise@0.000ns - oserdes_clk_3 rise@0.000ns)
  Data Path Delay:        0.562ns  (logic 0.272ns (48.390%)  route 0.290ns (51.610%))
  Logic Levels:           0  
  Clock Path Skew:        0.272ns (DCD - SCD - CPR)
    Destination Clock Delay (DCD):    3.846ns
    Source Clock Delay      (SCD):    3.386ns
    Clock Pessimism Removal (CPR):    0.189ns
  Timing Exception:       MultiCycle Path   Setup -start 2    Hold  -start 1

    Location             Delay type                Incr(ns)  Path(ns)    Netlist Resource(s)
  -------------------------------------------------------------------    -------------------
                         (clock oserdes_clk_3 rise edge)
                                                      0.000     0.000 r  
    AD12                                              0.000     0.000 r  sys_clk_p (IN)
                         net (fo=0)                   0.000     0.000    sys_clk_p
    AD12                 IBUFDS (Prop_ibufds_I_O)     0.388     0.388 r  i_bufds_sys_clk/O
                         net (fo=65, estimated)       0.545     0.933    i_dram_wrapper/i_dram/u_mig7s_mig/u_ddr3_infrastructure/plle2_i_0
    PLLE2_ADV_X1Y1       PLLE2_ADV (Prop_plle2_adv_CLKIN1_CLKOUT1)
                                                      0.050     0.983 r  i_dram_wrapper/i_dram/u_mig7s_mig/u_ddr3_infrastructure/plle2_i/CLKOUT1
                         net (fo=14, estimated)       0.589     1.572    i_dram_wrapper/i_dram/u_mig7s_mig/u_memc_ui_top_axi/mem_intfc0/ddr_phy_top0/u_ddr_mc_phy_wrapper/u_ddr_mc_phy/ddr_phy_4lanes_0.u_ddr_phy_4lanes/ddr_byte_lane_D.ddr_byte_lane_D/mem_refclk
    PHASER_OUT_PHY_X1Y11 PHASER_OUT_PHY (Prop_phaser_out_phy_MEMREFCLK_OCLK)
                                                      1.813     3.386 r  i_dram_wrapper/i_dram/u_mig7s_mig/u_memc_ui_top_axi/mem_intfc0/ddr_phy_top0/u_ddr_mc_phy_wrapper/u_ddr_mc_phy/ddr_phy_4lanes_0.u_ddr_phy_4lanes/ddr_byte_lane_D.ddr_byte_lane_D/phaser_out/OCLK
  -------------------------------------------------------------------    -------------------
    PHASER_OUT_PHY_X1Y11 PHASER_OUT_PHY (Prop_phaser_out_phy_OCLK_OSERDESRST)
                                                      0.272     3.658 r  i_dram_wrapper/i_dram/u_mig7s_mig/u_memc_ui_top_axi/mem_intfc0/ddr_phy_top0/u_ddr_mc_phy_wrapper/u_ddr_mc_phy/ddr_phy_4lanes_0.u_ddr_phy_4lanes/ddr_byte_lane_D.ddr_byte_lane_D/phaser_out/OSERDESRST
                         net (fo=10, estimated)       0.290     3.948    i_dram_wrapper/i_dram/u_mig7s_mig/u_memc_ui_top_axi/mem_intfc0/ddr_phy_top0/u_ddr_mc_phy_wrapper/u_ddr_mc_phy/ddr_phy_4lanes_0.u_ddr_phy_4lanes/ddr_byte_lane_D.ddr_byte_lane_D/ddr_byte_group_io/po_oserdes_rst
    OLOGIC_X1Y138        OSERDESE2                                    r  i_dram_wrapper/i_dram/u_mig7s_mig/u_memc_ui_top_axi/mem_intfc0/ddr_phy_top0/u_ddr_mc_phy_wrapper/u_ddr_mc_phy/ddr_phy_4lanes_0.u_ddr_phy_4lanes/ddr_byte_lane_D.ddr_byte_lane_D/ddr_byte_group_io/output_[1].oserdes_dq_.ddr.oserdes_dq_i/RST
  -------------------------------------------------------------------    -------------------

                         (clock oserdes_clkdiv_3 rise edge)
                                                      0.000     0.000 r  
    AD12                                              0.000     0.000 r  sys_clk_p (IN)
                         net (fo=0)                   0.000     0.000    sys_clk_p
    AD12                 IBUFDS (Prop_ibufds_I_O)     0.470     0.470 r  i_bufds_sys_clk/O
                         net (fo=65, estimated)       0.573     1.043    i_dram_wrapper/i_dram/u_mig7s_mig/u_ddr3_infrastructure/plle2_i_0
    PLLE2_ADV_X1Y1       PLLE2_ADV (Prop_plle2_adv_CLKIN1_CLKOUT1)
                                                      0.053     1.096 r  i_dram_wrapper/i_dram/u_mig7s_mig/u_ddr3_infrastructure/plle2_i/CLKOUT1
                         net (fo=14, estimated)       0.620     1.716    i_dram_wrapper/i_dram/u_mig7s_mig/u_memc_ui_top_axi/mem_intfc0/ddr_phy_top0/u_ddr_mc_phy_wrapper/u_ddr_mc_phy/ddr_phy_4lanes_0.u_ddr_phy_4lanes/ddr_byte_lane_D.ddr_byte_lane_D/mem_refclk
    PHASER_OUT_PHY_X1Y11 PHASER_OUT_PHY (Prop_phaser_out_phy_MEMREFCLK_OCLK)
                                                      1.858     3.574 r  i_dram_wrapper/i_dram/u_mig7s_mig/u_memc_ui_top_axi/mem_intfc0/ddr_phy_top0/u_ddr_mc_phy_wrapper/u_ddr_mc_phy/ddr_phy_4lanes_0.u_ddr_phy_4lanes/ddr_byte_lane_D.ddr_byte_lane_D/phaser_out/OCLK
    PHASER_OUT_PHY_X1Y11 PHASER_OUT_PHY (Prop_phaser_out_phy_OCLK_OCLKDIV)
                                                      0.088     3.662 r  i_dram_wrapper/i_dram/u_mig7s_mig/u_memc_ui_top_axi/mem_intfc0/ddr_phy_top0/u_ddr_mc_phy_wrapper/u_ddr_mc_phy/ddr_phy_4lanes_0.u_ddr_phy_4lanes/ddr_byte_lane_D.ddr_byte_lane_D/phaser_out/OCLKDIV
                         net (fo=11, estimated)       0.184     3.846    i_dram_wrapper/i_dram/u_mig7s_mig/u_memc_ui_top_axi/mem_intfc0/ddr_phy_top0/u_ddr_mc_phy_wrapper/u_ddr_mc_phy/ddr_phy_4lanes_0.u_ddr_phy_4lanes/ddr_byte_lane_D.ddr_byte_lane_D/ddr_byte_group_io/oserdes_clkdiv
    OLOGIC_X1Y138        OSERDESE2                                    r  i_dram_wrapper/i_dram/u_mig7s_mig/u_memc_ui_top_axi/mem_intfc0/ddr_phy_top0/u_ddr_mc_phy_wrapper/u_ddr_mc_phy/ddr_phy_4lanes_0.u_ddr_phy_4lanes/ddr_byte_lane_D.ddr_byte_lane_D/ddr_byte_group_io/output_[1].oserdes_dq_.ddr.oserdes_dq_i/CLKDIV
                         clock pessimism             -0.189     3.657    
    OLOGIC_X1Y138        OSERDESE2 (Hold_oserdese2_CLKDIV_RST)
                                                      0.607     4.264    i_dram_wrapper/i_dram/u_mig7s_mig/u_memc_ui_top_axi/mem_intfc0/ddr_phy_top0/u_ddr_mc_phy_wrapper/u_ddr_mc_phy/ddr_phy_4lanes_0.u_ddr_phy_4lanes/ddr_byte_lane_D.ddr_byte_lane_D/ddr_byte_group_io/output_[1].oserdes_dq_.ddr.oserdes_dq_i
  -------------------------------------------------------------------
                         required time                         -4.264    
                         arrival time                           3.948    
  -------------------------------------------------------------------
                         slack                                 -0.317    





---------------------------------------------------------------------------------------------------
From Clock:  oserdes_clk_4
  To Clock:  oserdes_clkdiv_4

Setup :            0  Failing Endpoints,  Worst Slack        0.505ns,  Total Violation        0.000ns
Hold  :            2  Failing Endpoints,  Worst Slack       -0.261ns,  Total Violation       -0.513ns
---------------------------------------------------------------------------------------------------


Max Delay Paths
--------------------------------------------------------------------------------------
Slack (MET) :             0.505ns  (required time - arrival time)
  Source:                 i_dram_wrapper/i_dram/u_mig7s_mig/u_memc_ui_top_axi/mem_intfc0/ddr_phy_top0/u_ddr_mc_phy_wrapper/u_ddr_mc_phy/ddr_phy_4lanes_1.u_ddr_phy_4lanes/ddr_byte_lane_A.ddr_byte_lane_A/phaser_out/OCLK
                            (rising edge-triggered cell PHASER_OUT_PHY clocked by oserdes_clk_4  {rise@0.000ns fall@0.625ns period=1.250ns})
  Destination:            i_dram_wrapper/i_dram/u_mig7s_mig/u_memc_ui_top_axi/mem_intfc0/ddr_phy_top0/u_ddr_mc_phy_wrapper/u_ddr_mc_phy/ddr_phy_4lanes_1.u_ddr_phy_4lanes/ddr_byte_lane_A.ddr_byte_lane_A/out_fifo/RDEN
                            (rising edge-triggered cell OUT_FIFO clocked by oserdes_clkdiv_4  {rise@0.000ns fall@2.500ns period=5.000ns})
  Path Group:             oserdes_clkdiv_4
  Path Type:              Setup (Max at Slow Process Corner)
  Requirement:            1.250ns  (oserdes_clkdiv_4 rise@5.000ns - oserdes_clk_4 rise@3.750ns)
  Data Path Delay:        0.301ns  (logic 0.301ns (100.000%)  route 0.000ns (0.000%))
  Logic Levels:           0  
  Clock Path Skew:        0.133ns (DCD - SCD + CPR)
    Destination Clock Delay (DCD):    4.606ns = ( 9.606 - 5.000 ) 
    Source Clock Delay      (SCD):    4.718ns = ( 8.468 - 3.750 ) 
    Clock Pessimism Removal (CPR):    0.245ns
  Clock Uncertainty:      0.047ns  ((TSJ^2 + DJ^2)^1/2) / 2 + PE
    Total System Jitter     (TSJ):    0.071ns
    Discrete Jitter          (DJ):    0.061ns
    Phase Error              (PE):    0.000ns

    Location             Delay type                Incr(ns)  Path(ns)    Netlist Resource(s)
  -------------------------------------------------------------------    -------------------
                         (clock oserdes_clk_4 rise edge)
                                                      3.750     3.750 r  
    AD12                                              0.000     3.750 r  sys_clk_p (IN)
                         net (fo=0)                   0.000     3.750    sys_clk_p
    AD12                 IBUFDS (Prop_ibufds_I_O)     0.906     4.656 r  i_bufds_sys_clk/O
                         net (fo=65, estimated)       1.098     5.754    i_dram_wrapper/i_dram/u_mig7s_mig/u_ddr3_infrastructure/plle2_i_0
    PLLE2_ADV_X1Y1       PLLE2_ADV (Prop_plle2_adv_CLKIN1_CLKOUT1)
                                                      0.077     5.831 r  i_dram_wrapper/i_dram/u_mig7s_mig/u_ddr3_infrastructure/plle2_i/CLKOUT1
                         net (fo=14, estimated)       0.554     6.385    i_dram_wrapper/i_dram/u_mig7s_mig/u_memc_ui_top_axi/mem_intfc0/ddr_phy_top0/u_ddr_mc_phy_wrapper/u_ddr_mc_phy/ddr_phy_4lanes_1.u_ddr_phy_4lanes/ddr_byte_lane_A.ddr_byte_lane_A/mem_refclk
    PHASER_OUT_PHY_X1Y4  PHASER_OUT_PHY (Prop_phaser_out_phy_MEMREFCLK_OCLK)
                                                      2.083     8.468 r  i_dram_wrapper/i_dram/u_mig7s_mig/u_memc_ui_top_axi/mem_intfc0/ddr_phy_top0/u_ddr_mc_phy_wrapper/u_ddr_mc_phy/ddr_phy_4lanes_1.u_ddr_phy_4lanes/ddr_byte_lane_A.ddr_byte_lane_A/phaser_out/OCLK
  -------------------------------------------------------------------    -------------------
    PHASER_OUT_PHY_X1Y4  PHASER_OUT_PHY (Prop_phaser_out_phy_OCLK_RDENABLE)
                                                      0.301     8.769 r  i_dram_wrapper/i_dram/u_mig7s_mig/u_memc_ui_top_axi/mem_intfc0/ddr_phy_top0/u_ddr_mc_phy_wrapper/u_ddr_mc_phy/ddr_phy_4lanes_1.u_ddr_phy_4lanes/ddr_byte_lane_A.ddr_byte_lane_A/phaser_out/RDENABLE
                         net (fo=1, estimated)        0.000     8.769    i_dram_wrapper/i_dram/u_mig7s_mig/u_memc_ui_top_axi/mem_intfc0/ddr_phy_top0/u_ddr_mc_phy_wrapper/u_ddr_mc_phy/ddr_phy_4lanes_1.u_ddr_phy_4lanes/ddr_byte_lane_A.ddr_byte_lane_A/po_rd_enable
    OUT_FIFO_X1Y4        OUT_FIFO                                     r  i_dram_wrapper/i_dram/u_mig7s_mig/u_memc_ui_top_axi/mem_intfc0/ddr_phy_top0/u_ddr_mc_phy_wrapper/u_ddr_mc_phy/ddr_phy_4lanes_1.u_ddr_phy_4lanes/ddr_byte_lane_A.ddr_byte_lane_A/out_fifo/RDEN
  -------------------------------------------------------------------    -------------------

                         (clock oserdes_clkdiv_4 rise edge)
                                                      5.000     5.000 r  
    AD12                                              0.000     5.000 r  sys_clk_p (IN)
                         net (fo=0)                   0.000     5.000    sys_clk_p
    AD12                 IBUFDS (Prop_ibufds_I_O)     0.803     5.803 r  i_bufds_sys_clk/O
                         net (fo=65, estimated)       1.043     6.847    i_dram_wrapper/i_dram/u_mig7s_mig/u_ddr3_infrastructure/plle2_i_0
    PLLE2_ADV_X1Y1       PLLE2_ADV (Prop_plle2_adv_CLKIN1_CLKOUT1)
                                                      0.073     6.920 r  i_dram_wrapper/i_dram/u_mig7s_mig/u_ddr3_infrastructure/plle2_i/CLKOUT1
                         net (fo=14, estimated)       0.526     7.446    i_dram_wrapper/i_dram/u_mig7s_mig/u_memc_ui_top_axi/mem_intfc0/ddr_phy_top0/u_ddr_mc_phy_wrapper/u_ddr_mc_phy/ddr_phy_4lanes_1.u_ddr_phy_4lanes/ddr_byte_lane_A.ddr_byte_lane_A/mem_refclk
    PHASER_OUT_PHY_X1Y4  PHASER_OUT_PHY (Prop_phaser_out_phy_MEMREFCLK_OCLK)
                                                      2.027     9.473 r  i_dram_wrapper/i_dram/u_mig7s_mig/u_memc_ui_top_axi/mem_intfc0/ddr_phy_top0/u_ddr_mc_phy_wrapper/u_ddr_mc_phy/ddr_phy_4lanes_1.u_ddr_phy_4lanes/ddr_byte_lane_A.ddr_byte_lane_A/phaser_out/OCLK
    PHASER_OUT_PHY_X1Y4  PHASER_OUT_PHY (Prop_phaser_out_phy_OCLK_OCLKDIV)
                                                      0.133     9.606 r  i_dram_wrapper/i_dram/u_mig7s_mig/u_memc_ui_top_axi/mem_intfc0/ddr_phy_top0/u_ddr_mc_phy_wrapper/u_ddr_mc_phy/ddr_phy_4lanes_1.u_ddr_phy_4lanes/ddr_byte_lane_A.ddr_byte_lane_A/phaser_out/OCLKDIV
                         net (fo=3, estimated)        0.000     9.606    i_dram_wrapper/i_dram/u_mig7s_mig/u_memc_ui_top_axi/mem_intfc0/ddr_phy_top0/u_ddr_mc_phy_wrapper/u_ddr_mc_phy/ddr_phy_4lanes_1.u_ddr_phy_4lanes/ddr_byte_lane_A.ddr_byte_lane_A/oserdes_clkdiv
    OUT_FIFO_X1Y4        OUT_FIFO                                     r  i_dram_wrapper/i_dram/u_mig7s_mig/u_memc_ui_top_axi/mem_intfc0/ddr_phy_top0/u_ddr_mc_phy_wrapper/u_ddr_mc_phy/ddr_phy_4lanes_1.u_ddr_phy_4lanes/ddr_byte_lane_A.ddr_byte_lane_A/out_fifo/RDCLK
                         clock pessimism              0.245     9.851    
                         clock uncertainty           -0.047     9.804    
    OUT_FIFO_X1Y4        OUT_FIFO (Setup_out_fifo_RDCLK_RDEN)
                                                     -0.530     9.274    i_dram_wrapper/i_dram/u_mig7s_mig/u_memc_ui_top_axi/mem_intfc0/ddr_phy_top0/u_ddr_mc_phy_wrapper/u_ddr_mc_phy/ddr_phy_4lanes_1.u_ddr_phy_4lanes/ddr_byte_lane_A.ddr_byte_lane_A/out_fifo
  -------------------------------------------------------------------
                         required time                          9.274    
                         arrival time                          -8.769    
  -------------------------------------------------------------------
                         slack                                  0.505    





Min Delay Paths
--------------------------------------------------------------------------------------
Slack (VIOLATED) :        -0.261ns  (arrival time - required time)
  Source:                 i_dram_wrapper/i_dram/u_mig7s_mig/u_memc_ui_top_axi/mem_intfc0/ddr_phy_top0/u_ddr_mc_phy_wrapper/u_ddr_mc_phy/ddr_phy_4lanes_1.u_ddr_phy_4lanes/ddr_byte_lane_A.ddr_byte_lane_A/phaser_out/OCLK
                            (rising edge-triggered cell PHASER_OUT_PHY clocked by oserdes_clk_4  {rise@0.000ns fall@0.625ns period=1.250ns})
  Destination:            i_dram_wrapper/i_dram/u_mig7s_mig/u_memc_ui_top_axi/mem_intfc0/ddr_phy_top0/u_ddr_mc_phy_wrapper/u_ddr_mc_phy/ddr_phy_4lanes_1.u_ddr_phy_4lanes/ddr_byte_lane_A.ddr_byte_lane_A/ddr_byte_group_io/output_[1].oserdes_dq_.sdr.oserdes_dq_i/RST
                            (rising edge-triggered cell OSERDESE2 clocked by oserdes_clkdiv_4  {rise@0.000ns fall@2.500ns period=5.000ns})
  Path Group:             oserdes_clkdiv_4
  Path Type:              Hold (Min at Fast Process Corner)
  Requirement:            0.000ns  (oserdes_clkdiv_4 rise@0.000ns - oserdes_clk_4 rise@0.000ns)
  Data Path Delay:        0.613ns  (logic 0.272ns (44.395%)  route 0.341ns (55.605%))
  Logic Levels:           0  
  Clock Path Skew:        0.267ns (DCD - SCD - CPR)
    Destination Clock Delay (DCD):    3.510ns
    Source Clock Delay      (SCD):    3.071ns
    Clock Pessimism Removal (CPR):    0.172ns
  Timing Exception:       MultiCycle Path   Setup -start 2    Hold  -start 1

    Location             Delay type                Incr(ns)  Path(ns)    Netlist Resource(s)
  -------------------------------------------------------------------    -------------------
                         (clock oserdes_clk_4 rise edge)
                                                      0.000     0.000 r  
    AD12                                              0.000     0.000 r  sys_clk_p (IN)
                         net (fo=0)                   0.000     0.000    sys_clk_p
    AD12                 IBUFDS (Prop_ibufds_I_O)     0.388     0.388 r  i_bufds_sys_clk/O
                         net (fo=65, estimated)       0.545     0.933    i_dram_wrapper/i_dram/u_mig7s_mig/u_ddr3_infrastructure/plle2_i_0
    PLLE2_ADV_X1Y1       PLLE2_ADV (Prop_plle2_adv_CLKIN1_CLKOUT1)
                                                      0.050     0.983 r  i_dram_wrapper/i_dram/u_mig7s_mig/u_ddr3_infrastructure/plle2_i/CLKOUT1
                         net (fo=14, estimated)       0.275     1.258    i_dram_wrapper/i_dram/u_mig7s_mig/u_memc_ui_top_axi/mem_intfc0/ddr_phy_top0/u_ddr_mc_phy_wrapper/u_ddr_mc_phy/ddr_phy_4lanes_1.u_ddr_phy_4lanes/ddr_byte_lane_A.ddr_byte_lane_A/mem_refclk
    PHASER_OUT_PHY_X1Y4  PHASER_OUT_PHY (Prop_phaser_out_phy_MEMREFCLK_OCLK)
                                                      1.813     3.071 r  i_dram_wrapper/i_dram/u_mig7s_mig/u_memc_ui_top_axi/mem_intfc0/ddr_phy_top0/u_ddr_mc_phy_wrapper/u_ddr_mc_phy/ddr_phy_4lanes_1.u_ddr_phy_4lanes/ddr_byte_lane_A.ddr_byte_lane_A/phaser_out/OCLK
  -------------------------------------------------------------------    -------------------
    PHASER_OUT_PHY_X1Y4  PHASER_OUT_PHY (Prop_phaser_out_phy_OCLK_OSERDESRST)
                                                      0.272     3.343 r  i_dram_wrapper/i_dram/u_mig7s_mig/u_memc_ui_top_axi/mem_intfc0/ddr_phy_top0/u_ddr_mc_phy_wrapper/u_ddr_mc_phy/ddr_phy_4lanes_1.u_ddr_phy_4lanes/ddr_byte_lane_A.ddr_byte_lane_A/phaser_out/OSERDESRST
                         net (fo=2, estimated)        0.341     3.684    i_dram_wrapper/i_dram/u_mig7s_mig/u_memc_ui_top_axi/mem_intfc0/ddr_phy_top0/u_ddr_mc_phy_wrapper/u_ddr_mc_phy/ddr_phy_4lanes_1.u_ddr_phy_4lanes/ddr_byte_lane_A.ddr_byte_lane_A/ddr_byte_group_io/oserdes_rst
    OLOGIC_X1Y52         OSERDESE2                                    r  i_dram_wrapper/i_dram/u_mig7s_mig/u_memc_ui_top_axi/mem_intfc0/ddr_phy_top0/u_ddr_mc_phy_wrapper/u_ddr_mc_phy/ddr_phy_4lanes_1.u_ddr_phy_4lanes/ddr_byte_lane_A.ddr_byte_lane_A/ddr_byte_group_io/output_[1].oserdes_dq_.sdr.oserdes_dq_i/RST
  -------------------------------------------------------------------    -------------------

                         (clock oserdes_clkdiv_4 rise edge)
                                                      0.000     0.000 r  
    AD12                                              0.000     0.000 r  sys_clk_p (IN)
                         net (fo=0)                   0.000     0.000    sys_clk_p
    AD12                 IBUFDS (Prop_ibufds_I_O)     0.470     0.470 r  i_bufds_sys_clk/O
                         net (fo=65, estimated)       0.573     1.043    i_dram_wrapper/i_dram/u_mig7s_mig/u_ddr3_infrastructure/plle2_i_0
    PLLE2_ADV_X1Y1       PLLE2_ADV (Prop_plle2_adv_CLKIN1_CLKOUT1)
                                                      0.053     1.096 r  i_dram_wrapper/i_dram/u_mig7s_mig/u_ddr3_infrastructure/plle2_i/CLKOUT1
                         net (fo=14, estimated)       0.289     1.385    i_dram_wrapper/i_dram/u_mig7s_mig/u_memc_ui_top_axi/mem_intfc0/ddr_phy_top0/u_ddr_mc_phy_wrapper/u_ddr_mc_phy/ddr_phy_4lanes_1.u_ddr_phy_4lanes/ddr_byte_lane_A.ddr_byte_lane_A/mem_refclk
    PHASER_OUT_PHY_X1Y4  PHASER_OUT_PHY (Prop_phaser_out_phy_MEMREFCLK_OCLK)
                                                      1.858     3.243 r  i_dram_wrapper/i_dram/u_mig7s_mig/u_memc_ui_top_axi/mem_intfc0/ddr_phy_top0/u_ddr_mc_phy_wrapper/u_ddr_mc_phy/ddr_phy_4lanes_1.u_ddr_phy_4lanes/ddr_byte_lane_A.ddr_byte_lane_A/phaser_out/OCLK
    PHASER_OUT_PHY_X1Y4  PHASER_OUT_PHY (Prop_phaser_out_phy_OCLK_OCLKDIV)
                                                      0.088     3.331 r  i_dram_wrapper/i_dram/u_mig7s_mig/u_memc_ui_top_axi/mem_intfc0/ddr_phy_top0/u_ddr_mc_phy_wrapper/u_ddr_mc_phy/ddr_phy_4lanes_1.u_ddr_phy_4lanes/ddr_byte_lane_A.ddr_byte_lane_A/phaser_out/OCLKDIV
                         net (fo=3, estimated)        0.179     3.510    i_dram_wrapper/i_dram/u_mig7s_mig/u_memc_ui_top_axi/mem_intfc0/ddr_phy_top0/u_ddr_mc_phy_wrapper/u_ddr_mc_phy/ddr_phy_4lanes_1.u_ddr_phy_4lanes/ddr_byte_lane_A.ddr_byte_lane_A/ddr_byte_group_io/oserdes_clkdiv
    OLOGIC_X1Y52         OSERDESE2                                    r  i_dram_wrapper/i_dram/u_mig7s_mig/u_memc_ui_top_axi/mem_intfc0/ddr_phy_top0/u_ddr_mc_phy_wrapper/u_ddr_mc_phy/ddr_phy_4lanes_1.u_ddr_phy_4lanes/ddr_byte_lane_A.ddr_byte_lane_A/ddr_byte_group_io/output_[1].oserdes_dq_.sdr.oserdes_dq_i/CLKDIV
                         clock pessimism             -0.172     3.338    
    OLOGIC_X1Y52         OSERDESE2 (Hold_oserdese2_CLKDIV_RST)
                                                      0.607     3.945    i_dram_wrapper/i_dram/u_mig7s_mig/u_memc_ui_top_axi/mem_intfc0/ddr_phy_top0/u_ddr_mc_phy_wrapper/u_ddr_mc_phy/ddr_phy_4lanes_1.u_ddr_phy_4lanes/ddr_byte_lane_A.ddr_byte_lane_A/ddr_byte_group_io/output_[1].oserdes_dq_.sdr.oserdes_dq_i
  -------------------------------------------------------------------
                         required time                         -3.945    
                         arrival time                           3.684    
  -------------------------------------------------------------------
                         slack                                 -0.261    





---------------------------------------------------------------------------------------------------
From Clock:  oserdes_clk_5
  To Clock:  oserdes_clkdiv_5

Setup :            0  Failing Endpoints,  Worst Slack        0.505ns,  Total Violation        0.000ns
Hold  :            3  Failing Endpoints,  Worst Slack       -0.351ns,  Total Violation       -0.951ns
---------------------------------------------------------------------------------------------------


Max Delay Paths
--------------------------------------------------------------------------------------
Slack (MET) :             0.505ns  (required time - arrival time)
  Source:                 i_dram_wrapper/i_dram/u_mig7s_mig/u_memc_ui_top_axi/mem_intfc0/ddr_phy_top0/u_ddr_mc_phy_wrapper/u_ddr_mc_phy/ddr_phy_4lanes_1.u_ddr_phy_4lanes/ddr_byte_lane_B.ddr_byte_lane_B/phaser_out/OCLK
                            (rising edge-triggered cell PHASER_OUT_PHY clocked by oserdes_clk_5  {rise@0.000ns fall@0.625ns period=1.250ns})
  Destination:            i_dram_wrapper/i_dram/u_mig7s_mig/u_memc_ui_top_axi/mem_intfc0/ddr_phy_top0/u_ddr_mc_phy_wrapper/u_ddr_mc_phy/ddr_phy_4lanes_1.u_ddr_phy_4lanes/ddr_byte_lane_B.ddr_byte_lane_B/out_fifo/RDEN
                            (rising edge-triggered cell OUT_FIFO clocked by oserdes_clkdiv_5  {rise@0.000ns fall@2.500ns period=5.000ns})
  Path Group:             oserdes_clkdiv_5
  Path Type:              Setup (Max at Slow Process Corner)
  Requirement:            1.250ns  (oserdes_clkdiv_5 rise@5.000ns - oserdes_clk_5 rise@3.750ns)
  Data Path Delay:        0.301ns  (logic 0.301ns (100.000%)  route 0.000ns (0.000%))
  Logic Levels:           0  
  Clock Path Skew:        0.133ns (DCD - SCD + CPR)
    Destination Clock Delay (DCD):    4.596ns = ( 9.596 - 5.000 ) 
    Source Clock Delay      (SCD):    4.708ns = ( 8.458 - 3.750 ) 
    Clock Pessimism Removal (CPR):    0.245ns
  Clock Uncertainty:      0.047ns  ((TSJ^2 + DJ^2)^1/2) / 2 + PE
    Total System Jitter     (TSJ):    0.071ns
    Discrete Jitter          (DJ):    0.061ns
    Phase Error              (PE):    0.000ns

    Location             Delay type                Incr(ns)  Path(ns)    Netlist Resource(s)
  -------------------------------------------------------------------    -------------------
                         (clock oserdes_clk_5 rise edge)
                                                      3.750     3.750 r  
    AD12                                              0.000     3.750 r  sys_clk_p (IN)
                         net (fo=0)                   0.000     3.750    sys_clk_p
    AD12                 IBUFDS (Prop_ibufds_I_O)     0.906     4.656 r  i_bufds_sys_clk/O
                         net (fo=65, estimated)       1.098     5.754    i_dram_wrapper/i_dram/u_mig7s_mig/u_ddr3_infrastructure/plle2_i_0
    PLLE2_ADV_X1Y1       PLLE2_ADV (Prop_plle2_adv_CLKIN1_CLKOUT1)
                                                      0.077     5.831 r  i_dram_wrapper/i_dram/u_mig7s_mig/u_ddr3_infrastructure/plle2_i/CLKOUT1
                         net (fo=14, estimated)       0.544     6.375    i_dram_wrapper/i_dram/u_mig7s_mig/u_memc_ui_top_axi/mem_intfc0/ddr_phy_top0/u_ddr_mc_phy_wrapper/u_ddr_mc_phy/ddr_phy_4lanes_1.u_ddr_phy_4lanes/ddr_byte_lane_B.ddr_byte_lane_B/mem_refclk
    PHASER_OUT_PHY_X1Y5  PHASER_OUT_PHY (Prop_phaser_out_phy_MEMREFCLK_OCLK)
                                                      2.083     8.458 r  i_dram_wrapper/i_dram/u_mig7s_mig/u_memc_ui_top_axi/mem_intfc0/ddr_phy_top0/u_ddr_mc_phy_wrapper/u_ddr_mc_phy/ddr_phy_4lanes_1.u_ddr_phy_4lanes/ddr_byte_lane_B.ddr_byte_lane_B/phaser_out/OCLK
  -------------------------------------------------------------------    -------------------
    PHASER_OUT_PHY_X1Y5  PHASER_OUT_PHY (Prop_phaser_out_phy_OCLK_RDENABLE)
                                                      0.301     8.759 r  i_dram_wrapper/i_dram/u_mig7s_mig/u_memc_ui_top_axi/mem_intfc0/ddr_phy_top0/u_ddr_mc_phy_wrapper/u_ddr_mc_phy/ddr_phy_4lanes_1.u_ddr_phy_4lanes/ddr_byte_lane_B.ddr_byte_lane_B/phaser_out/RDENABLE
                         net (fo=1, estimated)        0.000     8.759    i_dram_wrapper/i_dram/u_mig7s_mig/u_memc_ui_top_axi/mem_intfc0/ddr_phy_top0/u_ddr_mc_phy_wrapper/u_ddr_mc_phy/ddr_phy_4lanes_1.u_ddr_phy_4lanes/ddr_byte_lane_B.ddr_byte_lane_B/po_rd_enable
    OUT_FIFO_X1Y5        OUT_FIFO                                     r  i_dram_wrapper/i_dram/u_mig7s_mig/u_memc_ui_top_axi/mem_intfc0/ddr_phy_top0/u_ddr_mc_phy_wrapper/u_ddr_mc_phy/ddr_phy_4lanes_1.u_ddr_phy_4lanes/ddr_byte_lane_B.ddr_byte_lane_B/out_fifo/RDEN
  -------------------------------------------------------------------    -------------------

                         (clock oserdes_clkdiv_5 rise edge)
                                                      5.000     5.000 r  
    AD12                                              0.000     5.000 r  sys_clk_p (IN)
                         net (fo=0)                   0.000     5.000    sys_clk_p
    AD12                 IBUFDS (Prop_ibufds_I_O)     0.803     5.803 r  i_bufds_sys_clk/O
                         net (fo=65, estimated)       1.043     6.847    i_dram_wrapper/i_dram/u_mig7s_mig/u_ddr3_infrastructure/plle2_i_0
    PLLE2_ADV_X1Y1       PLLE2_ADV (Prop_plle2_adv_CLKIN1_CLKOUT1)
                                                      0.073     6.920 r  i_dram_wrapper/i_dram/u_mig7s_mig/u_ddr3_infrastructure/plle2_i/CLKOUT1
                         net (fo=14, estimated)       0.517     7.436    i_dram_wrapper/i_dram/u_mig7s_mig/u_memc_ui_top_axi/mem_intfc0/ddr_phy_top0/u_ddr_mc_phy_wrapper/u_ddr_mc_phy/ddr_phy_4lanes_1.u_ddr_phy_4lanes/ddr_byte_lane_B.ddr_byte_lane_B/mem_refclk
    PHASER_OUT_PHY_X1Y5  PHASER_OUT_PHY (Prop_phaser_out_phy_MEMREFCLK_OCLK)
                                                      2.027     9.463 r  i_dram_wrapper/i_dram/u_mig7s_mig/u_memc_ui_top_axi/mem_intfc0/ddr_phy_top0/u_ddr_mc_phy_wrapper/u_ddr_mc_phy/ddr_phy_4lanes_1.u_ddr_phy_4lanes/ddr_byte_lane_B.ddr_byte_lane_B/phaser_out/OCLK
    PHASER_OUT_PHY_X1Y5  PHASER_OUT_PHY (Prop_phaser_out_phy_OCLK_OCLKDIV)
                                                      0.133     9.596 r  i_dram_wrapper/i_dram/u_mig7s_mig/u_memc_ui_top_axi/mem_intfc0/ddr_phy_top0/u_ddr_mc_phy_wrapper/u_ddr_mc_phy/ddr_phy_4lanes_1.u_ddr_phy_4lanes/ddr_byte_lane_B.ddr_byte_lane_B/phaser_out/OCLKDIV
                         net (fo=4, estimated)        0.000     9.596    i_dram_wrapper/i_dram/u_mig7s_mig/u_memc_ui_top_axi/mem_intfc0/ddr_phy_top0/u_ddr_mc_phy_wrapper/u_ddr_mc_phy/ddr_phy_4lanes_1.u_ddr_phy_4lanes/ddr_byte_lane_B.ddr_byte_lane_B/oserdes_clkdiv
    OUT_FIFO_X1Y5        OUT_FIFO                                     r  i_dram_wrapper/i_dram/u_mig7s_mig/u_memc_ui_top_axi/mem_intfc0/ddr_phy_top0/u_ddr_mc_phy_wrapper/u_ddr_mc_phy/ddr_phy_4lanes_1.u_ddr_phy_4lanes/ddr_byte_lane_B.ddr_byte_lane_B/out_fifo/RDCLK
                         clock pessimism              0.245     9.841    
                         clock uncertainty           -0.047     9.794    
    OUT_FIFO_X1Y5        OUT_FIFO (Setup_out_fifo_RDCLK_RDEN)
                                                     -0.530     9.264    i_dram_wrapper/i_dram/u_mig7s_mig/u_memc_ui_top_axi/mem_intfc0/ddr_phy_top0/u_ddr_mc_phy_wrapper/u_ddr_mc_phy/ddr_phy_4lanes_1.u_ddr_phy_4lanes/ddr_byte_lane_B.ddr_byte_lane_B/out_fifo
  -------------------------------------------------------------------
                         required time                          9.264    
                         arrival time                          -8.759    
  -------------------------------------------------------------------
                         slack                                  0.505    





Min Delay Paths
--------------------------------------------------------------------------------------
Slack (VIOLATED) :        -0.351ns  (arrival time - required time)
  Source:                 i_dram_wrapper/i_dram/u_mig7s_mig/u_memc_ui_top_axi/mem_intfc0/ddr_phy_top0/u_ddr_mc_phy_wrapper/u_ddr_mc_phy/ddr_phy_4lanes_1.u_ddr_phy_4lanes/ddr_byte_lane_B.ddr_byte_lane_B/phaser_out/OCLK
                            (rising edge-triggered cell PHASER_OUT_PHY clocked by oserdes_clk_5  {rise@0.000ns fall@0.625ns period=1.250ns})
  Destination:            i_dram_wrapper/i_dram/u_mig7s_mig/u_memc_ui_top_axi/mem_intfc0/ddr_phy_top0/u_ddr_mc_phy_wrapper/u_ddr_mc_phy/ddr_phy_4lanes_1.u_ddr_phy_4lanes/ddr_byte_lane_B.ddr_byte_lane_B/ddr_byte_group_io/output_[10].oserdes_dq_.sdr.oserdes_dq_i/RST
                            (rising edge-triggered cell OSERDESE2 clocked by oserdes_clkdiv_5  {rise@0.000ns fall@2.500ns period=5.000ns})
  Path Group:             oserdes_clkdiv_5
  Path Type:              Hold (Min at Fast Process Corner)
  Requirement:            0.000ns  (oserdes_clkdiv_5 rise@0.000ns - oserdes_clk_5 rise@0.000ns)
  Data Path Delay:        0.516ns  (logic 0.272ns (52.664%)  route 0.244ns (47.336%))
  Logic Levels:           0  
  Clock Path Skew:        0.260ns (DCD - SCD - CPR)
    Destination Clock Delay (DCD):    3.498ns
    Source Clock Delay      (SCD):    3.066ns
    Clock Pessimism Removal (CPR):    0.172ns
  Timing Exception:       MultiCycle Path   Setup -start 2    Hold  -start 1

    Location             Delay type                Incr(ns)  Path(ns)    Netlist Resource(s)
  -------------------------------------------------------------------    -------------------
                         (clock oserdes_clk_5 rise edge)
                                                      0.000     0.000 r  
    AD12                                              0.000     0.000 r  sys_clk_p (IN)
                         net (fo=0)                   0.000     0.000    sys_clk_p
    AD12                 IBUFDS (Prop_ibufds_I_O)     0.388     0.388 r  i_bufds_sys_clk/O
                         net (fo=65, estimated)       0.545     0.933    i_dram_wrapper/i_dram/u_mig7s_mig/u_ddr3_infrastructure/plle2_i_0
    PLLE2_ADV_X1Y1       PLLE2_ADV (Prop_plle2_adv_CLKIN1_CLKOUT1)
                                                      0.050     0.983 r  i_dram_wrapper/i_dram/u_mig7s_mig/u_ddr3_infrastructure/plle2_i/CLKOUT1
                         net (fo=14, estimated)       0.270     1.253    i_dram_wrapper/i_dram/u_mig7s_mig/u_memc_ui_top_axi/mem_intfc0/ddr_phy_top0/u_ddr_mc_phy_wrapper/u_ddr_mc_phy/ddr_phy_4lanes_1.u_ddr_phy_4lanes/ddr_byte_lane_B.ddr_byte_lane_B/mem_refclk
    PHASER_OUT_PHY_X1Y5  PHASER_OUT_PHY (Prop_phaser_out_phy_MEMREFCLK_OCLK)
                                                      1.813     3.066 r  i_dram_wrapper/i_dram/u_mig7s_mig/u_memc_ui_top_axi/mem_intfc0/ddr_phy_top0/u_ddr_mc_phy_wrapper/u_ddr_mc_phy/ddr_phy_4lanes_1.u_ddr_phy_4lanes/ddr_byte_lane_B.ddr_byte_lane_B/phaser_out/OCLK
  -------------------------------------------------------------------    -------------------
    PHASER_OUT_PHY_X1Y5  PHASER_OUT_PHY (Prop_phaser_out_phy_OCLK_OSERDESRST)
                                                      0.272     3.338 r  i_dram_wrapper/i_dram/u_mig7s_mig/u_memc_ui_top_axi/mem_intfc0/ddr_phy_top0/u_ddr_mc_phy_wrapper/u_ddr_mc_phy/ddr_phy_4lanes_1.u_ddr_phy_4lanes/ddr_byte_lane_B.ddr_byte_lane_B/phaser_out/OSERDESRST
                         net (fo=3, estimated)        0.244     3.583    i_dram_wrapper/i_dram/u_mig7s_mig/u_memc_ui_top_axi/mem_intfc0/ddr_phy_top0/u_ddr_mc_phy_wrapper/u_ddr_mc_phy/ddr_phy_4lanes_1.u_ddr_phy_4lanes/ddr_byte_lane_B.ddr_byte_lane_B/ddr_byte_group_io/oserdes_rst
    OLOGIC_X1Y69         OSERDESE2                                    r  i_dram_wrapper/i_dram/u_mig7s_mig/u_memc_ui_top_axi/mem_intfc0/ddr_phy_top0/u_ddr_mc_phy_wrapper/u_ddr_mc_phy/ddr_phy_4lanes_1.u_ddr_phy_4lanes/ddr_byte_lane_B.ddr_byte_lane_B/ddr_byte_group_io/output_[10].oserdes_dq_.sdr.oserdes_dq_i/RST
  -------------------------------------------------------------------    -------------------

                         (clock oserdes_clkdiv_5 rise edge)
                                                      0.000     0.000 r  
    AD12                                              0.000     0.000 r  sys_clk_p (IN)
                         net (fo=0)                   0.000     0.000    sys_clk_p
    AD12                 IBUFDS (Prop_ibufds_I_O)     0.470     0.470 r  i_bufds_sys_clk/O
                         net (fo=65, estimated)       0.573     1.043    i_dram_wrapper/i_dram/u_mig7s_mig/u_ddr3_infrastructure/plle2_i_0
    PLLE2_ADV_X1Y1       PLLE2_ADV (Prop_plle2_adv_CLKIN1_CLKOUT1)
                                                      0.053     1.096 r  i_dram_wrapper/i_dram/u_mig7s_mig/u_ddr3_infrastructure/plle2_i/CLKOUT1
                         net (fo=14, estimated)       0.284     1.380    i_dram_wrapper/i_dram/u_mig7s_mig/u_memc_ui_top_axi/mem_intfc0/ddr_phy_top0/u_ddr_mc_phy_wrapper/u_ddr_mc_phy/ddr_phy_4lanes_1.u_ddr_phy_4lanes/ddr_byte_lane_B.ddr_byte_lane_B/mem_refclk
    PHASER_OUT_PHY_X1Y5  PHASER_OUT_PHY (Prop_phaser_out_phy_MEMREFCLK_OCLK)
                                                      1.858     3.238 r  i_dram_wrapper/i_dram/u_mig7s_mig/u_memc_ui_top_axi/mem_intfc0/ddr_phy_top0/u_ddr_mc_phy_wrapper/u_ddr_mc_phy/ddr_phy_4lanes_1.u_ddr_phy_4lanes/ddr_byte_lane_B.ddr_byte_lane_B/phaser_out/OCLK
    PHASER_OUT_PHY_X1Y5  PHASER_OUT_PHY (Prop_phaser_out_phy_OCLK_OCLKDIV)
                                                      0.088     3.326 r  i_dram_wrapper/i_dram/u_mig7s_mig/u_memc_ui_top_axi/mem_intfc0/ddr_phy_top0/u_ddr_mc_phy_wrapper/u_ddr_mc_phy/ddr_phy_4lanes_1.u_ddr_phy_4lanes/ddr_byte_lane_B.ddr_byte_lane_B/phaser_out/OCLKDIV
                         net (fo=4, estimated)        0.172     3.498    i_dram_wrapper/i_dram/u_mig7s_mig/u_memc_ui_top_axi/mem_intfc0/ddr_phy_top0/u_ddr_mc_phy_wrapper/u_ddr_mc_phy/ddr_phy_4lanes_1.u_ddr_phy_4lanes/ddr_byte_lane_B.ddr_byte_lane_B/ddr_byte_group_io/oserdes_clkdiv
    OLOGIC_X1Y69         OSERDESE2                                    r  i_dram_wrapper/i_dram/u_mig7s_mig/u_memc_ui_top_axi/mem_intfc0/ddr_phy_top0/u_ddr_mc_phy_wrapper/u_ddr_mc_phy/ddr_phy_4lanes_1.u_ddr_phy_4lanes/ddr_byte_lane_B.ddr_byte_lane_B/ddr_byte_group_io/output_[10].oserdes_dq_.sdr.oserdes_dq_i/CLKDIV
                         clock pessimism             -0.172     3.326    
    OLOGIC_X1Y69         OSERDESE2 (Hold_oserdese2_CLKDIV_RST)
                                                      0.607     3.933    i_dram_wrapper/i_dram/u_mig7s_mig/u_memc_ui_top_axi/mem_intfc0/ddr_phy_top0/u_ddr_mc_phy_wrapper/u_ddr_mc_phy/ddr_phy_4lanes_1.u_ddr_phy_4lanes/ddr_byte_lane_B.ddr_byte_lane_B/ddr_byte_group_io/output_[10].oserdes_dq_.sdr.oserdes_dq_i
  -------------------------------------------------------------------
                         required time                         -3.933    
                         arrival time                           3.583    
  -------------------------------------------------------------------
                         slack                                 -0.351    





---------------------------------------------------------------------------------------------------
From Clock:  oserdes_clk_6
  To Clock:  oserdes_clkdiv_6

Setup :            0  Failing Endpoints,  Worst Slack        0.505ns,  Total Violation        0.000ns
Hold  :           10  Failing Endpoints,  Worst Slack       -0.379ns,  Total Violation       -3.253ns
---------------------------------------------------------------------------------------------------


Max Delay Paths
--------------------------------------------------------------------------------------
Slack (MET) :             0.505ns  (required time - arrival time)
  Source:                 i_dram_wrapper/i_dram/u_mig7s_mig/u_memc_ui_top_axi/mem_intfc0/ddr_phy_top0/u_ddr_mc_phy_wrapper/u_ddr_mc_phy/ddr_phy_4lanes_1.u_ddr_phy_4lanes/ddr_byte_lane_C.ddr_byte_lane_C/phaser_out/OCLK
                            (rising edge-triggered cell PHASER_OUT_PHY clocked by oserdes_clk_6  {rise@0.000ns fall@0.625ns period=1.250ns})
  Destination:            i_dram_wrapper/i_dram/u_mig7s_mig/u_memc_ui_top_axi/mem_intfc0/ddr_phy_top0/u_ddr_mc_phy_wrapper/u_ddr_mc_phy/ddr_phy_4lanes_1.u_ddr_phy_4lanes/ddr_byte_lane_C.ddr_byte_lane_C/out_fifo/RDEN
                            (rising edge-triggered cell OUT_FIFO clocked by oserdes_clkdiv_6  {rise@0.000ns fall@2.500ns period=5.000ns})
  Path Group:             oserdes_clkdiv_6
  Path Type:              Setup (Max at Slow Process Corner)
  Requirement:            1.250ns  (oserdes_clkdiv_6 rise@5.000ns - oserdes_clk_6 rise@3.750ns)
  Data Path Delay:        0.301ns  (logic 0.301ns (100.000%)  route 0.000ns (0.000%))
  Logic Levels:           0  
  Clock Path Skew:        0.133ns (DCD - SCD + CPR)
    Destination Clock Delay (DCD):    4.606ns = ( 9.606 - 5.000 ) 
    Source Clock Delay      (SCD):    4.718ns = ( 8.468 - 3.750 ) 
    Clock Pessimism Removal (CPR):    0.245ns
  Clock Uncertainty:      0.047ns  ((TSJ^2 + DJ^2)^1/2) / 2 + PE
    Total System Jitter     (TSJ):    0.071ns
    Discrete Jitter          (DJ):    0.061ns
    Phase Error              (PE):    0.000ns

    Location             Delay type                Incr(ns)  Path(ns)    Netlist Resource(s)
  -------------------------------------------------------------------    -------------------
                         (clock oserdes_clk_6 rise edge)
                                                      3.750     3.750 r  
    AD12                                              0.000     3.750 r  sys_clk_p (IN)
                         net (fo=0)                   0.000     3.750    sys_clk_p
    AD12                 IBUFDS (Prop_ibufds_I_O)     0.906     4.656 r  i_bufds_sys_clk/O
                         net (fo=65, estimated)       1.098     5.754    i_dram_wrapper/i_dram/u_mig7s_mig/u_ddr3_infrastructure/plle2_i_0
    PLLE2_ADV_X1Y1       PLLE2_ADV (Prop_plle2_adv_CLKIN1_CLKOUT1)
                                                      0.077     5.831 r  i_dram_wrapper/i_dram/u_mig7s_mig/u_ddr3_infrastructure/plle2_i/CLKOUT1
                         net (fo=14, estimated)       0.554     6.385    i_dram_wrapper/i_dram/u_mig7s_mig/u_memc_ui_top_axi/mem_intfc0/ddr_phy_top0/u_ddr_mc_phy_wrapper/u_ddr_mc_phy/ddr_phy_4lanes_1.u_ddr_phy_4lanes/ddr_byte_lane_C.ddr_byte_lane_C/mem_refclk
    PHASER_OUT_PHY_X1Y6  PHASER_OUT_PHY (Prop_phaser_out_phy_MEMREFCLK_OCLK)
                                                      2.083     8.468 r  i_dram_wrapper/i_dram/u_mig7s_mig/u_memc_ui_top_axi/mem_intfc0/ddr_phy_top0/u_ddr_mc_phy_wrapper/u_ddr_mc_phy/ddr_phy_4lanes_1.u_ddr_phy_4lanes/ddr_byte_lane_C.ddr_byte_lane_C/phaser_out/OCLK
  -------------------------------------------------------------------    -------------------
    PHASER_OUT_PHY_X1Y6  PHASER_OUT_PHY (Prop_phaser_out_phy_OCLK_RDENABLE)
                                                      0.301     8.769 r  i_dram_wrapper/i_dram/u_mig7s_mig/u_memc_ui_top_axi/mem_intfc0/ddr_phy_top0/u_ddr_mc_phy_wrapper/u_ddr_mc_phy/ddr_phy_4lanes_1.u_ddr_phy_4lanes/ddr_byte_lane_C.ddr_byte_lane_C/phaser_out/RDENABLE
                         net (fo=1, estimated)        0.000     8.769    i_dram_wrapper/i_dram/u_mig7s_mig/u_memc_ui_top_axi/mem_intfc0/ddr_phy_top0/u_ddr_mc_phy_wrapper/u_ddr_mc_phy/ddr_phy_4lanes_1.u_ddr_phy_4lanes/ddr_byte_lane_C.ddr_byte_lane_C/po_rd_enable
    OUT_FIFO_X1Y6        OUT_FIFO                                     r  i_dram_wrapper/i_dram/u_mig7s_mig/u_memc_ui_top_axi/mem_intfc0/ddr_phy_top0/u_ddr_mc_phy_wrapper/u_ddr_mc_phy/ddr_phy_4lanes_1.u_ddr_phy_4lanes/ddr_byte_lane_C.ddr_byte_lane_C/out_fifo/RDEN
  -------------------------------------------------------------------    -------------------

                         (clock oserdes_clkdiv_6 rise edge)
                                                      5.000     5.000 r  
    AD12                                              0.000     5.000 r  sys_clk_p (IN)
                         net (fo=0)                   0.000     5.000    sys_clk_p
    AD12                 IBUFDS (Prop_ibufds_I_O)     0.803     5.803 r  i_bufds_sys_clk/O
                         net (fo=65, estimated)       1.043     6.847    i_dram_wrapper/i_dram/u_mig7s_mig/u_ddr3_infrastructure/plle2_i_0
    PLLE2_ADV_X1Y1       PLLE2_ADV (Prop_plle2_adv_CLKIN1_CLKOUT1)
                                                      0.073     6.920 r  i_dram_wrapper/i_dram/u_mig7s_mig/u_ddr3_infrastructure/plle2_i/CLKOUT1
                         net (fo=14, estimated)       0.526     7.446    i_dram_wrapper/i_dram/u_mig7s_mig/u_memc_ui_top_axi/mem_intfc0/ddr_phy_top0/u_ddr_mc_phy_wrapper/u_ddr_mc_phy/ddr_phy_4lanes_1.u_ddr_phy_4lanes/ddr_byte_lane_C.ddr_byte_lane_C/mem_refclk
    PHASER_OUT_PHY_X1Y6  PHASER_OUT_PHY (Prop_phaser_out_phy_MEMREFCLK_OCLK)
                                                      2.027     9.473 r  i_dram_wrapper/i_dram/u_mig7s_mig/u_memc_ui_top_axi/mem_intfc0/ddr_phy_top0/u_ddr_mc_phy_wrapper/u_ddr_mc_phy/ddr_phy_4lanes_1.u_ddr_phy_4lanes/ddr_byte_lane_C.ddr_byte_lane_C/phaser_out/OCLK
    PHASER_OUT_PHY_X1Y6  PHASER_OUT_PHY (Prop_phaser_out_phy_OCLK_OCLKDIV)
                                                      0.133     9.606 r  i_dram_wrapper/i_dram/u_mig7s_mig/u_memc_ui_top_axi/mem_intfc0/ddr_phy_top0/u_ddr_mc_phy_wrapper/u_ddr_mc_phy/ddr_phy_4lanes_1.u_ddr_phy_4lanes/ddr_byte_lane_C.ddr_byte_lane_C/phaser_out/OCLKDIV
                         net (fo=11, estimated)       0.000     9.606    i_dram_wrapper/i_dram/u_mig7s_mig/u_memc_ui_top_axi/mem_intfc0/ddr_phy_top0/u_ddr_mc_phy_wrapper/u_ddr_mc_phy/ddr_phy_4lanes_1.u_ddr_phy_4lanes/ddr_byte_lane_C.ddr_byte_lane_C/oserdes_clkdiv
    OUT_FIFO_X1Y6        OUT_FIFO                                     r  i_dram_wrapper/i_dram/u_mig7s_mig/u_memc_ui_top_axi/mem_intfc0/ddr_phy_top0/u_ddr_mc_phy_wrapper/u_ddr_mc_phy/ddr_phy_4lanes_1.u_ddr_phy_4lanes/ddr_byte_lane_C.ddr_byte_lane_C/out_fifo/RDCLK
                         clock pessimism              0.245     9.851    
                         clock uncertainty           -0.047     9.804    
    OUT_FIFO_X1Y6        OUT_FIFO (Setup_out_fifo_RDCLK_RDEN)
                                                     -0.530     9.274    i_dram_wrapper/i_dram/u_mig7s_mig/u_memc_ui_top_axi/mem_intfc0/ddr_phy_top0/u_ddr_mc_phy_wrapper/u_ddr_mc_phy/ddr_phy_4lanes_1.u_ddr_phy_4lanes/ddr_byte_lane_C.ddr_byte_lane_C/out_fifo
  -------------------------------------------------------------------
                         required time                          9.274    
                         arrival time                          -8.769    
  -------------------------------------------------------------------
                         slack                                  0.505    





Min Delay Paths
--------------------------------------------------------------------------------------
Slack (VIOLATED) :        -0.379ns  (arrival time - required time)
  Source:                 i_dram_wrapper/i_dram/u_mig7s_mig/u_memc_ui_top_axi/mem_intfc0/ddr_phy_top0/u_ddr_mc_phy_wrapper/u_ddr_mc_phy/ddr_phy_4lanes_1.u_ddr_phy_4lanes/ddr_byte_lane_C.ddr_byte_lane_C/phaser_out/OCLK
                            (rising edge-triggered cell PHASER_OUT_PHY clocked by oserdes_clk_6  {rise@0.000ns fall@0.625ns period=1.250ns})
  Destination:            i_dram_wrapper/i_dram/u_mig7s_mig/u_memc_ui_top_axi/mem_intfc0/ddr_phy_top0/u_ddr_mc_phy_wrapper/u_ddr_mc_phy/ddr_phy_4lanes_1.u_ddr_phy_4lanes/ddr_byte_lane_C.ddr_byte_lane_C/ddr_byte_group_io/output_[2].oserdes_dq_.sdr.oserdes_dq_i/RST
                            (rising edge-triggered cell OSERDESE2 clocked by oserdes_clkdiv_6  {rise@0.000ns fall@2.500ns period=5.000ns})
  Path Group:             oserdes_clkdiv_6
  Path Type:              Hold (Min at Fast Process Corner)
  Requirement:            0.000ns  (oserdes_clkdiv_6 rise@0.000ns - oserdes_clk_6 rise@0.000ns)
  Data Path Delay:        0.493ns  (logic 0.272ns (55.208%)  route 0.221ns (44.792%))
  Logic Levels:           0  
  Clock Path Skew:        0.264ns (DCD - SCD - CPR)
    Destination Clock Delay (DCD):    3.508ns
    Source Clock Delay      (SCD):    3.071ns
    Clock Pessimism Removal (CPR):    0.172ns
  Timing Exception:       MultiCycle Path   Setup -start 2    Hold  -start 1

    Location             Delay type                Incr(ns)  Path(ns)    Netlist Resource(s)
  -------------------------------------------------------------------    -------------------
                         (clock oserdes_clk_6 rise edge)
                                                      0.000     0.000 r  
    AD12                                              0.000     0.000 r  sys_clk_p (IN)
                         net (fo=0)                   0.000     0.000    sys_clk_p
    AD12                 IBUFDS (Prop_ibufds_I_O)     0.388     0.388 r  i_bufds_sys_clk/O
                         net (fo=65, estimated)       0.545     0.933    i_dram_wrapper/i_dram/u_mig7s_mig/u_ddr3_infrastructure/plle2_i_0
    PLLE2_ADV_X1Y1       PLLE2_ADV (Prop_plle2_adv_CLKIN1_CLKOUT1)
                                                      0.050     0.983 r  i_dram_wrapper/i_dram/u_mig7s_mig/u_ddr3_infrastructure/plle2_i/CLKOUT1
                         net (fo=14, estimated)       0.275     1.258    i_dram_wrapper/i_dram/u_mig7s_mig/u_memc_ui_top_axi/mem_intfc0/ddr_phy_top0/u_ddr_mc_phy_wrapper/u_ddr_mc_phy/ddr_phy_4lanes_1.u_ddr_phy_4lanes/ddr_byte_lane_C.ddr_byte_lane_C/mem_refclk
    PHASER_OUT_PHY_X1Y6  PHASER_OUT_PHY (Prop_phaser_out_phy_MEMREFCLK_OCLK)
                                                      1.813     3.071 r  i_dram_wrapper/i_dram/u_mig7s_mig/u_memc_ui_top_axi/mem_intfc0/ddr_phy_top0/u_ddr_mc_phy_wrapper/u_ddr_mc_phy/ddr_phy_4lanes_1.u_ddr_phy_4lanes/ddr_byte_lane_C.ddr_byte_lane_C/phaser_out/OCLK
  -------------------------------------------------------------------    -------------------
    PHASER_OUT_PHY_X1Y6  PHASER_OUT_PHY (Prop_phaser_out_phy_OCLK_OSERDESRST)
                                                      0.272     3.343 r  i_dram_wrapper/i_dram/u_mig7s_mig/u_memc_ui_top_axi/mem_intfc0/ddr_phy_top0/u_ddr_mc_phy_wrapper/u_ddr_mc_phy/ddr_phy_4lanes_1.u_ddr_phy_4lanes/ddr_byte_lane_C.ddr_byte_lane_C/phaser_out/OSERDESRST
                         net (fo=10, estimated)       0.221     3.564    i_dram_wrapper/i_dram/u_mig7s_mig/u_memc_ui_top_axi/mem_intfc0/ddr_phy_top0/u_ddr_mc_phy_wrapper/u_ddr_mc_phy/ddr_phy_4lanes_1.u_ddr_phy_4lanes/ddr_byte_lane_C.ddr_byte_lane_C/ddr_byte_group_io/po_oserdes_rst
    OLOGIC_X1Y77         OSERDESE2                                    r  i_dram_wrapper/i_dram/u_mig7s_mig/u_memc_ui_top_axi/mem_intfc0/ddr_phy_top0/u_ddr_mc_phy_wrapper/u_ddr_mc_phy/ddr_phy_4lanes_1.u_ddr_phy_4lanes/ddr_byte_lane_C.ddr_byte_lane_C/ddr_byte_group_io/output_[2].oserdes_dq_.sdr.oserdes_dq_i/RST
  -------------------------------------------------------------------    -------------------

                         (clock oserdes_clkdiv_6 rise edge)
                                                      0.000     0.000 r  
    AD12                                              0.000     0.000 r  sys_clk_p (IN)
                         net (fo=0)                   0.000     0.000    sys_clk_p
    AD12                 IBUFDS (Prop_ibufds_I_O)     0.470     0.470 r  i_bufds_sys_clk/O
                         net (fo=65, estimated)       0.573     1.043    i_dram_wrapper/i_dram/u_mig7s_mig/u_ddr3_infrastructure/plle2_i_0
    PLLE2_ADV_X1Y1       PLLE2_ADV (Prop_plle2_adv_CLKIN1_CLKOUT1)
                                                      0.053     1.096 r  i_dram_wrapper/i_dram/u_mig7s_mig/u_ddr3_infrastructure/plle2_i/CLKOUT1
                         net (fo=14, estimated)       0.289     1.385    i_dram_wrapper/i_dram/u_mig7s_mig/u_memc_ui_top_axi/mem_intfc0/ddr_phy_top0/u_ddr_mc_phy_wrapper/u_ddr_mc_phy/ddr_phy_4lanes_1.u_ddr_phy_4lanes/ddr_byte_lane_C.ddr_byte_lane_C/mem_refclk
    PHASER_OUT_PHY_X1Y6  PHASER_OUT_PHY (Prop_phaser_out_phy_MEMREFCLK_OCLK)
                                                      1.858     3.243 r  i_dram_wrapper/i_dram/u_mig7s_mig/u_memc_ui_top_axi/mem_intfc0/ddr_phy_top0/u_ddr_mc_phy_wrapper/u_ddr_mc_phy/ddr_phy_4lanes_1.u_ddr_phy_4lanes/ddr_byte_lane_C.ddr_byte_lane_C/phaser_out/OCLK
    PHASER_OUT_PHY_X1Y6  PHASER_OUT_PHY (Prop_phaser_out_phy_OCLK_OCLKDIV)
                                                      0.088     3.331 r  i_dram_wrapper/i_dram/u_mig7s_mig/u_memc_ui_top_axi/mem_intfc0/ddr_phy_top0/u_ddr_mc_phy_wrapper/u_ddr_mc_phy/ddr_phy_4lanes_1.u_ddr_phy_4lanes/ddr_byte_lane_C.ddr_byte_lane_C/phaser_out/OCLKDIV
                         net (fo=11, estimated)       0.176     3.508    i_dram_wrapper/i_dram/u_mig7s_mig/u_memc_ui_top_axi/mem_intfc0/ddr_phy_top0/u_ddr_mc_phy_wrapper/u_ddr_mc_phy/ddr_phy_4lanes_1.u_ddr_phy_4lanes/ddr_byte_lane_C.ddr_byte_lane_C/ddr_byte_group_io/oserdes_clkdiv
    OLOGIC_X1Y77         OSERDESE2                                    r  i_dram_wrapper/i_dram/u_mig7s_mig/u_memc_ui_top_axi/mem_intfc0/ddr_phy_top0/u_ddr_mc_phy_wrapper/u_ddr_mc_phy/ddr_phy_4lanes_1.u_ddr_phy_4lanes/ddr_byte_lane_C.ddr_byte_lane_C/ddr_byte_group_io/output_[2].oserdes_dq_.sdr.oserdes_dq_i/CLKDIV
                         clock pessimism             -0.172     3.336    
    OLOGIC_X1Y77         OSERDESE2 (Hold_oserdese2_CLKDIV_RST)
                                                      0.607     3.943    i_dram_wrapper/i_dram/u_mig7s_mig/u_memc_ui_top_axi/mem_intfc0/ddr_phy_top0/u_ddr_mc_phy_wrapper/u_ddr_mc_phy/ddr_phy_4lanes_1.u_ddr_phy_4lanes/ddr_byte_lane_C.ddr_byte_lane_C/ddr_byte_group_io/output_[2].oserdes_dq_.sdr.oserdes_dq_i
  -------------------------------------------------------------------
                         required time                         -3.943    
                         arrival time                           3.564    
  -------------------------------------------------------------------
                         slack                                 -0.379    





---------------------------------------------------------------------------------------------------
From Clock:  oserdes_clk_7
  To Clock:  oserdes_clkdiv_7

Setup :            0  Failing Endpoints,  Worst Slack        0.505ns,  Total Violation        0.000ns
Hold  :            9  Failing Endpoints,  Worst Slack       -0.318ns,  Total Violation       -2.125ns
---------------------------------------------------------------------------------------------------


Max Delay Paths
--------------------------------------------------------------------------------------
Slack (MET) :             0.505ns  (required time - arrival time)
  Source:                 i_dram_wrapper/i_dram/u_mig7s_mig/u_memc_ui_top_axi/mem_intfc0/ddr_phy_top0/u_ddr_mc_phy_wrapper/u_ddr_mc_phy/ddr_phy_4lanes_1.u_ddr_phy_4lanes/ddr_byte_lane_D.ddr_byte_lane_D/phaser_out/OCLK
                            (rising edge-triggered cell PHASER_OUT_PHY clocked by oserdes_clk_7  {rise@0.000ns fall@0.625ns period=1.250ns})
  Destination:            i_dram_wrapper/i_dram/u_mig7s_mig/u_memc_ui_top_axi/mem_intfc0/ddr_phy_top0/u_ddr_mc_phy_wrapper/u_ddr_mc_phy/ddr_phy_4lanes_1.u_ddr_phy_4lanes/ddr_byte_lane_D.ddr_byte_lane_D/out_fifo/RDEN
                            (rising edge-triggered cell OUT_FIFO clocked by oserdes_clkdiv_7  {rise@0.000ns fall@2.500ns period=5.000ns})
  Path Group:             oserdes_clkdiv_7
  Path Type:              Setup (Max at Slow Process Corner)
  Requirement:            1.250ns  (oserdes_clkdiv_7 rise@5.000ns - oserdes_clk_7 rise@3.750ns)
  Data Path Delay:        0.301ns  (logic 0.301ns (100.000%)  route 0.000ns (0.000%))
  Logic Levels:           0  
  Clock Path Skew:        0.133ns (DCD - SCD + CPR)
    Destination Clock Delay (DCD):    4.596ns = ( 9.596 - 5.000 ) 
    Source Clock Delay      (SCD):    4.708ns = ( 8.458 - 3.750 ) 
    Clock Pessimism Removal (CPR):    0.245ns
  Clock Uncertainty:      0.047ns  ((TSJ^2 + DJ^2)^1/2) / 2 + PE
    Total System Jitter     (TSJ):    0.071ns
    Discrete Jitter          (DJ):    0.061ns
    Phase Error              (PE):    0.000ns

    Location             Delay type                Incr(ns)  Path(ns)    Netlist Resource(s)
  -------------------------------------------------------------------    -------------------
                         (clock oserdes_clk_7 rise edge)
                                                      3.750     3.750 r  
    AD12                                              0.000     3.750 r  sys_clk_p (IN)
                         net (fo=0)                   0.000     3.750    sys_clk_p
    AD12                 IBUFDS (Prop_ibufds_I_O)     0.906     4.656 r  i_bufds_sys_clk/O
                         net (fo=65, estimated)       1.098     5.754    i_dram_wrapper/i_dram/u_mig7s_mig/u_ddr3_infrastructure/plle2_i_0
    PLLE2_ADV_X1Y1       PLLE2_ADV (Prop_plle2_adv_CLKIN1_CLKOUT1)
                                                      0.077     5.831 r  i_dram_wrapper/i_dram/u_mig7s_mig/u_ddr3_infrastructure/plle2_i/CLKOUT1
                         net (fo=14, estimated)       0.544     6.375    i_dram_wrapper/i_dram/u_mig7s_mig/u_memc_ui_top_axi/mem_intfc0/ddr_phy_top0/u_ddr_mc_phy_wrapper/u_ddr_mc_phy/ddr_phy_4lanes_1.u_ddr_phy_4lanes/ddr_byte_lane_D.ddr_byte_lane_D/mem_refclk
    PHASER_OUT_PHY_X1Y7  PHASER_OUT_PHY (Prop_phaser_out_phy_MEMREFCLK_OCLK)
                                                      2.083     8.458 r  i_dram_wrapper/i_dram/u_mig7s_mig/u_memc_ui_top_axi/mem_intfc0/ddr_phy_top0/u_ddr_mc_phy_wrapper/u_ddr_mc_phy/ddr_phy_4lanes_1.u_ddr_phy_4lanes/ddr_byte_lane_D.ddr_byte_lane_D/phaser_out/OCLK
  -------------------------------------------------------------------    -------------------
    PHASER_OUT_PHY_X1Y7  PHASER_OUT_PHY (Prop_phaser_out_phy_OCLK_RDENABLE)
                                                      0.301     8.759 r  i_dram_wrapper/i_dram/u_mig7s_mig/u_memc_ui_top_axi/mem_intfc0/ddr_phy_top0/u_ddr_mc_phy_wrapper/u_ddr_mc_phy/ddr_phy_4lanes_1.u_ddr_phy_4lanes/ddr_byte_lane_D.ddr_byte_lane_D/phaser_out/RDENABLE
                         net (fo=1, estimated)        0.000     8.759    i_dram_wrapper/i_dram/u_mig7s_mig/u_memc_ui_top_axi/mem_intfc0/ddr_phy_top0/u_ddr_mc_phy_wrapper/u_ddr_mc_phy/ddr_phy_4lanes_1.u_ddr_phy_4lanes/ddr_byte_lane_D.ddr_byte_lane_D/po_rd_enable
    OUT_FIFO_X1Y7        OUT_FIFO                                     r  i_dram_wrapper/i_dram/u_mig7s_mig/u_memc_ui_top_axi/mem_intfc0/ddr_phy_top0/u_ddr_mc_phy_wrapper/u_ddr_mc_phy/ddr_phy_4lanes_1.u_ddr_phy_4lanes/ddr_byte_lane_D.ddr_byte_lane_D/out_fifo/RDEN
  -------------------------------------------------------------------    -------------------

                         (clock oserdes_clkdiv_7 rise edge)
                                                      5.000     5.000 r  
    AD12                                              0.000     5.000 r  sys_clk_p (IN)
                         net (fo=0)                   0.000     5.000    sys_clk_p
    AD12                 IBUFDS (Prop_ibufds_I_O)     0.803     5.803 r  i_bufds_sys_clk/O
                         net (fo=65, estimated)       1.043     6.847    i_dram_wrapper/i_dram/u_mig7s_mig/u_ddr3_infrastructure/plle2_i_0
    PLLE2_ADV_X1Y1       PLLE2_ADV (Prop_plle2_adv_CLKIN1_CLKOUT1)
                                                      0.073     6.920 r  i_dram_wrapper/i_dram/u_mig7s_mig/u_ddr3_infrastructure/plle2_i/CLKOUT1
                         net (fo=14, estimated)       0.517     7.436    i_dram_wrapper/i_dram/u_mig7s_mig/u_memc_ui_top_axi/mem_intfc0/ddr_phy_top0/u_ddr_mc_phy_wrapper/u_ddr_mc_phy/ddr_phy_4lanes_1.u_ddr_phy_4lanes/ddr_byte_lane_D.ddr_byte_lane_D/mem_refclk
    PHASER_OUT_PHY_X1Y7  PHASER_OUT_PHY (Prop_phaser_out_phy_MEMREFCLK_OCLK)
                                                      2.027     9.463 r  i_dram_wrapper/i_dram/u_mig7s_mig/u_memc_ui_top_axi/mem_intfc0/ddr_phy_top0/u_ddr_mc_phy_wrapper/u_ddr_mc_phy/ddr_phy_4lanes_1.u_ddr_phy_4lanes/ddr_byte_lane_D.ddr_byte_lane_D/phaser_out/OCLK
    PHASER_OUT_PHY_X1Y7  PHASER_OUT_PHY (Prop_phaser_out_phy_OCLK_OCLKDIV)
                                                      0.133     9.596 r  i_dram_wrapper/i_dram/u_mig7s_mig/u_memc_ui_top_axi/mem_intfc0/ddr_phy_top0/u_ddr_mc_phy_wrapper/u_ddr_mc_phy/ddr_phy_4lanes_1.u_ddr_phy_4lanes/ddr_byte_lane_D.ddr_byte_lane_D/phaser_out/OCLKDIV
                         net (fo=10, estimated)       0.000     9.596    i_dram_wrapper/i_dram/u_mig7s_mig/u_memc_ui_top_axi/mem_intfc0/ddr_phy_top0/u_ddr_mc_phy_wrapper/u_ddr_mc_phy/ddr_phy_4lanes_1.u_ddr_phy_4lanes/ddr_byte_lane_D.ddr_byte_lane_D/oserdes_clkdiv
    OUT_FIFO_X1Y7        OUT_FIFO                                     r  i_dram_wrapper/i_dram/u_mig7s_mig/u_memc_ui_top_axi/mem_intfc0/ddr_phy_top0/u_ddr_mc_phy_wrapper/u_ddr_mc_phy/ddr_phy_4lanes_1.u_ddr_phy_4lanes/ddr_byte_lane_D.ddr_byte_lane_D/out_fifo/RDCLK
                         clock pessimism              0.245     9.841    
                         clock uncertainty           -0.047     9.794    
    OUT_FIFO_X1Y7        OUT_FIFO (Setup_out_fifo_RDCLK_RDEN)
                                                     -0.530     9.264    i_dram_wrapper/i_dram/u_mig7s_mig/u_memc_ui_top_axi/mem_intfc0/ddr_phy_top0/u_ddr_mc_phy_wrapper/u_ddr_mc_phy/ddr_phy_4lanes_1.u_ddr_phy_4lanes/ddr_byte_lane_D.ddr_byte_lane_D/out_fifo
  -------------------------------------------------------------------
                         required time                          9.264    
                         arrival time                          -8.759    
  -------------------------------------------------------------------
                         slack                                  0.505    





Min Delay Paths
--------------------------------------------------------------------------------------
Slack (VIOLATED) :        -0.318ns  (arrival time - required time)
  Source:                 i_dram_wrapper/i_dram/u_mig7s_mig/u_memc_ui_top_axi/mem_intfc0/ddr_phy_top0/u_ddr_mc_phy_wrapper/u_ddr_mc_phy/ddr_phy_4lanes_1.u_ddr_phy_4lanes/ddr_byte_lane_D.ddr_byte_lane_D/phaser_out/OCLK
                            (rising edge-triggered cell PHASER_OUT_PHY clocked by oserdes_clk_7  {rise@0.000ns fall@0.625ns period=1.250ns})
  Destination:            i_dram_wrapper/i_dram/u_mig7s_mig/u_memc_ui_top_axi/mem_intfc0/ddr_phy_top0/u_ddr_mc_phy_wrapper/u_ddr_mc_phy/ddr_phy_4lanes_1.u_ddr_phy_4lanes/ddr_byte_lane_D.ddr_byte_lane_D/ddr_byte_group_io/output_[1].oserdes_dq_.sdr.oserdes_dq_i/RST
                            (rising edge-triggered cell OSERDESE2 clocked by oserdes_clkdiv_7  {rise@0.000ns fall@2.500ns period=5.000ns})
  Path Group:             oserdes_clkdiv_7
  Path Type:              Hold (Min at Fast Process Corner)
  Requirement:            0.000ns  (oserdes_clkdiv_7 rise@0.000ns - oserdes_clk_7 rise@0.000ns)
  Data Path Delay:        0.561ns  (logic 0.272ns (48.475%)  route 0.289ns (51.525%))
  Logic Levels:           0  
  Clock Path Skew:        0.272ns (DCD - SCD - CPR)
    Destination Clock Delay (DCD):    3.510ns
    Source Clock Delay      (SCD):    3.066ns
    Clock Pessimism Removal (CPR):    0.172ns
  Timing Exception:       MultiCycle Path   Setup -start 2    Hold  -start 1

    Location             Delay type                Incr(ns)  Path(ns)    Netlist Resource(s)
  -------------------------------------------------------------------    -------------------
                         (clock oserdes_clk_7 rise edge)
                                                      0.000     0.000 r  
    AD12                                              0.000     0.000 r  sys_clk_p (IN)
                         net (fo=0)                   0.000     0.000    sys_clk_p
    AD12                 IBUFDS (Prop_ibufds_I_O)     0.388     0.388 r  i_bufds_sys_clk/O
                         net (fo=65, estimated)       0.545     0.933    i_dram_wrapper/i_dram/u_mig7s_mig/u_ddr3_infrastructure/plle2_i_0
    PLLE2_ADV_X1Y1       PLLE2_ADV (Prop_plle2_adv_CLKIN1_CLKOUT1)
                                                      0.050     0.983 r  i_dram_wrapper/i_dram/u_mig7s_mig/u_ddr3_infrastructure/plle2_i/CLKOUT1
                         net (fo=14, estimated)       0.270     1.253    i_dram_wrapper/i_dram/u_mig7s_mig/u_memc_ui_top_axi/mem_intfc0/ddr_phy_top0/u_ddr_mc_phy_wrapper/u_ddr_mc_phy/ddr_phy_4lanes_1.u_ddr_phy_4lanes/ddr_byte_lane_D.ddr_byte_lane_D/mem_refclk
    PHASER_OUT_PHY_X1Y7  PHASER_OUT_PHY (Prop_phaser_out_phy_MEMREFCLK_OCLK)
                                                      1.813     3.066 r  i_dram_wrapper/i_dram/u_mig7s_mig/u_memc_ui_top_axi/mem_intfc0/ddr_phy_top0/u_ddr_mc_phy_wrapper/u_ddr_mc_phy/ddr_phy_4lanes_1.u_ddr_phy_4lanes/ddr_byte_lane_D.ddr_byte_lane_D/phaser_out/OCLK
  -------------------------------------------------------------------    -------------------
    PHASER_OUT_PHY_X1Y7  PHASER_OUT_PHY (Prop_phaser_out_phy_OCLK_OSERDESRST)
                                                      0.272     3.338 r  i_dram_wrapper/i_dram/u_mig7s_mig/u_memc_ui_top_axi/mem_intfc0/ddr_phy_top0/u_ddr_mc_phy_wrapper/u_ddr_mc_phy/ddr_phy_4lanes_1.u_ddr_phy_4lanes/ddr_byte_lane_D.ddr_byte_lane_D/phaser_out/OSERDESRST
                         net (fo=9, estimated)        0.289     3.627    i_dram_wrapper/i_dram/u_mig7s_mig/u_memc_ui_top_axi/mem_intfc0/ddr_phy_top0/u_ddr_mc_phy_wrapper/u_ddr_mc_phy/ddr_phy_4lanes_1.u_ddr_phy_4lanes/ddr_byte_lane_D.ddr_byte_lane_D/ddr_byte_group_io/po_oserdes_rst
    OLOGIC_X1Y88         OSERDESE2                                    r  i_dram_wrapper/i_dram/u_mig7s_mig/u_memc_ui_top_axi/mem_intfc0/ddr_phy_top0/u_ddr_mc_phy_wrapper/u_ddr_mc_phy/ddr_phy_4lanes_1.u_ddr_phy_4lanes/ddr_byte_lane_D.ddr_byte_lane_D/ddr_byte_group_io/output_[1].oserdes_dq_.sdr.oserdes_dq_i/RST
  -------------------------------------------------------------------    -------------------

                         (clock oserdes_clkdiv_7 rise edge)
                                                      0.000     0.000 r  
    AD12                                              0.000     0.000 r  sys_clk_p (IN)
                         net (fo=0)                   0.000     0.000    sys_clk_p
    AD12                 IBUFDS (Prop_ibufds_I_O)     0.470     0.470 r  i_bufds_sys_clk/O
                         net (fo=65, estimated)       0.573     1.043    i_dram_wrapper/i_dram/u_mig7s_mig/u_ddr3_infrastructure/plle2_i_0
    PLLE2_ADV_X1Y1       PLLE2_ADV (Prop_plle2_adv_CLKIN1_CLKOUT1)
                                                      0.053     1.096 r  i_dram_wrapper/i_dram/u_mig7s_mig/u_ddr3_infrastructure/plle2_i/CLKOUT1
                         net (fo=14, estimated)       0.284     1.380    i_dram_wrapper/i_dram/u_mig7s_mig/u_memc_ui_top_axi/mem_intfc0/ddr_phy_top0/u_ddr_mc_phy_wrapper/u_ddr_mc_phy/ddr_phy_4lanes_1.u_ddr_phy_4lanes/ddr_byte_lane_D.ddr_byte_lane_D/mem_refclk
    PHASER_OUT_PHY_X1Y7  PHASER_OUT_PHY (Prop_phaser_out_phy_MEMREFCLK_OCLK)
                                                      1.858     3.238 r  i_dram_wrapper/i_dram/u_mig7s_mig/u_memc_ui_top_axi/mem_intfc0/ddr_phy_top0/u_ddr_mc_phy_wrapper/u_ddr_mc_phy/ddr_phy_4lanes_1.u_ddr_phy_4lanes/ddr_byte_lane_D.ddr_byte_lane_D/phaser_out/OCLK
    PHASER_OUT_PHY_X1Y7  PHASER_OUT_PHY (Prop_phaser_out_phy_OCLK_OCLKDIV)
                                                      0.088     3.326 r  i_dram_wrapper/i_dram/u_mig7s_mig/u_memc_ui_top_axi/mem_intfc0/ddr_phy_top0/u_ddr_mc_phy_wrapper/u_ddr_mc_phy/ddr_phy_4lanes_1.u_ddr_phy_4lanes/ddr_byte_lane_D.ddr_byte_lane_D/phaser_out/OCLKDIV
                         net (fo=10, estimated)       0.184     3.510    i_dram_wrapper/i_dram/u_mig7s_mig/u_memc_ui_top_axi/mem_intfc0/ddr_phy_top0/u_ddr_mc_phy_wrapper/u_ddr_mc_phy/ddr_phy_4lanes_1.u_ddr_phy_4lanes/ddr_byte_lane_D.ddr_byte_lane_D/ddr_byte_group_io/oserdes_clkdiv
    OLOGIC_X1Y88         OSERDESE2                                    r  i_dram_wrapper/i_dram/u_mig7s_mig/u_memc_ui_top_axi/mem_intfc0/ddr_phy_top0/u_ddr_mc_phy_wrapper/u_ddr_mc_phy/ddr_phy_4lanes_1.u_ddr_phy_4lanes/ddr_byte_lane_D.ddr_byte_lane_D/ddr_byte_group_io/output_[1].oserdes_dq_.sdr.oserdes_dq_i/CLKDIV
                         clock pessimism             -0.172     3.338    
    OLOGIC_X1Y88         OSERDESE2 (Hold_oserdese2_CLKDIV_RST)
                                                      0.607     3.945    i_dram_wrapper/i_dram/u_mig7s_mig/u_memc_ui_top_axi/mem_intfc0/ddr_phy_top0/u_ddr_mc_phy_wrapper/u_ddr_mc_phy/ddr_phy_4lanes_1.u_ddr_phy_4lanes/ddr_byte_lane_D.ddr_byte_lane_D/ddr_byte_group_io/output_[1].oserdes_dq_.sdr.oserdes_dq_i
  -------------------------------------------------------------------
                         required time                         -3.945    
                         arrival time                           3.627    
  -------------------------------------------------------------------
                         slack                                 -0.318    





---------------------------------------------------------------------------------------------------
From Clock:  sys_clk
  To Clock:  clk_pll_i

Setup :            0  Failing Endpoints,  Worst Slack       19.818ns,  Total Violation        0.000ns
Hold  :           12  Failing Endpoints,  Worst Slack       -1.212ns,  Total Violation      -14.540ns
---------------------------------------------------------------------------------------------------


Max Delay Paths
--------------------------------------------------------------------------------------
Slack (MET) :             19.818ns  (required time - arrival time)
  Source:                 i_dram_wrapper/i_dram/u_mig7s_mig/temp_mon_enabled.u_tempmon/xadc_supplied_temperature.temperature_reg[0]/C
                            (rising edge-triggered cell FDRE clocked by sys_clk  {rise@0.000ns fall@2.500ns period=5.000ns})
  Destination:            i_dram_wrapper/i_dram/u_mig7s_mig/temp_mon_enabled.u_tempmon/device_temp_sync_r1_reg[0]/D
                            (rising edge-triggered cell FDRE clocked by clk_pll_i  {rise@0.000ns fall@2.500ns period=5.000ns})
  Path Group:             clk_pll_i
  Path Type:              Setup (Max at Fast Process Corner)
  Requirement:            20.000ns  (MaxDelay Path 20.000ns)
  Data Path Delay:        0.223ns  (logic 0.124ns (55.690%)  route 0.099ns (44.309%))
  Logic Levels:           0  
  Clock Path Skew:        0.256ns (DCD - SCD + CPR)
    Destination Clock Delay (DCD):    1.218ns
    Source Clock Delay      (SCD):    1.043ns
    Clock Pessimism Removal (CPR):    0.081ns
  Clock Uncertainty:      0.150ns  ((TSJ^2 + DJ^2)^1/2) / 2 + PE
    Total System Jitter     (TSJ):    0.071ns
    Discrete Jitter          (DJ):    0.076ns
    Phase Error              (PE):    0.098ns
  Timing Exception:       MaxDelay Path 20.000ns

    Location             Delay type                Incr(ns)  Path(ns)    Netlist Resource(s)
  -------------------------------------------------------------------    -------------------
                         (clock sys_clk rise edge)    0.000     0.000 r  
    AD12                                              0.000     0.000 r  sys_clk_p (IN)
                         net (fo=0)                   0.000     0.000    sys_clk_p
    AD12                 IBUFDS (Prop_ibufds_I_O)     0.470     0.470 r  i_bufds_sys_clk/O
                         net (fo=65, unplaced)        0.573     1.043    i_dram_wrapper/i_dram/u_mig7s_mig/temp_mon_enabled.u_tempmon/mmcm_clk
                         FDRE                                         r  i_dram_wrapper/i_dram/u_mig7s_mig/temp_mon_enabled.u_tempmon/xadc_supplied_temperature.temperature_reg[0]/C
  -------------------------------------------------------------------    -------------------
                         FDRE (Prop_fdre_C_Q)         0.124     1.167 r  i_dram_wrapper/i_dram/u_mig7s_mig/temp_mon_enabled.u_tempmon/xadc_supplied_temperature.temperature_reg[0]/Q
                         net (fo=1, unplaced)         0.099     1.265    i_dram_wrapper/i_dram/u_mig7s_mig/temp_mon_enabled.u_tempmon/device_temp_lcl[0]
                         FDRE                                         r  i_dram_wrapper/i_dram/u_mig7s_mig/temp_mon_enabled.u_tempmon/device_temp_sync_r1_reg[0]/D
  -------------------------------------------------------------------    -------------------

                         max delay                   20.000    20.000    
    AD12                                              0.000    20.000 r  sys_clk_p (IN)
                         net (fo=0)                   0.000    20.000    sys_clk_p
    AD12                 IBUFDS (Prop_ibufds_I_O)     0.388    20.388 r  i_bufds_sys_clk/O
                         net (fo=65, estimated)       0.545    20.933    i_dram_wrapper/i_dram/u_mig7s_mig/u_ddr3_infrastructure/plle2_i_0
    PLLE2_ADV_X1Y1       PLLE2_ADV (Prop_plle2_adv_CLKIN1_CLKOUT3)
                                                      0.050    20.983 r  i_dram_wrapper/i_dram/u_mig7s_mig/u_ddr3_infrastructure/plle2_i/CLKOUT3
                         net (fo=1, unplaced)         0.114    21.097    i_dram_wrapper/i_dram/u_mig7s_mig/u_ddr3_infrastructure/pll_clk3_out
                         BUFH (Prop_bufh_I_O)         0.023    21.120 r  i_dram_wrapper/i_dram/u_mig7s_mig/u_ddr3_infrastructure/u_bufh_pll_clk3/O
                         net (fo=1, unplaced)         0.231    21.351    i_dram_wrapper/i_dram/u_mig7s_mig/u_ddr3_infrastructure/pll_clk3
    MMCME2_ADV_X1Y1      MMCME2_ADV (Prop_mmcme2_adv_CLKIN1_CLKFBOUT)
                                                     -0.488    20.863 r  i_dram_wrapper/i_dram/u_mig7s_mig/u_ddr3_infrastructure/gen_mmcm.mmcm_i/CLKFBOUT
                         net (fo=1, unplaced)         0.231    21.094    i_dram_wrapper/i_dram/u_mig7s_mig/u_ddr3_infrastructure/clk_pll_i
                         BUFG (Prop_bufg_I_O)         0.026    21.120 r  i_dram_wrapper/i_dram/u_mig7s_mig/u_ddr3_infrastructure/u_bufg_clkdiv0/O
                         net (fo=13430, unplaced)     0.098    21.218    i_dram_wrapper/i_dram/u_mig7s_mig/temp_mon_enabled.u_tempmon/CLK
                         FDRE                                         r  i_dram_wrapper/i_dram/u_mig7s_mig/temp_mon_enabled.u_tempmon/device_temp_sync_r1_reg[0]/C
                         clock pessimism              0.081    21.299    
                         clock uncertainty           -0.150    21.150    
                         FDRE (Setup_fdre_C_D)       -0.066    21.084    i_dram_wrapper/i_dram/u_mig7s_mig/temp_mon_enabled.u_tempmon/device_temp_sync_r1_reg[0]
  -------------------------------------------------------------------
                         required time                         21.084    
                         arrival time                          -1.265    
  -------------------------------------------------------------------
                         slack                                 19.818    





Min Delay Paths
--------------------------------------------------------------------------------------
Slack (VIOLATED) :        -1.212ns  (arrival time - required time)
  Source:                 i_dram_wrapper/i_dram/u_mig7s_mig/temp_mon_enabled.u_tempmon/xadc_supplied_temperature.temperature_reg[0]/C
                            (rising edge-triggered cell FDRE clocked by sys_clk  {rise@0.000ns fall@2.500ns period=5.000ns})
  Destination:            i_dram_wrapper/i_dram/u_mig7s_mig/temp_mon_enabled.u_tempmon/device_temp_sync_r1_reg[0]/D
                            (rising edge-triggered cell FDRE clocked by clk_pll_i  {rise@0.000ns fall@2.500ns period=5.000ns})
  Path Group:             clk_pll_i
  Path Type:              Hold (Min at Slow Process Corner)
  Requirement:            0.000ns  (clk_pll_i rise@0.000ns - sys_clk rise@0.000ns)
  Data Path Delay:        0.358ns  (logic 0.178ns (49.783%)  route 0.180ns (50.217%))
  Logic Levels:           0  
  Clock Path Skew:        1.375ns (DCD - SCD - CPR)
    Destination Clock Delay (DCD):    3.233ns
    Source Clock Delay      (SCD):    1.756ns
    Clock Pessimism Removal (CPR):    0.102ns
  Clock Uncertainty:      0.150ns  ((TSJ^2 + DJ^2)^1/2) / 2 + PE
    Total System Jitter     (TSJ):    0.071ns
    Discrete Jitter          (DJ):    0.076ns
    Phase Error              (PE):    0.098ns

    Location             Delay type                Incr(ns)  Path(ns)    Netlist Resource(s)
  -------------------------------------------------------------------    -------------------
                         (clock sys_clk rise edge)    0.000     0.000 r  
    AD12                                              0.000     0.000 r  sys_clk_p (IN)
                         net (fo=0)                   0.000     0.000    sys_clk_p
    AD12                 IBUFDS (Prop_ibufds_I_O)     0.803     0.803 r  i_bufds_sys_clk/O
                         net (fo=65, unplaced)        0.953     1.756    i_dram_wrapper/i_dram/u_mig7s_mig/temp_mon_enabled.u_tempmon/mmcm_clk
                         FDRE                                         r  i_dram_wrapper/i_dram/u_mig7s_mig/temp_mon_enabled.u_tempmon/xadc_supplied_temperature.temperature_reg[0]/C
  -------------------------------------------------------------------    -------------------
                         FDRE (Prop_fdre_C_Q)         0.178     1.934 r  i_dram_wrapper/i_dram/u_mig7s_mig/temp_mon_enabled.u_tempmon/xadc_supplied_temperature.temperature_reg[0]/Q
                         net (fo=1, unplaced)         0.180     2.114    i_dram_wrapper/i_dram/u_mig7s_mig/temp_mon_enabled.u_tempmon/device_temp_lcl[0]
                         FDRE                                         r  i_dram_wrapper/i_dram/u_mig7s_mig/temp_mon_enabled.u_tempmon/device_temp_sync_r1_reg[0]/D
  -------------------------------------------------------------------    -------------------

                         (clock clk_pll_i rise edge)
                                                      0.000     0.000 r  
    AD12                                              0.000     0.000 r  sys_clk_p (IN)
                         net (fo=0)                   0.000     0.000    sys_clk_p
    AD12                 IBUFDS (Prop_ibufds_I_O)     0.906     0.906 r  i_bufds_sys_clk/O
                         net (fo=65, estimated)       1.098     2.004    i_dram_wrapper/i_dram/u_mig7s_mig/u_ddr3_infrastructure/plle2_i_0
    PLLE2_ADV_X1Y1       PLLE2_ADV (Prop_plle2_adv_CLKIN1_CLKOUT3)
                                                      0.077     2.081 r  i_dram_wrapper/i_dram/u_mig7s_mig/u_ddr3_infrastructure/plle2_i/CLKOUT3
                         net (fo=1, unplaced)         0.584     2.665    i_dram_wrapper/i_dram/u_mig7s_mig/u_ddr3_infrastructure/pll_clk3_out
                         BUFH (Prop_bufh_I_O)         0.103     2.768 r  i_dram_wrapper/i_dram/u_mig7s_mig/u_ddr3_infrastructure/u_bufh_pll_clk3/O
                         net (fo=1, unplaced)         0.466     3.233    i_dram_wrapper/i_dram/u_mig7s_mig/u_ddr3_infrastructure/pll_clk3
    MMCME2_ADV_X1Y1      MMCME2_ADV (Prop_mmcme2_adv_CLKIN1_CLKFBOUT)
                                                     -1.024     2.209 r  i_dram_wrapper/i_dram/u_mig7s_mig/u_ddr3_infrastructure/gen_mmcm.mmcm_i/CLKFBOUT
                         net (fo=1, unplaced)         0.466     2.675    i_dram_wrapper/i_dram/u_mig7s_mig/u_ddr3_infrastructure/clk_pll_i
                         BUFG (Prop_bufg_I_O)         0.093     2.768 r  i_dram_wrapper/i_dram/u_mig7s_mig/u_ddr3_infrastructure/u_bufg_clkdiv0/O
                         net (fo=13430, unplaced)     0.466     3.233    i_dram_wrapper/i_dram/u_mig7s_mig/temp_mon_enabled.u_tempmon/CLK
                         FDRE                                         r  i_dram_wrapper/i_dram/u_mig7s_mig/temp_mon_enabled.u_tempmon/device_temp_sync_r1_reg[0]/C
                         clock pessimism             -0.102     3.131    
                         clock uncertainty            0.150     3.281    
                         FDRE (Hold_fdre_C_D)         0.045     3.326    i_dram_wrapper/i_dram/u_mig7s_mig/temp_mon_enabled.u_tempmon/device_temp_sync_r1_reg[0]
  -------------------------------------------------------------------
                         required time                         -3.326    
                         arrival time                           2.114    
  -------------------------------------------------------------------
                         slack                                 -1.212    





---------------------------------------------------------------------------------------------------
From Clock:  clk_50_clkwiz
  To Clock:  clk_pll_i

Setup :            0  Failing Endpoints,  Worst Slack        3.512ns,  Total Violation        0.000ns
Hold  :           NA  Failing Endpoints,  Worst Slack           NA  ,  Total Violation           NA
---------------------------------------------------------------------------------------------------


Max Delay Paths
--------------------------------------------------------------------------------------
Slack (MET) :             3.512ns  (required time - arrival time)
  Source:                 i_dram_wrapper/gen_cdc.i_axi_cdc_mig/i_axi_cdc_src/i_cdc_fifo_gray_src_ar/gen_word[23].data_q_reg[23][addr][0]/C
                            (rising edge-triggered cell FDRE clocked by clk_50_clkwiz  {rise@0.000ns fall@10.000ns period=20.000ns})
  Destination:            i_dram_wrapper/gen_cdc.i_axi_cdc_mig/i_axi_cdc_dst/i_cdc_fifo_gray_dst_ar/i_spill_register/spill_register_flushable_i/gen_spill_reg.a_data_q_reg[addr][0]/D
                            (rising edge-triggered cell FDCE clocked by clk_pll_i  {rise@0.000ns fall@2.500ns period=5.000ns})
  Path Group:             clk_pll_i
  Path Type:              Setup (Max at Slow Process Corner)
  Requirement:            5.000ns  (MaxDelay Path 5.000ns)
  Data Path Delay:        1.524ns  (logic 0.590ns (38.714%)  route 0.934ns (61.286%))
  Logic Levels:           3  (LUT6=2 MUXF7=1)
  Timing Exception:       MaxDelay Path 5.000ns -datapath_only

    Location             Delay type                Incr(ns)  Path(ns)    Netlist Resource(s)
  -------------------------------------------------------------------    -------------------
                                                      0.000     0.000 r  i_dram_wrapper/gen_cdc.i_axi_cdc_mig/i_axi_cdc_src/i_cdc_fifo_gray_src_ar/gen_word[23].data_q_reg[23][addr][0]/C
                         FDRE (Prop_fdre_C_Q)         0.223     0.223 r  i_dram_wrapper/gen_cdc.i_axi_cdc_mig/i_axi_cdc_src/i_cdc_fifo_gray_src_ar/gen_word[23].data_q_reg[23][addr][0]/Q
                         net (fo=1, unplaced)         0.527     0.750    i_dram_wrapper/gen_cdc.i_axi_cdc_mig/i_axi_cdc_src/i_cdc_fifo_gray_src_ar/async_data_ar_data[23][addr][0]
                         LUT6 (Prop_lut6_I0_O)        0.123     0.873 r  i_dram_wrapper/gen_cdc.i_axi_cdc_mig/i_axi_cdc_src/i_cdc_fifo_gray_src_ar/gen_spill_reg.a_data_q[addr][0]_i_9__0/O
                         net (fo=1, unplaced)         0.000     0.873    i_dram_wrapper/gen_cdc.i_axi_cdc_mig/i_axi_cdc_src/i_cdc_fifo_gray_src_ar/gen_spill_reg.a_data_q[addr][0]_i_9__0_n_0
                         MUXF7 (Prop_muxf7_I1_O)      0.122     0.995 r  i_dram_wrapper/gen_cdc.i_axi_cdc_mig/i_axi_cdc_src/i_cdc_fifo_gray_src_ar/gen_spill_reg.a_data_q_reg[addr][0]_i_3__0/O
                         net (fo=1, unplaced)         0.407     1.402    i_dram_wrapper/gen_cdc.i_axi_cdc_mig/i_axi_cdc_src/i_cdc_fifo_gray_src_ar/gen_spill_reg.a_data_q_reg[addr][0]_i_3__0_n_0
                         LUT6 (Prop_lut6_I1_O)        0.122     1.524 r  i_dram_wrapper/gen_cdc.i_axi_cdc_mig/i_axi_cdc_src/i_cdc_fifo_gray_src_ar/gen_spill_reg.a_data_q[addr][0]_i_1__19/O
                         net (fo=1, unplaced)         0.000     1.524    i_dram_wrapper/gen_cdc.i_axi_cdc_mig/i_axi_cdc_dst/i_cdc_fifo_gray_dst_ar/i_spill_register/spill_register_flushable_i/gen_spill_reg.a_data_q_reg[addr][29]_0[0]
                         FDCE                                         r  i_dram_wrapper/gen_cdc.i_axi_cdc_mig/i_axi_cdc_dst/i_cdc_fifo_gray_dst_ar/i_spill_register/spill_register_flushable_i/gen_spill_reg.a_data_q_reg[addr][0]/D
  -------------------------------------------------------------------    -------------------

                         max delay                    5.000     5.000    
                         FDCE (Setup_fdce_C_D)        0.036     5.036    i_dram_wrapper/gen_cdc.i_axi_cdc_mig/i_axi_cdc_dst/i_cdc_fifo_gray_dst_ar/i_spill_register/spill_register_flushable_i/gen_spill_reg.a_data_q_reg[addr][0]
  -------------------------------------------------------------------
                         required time                          5.036    
                         arrival time                          -1.524    
  -------------------------------------------------------------------
                         slack                                  3.512    





---------------------------------------------------------------------------------------------------
From Clock:  mmcm_ps_clk_bufg_in
  To Clock:  clk_pll_i

Setup :            0  Failing Endpoints,  Worst Slack        3.722ns,  Total Violation        0.000ns
Hold  :            1  Failing Endpoint ,  Worst Slack       -0.155ns,  Total Violation       -0.155ns
---------------------------------------------------------------------------------------------------


Max Delay Paths
--------------------------------------------------------------------------------------
Slack (MET) :             3.722ns  (required time - arrival time)
  Source:                 i_dram_wrapper/i_dram/u_mig7s_mig/u_memc_ui_top_axi/mem_intfc0/ddr_phy_top0/u_ddr_mc_phy_wrapper/gen_dqs_iobuf_HP.gen_dqs_iobuf[0].gen_dqs_diff.u_iddr_edge_det/u_phase_detector/C
                            (rising edge-triggered cell IDDR clocked by mmcm_ps_clk_bufg_in  {rise@0.000ns fall@5.000ns period=10.000ns})
  Destination:            i_dram_wrapper/i_dram/u_mig7s_mig/u_memc_ui_top_axi/mem_intfc0/ddr_phy_top0/u_ddr_mc_phy_wrapper/gen_dqs_iobuf_HP.gen_dqs_iobuf[0].gen_dqs_diff.u_iddr_edge_det/no_eXes.pos_edge_samp_reg/D
                            (rising edge-triggered cell FDRE clocked by clk_pll_i  {rise@0.000ns fall@2.500ns period=5.000ns})
  Path Group:             clk_pll_i
  Path Type:              Setup (Max at Slow Process Corner)
  Requirement:            5.000ns  (clk_pll_i rise@5.000ns - mmcm_ps_clk_bufg_in rise@0.000ns)
  Data Path Delay:        0.858ns  (logic 0.392ns (45.707%)  route 0.466ns (54.293%))
  Logic Levels:           0  
  Clock Path Skew:        -0.178ns (DCD - SCD + CPR)
    Destination Clock Delay (DCD):    2.745ns = ( 7.745 - 5.000 ) 
    Source Clock Delay      (SCD):    3.233ns
    Clock Pessimism Removal (CPR):    0.310ns
  Clock Uncertainty:      0.187ns  ((TSJ^2 + DJ^2)^1/2) / 2 + PE
    Total System Jitter     (TSJ):    0.071ns
    Discrete Jitter          (DJ):    0.114ns
    Phase Error              (PE):    0.120ns

    Location             Delay type                Incr(ns)  Path(ns)    Netlist Resource(s)
  -------------------------------------------------------------------    -------------------
                         (clock mmcm_ps_clk_bufg_in rise edge)
                                                      0.000     0.000 r  
    AD12                                              0.000     0.000 r  sys_clk_p (IN)
                         net (fo=0)                   0.000     0.000    sys_clk_p
    AD12                 IBUFDS (Prop_ibufds_I_O)     0.906     0.906 r  i_bufds_sys_clk/O
                         net (fo=65, estimated)       1.098     2.004    i_dram_wrapper/i_dram/u_mig7s_mig/u_ddr3_infrastructure/plle2_i_0
    PLLE2_ADV_X1Y1       PLLE2_ADV (Prop_plle2_adv_CLKIN1_CLKOUT3)
                                                      0.077     2.081 r  i_dram_wrapper/i_dram/u_mig7s_mig/u_ddr3_infrastructure/plle2_i/CLKOUT3
                         net (fo=1, unplaced)         0.584     2.665    i_dram_wrapper/i_dram/u_mig7s_mig/u_ddr3_infrastructure/pll_clk3_out
                         BUFH (Prop_bufh_I_O)         0.103     2.768 r  i_dram_wrapper/i_dram/u_mig7s_mig/u_ddr3_infrastructure/u_bufh_pll_clk3/O
                         net (fo=1, unplaced)         0.466     3.233    i_dram_wrapper/i_dram/u_mig7s_mig/u_ddr3_infrastructure/pll_clk3
    MMCME2_ADV_X1Y1      MMCME2_ADV (Prop_mmcme2_adv_CLKIN1_CLKOUT0)
                                                     -1.024     2.209 r  i_dram_wrapper/i_dram/u_mig7s_mig/u_ddr3_infrastructure/gen_mmcm.mmcm_i/CLKOUT0
                         net (fo=1, unplaced)         0.466     2.675    i_dram_wrapper/i_dram/u_mig7s_mig/u_ddr3_infrastructure/mmcm_ps_clk_bufg_in
                         BUFG (Prop_bufg_I_O)         0.093     2.768 r  i_dram_wrapper/i_dram/u_mig7s_mig/u_ddr3_infrastructure/gen_mmcm.u_bufg_mmcm_ps_clk/O
                         net (fo=18, unplaced)        0.466     3.233    i_dram_wrapper/i_dram/u_mig7s_mig/u_memc_ui_top_axi/mem_intfc0/ddr_phy_top0/u_ddr_mc_phy_wrapper/gen_dqs_iobuf_HP.gen_dqs_iobuf[0].gen_dqs_diff.u_iddr_edge_det/mmcm_ps_clk
    ILOGIC_X1Y143        IDDR                                         r  i_dram_wrapper/i_dram/u_mig7s_mig/u_memc_ui_top_axi/mem_intfc0/ddr_phy_top0/u_ddr_mc_phy_wrapper/gen_dqs_iobuf_HP.gen_dqs_iobuf[0].gen_dqs_diff.u_iddr_edge_det/u_phase_detector/C
  -------------------------------------------------------------------    -------------------
    ILOGIC_X1Y143        IDDR (Prop_iddr_C_Q1)        0.392     3.625 r  i_dram_wrapper/i_dram/u_mig7s_mig/u_memc_ui_top_axi/mem_intfc0/ddr_phy_top0/u_ddr_mc_phy_wrapper/gen_dqs_iobuf_HP.gen_dqs_iobuf[0].gen_dqs_diff.u_iddr_edge_det/u_phase_detector/Q1
                         net (fo=1, unplaced)         0.466     4.091    i_dram_wrapper/i_dram/u_mig7s_mig/u_memc_ui_top_axi/mem_intfc0/ddr_phy_top0/u_ddr_mc_phy_wrapper/gen_dqs_iobuf_HP.gen_dqs_iobuf[0].gen_dqs_diff.u_iddr_edge_det/q1
                         FDRE                                         r  i_dram_wrapper/i_dram/u_mig7s_mig/u_memc_ui_top_axi/mem_intfc0/ddr_phy_top0/u_ddr_mc_phy_wrapper/gen_dqs_iobuf_HP.gen_dqs_iobuf[0].gen_dqs_diff.u_iddr_edge_det/no_eXes.pos_edge_samp_reg/D
  -------------------------------------------------------------------    -------------------

                         (clock clk_pll_i rise edge)
                                                      5.000     5.000 r  
    AD12                                              0.000     5.000 r  sys_clk_p (IN)
                         net (fo=0)                   0.000     5.000    sys_clk_p
    AD12                 IBUFDS (Prop_ibufds_I_O)     0.803     5.803 r  i_bufds_sys_clk/O
                         net (fo=65, estimated)       1.043     6.847    i_dram_wrapper/i_dram/u_mig7s_mig/u_ddr3_infrastructure/plle2_i_0
    PLLE2_ADV_X1Y1       PLLE2_ADV (Prop_plle2_adv_CLKIN1_CLKOUT3)
                                                      0.073     6.920 r  i_dram_wrapper/i_dram/u_mig7s_mig/u_ddr3_infrastructure/plle2_i/CLKOUT3
                         net (fo=1, unplaced)         0.439     7.359    i_dram_wrapper/i_dram/u_mig7s_mig/u_ddr3_infrastructure/pll_clk3_out
                         BUFH (Prop_bufh_I_O)         0.066     7.425 r  i_dram_wrapper/i_dram/u_mig7s_mig/u_ddr3_infrastructure/u_bufh_pll_clk3/O
                         net (fo=1, unplaced)         0.442     7.867    i_dram_wrapper/i_dram/u_mig7s_mig/u_ddr3_infrastructure/pll_clk3
    MMCME2_ADV_X1Y1      MMCME2_ADV (Prop_mmcme2_adv_CLKIN1_CLKFBOUT)
                                                     -0.968     6.899 r  i_dram_wrapper/i_dram/u_mig7s_mig/u_ddr3_infrastructure/gen_mmcm.mmcm_i/CLKFBOUT
                         net (fo=1, unplaced)         0.442     7.342    i_dram_wrapper/i_dram/u_mig7s_mig/u_ddr3_infrastructure/clk_pll_i
                         BUFG (Prop_bufg_I_O)         0.083     7.425 r  i_dram_wrapper/i_dram/u_mig7s_mig/u_ddr3_infrastructure/u_bufg_clkdiv0/O
                         net (fo=13430, unplaced)     0.321     7.745    i_dram_wrapper/i_dram/u_mig7s_mig/u_memc_ui_top_axi/mem_intfc0/ddr_phy_top0/u_ddr_mc_phy_wrapper/gen_dqs_iobuf_HP.gen_dqs_iobuf[0].gen_dqs_diff.u_iddr_edge_det/CLK
                         FDRE                                         r  i_dram_wrapper/i_dram/u_mig7s_mig/u_memc_ui_top_axi/mem_intfc0/ddr_phy_top0/u_ddr_mc_phy_wrapper/gen_dqs_iobuf_HP.gen_dqs_iobuf[0].gen_dqs_diff.u_iddr_edge_det/no_eXes.pos_edge_samp_reg/C
                         clock pessimism              0.310     8.055    
                         clock uncertainty           -0.187     7.868    
                         FDRE (Setup_fdre_C_D)       -0.055     7.813    i_dram_wrapper/i_dram/u_mig7s_mig/u_memc_ui_top_axi/mem_intfc0/ddr_phy_top0/u_ddr_mc_phy_wrapper/gen_dqs_iobuf_HP.gen_dqs_iobuf[0].gen_dqs_diff.u_iddr_edge_det/no_eXes.pos_edge_samp_reg
  -------------------------------------------------------------------
                         required time                          7.813    
                         arrival time                          -4.091    
  -------------------------------------------------------------------
                         slack                                  3.722    





Min Delay Paths
--------------------------------------------------------------------------------------
Slack (VIOLATED) :        -0.155ns  (arrival time - required time)
  Source:                 i_dram_wrapper/i_dram/u_mig7s_mig/u_ddr3_infrastructure/first_rising_ps_clk_r_reg/C
                            (rising edge-triggered cell FDRE clocked by mmcm_ps_clk_bufg_in  {rise@0.000ns fall@5.000ns period=10.000ns})
  Destination:            i_dram_wrapper/i_dram/u_mig7s_mig/u_ddr3_infrastructure/mmcm_hi0_r_reg/D
                            (rising edge-triggered cell FDRE clocked by clk_pll_i  {rise@0.000ns fall@2.500ns period=5.000ns})
  Path Group:             clk_pll_i
  Path Type:              Hold (Min at Fast Process Corner)
  Requirement:            0.000ns  (clk_pll_i rise@0.000ns - mmcm_ps_clk_bufg_in rise@0.000ns)
  Data Path Delay:        0.259ns  (logic 0.164ns (63.389%)  route 0.095ns (36.611%))
  Logic Levels:           1  (LUT2=1)
  Clock Path Skew:        0.161ns (DCD - SCD - CPR)
    Destination Clock Delay (DCD):    1.643ns
    Source Clock Delay      (SCD):    1.218ns
    Clock Pessimism Removal (CPR):    0.264ns
  Clock Uncertainty:      0.187ns  ((TSJ^2 + DJ^2)^1/2) / 2 + PE
    Total System Jitter     (TSJ):    0.071ns
    Discrete Jitter          (DJ):    0.114ns
    Phase Error              (PE):    0.120ns

    Location             Delay type                Incr(ns)  Path(ns)    Netlist Resource(s)
  -------------------------------------------------------------------    -------------------
                         (clock mmcm_ps_clk_bufg_in rise edge)
                                                      0.000     0.000 r  
    AD12                                              0.000     0.000 r  sys_clk_p (IN)
                         net (fo=0)                   0.000     0.000    sys_clk_p
    AD12                 IBUFDS (Prop_ibufds_I_O)     0.388     0.388 r  i_bufds_sys_clk/O
                         net (fo=65, estimated)       0.545     0.933    i_dram_wrapper/i_dram/u_mig7s_mig/u_ddr3_infrastructure/plle2_i_0
    PLLE2_ADV_X1Y1       PLLE2_ADV (Prop_plle2_adv_CLKIN1_CLKOUT3)
                                                      0.050     0.983 r  i_dram_wrapper/i_dram/u_mig7s_mig/u_ddr3_infrastructure/plle2_i/CLKOUT3
                         net (fo=1, unplaced)         0.114     1.097    i_dram_wrapper/i_dram/u_mig7s_mig/u_ddr3_infrastructure/pll_clk3_out
                         BUFH (Prop_bufh_I_O)         0.023     1.120 r  i_dram_wrapper/i_dram/u_mig7s_mig/u_ddr3_infrastructure/u_bufh_pll_clk3/O
                         net (fo=1, unplaced)         0.231     1.351    i_dram_wrapper/i_dram/u_mig7s_mig/u_ddr3_infrastructure/pll_clk3
    MMCME2_ADV_X1Y1      MMCME2_ADV (Prop_mmcme2_adv_CLKIN1_CLKOUT0)
                                                     -0.488     0.863 r  i_dram_wrapper/i_dram/u_mig7s_mig/u_ddr3_infrastructure/gen_mmcm.mmcm_i/CLKOUT0
                         net (fo=1, unplaced)         0.231     1.094    i_dram_wrapper/i_dram/u_mig7s_mig/u_ddr3_infrastructure/mmcm_ps_clk_bufg_in
                         BUFG (Prop_bufg_I_O)         0.026     1.120 r  i_dram_wrapper/i_dram/u_mig7s_mig/u_ddr3_infrastructure/gen_mmcm.u_bufg_mmcm_ps_clk/O
                         net (fo=18, unplaced)        0.098     1.218    i_dram_wrapper/i_dram/u_mig7s_mig/u_ddr3_infrastructure/mmcm_ps_clk
                         FDRE                                         r  i_dram_wrapper/i_dram/u_mig7s_mig/u_ddr3_infrastructure/first_rising_ps_clk_r_reg/C
  -------------------------------------------------------------------    -------------------
                         FDRE (Prop_fdre_C_Q)         0.100     1.318 f  i_dram_wrapper/i_dram/u_mig7s_mig/u_ddr3_infrastructure/first_rising_ps_clk_r_reg/Q
                         net (fo=1, unplaced)         0.095     1.413    i_dram_wrapper/i_dram/u_mig7s_mig/u_ddr3_infrastructure/first_rising_ps_clk_r
                         LUT2 (Prop_lut2_I1_O)        0.064     1.477 r  i_dram_wrapper/i_dram/u_mig7s_mig/u_ddr3_infrastructure/mmcm_hi0_r_i_1/O
                         net (fo=1, unplaced)         0.000     1.477    i_dram_wrapper/i_dram/u_mig7s_mig/u_ddr3_infrastructure/mmcm_hi0_ns
                         FDRE                                         r  i_dram_wrapper/i_dram/u_mig7s_mig/u_ddr3_infrastructure/mmcm_hi0_r_reg/D
  -------------------------------------------------------------------    -------------------

                         (clock clk_pll_i rise edge)
                                                      0.000     0.000 r  
    AD12                                              0.000     0.000 r  sys_clk_p (IN)
                         net (fo=0)                   0.000     0.000    sys_clk_p
    AD12                 IBUFDS (Prop_ibufds_I_O)     0.470     0.470 r  i_bufds_sys_clk/O
                         net (fo=65, estimated)       0.573     1.043    i_dram_wrapper/i_dram/u_mig7s_mig/u_ddr3_infrastructure/plle2_i_0
    PLLE2_ADV_X1Y1       PLLE2_ADV (Prop_plle2_adv_CLKIN1_CLKOUT3)
                                                      0.053     1.096 r  i_dram_wrapper/i_dram/u_mig7s_mig/u_ddr3_infrastructure/plle2_i/CLKOUT3
                         net (fo=1, unplaced)         0.259     1.355    i_dram_wrapper/i_dram/u_mig7s_mig/u_ddr3_infrastructure/pll_clk3_out
                         BUFH (Prop_bufh_I_O)         0.045     1.400 r  i_dram_wrapper/i_dram/u_mig7s_mig/u_ddr3_infrastructure/u_bufh_pll_clk3/O
                         net (fo=1, unplaced)         0.243     1.643    i_dram_wrapper/i_dram/u_mig7s_mig/u_ddr3_infrastructure/pll_clk3
    MMCME2_ADV_X1Y1      MMCME2_ADV (Prop_mmcme2_adv_CLKIN1_CLKFBOUT)
                                                     -0.516     1.127 r  i_dram_wrapper/i_dram/u_mig7s_mig/u_ddr3_infrastructure/gen_mmcm.mmcm_i/CLKFBOUT
                         net (fo=1, unplaced)         0.243     1.370    i_dram_wrapper/i_dram/u_mig7s_mig/u_ddr3_infrastructure/clk_pll_i
                         BUFG (Prop_bufg_I_O)         0.030     1.400 r  i_dram_wrapper/i_dram/u_mig7s_mig/u_ddr3_infrastructure/u_bufg_clkdiv0/O
                         net (fo=13430, unplaced)     0.243     1.643    i_dram_wrapper/i_dram/u_mig7s_mig/u_ddr3_infrastructure/CLK
                         FDRE                                         r  i_dram_wrapper/i_dram/u_mig7s_mig/u_ddr3_infrastructure/mmcm_hi0_r_reg/C
                         clock pessimism             -0.264     1.379    
                         clock uncertainty            0.187     1.566    
                         FDRE (Hold_fdre_C_D)         0.065     1.631    i_dram_wrapper/i_dram/u_mig7s_mig/u_ddr3_infrastructure/mmcm_hi0_r_reg
  -------------------------------------------------------------------
                         required time                         -1.631    
                         arrival time                           1.477    
  -------------------------------------------------------------------
                         slack                                 -0.155    





---------------------------------------------------------------------------------------------------
From Clock:  clk_pll_i
  To Clock:  mmcm_ps_clk_bufg_in

Setup :            0  Failing Endpoints,  Worst Slack        3.743ns,  Total Violation        0.000ns
Hold  :            0  Failing Endpoints,  Worst Slack        0.046ns,  Total Violation        0.000ns
---------------------------------------------------------------------------------------------------


Max Delay Paths
--------------------------------------------------------------------------------------
Slack (MET) :             3.743ns  (required time - arrival time)
  Source:                 i_dram_wrapper/i_dram/u_mig7s_mig/u_ddr3_infrastructure/rstdiv0_sync_r1_reg_rep__26/C
                            (rising edge-triggered cell FDPE clocked by clk_pll_i  {rise@0.000ns fall@2.500ns period=5.000ns})
  Destination:            i_dram_wrapper/i_dram/u_mig7s_mig/u_ddr3_infrastructure/first_rising_ps_clk_r_reg/D
                            (rising edge-triggered cell FDRE clocked by mmcm_ps_clk_bufg_in  {rise@0.000ns fall@5.000ns period=10.000ns})
  Path Group:             mmcm_ps_clk_bufg_in
  Path Type:              Setup (Max at Slow Process Corner)
  Requirement:            5.000ns  (mmcm_ps_clk_bufg_in rise@10.000ns - clk_pll_i rise@5.000ns)
  Data Path Delay:        0.928ns  (logic 0.389ns (41.918%)  route 0.539ns (58.082%))
  Logic Levels:           2  (LUT1=2)
  Clock Path Skew:        -0.178ns (DCD - SCD + CPR)
    Destination Clock Delay (DCD):    2.745ns = ( 12.745 - 10.000 ) 
    Source Clock Delay      (SCD):    3.233ns = ( 8.233 - 5.000 ) 
    Clock Pessimism Removal (CPR):    0.310ns
  Clock Uncertainty:      0.187ns  ((TSJ^2 + DJ^2)^1/2) / 2 + PE
    Total System Jitter     (TSJ):    0.071ns
    Discrete Jitter          (DJ):    0.114ns
    Phase Error              (PE):    0.120ns

    Location             Delay type                Incr(ns)  Path(ns)    Netlist Resource(s)
  -------------------------------------------------------------------    -------------------
                         (clock clk_pll_i rise edge)
                                                      5.000     5.000 r  
    AD12                                              0.000     5.000 r  sys_clk_p (IN)
                         net (fo=0)                   0.000     5.000    sys_clk_p
    AD12                 IBUFDS (Prop_ibufds_I_O)     0.906     5.906 r  i_bufds_sys_clk/O
                         net (fo=65, estimated)       1.098     7.004    i_dram_wrapper/i_dram/u_mig7s_mig/u_ddr3_infrastructure/plle2_i_0
    PLLE2_ADV_X1Y1       PLLE2_ADV (Prop_plle2_adv_CLKIN1_CLKOUT3)
                                                      0.077     7.081 r  i_dram_wrapper/i_dram/u_mig7s_mig/u_ddr3_infrastructure/plle2_i/CLKOUT3
                         net (fo=1, unplaced)         0.584     7.665    i_dram_wrapper/i_dram/u_mig7s_mig/u_ddr3_infrastructure/pll_clk3_out
                         BUFH (Prop_bufh_I_O)         0.103     7.768 r  i_dram_wrapper/i_dram/u_mig7s_mig/u_ddr3_infrastructure/u_bufh_pll_clk3/O
                         net (fo=1, unplaced)         0.466     8.233    i_dram_wrapper/i_dram/u_mig7s_mig/u_ddr3_infrastructure/pll_clk3
    MMCME2_ADV_X1Y1      MMCME2_ADV (Prop_mmcme2_adv_CLKIN1_CLKFBOUT)
                                                     -1.024     7.209 r  i_dram_wrapper/i_dram/u_mig7s_mig/u_ddr3_infrastructure/gen_mmcm.mmcm_i/CLKFBOUT
                         net (fo=1, unplaced)         0.466     7.675    i_dram_wrapper/i_dram/u_mig7s_mig/u_ddr3_infrastructure/clk_pll_i
                         BUFG (Prop_bufg_I_O)         0.093     7.768 r  i_dram_wrapper/i_dram/u_mig7s_mig/u_ddr3_infrastructure/u_bufg_clkdiv0/O
                         net (fo=13430, unplaced)     0.466     8.233    i_dram_wrapper/i_dram/u_mig7s_mig/u_ddr3_infrastructure/CLK
                         FDPE                                         r  i_dram_wrapper/i_dram/u_mig7s_mig/u_ddr3_infrastructure/rstdiv0_sync_r1_reg_rep__26/C
  -------------------------------------------------------------------    -------------------
                         FDPE (Prop_fdpe_C_Q)         0.223     8.456 f  i_dram_wrapper/i_dram/u_mig7s_mig/u_ddr3_infrastructure/rstdiv0_sync_r1_reg_rep__26/Q
                         net (fo=1, unplaced)         0.191     8.647    i_dram_wrapper/i_dram/u_mig7s_mig/u_ddr3_infrastructure/rstdiv0_sync_r1_reg_rep__26_n_0
                         LUT1 (Prop_lut1_I0_O)        0.123     8.770 f  i_dram_wrapper/i_dram/u_mig7s_mig/u_ddr3_infrastructure/rstdiv0_sync_r1_inst_rep__25/O
                         net (fo=42, unplaced)        0.348     9.118    i_dram_wrapper/i_dram/u_mig7s_mig/u_ddr3_infrastructure/rstdiv0_sync_r1_reg_rep__26_0
                         LUT1 (Prop_lut1_I0_O)        0.043     9.161 r  i_dram_wrapper/i_dram/u_mig7s_mig/u_ddr3_infrastructure/first_rising_ps_clk_r_i_1/O
                         net (fo=1, unplaced)         0.000     9.161    i_dram_wrapper/i_dram/u_mig7s_mig/u_ddr3_infrastructure/first_rising_ps_clk_ns
                         FDRE                                         r  i_dram_wrapper/i_dram/u_mig7s_mig/u_ddr3_infrastructure/first_rising_ps_clk_r_reg/D
  -------------------------------------------------------------------    -------------------

                         (clock mmcm_ps_clk_bufg_in rise edge)
                                                     10.000    10.000 r  
    AD12                                              0.000    10.000 r  sys_clk_p (IN)
                         net (fo=0)                   0.000    10.000    sys_clk_p
    AD12                 IBUFDS (Prop_ibufds_I_O)     0.803    10.803 r  i_bufds_sys_clk/O
                         net (fo=65, estimated)       1.043    11.847    i_dram_wrapper/i_dram/u_mig7s_mig/u_ddr3_infrastructure/plle2_i_0
    PLLE2_ADV_X1Y1       PLLE2_ADV (Prop_plle2_adv_CLKIN1_CLKOUT3)
                                                      0.073    11.920 r  i_dram_wrapper/i_dram/u_mig7s_mig/u_ddr3_infrastructure/plle2_i/CLKOUT3
                         net (fo=1, unplaced)         0.439    12.359    i_dram_wrapper/i_dram/u_mig7s_mig/u_ddr3_infrastructure/pll_clk3_out
                         BUFH (Prop_bufh_I_O)         0.066    12.425 r  i_dram_wrapper/i_dram/u_mig7s_mig/u_ddr3_infrastructure/u_bufh_pll_clk3/O
                         net (fo=1, unplaced)         0.442    12.867    i_dram_wrapper/i_dram/u_mig7s_mig/u_ddr3_infrastructure/pll_clk3
    MMCME2_ADV_X1Y1      MMCME2_ADV (Prop_mmcme2_adv_CLKIN1_CLKOUT0)
                                                     -0.968    11.899 r  i_dram_wrapper/i_dram/u_mig7s_mig/u_ddr3_infrastructure/gen_mmcm.mmcm_i/CLKOUT0
                         net (fo=1, unplaced)         0.442    12.342    i_dram_wrapper/i_dram/u_mig7s_mig/u_ddr3_infrastructure/mmcm_ps_clk_bufg_in
                         BUFG (Prop_bufg_I_O)         0.083    12.425 r  i_dram_wrapper/i_dram/u_mig7s_mig/u_ddr3_infrastructure/gen_mmcm.u_bufg_mmcm_ps_clk/O
                         net (fo=18, unplaced)        0.321    12.745    i_dram_wrapper/i_dram/u_mig7s_mig/u_ddr3_infrastructure/mmcm_ps_clk
                         FDRE                                         r  i_dram_wrapper/i_dram/u_mig7s_mig/u_ddr3_infrastructure/first_rising_ps_clk_r_reg/C
                         clock pessimism              0.310    13.055    
                         clock uncertainty           -0.187    12.868    
                         FDRE (Setup_fdre_C_D)        0.036    12.904    i_dram_wrapper/i_dram/u_mig7s_mig/u_ddr3_infrastructure/first_rising_ps_clk_r_reg
  -------------------------------------------------------------------
                         required time                         12.904    
                         arrival time                          -9.161    
  -------------------------------------------------------------------
                         slack                                  3.743    





Min Delay Paths
--------------------------------------------------------------------------------------
Slack (MET) :             0.046ns  (arrival time - required time)
  Source:                 i_dram_wrapper/i_dram/u_mig7s_mig/u_ddr3_infrastructure/rstdiv0_sync_r1_reg_rep__26/C
                            (rising edge-triggered cell FDPE clocked by clk_pll_i  {rise@0.000ns fall@2.500ns period=5.000ns})
  Destination:            i_dram_wrapper/i_dram/u_mig7s_mig/u_ddr3_infrastructure/first_rising_ps_clk_r_reg/D
                            (rising edge-triggered cell FDRE clocked by mmcm_ps_clk_bufg_in  {rise@0.000ns fall@5.000ns period=10.000ns})
  Path Group:             mmcm_ps_clk_bufg_in
  Path Type:              Hold (Min at Fast Process Corner)
  Requirement:            0.000ns  (mmcm_ps_clk_bufg_in rise@0.000ns - clk_pll_i rise@0.000ns)
  Data Path Delay:        0.459ns  (logic 0.192ns (41.803%)  route 0.267ns (58.197%))
  Logic Levels:           2  (LUT1=2)
  Clock Path Skew:        0.161ns (DCD - SCD - CPR)
    Destination Clock Delay (DCD):    1.643ns
    Source Clock Delay      (SCD):    1.218ns
    Clock Pessimism Removal (CPR):    0.264ns
  Clock Uncertainty:      0.187ns  ((TSJ^2 + DJ^2)^1/2) / 2 + PE
    Total System Jitter     (TSJ):    0.071ns
    Discrete Jitter          (DJ):    0.114ns
    Phase Error              (PE):    0.120ns

    Location             Delay type                Incr(ns)  Path(ns)    Netlist Resource(s)
  -------------------------------------------------------------------    -------------------
                         (clock clk_pll_i rise edge)
                                                      0.000     0.000 r  
    AD12                                              0.000     0.000 r  sys_clk_p (IN)
                         net (fo=0)                   0.000     0.000    sys_clk_p
    AD12                 IBUFDS (Prop_ibufds_I_O)     0.388     0.388 r  i_bufds_sys_clk/O
                         net (fo=65, estimated)       0.545     0.933    i_dram_wrapper/i_dram/u_mig7s_mig/u_ddr3_infrastructure/plle2_i_0
    PLLE2_ADV_X1Y1       PLLE2_ADV (Prop_plle2_adv_CLKIN1_CLKOUT3)
                                                      0.050     0.983 r  i_dram_wrapper/i_dram/u_mig7s_mig/u_ddr3_infrastructure/plle2_i/CLKOUT3
                         net (fo=1, unplaced)         0.114     1.097    i_dram_wrapper/i_dram/u_mig7s_mig/u_ddr3_infrastructure/pll_clk3_out
                         BUFH (Prop_bufh_I_O)         0.023     1.120 r  i_dram_wrapper/i_dram/u_mig7s_mig/u_ddr3_infrastructure/u_bufh_pll_clk3/O
                         net (fo=1, unplaced)         0.231     1.351    i_dram_wrapper/i_dram/u_mig7s_mig/u_ddr3_infrastructure/pll_clk3
    MMCME2_ADV_X1Y1      MMCME2_ADV (Prop_mmcme2_adv_CLKIN1_CLKFBOUT)
                                                     -0.488     0.863 r  i_dram_wrapper/i_dram/u_mig7s_mig/u_ddr3_infrastructure/gen_mmcm.mmcm_i/CLKFBOUT
                         net (fo=1, unplaced)         0.231     1.094    i_dram_wrapper/i_dram/u_mig7s_mig/u_ddr3_infrastructure/clk_pll_i
                         BUFG (Prop_bufg_I_O)         0.026     1.120 r  i_dram_wrapper/i_dram/u_mig7s_mig/u_ddr3_infrastructure/u_bufg_clkdiv0/O
                         net (fo=13430, unplaced)     0.098     1.218    i_dram_wrapper/i_dram/u_mig7s_mig/u_ddr3_infrastructure/CLK
                         FDPE                                         r  i_dram_wrapper/i_dram/u_mig7s_mig/u_ddr3_infrastructure/rstdiv0_sync_r1_reg_rep__26/C
  -------------------------------------------------------------------    -------------------
                         FDPE (Prop_fdpe_C_Q)         0.100     1.318 f  i_dram_wrapper/i_dram/u_mig7s_mig/u_ddr3_infrastructure/rstdiv0_sync_r1_reg_rep__26/Q
                         net (fo=1, unplaced)         0.095     1.413    i_dram_wrapper/i_dram/u_mig7s_mig/u_ddr3_infrastructure/rstdiv0_sync_r1_reg_rep__26_n_0
                         LUT1 (Prop_lut1_I0_O)        0.064     1.477 f  i_dram_wrapper/i_dram/u_mig7s_mig/u_ddr3_infrastructure/rstdiv0_sync_r1_inst_rep__25/O
                         net (fo=42, unplaced)        0.173     1.649    i_dram_wrapper/i_dram/u_mig7s_mig/u_ddr3_infrastructure/rstdiv0_sync_r1_reg_rep__26_0
                         LUT1 (Prop_lut1_I0_O)        0.028     1.677 r  i_dram_wrapper/i_dram/u_mig7s_mig/u_ddr3_infrastructure/first_rising_ps_clk_r_i_1/O
                         net (fo=1, unplaced)         0.000     1.677    i_dram_wrapper/i_dram/u_mig7s_mig/u_ddr3_infrastructure/first_rising_ps_clk_ns
                         FDRE                                         r  i_dram_wrapper/i_dram/u_mig7s_mig/u_ddr3_infrastructure/first_rising_ps_clk_r_reg/D
  -------------------------------------------------------------------    -------------------

                         (clock mmcm_ps_clk_bufg_in rise edge)
                                                      0.000     0.000 r  
    AD12                                              0.000     0.000 r  sys_clk_p (IN)
                         net (fo=0)                   0.000     0.000    sys_clk_p
    AD12                 IBUFDS (Prop_ibufds_I_O)     0.470     0.470 r  i_bufds_sys_clk/O
                         net (fo=65, estimated)       0.573     1.043    i_dram_wrapper/i_dram/u_mig7s_mig/u_ddr3_infrastructure/plle2_i_0
    PLLE2_ADV_X1Y1       PLLE2_ADV (Prop_plle2_adv_CLKIN1_CLKOUT3)
                                                      0.053     1.096 r  i_dram_wrapper/i_dram/u_mig7s_mig/u_ddr3_infrastructure/plle2_i/CLKOUT3
                         net (fo=1, unplaced)         0.259     1.355    i_dram_wrapper/i_dram/u_mig7s_mig/u_ddr3_infrastructure/pll_clk3_out
                         BUFH (Prop_bufh_I_O)         0.045     1.400 r  i_dram_wrapper/i_dram/u_mig7s_mig/u_ddr3_infrastructure/u_bufh_pll_clk3/O
                         net (fo=1, unplaced)         0.243     1.643    i_dram_wrapper/i_dram/u_mig7s_mig/u_ddr3_infrastructure/pll_clk3
    MMCME2_ADV_X1Y1      MMCME2_ADV (Prop_mmcme2_adv_CLKIN1_CLKOUT0)
                                                     -0.516     1.127 r  i_dram_wrapper/i_dram/u_mig7s_mig/u_ddr3_infrastructure/gen_mmcm.mmcm_i/CLKOUT0
                         net (fo=1, unplaced)         0.243     1.370    i_dram_wrapper/i_dram/u_mig7s_mig/u_ddr3_infrastructure/mmcm_ps_clk_bufg_in
                         BUFG (Prop_bufg_I_O)         0.030     1.400 r  i_dram_wrapper/i_dram/u_mig7s_mig/u_ddr3_infrastructure/gen_mmcm.u_bufg_mmcm_ps_clk/O
                         net (fo=18, unplaced)        0.243     1.643    i_dram_wrapper/i_dram/u_mig7s_mig/u_ddr3_infrastructure/mmcm_ps_clk
                         FDRE                                         r  i_dram_wrapper/i_dram/u_mig7s_mig/u_ddr3_infrastructure/first_rising_ps_clk_r_reg/C
                         clock pessimism             -0.264     1.379    
                         clock uncertainty            0.187     1.566    
                         FDRE (Hold_fdre_C_D)         0.065     1.631    i_dram_wrapper/i_dram/u_mig7s_mig/u_ddr3_infrastructure/first_rising_ps_clk_r_reg
  -------------------------------------------------------------------
                         required time                         -1.631    
                         arrival time                           1.677    
  -------------------------------------------------------------------
                         slack                                  0.046    





---------------------------------------------------------------------------------------------------
Path Group:  **async_default**
From Clock:  clk_50_clkwiz
  To Clock:  clk_50_clkwiz

Setup :            0  Failing Endpoints,  Worst Slack       17.228ns,  Total Violation        0.000ns
Hold  :            0  Failing Endpoints,  Worst Slack        0.235ns,  Total Violation        0.000ns
---------------------------------------------------------------------------------------------------


Max Delay Paths
--------------------------------------------------------------------------------------
Slack (MET) :             17.228ns  (required time - arrival time)
  Source:                 i_rstgen/i_rstgen_bypass/synch_regs_q_reg[3]/C
                            (rising edge-triggered cell FDCE clocked by clk_50_clkwiz  {rise@0.000ns fall@10.000ns period=20.000ns})
  Destination:            counter_q_reg[0]/CLR
                            (recovery check against rising-edge clock clk_50_clkwiz  {rise@0.000ns fall@10.000ns period=20.000ns})
  Path Group:             **async_default**
  Path Type:              Recovery (Max at Slow Process Corner)
  Requirement:            20.000ns  (clk_50_clkwiz rise@20.000ns - clk_50_clkwiz rise@0.000ns)
  Data Path Delay:        2.343ns  (logic 0.442ns (18.865%)  route 1.901ns (81.135%))
  Logic Levels:           2  (BUFGCTRL=1 LUT1=1)
  Clock Path Skew:        -0.145ns (DCD - SCD + CPR)
    Destination Clock Delay (DCD):    -1.567ns = ( 18.433 - 20.000 ) 
    Source Clock Delay      (SCD):    -2.069ns
    Clock Pessimism Removal (CPR):    -0.648ns
  Clock Uncertainty:      0.070ns  ((TSJ^2 + DJ^2)^1/2) / 2 + PE
    Total System Jitter     (TSJ):    0.071ns
    Discrete Jitter          (DJ):    0.121ns
    Phase Error              (PE):    0.000ns

    Location             Delay type                Incr(ns)  Path(ns)    Netlist Resource(s)
  -------------------------------------------------------------------    -------------------
                         (clock clk_50_clkwiz rise edge)
                                                      0.000     0.000 r  
    AD12                                              0.000     0.000 r  sys_clk_p (IN)
                         net (fo=0)                   0.000     0.000    sys_clk_p
    AD12                 IBUFDS (Prop_ibufds_I_O)     0.906     0.906 r  i_bufds_sys_clk/O
                         net (fo=65, unplaced)        1.098     2.004    i_clkwiz/inst/clk_in1
                         MMCME2_ADV (Prop_mmcme2_adv_CLKIN1_CLKOUT0)
                                                     -5.216    -3.212 r  i_clkwiz/inst/mmcm_adv_inst/CLKOUT0
                         net (fo=1, unplaced)         0.466    -2.746    i_clkwiz/inst/clk_50_clkwiz
                         BUFG (Prop_bufg_I_O)         0.093    -2.653 r  i_clkwiz/inst/clkout1_buf/O
                         net (fo=86229, unplaced)     0.584    -2.069    i_rstgen/i_rstgen_bypass/CLK
                         FDCE                                         r  i_rstgen/i_rstgen_bypass/synch_regs_q_reg[3]/C
  -------------------------------------------------------------------    -------------------
                         FDCE (Prop_fdce_C_Q)         0.223    -1.846 r  i_rstgen/i_rstgen_bypass/synch_regs_q_reg[3]/Q
                         net (fo=2, unplaced)         0.584    -1.262    i_rstgen/i_rstgen_bypass/i_tc_clk_mux2_rst_no/Q[0]
                         BUFGCTRL (Prop_bufgctrl_I0_O)
                                                      0.176    -1.086 r  i_rstgen/i_rstgen_bypass/i_tc_clk_mux2_rst_no/i_BUFGMUX/O
                         net (fo=110, unplaced)       0.584    -0.502    i_rstgen/i_rstgen_bypass/i_tc_clk_mux2_rst_no/rst_ni
                         LUT1 (Prop_lut1_I0_O)        0.043    -0.459 f  i_rstgen/i_rstgen_bypass/i_tc_clk_mux2_rst_no/gen_ht_ffs[0].head_tail_q[0][id][3]_i_3/O
                         net (fo=54057, unplaced)     0.733     0.274    i_rstgen_n_1
                         FDCE                                         f  counter_q_reg[0]/CLR
  -------------------------------------------------------------------    -------------------

                         (clock clk_50_clkwiz rise edge)
                                                     20.000    20.000 r  
    AD12                                              0.000    20.000 r  sys_clk_p (IN)
                         net (fo=0)                   0.000    20.000    sys_clk_p
    AD12                 IBUFDS (Prop_ibufds_I_O)     0.803    20.803 r  i_bufds_sys_clk/O
                         net (fo=65, unplaced)        0.953    21.756    i_clkwiz/inst/clk_in1
                         MMCME2_ADV (Prop_mmcme2_adv_CLKIN1_CLKOUT0)
                                                     -4.287    17.469 r  i_clkwiz/inst/mmcm_adv_inst/CLKOUT0
                         net (fo=1, unplaced)         0.442    17.911    i_clkwiz/inst/clk_50_clkwiz
                         BUFG (Prop_bufg_I_O)         0.083    17.994 r  i_clkwiz/inst/clkout1_buf/O
                         net (fo=86229, unplaced)     0.439    18.433    soc_clk
                         FDCE                                         r  counter_q_reg[0]/C
                         clock pessimism             -0.648    17.786    
                         clock uncertainty           -0.070    17.716    
                         FDCE (Recov_fdce_C_CLR)     -0.214    17.502    counter_q_reg[0]
  -------------------------------------------------------------------
                         required time                         17.502    
                         arrival time                          -0.274    
  -------------------------------------------------------------------
                         slack                                 17.228    





Min Delay Paths
--------------------------------------------------------------------------------------
Slack (MET) :             0.235ns  (arrival time - required time)
  Source:                 i_cheshire_soc/gen_cva6_cores[0].i_core_cva6/rst_uarch_n_reg_inv/C
                            (rising edge-triggered cell FDPE clocked by clk_50_clkwiz  {rise@0.000ns fall@10.000ns period=20.000ns})
  Destination:            i_cheshire_soc/gen_cva6_cores[0].i_core_cva6/ex_stage_i/asid_to_be_flushed_reg[0]/CLR
                            (removal check against rising-edge clock clk_50_clkwiz  {rise@0.000ns fall@10.000ns period=20.000ns})
  Path Group:             **async_default**
  Path Type:              Removal (Min at Fast Process Corner)
  Requirement:            0.000ns  (clk_50_clkwiz rise@0.000ns - clk_50_clkwiz rise@0.000ns)
  Data Path Delay:        0.273ns  (logic 0.100ns (36.620%)  route 0.173ns (63.380%))
  Logic Levels:           0  
  Clock Path Skew:        0.145ns (DCD - SCD - CPR)
    Destination Clock Delay (DCD):    -0.515ns
    Source Clock Delay      (SCD):    -0.598ns
    Clock Pessimism Removal (CPR):    -0.062ns

    Location             Delay type                Incr(ns)  Path(ns)    Netlist Resource(s)
  -------------------------------------------------------------------    -------------------
                         (clock clk_50_clkwiz rise edge)
                                                      0.000     0.000 r  
    AD12                                              0.000     0.000 r  sys_clk_p (IN)
                         net (fo=0)                   0.000     0.000    sys_clk_p
    AD12                 IBUFDS (Prop_ibufds_I_O)     0.388     0.388 r  i_bufds_sys_clk/O
                         net (fo=65, unplaced)        0.428     0.817    i_clkwiz/inst/clk_in1
                         MMCME2_ADV (Prop_mmcme2_adv_CLKIN1_CLKOUT0)
                                                     -1.786    -0.969 r  i_clkwiz/inst/mmcm_adv_inst/CLKOUT0
                         net (fo=1, unplaced)         0.231    -0.738    i_clkwiz/inst/clk_50_clkwiz
                         BUFG (Prop_bufg_I_O)         0.026    -0.712 r  i_clkwiz/inst/clkout1_buf/O
                         net (fo=86229, unplaced)     0.114    -0.598    i_cheshire_soc/gen_cva6_cores[0].i_core_cva6/clk_50
                         FDPE                                         r  i_cheshire_soc/gen_cva6_cores[0].i_core_cva6/rst_uarch_n_reg_inv/C
  -------------------------------------------------------------------    -------------------
                         FDPE (Prop_fdpe_C_Q)         0.100    -0.498 f  i_cheshire_soc/gen_cva6_cores[0].i_core_cva6/rst_uarch_n_reg_inv/Q
                         net (fo=19613, unplaced)     0.173    -0.325    i_cheshire_soc/gen_cva6_cores[0].i_core_cva6/ex_stage_i/mem_q_reg[1][trans_id][2]
                         FDCE                                         f  i_cheshire_soc/gen_cva6_cores[0].i_core_cva6/ex_stage_i/asid_to_be_flushed_reg[0]/CLR
  -------------------------------------------------------------------    -------------------

                         (clock clk_50_clkwiz rise edge)
                                                      0.000     0.000 r  
    AD12                                              0.000     0.000 r  sys_clk_p (IN)
                         net (fo=0)                   0.000     0.000    sys_clk_p
    AD12                 IBUFDS (Prop_ibufds_I_O)     0.470     0.470 r  i_bufds_sys_clk/O
                         net (fo=65, unplaced)        0.573     1.043    i_clkwiz/inst/clk_in1
                         MMCME2_ADV (Prop_mmcme2_adv_CLKIN1_CLKOUT0)
                                                     -2.090    -1.047 r  i_clkwiz/inst/mmcm_adv_inst/CLKOUT0
                         net (fo=1, unplaced)         0.243    -0.804    i_clkwiz/inst/clk_50_clkwiz
                         BUFG (Prop_bufg_I_O)         0.030    -0.774 r  i_clkwiz/inst/clkout1_buf/O
                         net (fo=86229, unplaced)     0.259    -0.515    i_cheshire_soc/gen_cva6_cores[0].i_core_cva6/ex_stage_i/clk_50
                         FDCE                                         r  i_cheshire_soc/gen_cva6_cores[0].i_core_cva6/ex_stage_i/asid_to_be_flushed_reg[0]/C
                         clock pessimism              0.062    -0.453    
                         FDCE (Remov_fdce_C_CLR)     -0.107    -0.560    i_cheshire_soc/gen_cva6_cores[0].i_core_cva6/ex_stage_i/asid_to_be_flushed_reg[0]
  -------------------------------------------------------------------
                         required time                          0.560    
                         arrival time                          -0.325    
  -------------------------------------------------------------------
                         slack                                  0.235    





---------------------------------------------------------------------------------------------------
Path Group:  **async_default**
From Clock:  clk_pll_i
  To Clock:  clk_pll_i

Setup :            0  Failing Endpoints,  Worst Slack        3.377ns,  Total Violation        0.000ns
Hold  :            0  Failing Endpoints,  Worst Slack        0.519ns,  Total Violation        0.000ns
---------------------------------------------------------------------------------------------------


Max Delay Paths
--------------------------------------------------------------------------------------
Slack (MET) :             3.377ns  (required time - arrival time)
  Source:                 i_dram_wrapper/i_dram/u_mig7s_mig/u_ddr3_infrastructure/rstdiv0_sync_r1_reg_rep__4/C
                            (rising edge-triggered cell FDPE clocked by clk_pll_i  {rise@0.000ns fall@2.500ns period=5.000ns})
  Destination:            i_dram_wrapper/i_dram/u_mig7s_mig/u_memc_ui_top_axi/mem_intfc0/ddr_phy_top0/u_ddr_calib_top/u_ddr_phy_init/phy_reset_n_reg/CLR
                            (recovery check against rising-edge clock clk_pll_i  {rise@0.000ns fall@2.500ns period=5.000ns})
  Path Group:             **async_default**
  Path Type:              Recovery (Max at Slow Process Corner)
  Requirement:            5.000ns  (clk_pll_i rise@5.000ns - clk_pll_i rise@0.000ns)
  Data Path Delay:        1.212ns  (logic 0.346ns (28.548%)  route 0.866ns (71.452%))
  Logic Levels:           1  (LUT1=1)
  Clock Path Skew:        -0.145ns (DCD - SCD + CPR)
    Destination Clock Delay (DCD):    2.745ns = ( 7.745 - 5.000 ) 
    Source Clock Delay      (SCD):    3.233ns
    Clock Pessimism Removal (CPR):    0.343ns
  Clock Uncertainty:      0.052ns  ((TSJ^2 + DJ^2)^1/2) / 2 + PE
    Total System Jitter     (TSJ):    0.071ns
    Discrete Jitter          (DJ):    0.077ns
    Phase Error              (PE):    0.000ns

    Location             Delay type                Incr(ns)  Path(ns)    Netlist Resource(s)
  -------------------------------------------------------------------    -------------------
                         (clock clk_pll_i rise edge)
                                                      0.000     0.000 r  
    AD12                                              0.000     0.000 r  sys_clk_p (IN)
                         net (fo=0)                   0.000     0.000    sys_clk_p
    AD12                 IBUFDS (Prop_ibufds_I_O)     0.906     0.906 r  i_bufds_sys_clk/O
                         net (fo=65, estimated)       1.098     2.004    i_dram_wrapper/i_dram/u_mig7s_mig/u_ddr3_infrastructure/plle2_i_0
    PLLE2_ADV_X1Y1       PLLE2_ADV (Prop_plle2_adv_CLKIN1_CLKOUT3)
                                                      0.077     2.081 r  i_dram_wrapper/i_dram/u_mig7s_mig/u_ddr3_infrastructure/plle2_i/CLKOUT3
                         net (fo=1, unplaced)         0.584     2.665    i_dram_wrapper/i_dram/u_mig7s_mig/u_ddr3_infrastructure/pll_clk3_out
                         BUFH (Prop_bufh_I_O)         0.103     2.768 r  i_dram_wrapper/i_dram/u_mig7s_mig/u_ddr3_infrastructure/u_bufh_pll_clk3/O
                         net (fo=1, unplaced)         0.466     3.233    i_dram_wrapper/i_dram/u_mig7s_mig/u_ddr3_infrastructure/pll_clk3
    MMCME2_ADV_X1Y1      MMCME2_ADV (Prop_mmcme2_adv_CLKIN1_CLKFBOUT)
                                                     -1.024     2.209 r  i_dram_wrapper/i_dram/u_mig7s_mig/u_ddr3_infrastructure/gen_mmcm.mmcm_i/CLKFBOUT
                         net (fo=1, unplaced)         0.466     2.675    i_dram_wrapper/i_dram/u_mig7s_mig/u_ddr3_infrastructure/clk_pll_i
                         BUFG (Prop_bufg_I_O)         0.093     2.768 r  i_dram_wrapper/i_dram/u_mig7s_mig/u_ddr3_infrastructure/u_bufg_clkdiv0/O
                         net (fo=13430, unplaced)     0.466     3.233    i_dram_wrapper/i_dram/u_mig7s_mig/u_ddr3_infrastructure/CLK
                         FDPE                                         r  i_dram_wrapper/i_dram/u_mig7s_mig/u_ddr3_infrastructure/rstdiv0_sync_r1_reg_rep__4/C
  -------------------------------------------------------------------    -------------------
                         FDPE (Prop_fdpe_C_Q)         0.223     3.456 f  i_dram_wrapper/i_dram/u_mig7s_mig/u_ddr3_infrastructure/rstdiv0_sync_r1_reg_rep__4/Q
                         net (fo=1, unplaced)         0.191     3.647    i_dram_wrapper/i_dram/u_mig7s_mig/u_ddr3_infrastructure/rstdiv0_sync_r1_reg_rep__4_n_0
                         LUT1 (Prop_lut1_I0_O)        0.123     3.770 f  i_dram_wrapper/i_dram/u_mig7s_mig/u_ddr3_infrastructure/rstdiv0_sync_r1_inst_rep__3/O
                         net (fo=50, unplaced)        0.675     4.445    i_dram_wrapper/i_dram/u_mig7s_mig/u_memc_ui_top_axi/mem_intfc0/ddr_phy_top0/u_ddr_calib_top/u_ddr_phy_init/en_cnt_div4.enable_wrlvl_cnt_reg[2]_0
                         FDCE                                         f  i_dram_wrapper/i_dram/u_mig7s_mig/u_memc_ui_top_axi/mem_intfc0/ddr_phy_top0/u_ddr_calib_top/u_ddr_phy_init/phy_reset_n_reg/CLR
  -------------------------------------------------------------------    -------------------

                         (clock clk_pll_i rise edge)
                                                      5.000     5.000 r  
    AD12                                              0.000     5.000 r  sys_clk_p (IN)
                         net (fo=0)                   0.000     5.000    sys_clk_p
    AD12                 IBUFDS (Prop_ibufds_I_O)     0.803     5.803 r  i_bufds_sys_clk/O
                         net (fo=65, estimated)       1.043     6.847    i_dram_wrapper/i_dram/u_mig7s_mig/u_ddr3_infrastructure/plle2_i_0
    PLLE2_ADV_X1Y1       PLLE2_ADV (Prop_plle2_adv_CLKIN1_CLKOUT3)
                                                      0.073     6.920 r  i_dram_wrapper/i_dram/u_mig7s_mig/u_ddr3_infrastructure/plle2_i/CLKOUT3
                         net (fo=1, unplaced)         0.439     7.359    i_dram_wrapper/i_dram/u_mig7s_mig/u_ddr3_infrastructure/pll_clk3_out
                         BUFH (Prop_bufh_I_O)         0.066     7.425 r  i_dram_wrapper/i_dram/u_mig7s_mig/u_ddr3_infrastructure/u_bufh_pll_clk3/O
                         net (fo=1, unplaced)         0.442     7.867    i_dram_wrapper/i_dram/u_mig7s_mig/u_ddr3_infrastructure/pll_clk3
    MMCME2_ADV_X1Y1      MMCME2_ADV (Prop_mmcme2_adv_CLKIN1_CLKFBOUT)
                                                     -0.968     6.899 r  i_dram_wrapper/i_dram/u_mig7s_mig/u_ddr3_infrastructure/gen_mmcm.mmcm_i/CLKFBOUT
                         net (fo=1, unplaced)         0.442     7.342    i_dram_wrapper/i_dram/u_mig7s_mig/u_ddr3_infrastructure/clk_pll_i
                         BUFG (Prop_bufg_I_O)         0.083     7.425 r  i_dram_wrapper/i_dram/u_mig7s_mig/u_ddr3_infrastructure/u_bufg_clkdiv0/O
                         net (fo=13430, unplaced)     0.321     7.745    i_dram_wrapper/i_dram/u_mig7s_mig/u_memc_ui_top_axi/mem_intfc0/ddr_phy_top0/u_ddr_calib_top/u_ddr_phy_init/CLK
                         FDCE                                         r  i_dram_wrapper/i_dram/u_mig7s_mig/u_memc_ui_top_axi/mem_intfc0/ddr_phy_top0/u_ddr_calib_top/u_ddr_phy_init/phy_reset_n_reg/C
                         clock pessimism              0.343     8.088    
                         clock uncertainty           -0.052     8.036    
                         FDCE (Recov_fdce_C_CLR)     -0.214     7.822    i_dram_wrapper/i_dram/u_mig7s_mig/u_memc_ui_top_axi/mem_intfc0/ddr_phy_top0/u_ddr_calib_top/u_ddr_phy_init/phy_reset_n_reg
  -------------------------------------------------------------------
                         required time                          7.822    
                         arrival time                          -4.445    
  -------------------------------------------------------------------
                         slack                                  3.377    





Min Delay Paths
--------------------------------------------------------------------------------------
Slack (MET) :             0.519ns  (arrival time - required time)
  Source:                 i_dram_wrapper/i_dram/u_mig7s_mig/u_ddr3_infrastructure/rstdiv0_sync_r1_reg_rep__4/C
                            (rising edge-triggered cell FDPE clocked by clk_pll_i  {rise@0.000ns fall@2.500ns period=5.000ns})
  Destination:            i_dram_wrapper/i_dram/u_mig7s_mig/u_memc_ui_top_axi/mem_intfc0/ddr_phy_top0/u_ddr_calib_top/u_ddr_phy_init/phy_reset_n_reg/CLR
                            (removal check against rising-edge clock clk_pll_i  {rise@0.000ns fall@2.500ns period=5.000ns})
  Path Group:             **async_default**
  Path Type:              Removal (Min at Fast Process Corner)
  Requirement:            0.000ns  (clk_pll_i rise@0.000ns - clk_pll_i rise@0.000ns)
  Data Path Delay:        0.593ns  (logic 0.164ns (27.635%)  route 0.429ns (72.365%))
  Logic Levels:           1  (LUT1=1)
  Clock Path Skew:        0.145ns (DCD - SCD - CPR)
    Destination Clock Delay (DCD):    1.643ns
    Source Clock Delay      (SCD):    1.218ns
    Clock Pessimism Removal (CPR):    0.280ns

    Location             Delay type                Incr(ns)  Path(ns)    Netlist Resource(s)
  -------------------------------------------------------------------    -------------------
                         (clock clk_pll_i rise edge)
                                                      0.000     0.000 r  
    AD12                                              0.000     0.000 r  sys_clk_p (IN)
                         net (fo=0)                   0.000     0.000    sys_clk_p
    AD12                 IBUFDS (Prop_ibufds_I_O)     0.388     0.388 r  i_bufds_sys_clk/O
                         net (fo=65, estimated)       0.545     0.933    i_dram_wrapper/i_dram/u_mig7s_mig/u_ddr3_infrastructure/plle2_i_0
    PLLE2_ADV_X1Y1       PLLE2_ADV (Prop_plle2_adv_CLKIN1_CLKOUT3)
                                                      0.050     0.983 r  i_dram_wrapper/i_dram/u_mig7s_mig/u_ddr3_infrastructure/plle2_i/CLKOUT3
                         net (fo=1, unplaced)         0.114     1.097    i_dram_wrapper/i_dram/u_mig7s_mig/u_ddr3_infrastructure/pll_clk3_out
                         BUFH (Prop_bufh_I_O)         0.023     1.120 r  i_dram_wrapper/i_dram/u_mig7s_mig/u_ddr3_infrastructure/u_bufh_pll_clk3/O
                         net (fo=1, unplaced)         0.231     1.351    i_dram_wrapper/i_dram/u_mig7s_mig/u_ddr3_infrastructure/pll_clk3
    MMCME2_ADV_X1Y1      MMCME2_ADV (Prop_mmcme2_adv_CLKIN1_CLKFBOUT)
                                                     -0.488     0.863 r  i_dram_wrapper/i_dram/u_mig7s_mig/u_ddr3_infrastructure/gen_mmcm.mmcm_i/CLKFBOUT
                         net (fo=1, unplaced)         0.231     1.094    i_dram_wrapper/i_dram/u_mig7s_mig/u_ddr3_infrastructure/clk_pll_i
                         BUFG (Prop_bufg_I_O)         0.026     1.120 r  i_dram_wrapper/i_dram/u_mig7s_mig/u_ddr3_infrastructure/u_bufg_clkdiv0/O
                         net (fo=13430, unplaced)     0.098     1.218    i_dram_wrapper/i_dram/u_mig7s_mig/u_ddr3_infrastructure/CLK
                         FDPE                                         r  i_dram_wrapper/i_dram/u_mig7s_mig/u_ddr3_infrastructure/rstdiv0_sync_r1_reg_rep__4/C
  -------------------------------------------------------------------    -------------------
                         FDPE (Prop_fdpe_C_Q)         0.100     1.318 f  i_dram_wrapper/i_dram/u_mig7s_mig/u_ddr3_infrastructure/rstdiv0_sync_r1_reg_rep__4/Q
                         net (fo=1, unplaced)         0.095     1.413    i_dram_wrapper/i_dram/u_mig7s_mig/u_ddr3_infrastructure/rstdiv0_sync_r1_reg_rep__4_n_0
                         LUT1 (Prop_lut1_I0_O)        0.064     1.477 f  i_dram_wrapper/i_dram/u_mig7s_mig/u_ddr3_infrastructure/rstdiv0_sync_r1_inst_rep__3/O
                         net (fo=50, unplaced)        0.335     1.811    i_dram_wrapper/i_dram/u_mig7s_mig/u_memc_ui_top_axi/mem_intfc0/ddr_phy_top0/u_ddr_calib_top/u_ddr_phy_init/en_cnt_div4.enable_wrlvl_cnt_reg[2]_0
                         FDCE                                         f  i_dram_wrapper/i_dram/u_mig7s_mig/u_memc_ui_top_axi/mem_intfc0/ddr_phy_top0/u_ddr_calib_top/u_ddr_phy_init/phy_reset_n_reg/CLR
  -------------------------------------------------------------------    -------------------

                         (clock clk_pll_i rise edge)
                                                      0.000     0.000 r  
    AD12                                              0.000     0.000 r  sys_clk_p (IN)
                         net (fo=0)                   0.000     0.000    sys_clk_p
    AD12                 IBUFDS (Prop_ibufds_I_O)     0.470     0.470 r  i_bufds_sys_clk/O
                         net (fo=65, estimated)       0.573     1.043    i_dram_wrapper/i_dram/u_mig7s_mig/u_ddr3_infrastructure/plle2_i_0
    PLLE2_ADV_X1Y1       PLLE2_ADV (Prop_plle2_adv_CLKIN1_CLKOUT3)
                                                      0.053     1.096 r  i_dram_wrapper/i_dram/u_mig7s_mig/u_ddr3_infrastructure/plle2_i/CLKOUT3
                         net (fo=1, unplaced)         0.259     1.355    i_dram_wrapper/i_dram/u_mig7s_mig/u_ddr3_infrastructure/pll_clk3_out
                         BUFH (Prop_bufh_I_O)         0.045     1.400 r  i_dram_wrapper/i_dram/u_mig7s_mig/u_ddr3_infrastructure/u_bufh_pll_clk3/O
                         net (fo=1, unplaced)         0.243     1.643    i_dram_wrapper/i_dram/u_mig7s_mig/u_ddr3_infrastructure/pll_clk3
    MMCME2_ADV_X1Y1      MMCME2_ADV (Prop_mmcme2_adv_CLKIN1_CLKFBOUT)
                                                     -0.516     1.127 r  i_dram_wrapper/i_dram/u_mig7s_mig/u_ddr3_infrastructure/gen_mmcm.mmcm_i/CLKFBOUT
                         net (fo=1, unplaced)         0.243     1.370    i_dram_wrapper/i_dram/u_mig7s_mig/u_ddr3_infrastructure/clk_pll_i
                         BUFG (Prop_bufg_I_O)         0.030     1.400 r  i_dram_wrapper/i_dram/u_mig7s_mig/u_ddr3_infrastructure/u_bufg_clkdiv0/O
                         net (fo=13430, unplaced)     0.243     1.643    i_dram_wrapper/i_dram/u_mig7s_mig/u_memc_ui_top_axi/mem_intfc0/ddr_phy_top0/u_ddr_calib_top/u_ddr_phy_init/CLK
                         FDCE                                         r  i_dram_wrapper/i_dram/u_mig7s_mig/u_memc_ui_top_axi/mem_intfc0/ddr_phy_top0/u_ddr_calib_top/u_ddr_phy_init/phy_reset_n_reg/C
                         clock pessimism             -0.280     1.363    
                         FDCE (Remov_fdce_C_CLR)     -0.071     1.292    i_dram_wrapper/i_dram/u_mig7s_mig/u_memc_ui_top_axi/mem_intfc0/ddr_phy_top0/u_ddr_calib_top/u_ddr_phy_init/phy_reset_n_reg
  -------------------------------------------------------------------
                         required time                         -1.292    
                         arrival time                           1.811    
  -------------------------------------------------------------------
                         slack                                  0.519    





---------------------------------------------------------------------------------------------------
Path Group:  **default**
From Clock:  clk_50_clkwiz
  To Clock:  

Setup :            0  Failing Endpoints,  Worst Slack       67.530ns,  Total Violation        0.000ns
Hold  :           NA  Failing Endpoints,  Worst Slack           NA  ,  Total Violation           NA
---------------------------------------------------------------------------------------------------


Max Delay Paths
--------------------------------------------------------------------------------------
Slack (MET) :             67.530ns  (required time - arrival time)
  Source:                 i_cheshire_soc/gen_uart.i_uart/i_apb_uart_wrap/i_obi_uart/i_uart_register/reg_q_reg[MCR][loopback]/C
                            (rising edge-triggered cell FDCE clocked by clk_50_clkwiz  {rise@0.000ns fall@10.000ns period=20.000ns})
  Destination:            uart_tx_o
  Path Group:             **default**
  Path Type:              Max at Slow Process Corner
  Requirement:            70.000ns  (MaxDelay Path 70.000ns)
  Data Path Delay:        4.539ns  (logic 3.601ns (79.322%)  route 0.939ns (20.678%))
  Logic Levels:           2  (LUT3=1 OBUF=1)
  Output Delay:           0.000ns
  Clock Path Skew:        2.069ns (DCD - SCD + CPR)
    Destination Clock Delay (DCD):    0.000ns
    Source Clock Delay      (SCD):    -2.069ns
    Clock Pessimism Removal (CPR):    0.000ns
  Timing Exception:       MaxDelay Path 70.000ns

    Location             Delay type                Incr(ns)  Path(ns)    Netlist Resource(s)
  -------------------------------------------------------------------    -------------------
                         (clock clk_50_clkwiz rise edge)
                                                      0.000     0.000 r  
    AD12                                              0.000     0.000 r  sys_clk_p (IN)
                         net (fo=0)                   0.000     0.000    sys_clk_p
    AD12                 IBUFDS (Prop_ibufds_I_O)     0.906     0.906 r  i_bufds_sys_clk/O
                         net (fo=65, unplaced)        1.098     2.004    i_clkwiz/inst/clk_in1
                         MMCME2_ADV (Prop_mmcme2_adv_CLKIN1_CLKOUT0)
                                                     -5.216    -3.212 r  i_clkwiz/inst/mmcm_adv_inst/CLKOUT0
                         net (fo=1, unplaced)         0.466    -2.746    i_clkwiz/inst/clk_50_clkwiz
                         BUFG (Prop_bufg_I_O)         0.093    -2.653 r  i_clkwiz/inst/clkout1_buf/O
                         net (fo=86229, unplaced)     0.584    -2.069    i_cheshire_soc/gen_uart.i_uart/i_apb_uart_wrap/i_obi_uart/i_uart_register/clk_50
                         FDCE                                         r  i_cheshire_soc/gen_uart.i_uart/i_apb_uart_wrap/i_obi_uart/i_uart_register/reg_q_reg[MCR][loopback]/C
  -------------------------------------------------------------------    -------------------
                         FDCE (Prop_fdce_C_Q)         0.223    -1.846 r  i_cheshire_soc/gen_uart.i_uart/i_apb_uart_wrap/i_obi_uart/i_uart_register/reg_q_reg[MCR][loopback]/Q
                         net (fo=18, unplaced)        0.473    -1.373    i_cheshire_soc/gen_uart.i_uart/i_apb_uart_wrap/i_obi_uart/i_uart_register/reg_read[mcr][loopback]
                         LUT3 (Prop_lut3_I0_O)        0.131    -1.242 r  i_cheshire_soc/gen_uart.i_uart/i_apb_uart_wrap/i_obi_uart/i_uart_register/uart_tx_o_OBUF_inst_i_1/O
                         net (fo=1, unplaced)         0.466    -0.777    uart_tx_o_OBUF
    Y23                  OBUF (Prop_obuf_I_O)         3.247     2.470 r  uart_tx_o_OBUF_inst/O
                         net (fo=0)                   0.000     2.470    uart_tx_o
    Y23                                                               r  uart_tx_o (OUT)
  -------------------------------------------------------------------    -------------------

                         max delay                   70.000    70.000    
                         clock pessimism              0.000    70.000    
                         output delay                -0.000    70.000    
  -------------------------------------------------------------------
                         required time                         70.000    
                         arrival time                          -2.470    
  -------------------------------------------------------------------
                         slack                                 67.530    





---------------------------------------------------------------------------------------------------
Path Group:  **default**
From Clock:  clk_pll_i
  To Clock:  

Setup :            0  Failing Endpoints,  Worst Slack        3.997ns,  Total Violation        0.000ns
Hold  :           NA  Failing Endpoints,  Worst Slack           NA  ,  Total Violation           NA
---------------------------------------------------------------------------------------------------


Max Delay Paths
--------------------------------------------------------------------------------------
Slack (MET) :             3.997ns  (required time - arrival time)
  Source:                 i_dram_wrapper/i_dram/u_mig7s_mig/u_ddr3_infrastructure/rstdiv0_sync_r1_reg_rep/C
                            (rising edge-triggered cell FDPE clocked by clk_pll_i  {rise@0.000ns fall@2.500ns period=5.000ns})
  Destination:            i_dram_wrapper/i_dram/u_mig7s_mig/u_memc_ui_top_axi/mem_intfc0/ddr_phy_top0/u_ddr_mc_phy_wrapper/u_ddr_mc_phy/ddr_phy_4lanes_0.u_ddr_phy_4lanes/phy_control_i/RESET
  Path Group:             **default**
  Path Type:              Max at Slow Process Corner
  Requirement:            5.000ns  (MaxDelay Path 5.000ns)
  Data Path Delay:        1.003ns  (logic 0.346ns (34.509%)  route 0.657ns (65.491%))
  Logic Levels:           1  (LUT1=1)
  Output Delay:           0.000ns
  Timing Exception:       MaxDelay Path 5.000ns -datapath_only

    Location             Delay type                Incr(ns)  Path(ns)    Netlist Resource(s)
  -------------------------------------------------------------------    -------------------
                                                      0.000     0.000 r  i_dram_wrapper/i_dram/u_mig7s_mig/u_ddr3_infrastructure/rstdiv0_sync_r1_reg_rep/C
                         FDPE (Prop_fdpe_C_Q)         0.223     0.223 r  i_dram_wrapper/i_dram/u_mig7s_mig/u_ddr3_infrastructure/rstdiv0_sync_r1_reg_rep/Q
                         net (fo=1, unplaced)         0.191     0.414    i_dram_wrapper/i_dram/u_mig7s_mig/u_ddr3_infrastructure/rstdiv0_sync_r1_reg_rep_n_0
                         LUT1 (Prop_lut1_I0_O)        0.123     0.537 r  i_dram_wrapper/i_dram/u_mig7s_mig/u_ddr3_infrastructure/rstdiv0_sync_r1_inst/O
                         net (fo=413, unplaced)       0.466     1.003    i_dram_wrapper/i_dram/u_mig7s_mig/u_memc_ui_top_axi/mem_intfc0/ddr_phy_top0/u_ddr_mc_phy_wrapper/u_ddr_mc_phy/ddr_phy_4lanes_0.u_ddr_phy_4lanes/in0
    PHY_CONTROL_X1Y2     PHY_CONTROL                                  r  i_dram_wrapper/i_dram/u_mig7s_mig/u_memc_ui_top_axi/mem_intfc0/ddr_phy_top0/u_ddr_mc_phy_wrapper/u_ddr_mc_phy/ddr_phy_4lanes_0.u_ddr_phy_4lanes/phy_control_i/RESET
  -------------------------------------------------------------------    -------------------

                         max delay                    5.000     5.000    
    PHY_CONTROL_X1Y2     PHY_CONTROL                  0.000     5.000    i_dram_wrapper/i_dram/u_mig7s_mig/u_memc_ui_top_axi/mem_intfc0/ddr_phy_top0/u_ddr_mc_phy_wrapper/u_ddr_mc_phy/ddr_phy_4lanes_0.u_ddr_phy_4lanes/phy_control_i
                         output delay                -0.000     5.000    
  -------------------------------------------------------------------
                         required time                          5.000    
                         arrival time                          -1.003    
  -------------------------------------------------------------------
                         slack                                  3.997    





