Copyright 1986-2022 Xilinx, Inc. All Rights Reserved.
--------------------------------------------------------------------------------------------------------------------------------------------------------------------------------------------
| Tool Version : Vivado v.2022.2 (lin64) Build 3671981 Fri Oct 14 04:59:54 MDT 2022
| Date         : Mon Mar  2 06:40:15 2026
| Host         : karpuz running 64-bit Ubuntu 22.04.5 LTS
| Command      : report_timing -file /home/shc/projects/cheshire-env-nvdla-g2/target/xilinx/build/genesys2.cheshire/reports.synth/timing_worst.rpt -nworst 1 -delay_type max -sort_by group
| Design       : cheshire_top_xilinx
| Device       : 7k325t-ffg900
| Speed File   : -2  PRODUCTION 1.12 2017-02-17
--------------------------------------------------------------------------------------------------------------------------------------------------------------------------------------------

Timing Report

Slack (MET) :             0.201ns  (required time - arrival time)
  Source:                 i_dram_wrapper/i_dram/u_mig7s_mig/u_memc_ui_top_axi/mem_intfc0/ddr_phy_top0/u_ddr_mc_phy_wrapper/u_ddr_mc_phy/ddr_phy_4lanes_0.u_ddr_phy_4lanes/ddr_byte_lane_B.ddr_byte_lane_B/phaser_out/OCLKDELAYED
                            (rising edge-triggered cell PHASER_OUT_PHY clocked by oserdes_clk_1'  {rise@0.000ns fall@0.625ns period=1.250ns})
  Destination:            i_dram_wrapper/i_dram/u_mig7s_mig/u_memc_ui_top_axi/mem_intfc0/ddr_phy_top0/u_ddr_mc_phy_wrapper/u_ddr_mc_phy/ddr_phy_4lanes_0.u_ddr_phy_4lanes/ddr_byte_lane_B.ddr_byte_lane_B/ddr_byte_group_io/dqs_gen.oddr_dqsts/D1
                            (rising edge-triggered cell ODDR clocked by oserdes_clk_1'  {rise@0.000ns fall@0.625ns period=1.250ns})
  Path Group:             oserdes_clk_1
  Path Type:              Setup (Max at Slow Process Corner)
  Requirement:            1.250ns  (oserdes_clk_1 fall@1.875ns - oserdes_clk_1 fall@0.625ns)
  Data Path Delay:        0.756ns  (logic 0.459ns (60.714%)  route 0.297ns (39.286%))
  Logic Levels:           0  
  Clock Path Skew:        0.312ns (DCD - SCD + CPR)
    Destination Clock Delay (DCD):    6.577ns = ( 8.452 - 1.875 ) 
    Source Clock Delay      (SCD):    6.580ns = ( 7.205 - 0.625 ) 
    Clock Pessimism Removal (CPR):    0.315ns
  Clock Uncertainty:      0.047ns  ((TSJ^2 + DJ^2)^1/2) / 2 + PE
    Total System Jitter     (TSJ):    0.071ns
    Discrete Jitter          (DJ):    0.061ns
    Phase Error              (PE):    0.000ns

    Location             Delay type                Incr(ns)  Path(ns)    Netlist Resource(s)
  -------------------------------------------------------------------    -------------------
                         (clock oserdes_clk_1 fall edge)
                                                      0.625     0.625 f  
    AD12                                              0.000     0.625 f  sys_clk_p (IN)
                         net (fo=0)                   0.000     0.625    sys_clk_p
    AD12                 IBUFDS (Prop_ibufds_I_O)     0.906     1.531 f  i_bufds_sys_clk/O
                         net (fo=65, estimated)       1.098     2.629    i_dram_wrapper/i_dram/u_mig7s_mig/u_ddr3_infrastructure/plle2_i_0
    PLLE2_ADV_X1Y1       PLLE2_ADV (Prop_plle2_adv_CLKIN1_CLKOUT1)
                                                      0.077     2.706 f  i_dram_wrapper/i_dram/u_mig7s_mig/u_ddr3_infrastructure/plle2_i/CLKOUT1
                         net (fo=14, estimated)       1.188     3.894    i_dram_wrapper/i_dram/u_mig7s_mig/u_memc_ui_top_axi/mem_intfc0/ddr_phy_top0/u_ddr_mc_phy_wrapper/u_ddr_mc_phy/ddr_phy_4lanes_0.u_ddr_phy_4lanes/ddr_byte_lane_B.ddr_byte_lane_B/mem_refclk
    PHASER_OUT_PHY_X1Y9  PHASER_OUT_PHY (Prop_phaser_out_phy_MEMREFCLK_OCLK)
                                                      2.083     5.977 f  i_dram_wrapper/i_dram/u_mig7s_mig/u_memc_ui_top_axi/mem_intfc0/ddr_phy_top0/u_ddr_mc_phy_wrapper/u_ddr_mc_phy/ddr_phy_4lanes_0.u_ddr_phy_4lanes/ddr_byte_lane_B.ddr_byte_lane_B/phaser_out/OCLK
    PHASER_OUT_PHY_X1Y9  PHASER_OUT_PHY (Prop_phaser_out_phy_OCLK_OCLKDELAYED)
                                                      1.229     7.205 r  i_dram_wrapper/i_dram/u_mig7s_mig/u_memc_ui_top_axi/mem_intfc0/ddr_phy_top0/u_ddr_mc_phy_wrapper/u_ddr_mc_phy/ddr_phy_4lanes_0.u_ddr_phy_4lanes/ddr_byte_lane_B.ddr_byte_lane_B/phaser_out/OCLKDELAYED
  -------------------------------------------------------------------    -------------------
    PHASER_OUT_PHY_X1Y9  PHASER_OUT_PHY (Prop_phaser_out_phy_OCLKDELAYED_CTSBUS[0])
                                                      0.459     7.664 r  i_dram_wrapper/i_dram/u_mig7s_mig/u_memc_ui_top_axi/mem_intfc0/ddr_phy_top0/u_ddr_mc_phy_wrapper/u_ddr_mc_phy/ddr_phy_4lanes_0.u_ddr_phy_4lanes/ddr_byte_lane_B.ddr_byte_lane_B/phaser_out/CTSBUS[0]
                         net (fo=2, estimated)        0.297     7.961    i_dram_wrapper/i_dram/u_mig7s_mig/u_memc_ui_top_axi/mem_intfc0/ddr_phy_top0/u_ddr_mc_phy_wrapper/u_ddr_mc_phy/ddr_phy_4lanes_0.u_ddr_phy_4lanes/ddr_byte_lane_B.ddr_byte_lane_B/ddr_byte_group_io/CTSBUS[0]
    OLOGIC_X1Y120        ODDR                                         r  i_dram_wrapper/i_dram/u_mig7s_mig/u_memc_ui_top_axi/mem_intfc0/ddr_phy_top0/u_ddr_mc_phy_wrapper/u_ddr_mc_phy/ddr_phy_4lanes_0.u_ddr_phy_4lanes/ddr_byte_lane_B.ddr_byte_lane_B/ddr_byte_group_io/dqs_gen.oddr_dqsts/D1
  -------------------------------------------------------------------    -------------------

                         (clock oserdes_clk_1 fall edge)
                                                      1.875     1.875 f  
    AD12                                              0.000     1.875 f  sys_clk_p (IN)
                         net (fo=0)                   0.000     1.875    sys_clk_p
    AD12                 IBUFDS (Prop_ibufds_I_O)     0.803     2.678 f  i_bufds_sys_clk/O
                         net (fo=65, estimated)       1.043     3.722    i_dram_wrapper/i_dram/u_mig7s_mig/u_ddr3_infrastructure/plle2_i_0
    PLLE2_ADV_X1Y1       PLLE2_ADV (Prop_plle2_adv_CLKIN1_CLKOUT1)
                                                      0.073     3.795 f  i_dram_wrapper/i_dram/u_mig7s_mig/u_ddr3_infrastructure/plle2_i/CLKOUT1
                         net (fo=14, estimated)       1.129     4.923    i_dram_wrapper/i_dram/u_mig7s_mig/u_memc_ui_top_axi/mem_intfc0/ddr_phy_top0/u_ddr_mc_phy_wrapper/u_ddr_mc_phy/ddr_phy_4lanes_0.u_ddr_phy_4lanes/ddr_byte_lane_B.ddr_byte_lane_B/mem_refclk
    PHASER_OUT_PHY_X1Y9  PHASER_OUT_PHY (Prop_phaser_out_phy_MEMREFCLK_OCLK)
                                                      2.027     6.950 f  i_dram_wrapper/i_dram/u_mig7s_mig/u_memc_ui_top_axi/mem_intfc0/ddr_phy_top0/u_ddr_mc_phy_wrapper/u_ddr_mc_phy/ddr_phy_4lanes_0.u_ddr_phy_4lanes/ddr_byte_lane_B.ddr_byte_lane_B/phaser_out/OCLK
    PHASER_OUT_PHY_X1Y9  PHASER_OUT_PHY (Prop_phaser_out_phy_OCLK_OCLKDELAYED)
                                                      1.191     8.141 r  i_dram_wrapper/i_dram/u_mig7s_mig/u_memc_ui_top_axi/mem_intfc0/ddr_phy_top0/u_ddr_mc_phy_wrapper/u_ddr_mc_phy/ddr_phy_4lanes_0.u_ddr_phy_4lanes/ddr_byte_lane_B.ddr_byte_lane_B/phaser_out/OCLKDELAYED
                         net (fo=2, estimated)        0.312     8.452    i_dram_wrapper/i_dram/u_mig7s_mig/u_memc_ui_top_axi/mem_intfc0/ddr_phy_top0/u_ddr_mc_phy_wrapper/u_ddr_mc_phy/ddr_phy_4lanes_0.u_ddr_phy_4lanes/ddr_byte_lane_B.ddr_byte_lane_B/ddr_byte_group_io/oserdes_clk_delayed
    OLOGIC_X1Y120        ODDR                                         r  i_dram_wrapper/i_dram/u_mig7s_mig/u_memc_ui_top_axi/mem_intfc0/ddr_phy_top0/u_ddr_mc_phy_wrapper/u_ddr_mc_phy/ddr_phy_4lanes_0.u_ddr_phy_4lanes/ddr_byte_lane_B.ddr_byte_lane_B/ddr_byte_group_io/dqs_gen.oddr_dqsts/C
                         clock pessimism              0.315     8.767    
                         clock uncertainty           -0.047     8.720    
    OLOGIC_X1Y120        ODDR (Setup_oddr_C_D1)      -0.558     8.162    i_dram_wrapper/i_dram/u_mig7s_mig/u_memc_ui_top_axi/mem_intfc0/ddr_phy_top0/u_ddr_mc_phy_wrapper/u_ddr_mc_phy/ddr_phy_4lanes_0.u_ddr_phy_4lanes/ddr_byte_lane_B.ddr_byte_lane_B/ddr_byte_group_io/dqs_gen.oddr_dqsts
  -------------------------------------------------------------------
                         required time                          8.162    
                         arrival time                          -7.961    
  -------------------------------------------------------------------
                         slack                                  0.201    

Slack (MET) :             0.209ns  (required time - arrival time)
  Source:                 i_dram_wrapper/i_dram/u_mig7s_mig/u_memc_ui_top_axi/mem_intfc0/ddr_phy_top0/u_ddr_mc_phy_wrapper/u_ddr_mc_phy/ddr_phy_4lanes_0.u_ddr_phy_4lanes/ddr_byte_lane_C.ddr_byte_lane_C/phaser_out/OCLKDELAYED
                            (rising edge-triggered cell PHASER_OUT_PHY clocked by oserdes_clk_2'  {rise@0.000ns fall@0.625ns period=1.250ns})
  Destination:            i_dram_wrapper/i_dram/u_mig7s_mig/u_memc_ui_top_axi/mem_intfc0/ddr_phy_top0/u_ddr_mc_phy_wrapper/u_ddr_mc_phy/ddr_phy_4lanes_0.u_ddr_phy_4lanes/ddr_byte_lane_C.ddr_byte_lane_C/ddr_byte_group_io/dqs_gen.oddr_dqsts/D1
                            (rising edge-triggered cell ODDR clocked by oserdes_clk_2'  {rise@0.000ns fall@0.625ns period=1.250ns})
  Path Group:             oserdes_clk_2
  Path Type:              Setup (Max at Slow Process Corner)
  Requirement:            1.250ns  (oserdes_clk_2 fall@1.875ns - oserdes_clk_2 fall@0.625ns)
  Data Path Delay:        0.756ns  (logic 0.459ns (60.714%)  route 0.297ns (39.286%))
  Logic Levels:           0  
  Clock Path Skew:        0.320ns (DCD - SCD + CPR)
    Destination Clock Delay (DCD):    6.595ns = ( 8.470 - 1.875 ) 
    Source Clock Delay      (SCD):    6.590ns = ( 7.215 - 0.625 ) 
    Clock Pessimism Removal (CPR):    0.315ns
  Clock Uncertainty:      0.047ns  ((TSJ^2 + DJ^2)^1/2) / 2 + PE
    Total System Jitter     (TSJ):    0.071ns
    Discrete Jitter          (DJ):    0.061ns
    Phase Error              (PE):    0.000ns

    Location             Delay type                Incr(ns)  Path(ns)    Netlist Resource(s)
  -------------------------------------------------------------------    -------------------
                         (clock oserdes_clk_2 fall edge)
                                                      0.625     0.625 f  
    AD12                                              0.000     0.625 f  sys_clk_p (IN)
                         net (fo=0)                   0.000     0.625    sys_clk_p
    AD12                 IBUFDS (Prop_ibufds_I_O)     0.906     1.531 f  i_bufds_sys_clk/O
                         net (fo=65, estimated)       1.098     2.629    i_dram_wrapper/i_dram/u_mig7s_mig/u_ddr3_infrastructure/plle2_i_0
    PLLE2_ADV_X1Y1       PLLE2_ADV (Prop_plle2_adv_CLKIN1_CLKOUT1)
                                                      0.077     2.706 f  i_dram_wrapper/i_dram/u_mig7s_mig/u_ddr3_infrastructure/plle2_i/CLKOUT1
                         net (fo=14, estimated)       1.198     3.904    i_dram_wrapper/i_dram/u_mig7s_mig/u_memc_ui_top_axi/mem_intfc0/ddr_phy_top0/u_ddr_mc_phy_wrapper/u_ddr_mc_phy/ddr_phy_4lanes_0.u_ddr_phy_4lanes/ddr_byte_lane_C.ddr_byte_lane_C/mem_refclk
    PHASER_OUT_PHY_X1Y10 PHASER_OUT_PHY (Prop_phaser_out_phy_MEMREFCLK_OCLK)
                                                      2.083     5.987 f  i_dram_wrapper/i_dram/u_mig7s_mig/u_memc_ui_top_axi/mem_intfc0/ddr_phy_top0/u_ddr_mc_phy_wrapper/u_ddr_mc_phy/ddr_phy_4lanes_0.u_ddr_phy_4lanes/ddr_byte_lane_C.ddr_byte_lane_C/phaser_out/OCLK
    PHASER_OUT_PHY_X1Y10 PHASER_OUT_PHY (Prop_phaser_out_phy_OCLK_OCLKDELAYED)
                                                      1.229     7.215 r  i_dram_wrapper/i_dram/u_mig7s_mig/u_memc_ui_top_axi/mem_intfc0/ddr_phy_top0/u_ddr_mc_phy_wrapper/u_ddr_mc_phy/ddr_phy_4lanes_0.u_ddr_phy_4lanes/ddr_byte_lane_C.ddr_byte_lane_C/phaser_out/OCLKDELAYED
  -------------------------------------------------------------------    -------------------
    PHASER_OUT_PHY_X1Y10 PHASER_OUT_PHY (Prop_phaser_out_phy_OCLKDELAYED_CTSBUS[0])
                                                      0.459     7.674 r  i_dram_wrapper/i_dram/u_mig7s_mig/u_memc_ui_top_axi/mem_intfc0/ddr_phy_top0/u_ddr_mc_phy_wrapper/u_ddr_mc_phy/ddr_phy_4lanes_0.u_ddr_phy_4lanes/ddr_byte_lane_C.ddr_byte_lane_C/phaser_out/CTSBUS[0]
                         net (fo=2, estimated)        0.297     7.971    i_dram_wrapper/i_dram/u_mig7s_mig/u_memc_ui_top_axi/mem_intfc0/ddr_phy_top0/u_ddr_mc_phy_wrapper/u_ddr_mc_phy/ddr_phy_4lanes_0.u_ddr_phy_4lanes/ddr_byte_lane_C.ddr_byte_lane_C/ddr_byte_group_io/CTSBUS[0]
    OLOGIC_X1Y132        ODDR                                         r  i_dram_wrapper/i_dram/u_mig7s_mig/u_memc_ui_top_axi/mem_intfc0/ddr_phy_top0/u_ddr_mc_phy_wrapper/u_ddr_mc_phy/ddr_phy_4lanes_0.u_ddr_phy_4lanes/ddr_byte_lane_C.ddr_byte_lane_C/ddr_byte_group_io/dqs_gen.oddr_dqsts/D1
  -------------------------------------------------------------------    -------------------

                         (clock oserdes_clk_2 fall edge)
                                                      1.875     1.875 f  
    AD12                                              0.000     1.875 f  sys_clk_p (IN)
                         net (fo=0)                   0.000     1.875    sys_clk_p
    AD12                 IBUFDS (Prop_ibufds_I_O)     0.803     2.678 f  i_bufds_sys_clk/O
                         net (fo=65, estimated)       1.043     3.722    i_dram_wrapper/i_dram/u_mig7s_mig/u_ddr3_infrastructure/plle2_i_0
    PLLE2_ADV_X1Y1       PLLE2_ADV (Prop_plle2_adv_CLKIN1_CLKOUT1)
                                                      0.073     3.795 f  i_dram_wrapper/i_dram/u_mig7s_mig/u_ddr3_infrastructure/plle2_i/CLKOUT1
                         net (fo=14, estimated)       1.138     4.933    i_dram_wrapper/i_dram/u_mig7s_mig/u_memc_ui_top_axi/mem_intfc0/ddr_phy_top0/u_ddr_mc_phy_wrapper/u_ddr_mc_phy/ddr_phy_4lanes_0.u_ddr_phy_4lanes/ddr_byte_lane_C.ddr_byte_lane_C/mem_refclk
    PHASER_OUT_PHY_X1Y10 PHASER_OUT_PHY (Prop_phaser_out_phy_MEMREFCLK_OCLK)
                                                      2.027     6.960 f  i_dram_wrapper/i_dram/u_mig7s_mig/u_memc_ui_top_axi/mem_intfc0/ddr_phy_top0/u_ddr_mc_phy_wrapper/u_ddr_mc_phy/ddr_phy_4lanes_0.u_ddr_phy_4lanes/ddr_byte_lane_C.ddr_byte_lane_C/phaser_out/OCLK
    PHASER_OUT_PHY_X1Y10 PHASER_OUT_PHY (Prop_phaser_out_phy_OCLK_OCLKDELAYED)
                                                      1.191     8.150 r  i_dram_wrapper/i_dram/u_mig7s_mig/u_memc_ui_top_axi/mem_intfc0/ddr_phy_top0/u_ddr_mc_phy_wrapper/u_ddr_mc_phy/ddr_phy_4lanes_0.u_ddr_phy_4lanes/ddr_byte_lane_C.ddr_byte_lane_C/phaser_out/OCLKDELAYED
                         net (fo=2, estimated)        0.320     8.470    i_dram_wrapper/i_dram/u_mig7s_mig/u_memc_ui_top_axi/mem_intfc0/ddr_phy_top0/u_ddr_mc_phy_wrapper/u_ddr_mc_phy/ddr_phy_4lanes_0.u_ddr_phy_4lanes/ddr_byte_lane_C.ddr_byte_lane_C/ddr_byte_group_io/oserdes_clk_delayed
    OLOGIC_X1Y132        ODDR                                         r  i_dram_wrapper/i_dram/u_mig7s_mig/u_memc_ui_top_axi/mem_intfc0/ddr_phy_top0/u_ddr_mc_phy_wrapper/u_ddr_mc_phy/ddr_phy_4lanes_0.u_ddr_phy_4lanes/ddr_byte_lane_C.ddr_byte_lane_C/ddr_byte_group_io/dqs_gen.oddr_dqsts/C
                         clock pessimism              0.315     8.786    
                         clock uncertainty           -0.047     8.739    
    OLOGIC_X1Y132        ODDR (Setup_oddr_C_D1)      -0.558     8.181    i_dram_wrapper/i_dram/u_mig7s_mig/u_memc_ui_top_axi/mem_intfc0/ddr_phy_top0/u_ddr_mc_phy_wrapper/u_ddr_mc_phy/ddr_phy_4lanes_0.u_ddr_phy_4lanes/ddr_byte_lane_C.ddr_byte_lane_C/ddr_byte_group_io/dqs_gen.oddr_dqsts
  -------------------------------------------------------------------
                         required time                          8.181    
                         arrival time                          -7.971    
  -------------------------------------------------------------------
                         slack                                  0.209    

Slack (MET) :             0.215ns  (required time - arrival time)
  Source:                 i_dram_wrapper/i_dram/u_mig7s_mig/u_memc_ui_top_axi/mem_intfc0/ddr_phy_top0/u_ddr_mc_phy_wrapper/u_ddr_mc_phy/ddr_phy_4lanes_0.u_ddr_phy_4lanes/ddr_byte_lane_A.ddr_byte_lane_A/phaser_out/OCLKDELAYED
                            (rising edge-triggered cell PHASER_OUT_PHY clocked by oserdes_clk'  {rise@0.000ns fall@0.625ns period=1.250ns})
  Destination:            i_dram_wrapper/i_dram/u_mig7s_mig/u_memc_ui_top_axi/mem_intfc0/ddr_phy_top0/u_ddr_mc_phy_wrapper/u_ddr_mc_phy/ddr_phy_4lanes_0.u_ddr_phy_4lanes/ddr_byte_lane_A.ddr_byte_lane_A/ddr_byte_group_io/dqs_gen.oddr_dqsts/D1
                            (rising edge-triggered cell ODDR clocked by oserdes_clk'  {rise@0.000ns fall@0.625ns period=1.250ns})
  Path Group:             oserdes_clk
  Path Type:              Setup (Max at Slow Process Corner)
  Requirement:            1.250ns  (oserdes_clk fall@1.875ns - oserdes_clk fall@0.625ns)
  Data Path Delay:        0.756ns  (logic 0.459ns (60.714%)  route 0.297ns (39.286%))
  Logic Levels:           0  
  Clock Path Skew:        0.326ns (DCD - SCD + CPR)
    Destination Clock Delay (DCD):    6.601ns = ( 8.476 - 1.875 ) 
    Source Clock Delay      (SCD):    6.590ns = ( 7.215 - 0.625 ) 
    Clock Pessimism Removal (CPR):    0.315ns
  Clock Uncertainty:      0.047ns  ((TSJ^2 + DJ^2)^1/2) / 2 + PE
    Total System Jitter     (TSJ):    0.071ns
    Discrete Jitter          (DJ):    0.061ns
    Phase Error              (PE):    0.000ns

    Location             Delay type                Incr(ns)  Path(ns)    Netlist Resource(s)
  -------------------------------------------------------------------    -------------------
                         (clock oserdes_clk fall edge)
                                                      0.625     0.625 f  
    AD12                                              0.000     0.625 f  sys_clk_p (IN)
                         net (fo=0)                   0.000     0.625    sys_clk_p
    AD12                 IBUFDS (Prop_ibufds_I_O)     0.906     1.531 f  i_bufds_sys_clk/O
                         net (fo=65, estimated)       1.098     2.629    i_dram_wrapper/i_dram/u_mig7s_mig/u_ddr3_infrastructure/plle2_i_0
    PLLE2_ADV_X1Y1       PLLE2_ADV (Prop_plle2_adv_CLKIN1_CLKOUT1)
                                                      0.077     2.706 f  i_dram_wrapper/i_dram/u_mig7s_mig/u_ddr3_infrastructure/plle2_i/CLKOUT1
                         net (fo=14, estimated)       1.198     3.904    i_dram_wrapper/i_dram/u_mig7s_mig/u_memc_ui_top_axi/mem_intfc0/ddr_phy_top0/u_ddr_mc_phy_wrapper/u_ddr_mc_phy/ddr_phy_4lanes_0.u_ddr_phy_4lanes/ddr_byte_lane_A.ddr_byte_lane_A/mem_refclk
    PHASER_OUT_PHY_X1Y8  PHASER_OUT_PHY (Prop_phaser_out_phy_MEMREFCLK_OCLK)
                                                      2.083     5.987 f  i_dram_wrapper/i_dram/u_mig7s_mig/u_memc_ui_top_axi/mem_intfc0/ddr_phy_top0/u_ddr_mc_phy_wrapper/u_ddr_mc_phy/ddr_phy_4lanes_0.u_ddr_phy_4lanes/ddr_byte_lane_A.ddr_byte_lane_A/phaser_out/OCLK
    PHASER_OUT_PHY_X1Y8  PHASER_OUT_PHY (Prop_phaser_out_phy_OCLK_OCLKDELAYED)
                                                      1.229     7.215 r  i_dram_wrapper/i_dram/u_mig7s_mig/u_memc_ui_top_axi/mem_intfc0/ddr_phy_top0/u_ddr_mc_phy_wrapper/u_ddr_mc_phy/ddr_phy_4lanes_0.u_ddr_phy_4lanes/ddr_byte_lane_A.ddr_byte_lane_A/phaser_out/OCLKDELAYED
  -------------------------------------------------------------------    -------------------
    PHASER_OUT_PHY_X1Y8  PHASER_OUT_PHY (Prop_phaser_out_phy_OCLKDELAYED_CTSBUS[0])
                                                      0.459     7.674 r  i_dram_wrapper/i_dram/u_mig7s_mig/u_memc_ui_top_axi/mem_intfc0/ddr_phy_top0/u_ddr_mc_phy_wrapper/u_ddr_mc_phy/ddr_phy_4lanes_0.u_ddr_phy_4lanes/ddr_byte_lane_A.ddr_byte_lane_A/phaser_out/CTSBUS[0]
                         net (fo=2, estimated)        0.297     7.971    i_dram_wrapper/i_dram/u_mig7s_mig/u_memc_ui_top_axi/mem_intfc0/ddr_phy_top0/u_ddr_mc_phy_wrapper/u_ddr_mc_phy/ddr_phy_4lanes_0.u_ddr_phy_4lanes/ddr_byte_lane_A.ddr_byte_lane_A/ddr_byte_group_io/CTSBUS[0]
    OLOGIC_X1Y108        ODDR                                         r  i_dram_wrapper/i_dram/u_mig7s_mig/u_memc_ui_top_axi/mem_intfc0/ddr_phy_top0/u_ddr_mc_phy_wrapper/u_ddr_mc_phy/ddr_phy_4lanes_0.u_ddr_phy_4lanes/ddr_byte_lane_A.ddr_byte_lane_A/ddr_byte_group_io/dqs_gen.oddr_dqsts/D1
  -------------------------------------------------------------------    -------------------

                         (clock oserdes_clk fall edge)
                                                      1.875     1.875 f  
    AD12                                              0.000     1.875 f  sys_clk_p (IN)
                         net (fo=0)                   0.000     1.875    sys_clk_p
    AD12                 IBUFDS (Prop_ibufds_I_O)     0.803     2.678 f  i_bufds_sys_clk/O
                         net (fo=65, estimated)       1.043     3.722    i_dram_wrapper/i_dram/u_mig7s_mig/u_ddr3_infrastructure/plle2_i_0
    PLLE2_ADV_X1Y1       PLLE2_ADV (Prop_plle2_adv_CLKIN1_CLKOUT1)
                                                      0.073     3.795 f  i_dram_wrapper/i_dram/u_mig7s_mig/u_ddr3_infrastructure/plle2_i/CLKOUT1
                         net (fo=14, estimated)       1.138     4.933    i_dram_wrapper/i_dram/u_mig7s_mig/u_memc_ui_top_axi/mem_intfc0/ddr_phy_top0/u_ddr_mc_phy_wrapper/u_ddr_mc_phy/ddr_phy_4lanes_0.u_ddr_phy_4lanes/ddr_byte_lane_A.ddr_byte_lane_A/mem_refclk
    PHASER_OUT_PHY_X1Y8  PHASER_OUT_PHY (Prop_phaser_out_phy_MEMREFCLK_OCLK)
                                                      2.027     6.960 f  i_dram_wrapper/i_dram/u_mig7s_mig/u_memc_ui_top_axi/mem_intfc0/ddr_phy_top0/u_ddr_mc_phy_wrapper/u_ddr_mc_phy/ddr_phy_4lanes_0.u_ddr_phy_4lanes/ddr_byte_lane_A.ddr_byte_lane_A/phaser_out/OCLK
    PHASER_OUT_PHY_X1Y8  PHASER_OUT_PHY (Prop_phaser_out_phy_OCLK_OCLKDELAYED)
                                                      1.191     8.150 r  i_dram_wrapper/i_dram/u_mig7s_mig/u_memc_ui_top_axi/mem_intfc0/ddr_phy_top0/u_ddr_mc_phy_wrapper/u_ddr_mc_phy/ddr_phy_4lanes_0.u_ddr_phy_4lanes/ddr_byte_lane_A.ddr_byte_lane_A/phaser_out/OCLKDELAYED
                         net (fo=2, estimated)        0.326     8.476    i_dram_wrapper/i_dram/u_mig7s_mig/u_memc_ui_top_axi/mem_intfc0/ddr_phy_top0/u_ddr_mc_phy_wrapper/u_ddr_mc_phy/ddr_phy_4lanes_0.u_ddr_phy_4lanes/ddr_byte_lane_A.ddr_byte_lane_A/ddr_byte_group_io/oserdes_clk_delayed
    OLOGIC_X1Y108        ODDR                                         r  i_dram_wrapper/i_dram/u_mig7s_mig/u_memc_ui_top_axi/mem_intfc0/ddr_phy_top0/u_ddr_mc_phy_wrapper/u_ddr_mc_phy/ddr_phy_4lanes_0.u_ddr_phy_4lanes/ddr_byte_lane_A.ddr_byte_lane_A/ddr_byte_group_io/dqs_gen.oddr_dqsts/C
                         clock pessimism              0.315     8.791    
                         clock uncertainty           -0.047     8.745    
    OLOGIC_X1Y108        ODDR (Setup_oddr_C_D1)      -0.558     8.187    i_dram_wrapper/i_dram/u_mig7s_mig/u_memc_ui_top_axi/mem_intfc0/ddr_phy_top0/u_ddr_mc_phy_wrapper/u_ddr_mc_phy/ddr_phy_4lanes_0.u_ddr_phy_4lanes/ddr_byte_lane_A.ddr_byte_lane_A/ddr_byte_group_io/dqs_gen.oddr_dqsts
  -------------------------------------------------------------------
                         required time                          8.187    
                         arrival time                          -7.971    
  -------------------------------------------------------------------
                         slack                                  0.215    

Slack (MET) :             0.217ns  (required time - arrival time)
  Source:                 i_dram_wrapper/i_dram/u_mig7s_mig/u_memc_ui_top_axi/mem_intfc0/ddr_phy_top0/u_ddr_mc_phy_wrapper/u_ddr_mc_phy/ddr_phy_4lanes_1.u_ddr_phy_4lanes/phy_control_i/MEMREFCLK
                            (rising edge-triggered cell PHY_CONTROL clocked by mem_refclk  {rise@0.000ns fall@0.625ns period=1.250ns})
  Destination:            i_dram_wrapper/i_dram/u_mig7s_mig/u_memc_ui_top_axi/mem_intfc0/ddr_phy_top0/u_ddr_mc_phy_wrapper/u_ddr_mc_phy/ddr_phy_4lanes_1.u_ddr_phy_4lanes/phy_control_i/PHYCTLMSTREMPTY
                            (rising edge-triggered cell PHY_CONTROL clocked by mem_refclk  {rise@0.000ns fall@0.625ns period=1.250ns})
  Path Group:             mem_refclk
  Path Type:              Setup (Max at Slow Process Corner)
  Requirement:            1.250ns  (mem_refclk rise@1.250ns - mem_refclk rise@0.000ns)
  Data Path Delay:        0.950ns  (logic 0.576ns (60.632%)  route 0.374ns (39.368%))
  Logic Levels:           0  
  Clock Path Skew:        -0.028ns (DCD - SCD + CPR)
    Destination Clock Delay (DCD):    2.452ns = ( 3.702 - 1.250 ) 
    Source Clock Delay      (SCD):    2.641ns
    Clock Pessimism Removal (CPR):    0.161ns
  Clock Uncertainty:      0.047ns  ((TSJ^2 + DJ^2)^1/2) / 2 + PE
    Total System Jitter     (TSJ):    0.071ns
    Discrete Jitter          (DJ):    0.061ns
    Phase Error              (PE):    0.000ns

    Location             Delay type                Incr(ns)  Path(ns)    Netlist Resource(s)
  -------------------------------------------------------------------    -------------------
                         (clock mem_refclk rise edge)
                                                      0.000     0.000 r  
    AD12                                              0.000     0.000 r  sys_clk_p (IN)
                         net (fo=0)                   0.000     0.000    sys_clk_p
    AD12                 IBUFDS (Prop_ibufds_I_O)     0.906     0.906 r  i_bufds_sys_clk/O
                         net (fo=65, estimated)       1.098     2.004    i_dram_wrapper/i_dram/u_mig7s_mig/u_ddr3_infrastructure/plle2_i_0
    PLLE2_ADV_X1Y1       PLLE2_ADV (Prop_plle2_adv_CLKIN1_CLKOUT1)
                                                      0.077     2.081 r  i_dram_wrapper/i_dram/u_mig7s_mig/u_ddr3_infrastructure/plle2_i/CLKOUT1
                         net (fo=14, estimated)       0.560     2.641    i_dram_wrapper/i_dram/u_mig7s_mig/u_memc_ui_top_axi/mem_intfc0/ddr_phy_top0/u_ddr_mc_phy_wrapper/u_ddr_mc_phy/ddr_phy_4lanes_1.u_ddr_phy_4lanes/mem_refclk
    PHY_CONTROL_X1Y1     PHY_CONTROL                                  r  i_dram_wrapper/i_dram/u_mig7s_mig/u_memc_ui_top_axi/mem_intfc0/ddr_phy_top0/u_ddr_mc_phy_wrapper/u_ddr_mc_phy/ddr_phy_4lanes_1.u_ddr_phy_4lanes/phy_control_i/MEMREFCLK
  -------------------------------------------------------------------    -------------------
    PHY_CONTROL_X1Y1     PHY_CONTROL (Prop_phy_control_MEMREFCLK_PHYCTLEMPTY)
                                                      0.576     3.217 r  i_dram_wrapper/i_dram/u_mig7s_mig/u_memc_ui_top_axi/mem_intfc0/ddr_phy_top0/u_ddr_mc_phy_wrapper/u_ddr_mc_phy/ddr_phy_4lanes_1.u_ddr_phy_4lanes/phy_control_i/PHYCTLEMPTY
                         net (fo=2, estimated)        0.374     3.591    i_dram_wrapper/i_dram/u_mig7s_mig/u_memc_ui_top_axi/mem_intfc0/ddr_phy_top0/u_ddr_mc_phy_wrapper/u_ddr_mc_phy/ddr_phy_4lanes_1.u_ddr_phy_4lanes/phy_ctl_mstr_empty
    PHY_CONTROL_X1Y1     PHY_CONTROL                                  r  i_dram_wrapper/i_dram/u_mig7s_mig/u_memc_ui_top_axi/mem_intfc0/ddr_phy_top0/u_ddr_mc_phy_wrapper/u_ddr_mc_phy/ddr_phy_4lanes_1.u_ddr_phy_4lanes/phy_control_i/PHYCTLMSTREMPTY
  -------------------------------------------------------------------    -------------------

                         (clock mem_refclk rise edge)
                                                      1.250     1.250 r  
    AD12                                              0.000     1.250 r  sys_clk_p (IN)
                         net (fo=0)                   0.000     1.250    sys_clk_p
    AD12                 IBUFDS (Prop_ibufds_I_O)     0.803     2.053 r  i_bufds_sys_clk/O
                         net (fo=65, estimated)       1.043     3.097    i_dram_wrapper/i_dram/u_mig7s_mig/u_ddr3_infrastructure/plle2_i_0
    PLLE2_ADV_X1Y1       PLLE2_ADV (Prop_plle2_adv_CLKIN1_CLKOUT1)
                                                      0.073     3.170 r  i_dram_wrapper/i_dram/u_mig7s_mig/u_ddr3_infrastructure/plle2_i/CLKOUT1
                         net (fo=14, estimated)       0.532     3.702    i_dram_wrapper/i_dram/u_mig7s_mig/u_memc_ui_top_axi/mem_intfc0/ddr_phy_top0/u_ddr_mc_phy_wrapper/u_ddr_mc_phy/ddr_phy_4lanes_1.u_ddr_phy_4lanes/mem_refclk
    PHY_CONTROL_X1Y1     PHY_CONTROL                                  r  i_dram_wrapper/i_dram/u_mig7s_mig/u_memc_ui_top_axi/mem_intfc0/ddr_phy_top0/u_ddr_mc_phy_wrapper/u_ddr_mc_phy/ddr_phy_4lanes_1.u_ddr_phy_4lanes/phy_control_i/MEMREFCLK
                         clock pessimism              0.161     3.863    
                         clock uncertainty           -0.047     3.816    
    PHY_CONTROL_X1Y1     PHY_CONTROL (Setup_phy_control_MEMREFCLK_PHYCTLMSTREMPTY)
                                                     -0.008     3.808    i_dram_wrapper/i_dram/u_mig7s_mig/u_memc_ui_top_axi/mem_intfc0/ddr_phy_top0/u_ddr_mc_phy_wrapper/u_ddr_mc_phy/ddr_phy_4lanes_1.u_ddr_phy_4lanes/phy_control_i
  -------------------------------------------------------------------
                         required time                          3.808    
                         arrival time                          -3.591    
  -------------------------------------------------------------------
                         slack                                  0.217    

Slack (MET) :             0.223ns  (required time - arrival time)
  Source:                 i_dram_wrapper/i_dram/u_mig7s_mig/u_memc_ui_top_axi/mem_intfc0/ddr_phy_top0/u_ddr_mc_phy_wrapper/u_ddr_mc_phy/ddr_phy_4lanes_0.u_ddr_phy_4lanes/ddr_byte_lane_D.ddr_byte_lane_D/phaser_out/OCLKDELAYED
                            (rising edge-triggered cell PHASER_OUT_PHY clocked by oserdes_clk_3'  {rise@0.000ns fall@0.625ns period=1.250ns})
  Destination:            i_dram_wrapper/i_dram/u_mig7s_mig/u_memc_ui_top_axi/mem_intfc0/ddr_phy_top0/u_ddr_mc_phy_wrapper/u_ddr_mc_phy/ddr_phy_4lanes_0.u_ddr_phy_4lanes/ddr_byte_lane_D.ddr_byte_lane_D/ddr_byte_group_io/dqs_gen.oddr_dqsts/D1
                            (rising edge-triggered cell ODDR clocked by oserdes_clk_3'  {rise@0.000ns fall@0.625ns period=1.250ns})
  Path Group:             oserdes_clk_3
  Path Type:              Setup (Max at Slow Process Corner)
  Requirement:            1.250ns  (oserdes_clk_3 fall@1.875ns - oserdes_clk_3 fall@0.625ns)
  Data Path Delay:        0.756ns  (logic 0.459ns (60.714%)  route 0.297ns (39.286%))
  Logic Levels:           0  
  Clock Path Skew:        0.333ns (DCD - SCD + CPR)
    Destination Clock Delay (DCD):    6.599ns = ( 8.474 - 1.875 ) 
    Source Clock Delay      (SCD):    6.580ns = ( 7.205 - 0.625 ) 
    Clock Pessimism Removal (CPR):    0.315ns
  Clock Uncertainty:      0.047ns  ((TSJ^2 + DJ^2)^1/2) / 2 + PE
    Total System Jitter     (TSJ):    0.071ns
    Discrete Jitter          (DJ):    0.061ns
    Phase Error              (PE):    0.000ns

    Location             Delay type                Incr(ns)  Path(ns)    Netlist Resource(s)
  -------------------------------------------------------------------    -------------------
                         (clock oserdes_clk_3 fall edge)
                                                      0.625     0.625 f  
    AD12                                              0.000     0.625 f  sys_clk_p (IN)
                         net (fo=0)                   0.000     0.625    sys_clk_p
    AD12                 IBUFDS (Prop_ibufds_I_O)     0.906     1.531 f  i_bufds_sys_clk/O
                         net (fo=65, estimated)       1.098     2.629    i_dram_wrapper/i_dram/u_mig7s_mig/u_ddr3_infrastructure/plle2_i_0
    PLLE2_ADV_X1Y1       PLLE2_ADV (Prop_plle2_adv_CLKIN1_CLKOUT1)
                                                      0.077     2.706 f  i_dram_wrapper/i_dram/u_mig7s_mig/u_ddr3_infrastructure/plle2_i/CLKOUT1
                         net (fo=14, estimated)       1.188     3.894    i_dram_wrapper/i_dram/u_mig7s_mig/u_memc_ui_top_axi/mem_intfc0/ddr_phy_top0/u_ddr_mc_phy_wrapper/u_ddr_mc_phy/ddr_phy_4lanes_0.u_ddr_phy_4lanes/ddr_byte_lane_D.ddr_byte_lane_D/mem_refclk
    PHASER_OUT_PHY_X1Y11 PHASER_OUT_PHY (Prop_phaser_out_phy_MEMREFCLK_OCLK)
                                                      2.083     5.977 f  i_dram_wrapper/i_dram/u_mig7s_mig/u_memc_ui_top_axi/mem_intfc0/ddr_phy_top0/u_ddr_mc_phy_wrapper/u_ddr_mc_phy/ddr_phy_4lanes_0.u_ddr_phy_4lanes/ddr_byte_lane_D.ddr_byte_lane_D/phaser_out/OCLK
    PHASER_OUT_PHY_X1Y11 PHASER_OUT_PHY (Prop_phaser_out_phy_OCLK_OCLKDELAYED)
                                                      1.229     7.205 r  i_dram_wrapper/i_dram/u_mig7s_mig/u_memc_ui_top_axi/mem_intfc0/ddr_phy_top0/u_ddr_mc_phy_wrapper/u_ddr_mc_phy/ddr_phy_4lanes_0.u_ddr_phy_4lanes/ddr_byte_lane_D.ddr_byte_lane_D/phaser_out/OCLKDELAYED
  -------------------------------------------------------------------    -------------------
    PHASER_OUT_PHY_X1Y11 PHASER_OUT_PHY (Prop_phaser_out_phy_OCLKDELAYED_CTSBUS[0])
                                                      0.459     7.664 r  i_dram_wrapper/i_dram/u_mig7s_mig/u_memc_ui_top_axi/mem_intfc0/ddr_phy_top0/u_ddr_mc_phy_wrapper/u_ddr_mc_phy/ddr_phy_4lanes_0.u_ddr_phy_4lanes/ddr_byte_lane_D.ddr_byte_lane_D/phaser_out/CTSBUS[0]
                         net (fo=2, estimated)        0.297     7.961    i_dram_wrapper/i_dram/u_mig7s_mig/u_memc_ui_top_axi/mem_intfc0/ddr_phy_top0/u_ddr_mc_phy_wrapper/u_ddr_mc_phy/ddr_phy_4lanes_0.u_ddr_phy_4lanes/ddr_byte_lane_D.ddr_byte_lane_D/ddr_byte_group_io/CTSBUS[0]
    OLOGIC_X1Y144        ODDR                                         r  i_dram_wrapper/i_dram/u_mig7s_mig/u_memc_ui_top_axi/mem_intfc0/ddr_phy_top0/u_ddr_mc_phy_wrapper/u_ddr_mc_phy/ddr_phy_4lanes_0.u_ddr_phy_4lanes/ddr_byte_lane_D.ddr_byte_lane_D/ddr_byte_group_io/dqs_gen.oddr_dqsts/D1
  -------------------------------------------------------------------    -------------------

                         (clock oserdes_clk_3 fall edge)
                                                      1.875     1.875 f  
    AD12                                              0.000     1.875 f  sys_clk_p (IN)
                         net (fo=0)                   0.000     1.875    sys_clk_p
    AD12                 IBUFDS (Prop_ibufds_I_O)     0.803     2.678 f  i_bufds_sys_clk/O
                         net (fo=65, estimated)       1.043     3.722    i_dram_wrapper/i_dram/u_mig7s_mig/u_ddr3_infrastructure/plle2_i_0
    PLLE2_ADV_X1Y1       PLLE2_ADV (Prop_plle2_adv_CLKIN1_CLKOUT1)
                                                      0.073     3.795 f  i_dram_wrapper/i_dram/u_mig7s_mig/u_ddr3_infrastructure/plle2_i/CLKOUT1
                         net (fo=14, estimated)       1.129     4.923    i_dram_wrapper/i_dram/u_mig7s_mig/u_memc_ui_top_axi/mem_intfc0/ddr_phy_top0/u_ddr_mc_phy_wrapper/u_ddr_mc_phy/ddr_phy_4lanes_0.u_ddr_phy_4lanes/ddr_byte_lane_D.ddr_byte_lane_D/mem_refclk
    PHASER_OUT_PHY_X1Y11 PHASER_OUT_PHY (Prop_phaser_out_phy_MEMREFCLK_OCLK)
                                                      2.027     6.950 f  i_dram_wrapper/i_dram/u_mig7s_mig/u_memc_ui_top_axi/mem_intfc0/ddr_phy_top0/u_ddr_mc_phy_wrapper/u_ddr_mc_phy/ddr_phy_4lanes_0.u_ddr_phy_4lanes/ddr_byte_lane_D.ddr_byte_lane_D/phaser_out/OCLK
    PHASER_OUT_PHY_X1Y11 PHASER_OUT_PHY (Prop_phaser_out_phy_OCLK_OCLKDELAYED)
                                                      1.191     8.141 r  i_dram_wrapper/i_dram/u_mig7s_mig/u_memc_ui_top_axi/mem_intfc0/ddr_phy_top0/u_ddr_mc_phy_wrapper/u_ddr_mc_phy/ddr_phy_4lanes_0.u_ddr_phy_4lanes/ddr_byte_lane_D.ddr_byte_lane_D/phaser_out/OCLKDELAYED
                         net (fo=2, estimated)        0.333     8.474    i_dram_wrapper/i_dram/u_mig7s_mig/u_memc_ui_top_axi/mem_intfc0/ddr_phy_top0/u_ddr_mc_phy_wrapper/u_ddr_mc_phy/ddr_phy_4lanes_0.u_ddr_phy_4lanes/ddr_byte_lane_D.ddr_byte_lane_D/ddr_byte_group_io/oserdes_clk_delayed
    OLOGIC_X1Y144        ODDR                                         r  i_dram_wrapper/i_dram/u_mig7s_mig/u_memc_ui_top_axi/mem_intfc0/ddr_phy_top0/u_ddr_mc_phy_wrapper/u_ddr_mc_phy/ddr_phy_4lanes_0.u_ddr_phy_4lanes/ddr_byte_lane_D.ddr_byte_lane_D/ddr_byte_group_io/dqs_gen.oddr_dqsts/C
                         clock pessimism              0.315     8.789    
                         clock uncertainty           -0.047     8.742    
    OLOGIC_X1Y144        ODDR (Setup_oddr_C_D1)      -0.558     8.184    i_dram_wrapper/i_dram/u_mig7s_mig/u_memc_ui_top_axi/mem_intfc0/ddr_phy_top0/u_ddr_mc_phy_wrapper/u_ddr_mc_phy/ddr_phy_4lanes_0.u_ddr_phy_4lanes/ddr_byte_lane_D.ddr_byte_lane_D/ddr_byte_group_io/dqs_gen.oddr_dqsts
  -------------------------------------------------------------------
                         required time                          8.184    
                         arrival time                          -7.961    
  -------------------------------------------------------------------
                         slack                                  0.223    

Slack (MET) :             0.505ns  (required time - arrival time)
  Source:                 i_dram_wrapper/i_dram/u_mig7s_mig/u_memc_ui_top_axi/mem_intfc0/ddr_phy_top0/u_ddr_mc_phy_wrapper/u_ddr_mc_phy/ddr_phy_4lanes_0.u_ddr_phy_4lanes/ddr_byte_lane_A.ddr_byte_lane_A/phaser_out/OCLK
                            (rising edge-triggered cell PHASER_OUT_PHY clocked by oserdes_clk  {rise@0.000ns fall@0.625ns period=1.250ns})
  Destination:            i_dram_wrapper/i_dram/u_mig7s_mig/u_memc_ui_top_axi/mem_intfc0/ddr_phy_top0/u_ddr_mc_phy_wrapper/u_ddr_mc_phy/ddr_phy_4lanes_0.u_ddr_phy_4lanes/ddr_byte_lane_A.ddr_byte_lane_A/out_fifo/RDEN
                            (rising edge-triggered cell OUT_FIFO clocked by oserdes_clkdiv  {rise@0.000ns fall@1.250ns period=2.500ns})
  Path Group:             oserdes_clkdiv
  Path Type:              Setup (Max at Slow Process Corner)
  Requirement:            1.250ns  (oserdes_clkdiv rise@2.500ns - oserdes_clk rise@1.250ns)
  Data Path Delay:        0.301ns  (logic 0.301ns (100.000%)  route 0.000ns (0.000%))
  Logic Levels:           0  
  Clock Path Skew:        0.133ns (DCD - SCD + CPR)
    Destination Clock Delay (DCD):    5.218ns = ( 7.718 - 2.500 ) 
    Source Clock Delay      (SCD):    5.362ns = ( 6.612 - 1.250 ) 
    Clock Pessimism Removal (CPR):    0.277ns
  Clock Uncertainty:      0.047ns  ((TSJ^2 + DJ^2)^1/2) / 2 + PE
    Total System Jitter     (TSJ):    0.071ns
    Discrete Jitter          (DJ):    0.061ns
    Phase Error              (PE):    0.000ns

    Location             Delay type                Incr(ns)  Path(ns)    Netlist Resource(s)
  -------------------------------------------------------------------    -------------------
                         (clock oserdes_clk rise edge)
                                                      1.250     1.250 r  
    AD12                                              0.000     1.250 r  sys_clk_p (IN)
                         net (fo=0)                   0.000     1.250    sys_clk_p
    AD12                 IBUFDS (Prop_ibufds_I_O)     0.906     2.156 r  i_bufds_sys_clk/O
                         net (fo=65, estimated)       1.098     3.254    i_dram_wrapper/i_dram/u_mig7s_mig/u_ddr3_infrastructure/plle2_i_0
    PLLE2_ADV_X1Y1       PLLE2_ADV (Prop_plle2_adv_CLKIN1_CLKOUT1)
                                                      0.077     3.331 r  i_dram_wrapper/i_dram/u_mig7s_mig/u_ddr3_infrastructure/plle2_i/CLKOUT1
                         net (fo=14, estimated)       1.198     4.529    i_dram_wrapper/i_dram/u_mig7s_mig/u_memc_ui_top_axi/mem_intfc0/ddr_phy_top0/u_ddr_mc_phy_wrapper/u_ddr_mc_phy/ddr_phy_4lanes_0.u_ddr_phy_4lanes/ddr_byte_lane_A.ddr_byte_lane_A/mem_refclk
    PHASER_OUT_PHY_X1Y8  PHASER_OUT_PHY (Prop_phaser_out_phy_MEMREFCLK_OCLK)
                                                      2.083     6.612 r  i_dram_wrapper/i_dram/u_mig7s_mig/u_memc_ui_top_axi/mem_intfc0/ddr_phy_top0/u_ddr_mc_phy_wrapper/u_ddr_mc_phy/ddr_phy_4lanes_0.u_ddr_phy_4lanes/ddr_byte_lane_A.ddr_byte_lane_A/phaser_out/OCLK
  -------------------------------------------------------------------    -------------------
    PHASER_OUT_PHY_X1Y8  PHASER_OUT_PHY (Prop_phaser_out_phy_OCLK_RDENABLE)
                                                      0.301     6.913 r  i_dram_wrapper/i_dram/u_mig7s_mig/u_memc_ui_top_axi/mem_intfc0/ddr_phy_top0/u_ddr_mc_phy_wrapper/u_ddr_mc_phy/ddr_phy_4lanes_0.u_ddr_phy_4lanes/ddr_byte_lane_A.ddr_byte_lane_A/phaser_out/RDENABLE
                         net (fo=1, estimated)        0.000     6.913    i_dram_wrapper/i_dram/u_mig7s_mig/u_memc_ui_top_axi/mem_intfc0/ddr_phy_top0/u_ddr_mc_phy_wrapper/u_ddr_mc_phy/ddr_phy_4lanes_0.u_ddr_phy_4lanes/ddr_byte_lane_A.ddr_byte_lane_A/po_rd_enable
    OUT_FIFO_X1Y8        OUT_FIFO                                     r  i_dram_wrapper/i_dram/u_mig7s_mig/u_memc_ui_top_axi/mem_intfc0/ddr_phy_top0/u_ddr_mc_phy_wrapper/u_ddr_mc_phy/ddr_phy_4lanes_0.u_ddr_phy_4lanes/ddr_byte_lane_A.ddr_byte_lane_A/out_fifo/RDEN
  -------------------------------------------------------------------    -------------------

                         (clock oserdes_clkdiv rise edge)
                                                      2.500     2.500 r  
    AD12                                              0.000     2.500 r  sys_clk_p (IN)
                         net (fo=0)                   0.000     2.500    sys_clk_p
    AD12                 IBUFDS (Prop_ibufds_I_O)     0.803     3.303 r  i_bufds_sys_clk/O
                         net (fo=65, estimated)       1.043     4.347    i_dram_wrapper/i_dram/u_mig7s_mig/u_ddr3_infrastructure/plle2_i_0
    PLLE2_ADV_X1Y1       PLLE2_ADV (Prop_plle2_adv_CLKIN1_CLKOUT1)
                                                      0.073     4.420 r  i_dram_wrapper/i_dram/u_mig7s_mig/u_ddr3_infrastructure/plle2_i/CLKOUT1
                         net (fo=14, estimated)       1.138     5.558    i_dram_wrapper/i_dram/u_mig7s_mig/u_memc_ui_top_axi/mem_intfc0/ddr_phy_top0/u_ddr_mc_phy_wrapper/u_ddr_mc_phy/ddr_phy_4lanes_0.u_ddr_phy_4lanes/ddr_byte_lane_A.ddr_byte_lane_A/mem_refclk
    PHASER_OUT_PHY_X1Y8  PHASER_OUT_PHY (Prop_phaser_out_phy_MEMREFCLK_OCLK)
                                                      2.027     7.585 r  i_dram_wrapper/i_dram/u_mig7s_mig/u_memc_ui_top_axi/mem_intfc0/ddr_phy_top0/u_ddr_mc_phy_wrapper/u_ddr_mc_phy/ddr_phy_4lanes_0.u_ddr_phy_4lanes/ddr_byte_lane_A.ddr_byte_lane_A/phaser_out/OCLK
    PHASER_OUT_PHY_X1Y8  PHASER_OUT_PHY (Prop_phaser_out_phy_OCLK_OCLKDIV)
                                                      0.133     7.718 r  i_dram_wrapper/i_dram/u_mig7s_mig/u_memc_ui_top_axi/mem_intfc0/ddr_phy_top0/u_ddr_mc_phy_wrapper/u_ddr_mc_phy/ddr_phy_4lanes_0.u_ddr_phy_4lanes/ddr_byte_lane_A.ddr_byte_lane_A/phaser_out/OCLKDIV
                         net (fo=11, estimated)       0.000     7.718    i_dram_wrapper/i_dram/u_mig7s_mig/u_memc_ui_top_axi/mem_intfc0/ddr_phy_top0/u_ddr_mc_phy_wrapper/u_ddr_mc_phy/ddr_phy_4lanes_0.u_ddr_phy_4lanes/ddr_byte_lane_A.ddr_byte_lane_A/oserdes_clkdiv
    OUT_FIFO_X1Y8        OUT_FIFO                                     r  i_dram_wrapper/i_dram/u_mig7s_mig/u_memc_ui_top_axi/mem_intfc0/ddr_phy_top0/u_ddr_mc_phy_wrapper/u_ddr_mc_phy/ddr_phy_4lanes_0.u_ddr_phy_4lanes/ddr_byte_lane_A.ddr_byte_lane_A/out_fifo/RDCLK
                         clock pessimism              0.277     7.995    
                         clock uncertainty           -0.047     7.948    
    OUT_FIFO_X1Y8        OUT_FIFO (Setup_out_fifo_RDCLK_RDEN)
                                                     -0.530     7.418    i_dram_wrapper/i_dram/u_mig7s_mig/u_memc_ui_top_axi/mem_intfc0/ddr_phy_top0/u_ddr_mc_phy_wrapper/u_ddr_mc_phy/ddr_phy_4lanes_0.u_ddr_phy_4lanes/ddr_byte_lane_A.ddr_byte_lane_A/out_fifo
  -------------------------------------------------------------------
                         required time                          7.418    
                         arrival time                          -6.913    
  -------------------------------------------------------------------
                         slack                                  0.505    

Slack (MET) :             0.505ns  (required time - arrival time)
  Source:                 i_dram_wrapper/i_dram/u_mig7s_mig/u_memc_ui_top_axi/mem_intfc0/ddr_phy_top0/u_ddr_mc_phy_wrapper/u_ddr_mc_phy/ddr_phy_4lanes_0.u_ddr_phy_4lanes/ddr_byte_lane_B.ddr_byte_lane_B/phaser_out/OCLK
                            (rising edge-triggered cell PHASER_OUT_PHY clocked by oserdes_clk_1  {rise@0.000ns fall@0.625ns period=1.250ns})
  Destination:            i_dram_wrapper/i_dram/u_mig7s_mig/u_memc_ui_top_axi/mem_intfc0/ddr_phy_top0/u_ddr_mc_phy_wrapper/u_ddr_mc_phy/ddr_phy_4lanes_0.u_ddr_phy_4lanes/ddr_byte_lane_B.ddr_byte_lane_B/out_fifo/RDEN
                            (rising edge-triggered cell OUT_FIFO clocked by oserdes_clkdiv_1  {rise@0.000ns fall@1.250ns period=2.500ns})
  Path Group:             oserdes_clkdiv_1
  Path Type:              Setup (Max at Slow Process Corner)
  Requirement:            1.250ns  (oserdes_clkdiv_1 rise@2.500ns - oserdes_clk_1 rise@1.250ns)
  Data Path Delay:        0.301ns  (logic 0.301ns (100.000%)  route 0.000ns (0.000%))
  Logic Levels:           0  
  Clock Path Skew:        0.133ns (DCD - SCD + CPR)
    Destination Clock Delay (DCD):    5.208ns = ( 7.708 - 2.500 ) 
    Source Clock Delay      (SCD):    5.352ns = ( 6.602 - 1.250 ) 
    Clock Pessimism Removal (CPR):    0.277ns
  Clock Uncertainty:      0.047ns  ((TSJ^2 + DJ^2)^1/2) / 2 + PE
    Total System Jitter     (TSJ):    0.071ns
    Discrete Jitter          (DJ):    0.061ns
    Phase Error              (PE):    0.000ns

    Location             Delay type                Incr(ns)  Path(ns)    Netlist Resource(s)
  -------------------------------------------------------------------    -------------------
                         (clock oserdes_clk_1 rise edge)
                                                      1.250     1.250 r  
    AD12                                              0.000     1.250 r  sys_clk_p (IN)
                         net (fo=0)                   0.000     1.250    sys_clk_p
    AD12                 IBUFDS (Prop_ibufds_I_O)     0.906     2.156 r  i_bufds_sys_clk/O
                         net (fo=65, estimated)       1.098     3.254    i_dram_wrapper/i_dram/u_mig7s_mig/u_ddr3_infrastructure/plle2_i_0
    PLLE2_ADV_X1Y1       PLLE2_ADV (Prop_plle2_adv_CLKIN1_CLKOUT1)
                                                      0.077     3.331 r  i_dram_wrapper/i_dram/u_mig7s_mig/u_ddr3_infrastructure/plle2_i/CLKOUT1
                         net (fo=14, estimated)       1.188     4.519    i_dram_wrapper/i_dram/u_mig7s_mig/u_memc_ui_top_axi/mem_intfc0/ddr_phy_top0/u_ddr_mc_phy_wrapper/u_ddr_mc_phy/ddr_phy_4lanes_0.u_ddr_phy_4lanes/ddr_byte_lane_B.ddr_byte_lane_B/mem_refclk
    PHASER_OUT_PHY_X1Y9  PHASER_OUT_PHY (Prop_phaser_out_phy_MEMREFCLK_OCLK)
                                                      2.083     6.602 r  i_dram_wrapper/i_dram/u_mig7s_mig/u_memc_ui_top_axi/mem_intfc0/ddr_phy_top0/u_ddr_mc_phy_wrapper/u_ddr_mc_phy/ddr_phy_4lanes_0.u_ddr_phy_4lanes/ddr_byte_lane_B.ddr_byte_lane_B/phaser_out/OCLK
  -------------------------------------------------------------------    -------------------
    PHASER_OUT_PHY_X1Y9  PHASER_OUT_PHY (Prop_phaser_out_phy_OCLK_RDENABLE)
                                                      0.301     6.903 r  i_dram_wrapper/i_dram/u_mig7s_mig/u_memc_ui_top_axi/mem_intfc0/ddr_phy_top0/u_ddr_mc_phy_wrapper/u_ddr_mc_phy/ddr_phy_4lanes_0.u_ddr_phy_4lanes/ddr_byte_lane_B.ddr_byte_lane_B/phaser_out/RDENABLE
                         net (fo=1, estimated)        0.000     6.903    i_dram_wrapper/i_dram/u_mig7s_mig/u_memc_ui_top_axi/mem_intfc0/ddr_phy_top0/u_ddr_mc_phy_wrapper/u_ddr_mc_phy/ddr_phy_4lanes_0.u_ddr_phy_4lanes/ddr_byte_lane_B.ddr_byte_lane_B/po_rd_enable
    OUT_FIFO_X1Y9        OUT_FIFO                                     r  i_dram_wrapper/i_dram/u_mig7s_mig/u_memc_ui_top_axi/mem_intfc0/ddr_phy_top0/u_ddr_mc_phy_wrapper/u_ddr_mc_phy/ddr_phy_4lanes_0.u_ddr_phy_4lanes/ddr_byte_lane_B.ddr_byte_lane_B/out_fifo/RDEN
  -------------------------------------------------------------------    -------------------

                         (clock oserdes_clkdiv_1 rise edge)
                                                      2.500     2.500 r  
    AD12                                              0.000     2.500 r  sys_clk_p (IN)
                         net (fo=0)                   0.000     2.500    sys_clk_p
    AD12                 IBUFDS (Prop_ibufds_I_O)     0.803     3.303 r  i_bufds_sys_clk/O
                         net (fo=65, estimated)       1.043     4.347    i_dram_wrapper/i_dram/u_mig7s_mig/u_ddr3_infrastructure/plle2_i_0
    PLLE2_ADV_X1Y1       PLLE2_ADV (Prop_plle2_adv_CLKIN1_CLKOUT1)
                                                      0.073     4.420 r  i_dram_wrapper/i_dram/u_mig7s_mig/u_ddr3_infrastructure/plle2_i/CLKOUT1
                         net (fo=14, estimated)       1.129     5.548    i_dram_wrapper/i_dram/u_mig7s_mig/u_memc_ui_top_axi/mem_intfc0/ddr_phy_top0/u_ddr_mc_phy_wrapper/u_ddr_mc_phy/ddr_phy_4lanes_0.u_ddr_phy_4lanes/ddr_byte_lane_B.ddr_byte_lane_B/mem_refclk
    PHASER_OUT_PHY_X1Y9  PHASER_OUT_PHY (Prop_phaser_out_phy_MEMREFCLK_OCLK)
                                                      2.027     7.575 r  i_dram_wrapper/i_dram/u_mig7s_mig/u_memc_ui_top_axi/mem_intfc0/ddr_phy_top0/u_ddr_mc_phy_wrapper/u_ddr_mc_phy/ddr_phy_4lanes_0.u_ddr_phy_4lanes/ddr_byte_lane_B.ddr_byte_lane_B/phaser_out/OCLK
    PHASER_OUT_PHY_X1Y9  PHASER_OUT_PHY (Prop_phaser_out_phy_OCLK_OCLKDIV)
                                                      0.133     7.708 r  i_dram_wrapper/i_dram/u_mig7s_mig/u_memc_ui_top_axi/mem_intfc0/ddr_phy_top0/u_ddr_mc_phy_wrapper/u_ddr_mc_phy/ddr_phy_4lanes_0.u_ddr_phy_4lanes/ddr_byte_lane_B.ddr_byte_lane_B/phaser_out/OCLKDIV
                         net (fo=11, estimated)       0.000     7.708    i_dram_wrapper/i_dram/u_mig7s_mig/u_memc_ui_top_axi/mem_intfc0/ddr_phy_top0/u_ddr_mc_phy_wrapper/u_ddr_mc_phy/ddr_phy_4lanes_0.u_ddr_phy_4lanes/ddr_byte_lane_B.ddr_byte_lane_B/oserdes_clkdiv
    OUT_FIFO_X1Y9        OUT_FIFO                                     r  i_dram_wrapper/i_dram/u_mig7s_mig/u_memc_ui_top_axi/mem_intfc0/ddr_phy_top0/u_ddr_mc_phy_wrapper/u_ddr_mc_phy/ddr_phy_4lanes_0.u_ddr_phy_4lanes/ddr_byte_lane_B.ddr_byte_lane_B/out_fifo/RDCLK
                         clock pessimism              0.277     7.985    
                         clock uncertainty           -0.047     7.938    
    OUT_FIFO_X1Y9        OUT_FIFO (Setup_out_fifo_RDCLK_RDEN)
                                                     -0.530     7.408    i_dram_wrapper/i_dram/u_mig7s_mig/u_memc_ui_top_axi/mem_intfc0/ddr_phy_top0/u_ddr_mc_phy_wrapper/u_ddr_mc_phy/ddr_phy_4lanes_0.u_ddr_phy_4lanes/ddr_byte_lane_B.ddr_byte_lane_B/out_fifo
  -------------------------------------------------------------------
                         required time                          7.408    
                         arrival time                          -6.903    
  -------------------------------------------------------------------
                         slack                                  0.505    

Slack (MET) :             0.505ns  (required time - arrival time)
  Source:                 i_dram_wrapper/i_dram/u_mig7s_mig/u_memc_ui_top_axi/mem_intfc0/ddr_phy_top0/u_ddr_mc_phy_wrapper/u_ddr_mc_phy/ddr_phy_4lanes_0.u_ddr_phy_4lanes/ddr_byte_lane_C.ddr_byte_lane_C/phaser_out/OCLK
                            (rising edge-triggered cell PHASER_OUT_PHY clocked by oserdes_clk_2  {rise@0.000ns fall@0.625ns period=1.250ns})
  Destination:            i_dram_wrapper/i_dram/u_mig7s_mig/u_memc_ui_top_axi/mem_intfc0/ddr_phy_top0/u_ddr_mc_phy_wrapper/u_ddr_mc_phy/ddr_phy_4lanes_0.u_ddr_phy_4lanes/ddr_byte_lane_C.ddr_byte_lane_C/out_fifo/RDEN
                            (rising edge-triggered cell OUT_FIFO clocked by oserdes_clkdiv_2  {rise@0.000ns fall@1.250ns period=2.500ns})
  Path Group:             oserdes_clkdiv_2
  Path Type:              Setup (Max at Slow Process Corner)
  Requirement:            1.250ns  (oserdes_clkdiv_2 rise@2.500ns - oserdes_clk_2 rise@1.250ns)
  Data Path Delay:        0.301ns  (logic 0.301ns (100.000%)  route 0.000ns (0.000%))
  Logic Levels:           0  
  Clock Path Skew:        0.133ns (DCD - SCD + CPR)
    Destination Clock Delay (DCD):    5.218ns = ( 7.718 - 2.500 ) 
    Source Clock Delay      (SCD):    5.362ns = ( 6.612 - 1.250 ) 
    Clock Pessimism Removal (CPR):    0.277ns
  Clock Uncertainty:      0.047ns  ((TSJ^2 + DJ^2)^1/2) / 2 + PE
    Total System Jitter     (TSJ):    0.071ns
    Discrete Jitter          (DJ):    0.061ns
    Phase Error              (PE):    0.000ns

    Location             Delay type                Incr(ns)  Path(ns)    Netlist Resource(s)
  -------------------------------------------------------------------    -------------------
                         (clock oserdes_clk_2 rise edge)
                                                      1.250     1.250 r  
    AD12                                              0.000     1.250 r  sys_clk_p (IN)
                         net (fo=0)                   0.000     1.250    sys_clk_p
    AD12                 IBUFDS (Prop_ibufds_I_O)     0.906     2.156 r  i_bufds_sys_clk/O
                         net (fo=65, estimated)       1.098     3.254    i_dram_wrapper/i_dram/u_mig7s_mig/u_ddr3_infrastructure/plle2_i_0
    PLLE2_ADV_X1Y1       PLLE2_ADV (Prop_plle2_adv_CLKIN1_CLKOUT1)
                                                      0.077     3.331 r  i_dram_wrapper/i_dram/u_mig7s_mig/u_ddr3_infrastructure/plle2_i/CLKOUT1
                         net (fo=14, estimated)       1.198     4.529    i_dram_wrapper/i_dram/u_mig7s_mig/u_memc_ui_top_axi/mem_intfc0/ddr_phy_top0/u_ddr_mc_phy_wrapper/u_ddr_mc_phy/ddr_phy_4lanes_0.u_ddr_phy_4lanes/ddr_byte_lane_C.ddr_byte_lane_C/mem_refclk
    PHASER_OUT_PHY_X1Y10 PHASER_OUT_PHY (Prop_phaser_out_phy_MEMREFCLK_OCLK)
                                                      2.083     6.612 r  i_dram_wrapper/i_dram/u_mig7s_mig/u_memc_ui_top_axi/mem_intfc0/ddr_phy_top0/u_ddr_mc_phy_wrapper/u_ddr_mc_phy/ddr_phy_4lanes_0.u_ddr_phy_4lanes/ddr_byte_lane_C.ddr_byte_lane_C/phaser_out/OCLK
  -------------------------------------------------------------------    -------------------
    PHASER_OUT_PHY_X1Y10 PHASER_OUT_PHY (Prop_phaser_out_phy_OCLK_RDENABLE)
                                                      0.301     6.913 r  i_dram_wrapper/i_dram/u_mig7s_mig/u_memc_ui_top_axi/mem_intfc0/ddr_phy_top0/u_ddr_mc_phy_wrapper/u_ddr_mc_phy/ddr_phy_4lanes_0.u_ddr_phy_4lanes/ddr_byte_lane_C.ddr_byte_lane_C/phaser_out/RDENABLE
                         net (fo=1, estimated)        0.000     6.913    i_dram_wrapper/i_dram/u_mig7s_mig/u_memc_ui_top_axi/mem_intfc0/ddr_phy_top0/u_ddr_mc_phy_wrapper/u_ddr_mc_phy/ddr_phy_4lanes_0.u_ddr_phy_4lanes/ddr_byte_lane_C.ddr_byte_lane_C/po_rd_enable
    OUT_FIFO_X1Y10       OUT_FIFO                                     r  i_dram_wrapper/i_dram/u_mig7s_mig/u_memc_ui_top_axi/mem_intfc0/ddr_phy_top0/u_ddr_mc_phy_wrapper/u_ddr_mc_phy/ddr_phy_4lanes_0.u_ddr_phy_4lanes/ddr_byte_lane_C.ddr_byte_lane_C/out_fifo/RDEN
  -------------------------------------------------------------------    -------------------

                         (clock oserdes_clkdiv_2 rise edge)
                                                      2.500     2.500 r  
    AD12                                              0.000     2.500 r  sys_clk_p (IN)
                         net (fo=0)                   0.000     2.500    sys_clk_p
    AD12                 IBUFDS (Prop_ibufds_I_O)     0.803     3.303 r  i_bufds_sys_clk/O
                         net (fo=65, estimated)       1.043     4.347    i_dram_wrapper/i_dram/u_mig7s_mig/u_ddr3_infrastructure/plle2_i_0
    PLLE2_ADV_X1Y1       PLLE2_ADV (Prop_plle2_adv_CLKIN1_CLKOUT1)
                                                      0.073     4.420 r  i_dram_wrapper/i_dram/u_mig7s_mig/u_ddr3_infrastructure/plle2_i/CLKOUT1
                         net (fo=14, estimated)       1.138     5.558    i_dram_wrapper/i_dram/u_mig7s_mig/u_memc_ui_top_axi/mem_intfc0/ddr_phy_top0/u_ddr_mc_phy_wrapper/u_ddr_mc_phy/ddr_phy_4lanes_0.u_ddr_phy_4lanes/ddr_byte_lane_C.ddr_byte_lane_C/mem_refclk
    PHASER_OUT_PHY_X1Y10 PHASER_OUT_PHY (Prop_phaser_out_phy_MEMREFCLK_OCLK)
                                                      2.027     7.585 r  i_dram_wrapper/i_dram/u_mig7s_mig/u_memc_ui_top_axi/mem_intfc0/ddr_phy_top0/u_ddr_mc_phy_wrapper/u_ddr_mc_phy/ddr_phy_4lanes_0.u_ddr_phy_4lanes/ddr_byte_lane_C.ddr_byte_lane_C/phaser_out/OCLK
    PHASER_OUT_PHY_X1Y10 PHASER_OUT_PHY (Prop_phaser_out_phy_OCLK_OCLKDIV)
                                                      0.133     7.718 r  i_dram_wrapper/i_dram/u_mig7s_mig/u_memc_ui_top_axi/mem_intfc0/ddr_phy_top0/u_ddr_mc_phy_wrapper/u_ddr_mc_phy/ddr_phy_4lanes_0.u_ddr_phy_4lanes/ddr_byte_lane_C.ddr_byte_lane_C/phaser_out/OCLKDIV
                         net (fo=11, estimated)       0.000     7.718    i_dram_wrapper/i_dram/u_mig7s_mig/u_memc_ui_top_axi/mem_intfc0/ddr_phy_top0/u_ddr_mc_phy_wrapper/u_ddr_mc_phy/ddr_phy_4lanes_0.u_ddr_phy_4lanes/ddr_byte_lane_C.ddr_byte_lane_C/oserdes_clkdiv
    OUT_FIFO_X1Y10       OUT_FIFO                                     r  i_dram_wrapper/i_dram/u_mig7s_mig/u_memc_ui_top_axi/mem_intfc0/ddr_phy_top0/u_ddr_mc_phy_wrapper/u_ddr_mc_phy/ddr_phy_4lanes_0.u_ddr_phy_4lanes/ddr_byte_lane_C.ddr_byte_lane_C/out_fifo/RDCLK
                         clock pessimism              0.277     7.995    
                         clock uncertainty           -0.047     7.948    
    OUT_FIFO_X1Y10       OUT_FIFO (Setup_out_fifo_RDCLK_RDEN)
                                                     -0.530     7.418    i_dram_wrapper/i_dram/u_mig7s_mig/u_memc_ui_top_axi/mem_intfc0/ddr_phy_top0/u_ddr_mc_phy_wrapper/u_ddr_mc_phy/ddr_phy_4lanes_0.u_ddr_phy_4lanes/ddr_byte_lane_C.ddr_byte_lane_C/out_fifo
  -------------------------------------------------------------------
                         required time                          7.418    
                         arrival time                          -6.913    
  -------------------------------------------------------------------
                         slack                                  0.505    

Slack (MET) :             0.505ns  (required time - arrival time)
  Source:                 i_dram_wrapper/i_dram/u_mig7s_mig/u_memc_ui_top_axi/mem_intfc0/ddr_phy_top0/u_ddr_mc_phy_wrapper/u_ddr_mc_phy/ddr_phy_4lanes_0.u_ddr_phy_4lanes/ddr_byte_lane_D.ddr_byte_lane_D/phaser_out/OCLK
                            (rising edge-triggered cell PHASER_OUT_PHY clocked by oserdes_clk_3  {rise@0.000ns fall@0.625ns period=1.250ns})
  Destination:            i_dram_wrapper/i_dram/u_mig7s_mig/u_memc_ui_top_axi/mem_intfc0/ddr_phy_top0/u_ddr_mc_phy_wrapper/u_ddr_mc_phy/ddr_phy_4lanes_0.u_ddr_phy_4lanes/ddr_byte_lane_D.ddr_byte_lane_D/out_fifo/RDEN
                            (rising edge-triggered cell OUT_FIFO clocked by oserdes_clkdiv_3  {rise@0.000ns fall@1.250ns period=2.500ns})
  Path Group:             oserdes_clkdiv_3
  Path Type:              Setup (Max at Slow Process Corner)
  Requirement:            1.250ns  (oserdes_clkdiv_3 rise@2.500ns - oserdes_clk_3 rise@1.250ns)
  Data Path Delay:        0.301ns  (logic 0.301ns (100.000%)  route 0.000ns (0.000%))
  Logic Levels:           0  
  Clock Path Skew:        0.133ns (DCD - SCD + CPR)
    Destination Clock Delay (DCD):    5.208ns = ( 7.708 - 2.500 ) 
    Source Clock Delay      (SCD):    5.352ns = ( 6.602 - 1.250 ) 
    Clock Pessimism Removal (CPR):    0.277ns
  Clock Uncertainty:      0.047ns  ((TSJ^2 + DJ^2)^1/2) / 2 + PE
    Total System Jitter     (TSJ):    0.071ns
    Discrete Jitter          (DJ):    0.061ns
    Phase Error              (PE):    0.000ns

    Location             Delay type                Incr(ns)  Path(ns)    Netlist Resource(s)
  -------------------------------------------------------------------    -------------------
                         (clock oserdes_clk_3 rise edge)
                                                      1.250     1.250 r  
    AD12                                              0.000     1.250 r  sys_clk_p (IN)
                         net (fo=0)                   0.000     1.250    sys_clk_p
    AD12                 IBUFDS (Prop_ibufds_I_O)     0.906     2.156 r  i_bufds_sys_clk/O
                         net (fo=65, estimated)       1.098     3.254    i_dram_wrapper/i_dram/u_mig7s_mig/u_ddr3_infrastructure/plle2_i_0
    PLLE2_ADV_X1Y1       PLLE2_ADV (Prop_plle2_adv_CLKIN1_CLKOUT1)
                                                      0.077     3.331 r  i_dram_wrapper/i_dram/u_mig7s_mig/u_ddr3_infrastructure/plle2_i/CLKOUT1
                         net (fo=14, estimated)       1.188     4.519    i_dram_wrapper/i_dram/u_mig7s_mig/u_memc_ui_top_axi/mem_intfc0/ddr_phy_top0/u_ddr_mc_phy_wrapper/u_ddr_mc_phy/ddr_phy_4lanes_0.u_ddr_phy_4lanes/ddr_byte_lane_D.ddr_byte_lane_D/mem_refclk
    PHASER_OUT_PHY_X1Y11 PHASER_OUT_PHY (Prop_phaser_out_phy_MEMREFCLK_OCLK)
                                                      2.083     6.602 r  i_dram_wrapper/i_dram/u_mig7s_mig/u_memc_ui_top_axi/mem_intfc0/ddr_phy_top0/u_ddr_mc_phy_wrapper/u_ddr_mc_phy/ddr_phy_4lanes_0.u_ddr_phy_4lanes/ddr_byte_lane_D.ddr_byte_lane_D/phaser_out/OCLK
  -------------------------------------------------------------------    -------------------
    PHASER_OUT_PHY_X1Y11 PHASER_OUT_PHY (Prop_phaser_out_phy_OCLK_RDENABLE)
                                                      0.301     6.903 r  i_dram_wrapper/i_dram/u_mig7s_mig/u_memc_ui_top_axi/mem_intfc0/ddr_phy_top0/u_ddr_mc_phy_wrapper/u_ddr_mc_phy/ddr_phy_4lanes_0.u_ddr_phy_4lanes/ddr_byte_lane_D.ddr_byte_lane_D/phaser_out/RDENABLE
                         net (fo=1, estimated)        0.000     6.903    i_dram_wrapper/i_dram/u_mig7s_mig/u_memc_ui_top_axi/mem_intfc0/ddr_phy_top0/u_ddr_mc_phy_wrapper/u_ddr_mc_phy/ddr_phy_4lanes_0.u_ddr_phy_4lanes/ddr_byte_lane_D.ddr_byte_lane_D/po_rd_enable
    OUT_FIFO_X1Y11       OUT_FIFO                                     r  i_dram_wrapper/i_dram/u_mig7s_mig/u_memc_ui_top_axi/mem_intfc0/ddr_phy_top0/u_ddr_mc_phy_wrapper/u_ddr_mc_phy/ddr_phy_4lanes_0.u_ddr_phy_4lanes/ddr_byte_lane_D.ddr_byte_lane_D/out_fifo/RDEN
  -------------------------------------------------------------------    -------------------

                         (clock oserdes_clkdiv_3 rise edge)
                                                      2.500     2.500 r  
    AD12                                              0.000     2.500 r  sys_clk_p (IN)
                         net (fo=0)                   0.000     2.500    sys_clk_p
    AD12                 IBUFDS (Prop_ibufds_I_O)     0.803     3.303 r  i_bufds_sys_clk/O
                         net (fo=65, estimated)       1.043     4.347    i_dram_wrapper/i_dram/u_mig7s_mig/u_ddr3_infrastructure/plle2_i_0
    PLLE2_ADV_X1Y1       PLLE2_ADV (Prop_plle2_adv_CLKIN1_CLKOUT1)
                                                      0.073     4.420 r  i_dram_wrapper/i_dram/u_mig7s_mig/u_ddr3_infrastructure/plle2_i/CLKOUT1
                         net (fo=14, estimated)       1.129     5.548    i_dram_wrapper/i_dram/u_mig7s_mig/u_memc_ui_top_axi/mem_intfc0/ddr_phy_top0/u_ddr_mc_phy_wrapper/u_ddr_mc_phy/ddr_phy_4lanes_0.u_ddr_phy_4lanes/ddr_byte_lane_D.ddr_byte_lane_D/mem_refclk
    PHASER_OUT_PHY_X1Y11 PHASER_OUT_PHY (Prop_phaser_out_phy_MEMREFCLK_OCLK)
                                                      2.027     7.575 r  i_dram_wrapper/i_dram/u_mig7s_mig/u_memc_ui_top_axi/mem_intfc0/ddr_phy_top0/u_ddr_mc_phy_wrapper/u_ddr_mc_phy/ddr_phy_4lanes_0.u_ddr_phy_4lanes/ddr_byte_lane_D.ddr_byte_lane_D/phaser_out/OCLK
    PHASER_OUT_PHY_X1Y11 PHASER_OUT_PHY (Prop_phaser_out_phy_OCLK_OCLKDIV)
                                                      0.133     7.708 r  i_dram_wrapper/i_dram/u_mig7s_mig/u_memc_ui_top_axi/mem_intfc0/ddr_phy_top0/u_ddr_mc_phy_wrapper/u_ddr_mc_phy/ddr_phy_4lanes_0.u_ddr_phy_4lanes/ddr_byte_lane_D.ddr_byte_lane_D/phaser_out/OCLKDIV
                         net (fo=11, estimated)       0.000     7.708    i_dram_wrapper/i_dram/u_mig7s_mig/u_memc_ui_top_axi/mem_intfc0/ddr_phy_top0/u_ddr_mc_phy_wrapper/u_ddr_mc_phy/ddr_phy_4lanes_0.u_ddr_phy_4lanes/ddr_byte_lane_D.ddr_byte_lane_D/oserdes_clkdiv
    OUT_FIFO_X1Y11       OUT_FIFO                                     r  i_dram_wrapper/i_dram/u_mig7s_mig/u_memc_ui_top_axi/mem_intfc0/ddr_phy_top0/u_ddr_mc_phy_wrapper/u_ddr_mc_phy/ddr_phy_4lanes_0.u_ddr_phy_4lanes/ddr_byte_lane_D.ddr_byte_lane_D/out_fifo/RDCLK
                         clock pessimism              0.277     7.985    
                         clock uncertainty           -0.047     7.938    
    OUT_FIFO_X1Y11       OUT_FIFO (Setup_out_fifo_RDCLK_RDEN)
                                                     -0.530     7.408    i_dram_wrapper/i_dram/u_mig7s_mig/u_memc_ui_top_axi/mem_intfc0/ddr_phy_top0/u_ddr_mc_phy_wrapper/u_ddr_mc_phy/ddr_phy_4lanes_0.u_ddr_phy_4lanes/ddr_byte_lane_D.ddr_byte_lane_D/out_fifo
  -------------------------------------------------------------------
                         required time                          7.408    
                         arrival time                          -6.903    
  -------------------------------------------------------------------
                         slack                                  0.505    

Slack (MET) :             0.505ns  (required time - arrival time)
  Source:                 i_dram_wrapper/i_dram/u_mig7s_mig/u_memc_ui_top_axi/mem_intfc0/ddr_phy_top0/u_ddr_mc_phy_wrapper/u_ddr_mc_phy/ddr_phy_4lanes_1.u_ddr_phy_4lanes/ddr_byte_lane_A.ddr_byte_lane_A/phaser_out/OCLK
                            (rising edge-triggered cell PHASER_OUT_PHY clocked by oserdes_clk_4  {rise@0.000ns fall@0.625ns period=1.250ns})
  Destination:            i_dram_wrapper/i_dram/u_mig7s_mig/u_memc_ui_top_axi/mem_intfc0/ddr_phy_top0/u_ddr_mc_phy_wrapper/u_ddr_mc_phy/ddr_phy_4lanes_1.u_ddr_phy_4lanes/ddr_byte_lane_A.ddr_byte_lane_A/out_fifo/RDEN
                            (rising edge-triggered cell OUT_FIFO clocked by oserdes_clkdiv_4  {rise@0.000ns fall@2.500ns period=5.000ns})
  Path Group:             oserdes_clkdiv_4
  Path Type:              Setup (Max at Slow Process Corner)
  Requirement:            1.250ns  (oserdes_clkdiv_4 rise@5.000ns - oserdes_clk_4 rise@3.750ns)
  Data Path Delay:        0.301ns  (logic 0.301ns (100.000%)  route 0.000ns (0.000%))
  Logic Levels:           0  
  Clock Path Skew:        0.133ns (DCD - SCD + CPR)
    Destination Clock Delay (DCD):    4.606ns = ( 9.606 - 5.000 ) 
    Source Clock Delay      (SCD):    4.718ns = ( 8.468 - 3.750 ) 
    Clock Pessimism Removal (CPR):    0.245ns
  Clock Uncertainty:      0.047ns  ((TSJ^2 + DJ^2)^1/2) / 2 + PE
    Total System Jitter     (TSJ):    0.071ns
    Discrete Jitter          (DJ):    0.061ns
    Phase Error              (PE):    0.000ns

    Location             Delay type                Incr(ns)  Path(ns)    Netlist Resource(s)
  -------------------------------------------------------------------    -------------------
                         (clock oserdes_clk_4 rise edge)
                                                      3.750     3.750 r  
    AD12                                              0.000     3.750 r  sys_clk_p (IN)
                         net (fo=0)                   0.000     3.750    sys_clk_p
    AD12                 IBUFDS (Prop_ibufds_I_O)     0.906     4.656 r  i_bufds_sys_clk/O
                         net (fo=65, estimated)       1.098     5.754    i_dram_wrapper/i_dram/u_mig7s_mig/u_ddr3_infrastructure/plle2_i_0
    PLLE2_ADV_X1Y1       PLLE2_ADV (Prop_plle2_adv_CLKIN1_CLKOUT1)
                                                      0.077     5.831 r  i_dram_wrapper/i_dram/u_mig7s_mig/u_ddr3_infrastructure/plle2_i/CLKOUT1
                         net (fo=14, estimated)       0.554     6.385    i_dram_wrapper/i_dram/u_mig7s_mig/u_memc_ui_top_axi/mem_intfc0/ddr_phy_top0/u_ddr_mc_phy_wrapper/u_ddr_mc_phy/ddr_phy_4lanes_1.u_ddr_phy_4lanes/ddr_byte_lane_A.ddr_byte_lane_A/mem_refclk
    PHASER_OUT_PHY_X1Y4  PHASER_OUT_PHY (Prop_phaser_out_phy_MEMREFCLK_OCLK)
                                                      2.083     8.468 r  i_dram_wrapper/i_dram/u_mig7s_mig/u_memc_ui_top_axi/mem_intfc0/ddr_phy_top0/u_ddr_mc_phy_wrapper/u_ddr_mc_phy/ddr_phy_4lanes_1.u_ddr_phy_4lanes/ddr_byte_lane_A.ddr_byte_lane_A/phaser_out/OCLK
  -------------------------------------------------------------------    -------------------
    PHASER_OUT_PHY_X1Y4  PHASER_OUT_PHY (Prop_phaser_out_phy_OCLK_RDENABLE)
                                                      0.301     8.769 r  i_dram_wrapper/i_dram/u_mig7s_mig/u_memc_ui_top_axi/mem_intfc0/ddr_phy_top0/u_ddr_mc_phy_wrapper/u_ddr_mc_phy/ddr_phy_4lanes_1.u_ddr_phy_4lanes/ddr_byte_lane_A.ddr_byte_lane_A/phaser_out/RDENABLE
                         net (fo=1, estimated)        0.000     8.769    i_dram_wrapper/i_dram/u_mig7s_mig/u_memc_ui_top_axi/mem_intfc0/ddr_phy_top0/u_ddr_mc_phy_wrapper/u_ddr_mc_phy/ddr_phy_4lanes_1.u_ddr_phy_4lanes/ddr_byte_lane_A.ddr_byte_lane_A/po_rd_enable
    OUT_FIFO_X1Y4        OUT_FIFO                                     r  i_dram_wrapper/i_dram/u_mig7s_mig/u_memc_ui_top_axi/mem_intfc0/ddr_phy_top0/u_ddr_mc_phy_wrapper/u_ddr_mc_phy/ddr_phy_4lanes_1.u_ddr_phy_4lanes/ddr_byte_lane_A.ddr_byte_lane_A/out_fifo/RDEN
  -------------------------------------------------------------------    -------------------

                         (clock oserdes_clkdiv_4 rise edge)
                                                      5.000     5.000 r  
    AD12                                              0.000     5.000 r  sys_clk_p (IN)
                         net (fo=0)                   0.000     5.000    sys_clk_p
    AD12                 IBUFDS (Prop_ibufds_I_O)     0.803     5.803 r  i_bufds_sys_clk/O
                         net (fo=65, estimated)       1.043     6.847    i_dram_wrapper/i_dram/u_mig7s_mig/u_ddr3_infrastructure/plle2_i_0
    PLLE2_ADV_X1Y1       PLLE2_ADV (Prop_plle2_adv_CLKIN1_CLKOUT1)
                                                      0.073     6.920 r  i_dram_wrapper/i_dram/u_mig7s_mig/u_ddr3_infrastructure/plle2_i/CLKOUT1
                         net (fo=14, estimated)       0.526     7.446    i_dram_wrapper/i_dram/u_mig7s_mig/u_memc_ui_top_axi/mem_intfc0/ddr_phy_top0/u_ddr_mc_phy_wrapper/u_ddr_mc_phy/ddr_phy_4lanes_1.u_ddr_phy_4lanes/ddr_byte_lane_A.ddr_byte_lane_A/mem_refclk
    PHASER_OUT_PHY_X1Y4  PHASER_OUT_PHY (Prop_phaser_out_phy_MEMREFCLK_OCLK)
                                                      2.027     9.473 r  i_dram_wrapper/i_dram/u_mig7s_mig/u_memc_ui_top_axi/mem_intfc0/ddr_phy_top0/u_ddr_mc_phy_wrapper/u_ddr_mc_phy/ddr_phy_4lanes_1.u_ddr_phy_4lanes/ddr_byte_lane_A.ddr_byte_lane_A/phaser_out/OCLK
    PHASER_OUT_PHY_X1Y4  PHASER_OUT_PHY (Prop_phaser_out_phy_OCLK_OCLKDIV)
                                                      0.133     9.606 r  i_dram_wrapper/i_dram/u_mig7s_mig/u_memc_ui_top_axi/mem_intfc0/ddr_phy_top0/u_ddr_mc_phy_wrapper/u_ddr_mc_phy/ddr_phy_4lanes_1.u_ddr_phy_4lanes/ddr_byte_lane_A.ddr_byte_lane_A/phaser_out/OCLKDIV
                         net (fo=3, estimated)        0.000     9.606    i_dram_wrapper/i_dram/u_mig7s_mig/u_memc_ui_top_axi/mem_intfc0/ddr_phy_top0/u_ddr_mc_phy_wrapper/u_ddr_mc_phy/ddr_phy_4lanes_1.u_ddr_phy_4lanes/ddr_byte_lane_A.ddr_byte_lane_A/oserdes_clkdiv
    OUT_FIFO_X1Y4        OUT_FIFO                                     r  i_dram_wrapper/i_dram/u_mig7s_mig/u_memc_ui_top_axi/mem_intfc0/ddr_phy_top0/u_ddr_mc_phy_wrapper/u_ddr_mc_phy/ddr_phy_4lanes_1.u_ddr_phy_4lanes/ddr_byte_lane_A.ddr_byte_lane_A/out_fifo/RDCLK
                         clock pessimism              0.245     9.851    
                         clock uncertainty           -0.047     9.804    
    OUT_FIFO_X1Y4        OUT_FIFO (Setup_out_fifo_RDCLK_RDEN)
                                                     -0.530     9.274    i_dram_wrapper/i_dram/u_mig7s_mig/u_memc_ui_top_axi/mem_intfc0/ddr_phy_top0/u_ddr_mc_phy_wrapper/u_ddr_mc_phy/ddr_phy_4lanes_1.u_ddr_phy_4lanes/ddr_byte_lane_A.ddr_byte_lane_A/out_fifo
  -------------------------------------------------------------------
                         required time                          9.274    
                         arrival time                          -8.769    
  -------------------------------------------------------------------
                         slack                                  0.505    

Slack (MET) :             0.505ns  (required time - arrival time)
  Source:                 i_dram_wrapper/i_dram/u_mig7s_mig/u_memc_ui_top_axi/mem_intfc0/ddr_phy_top0/u_ddr_mc_phy_wrapper/u_ddr_mc_phy/ddr_phy_4lanes_1.u_ddr_phy_4lanes/ddr_byte_lane_B.ddr_byte_lane_B/phaser_out/OCLK
                            (rising edge-triggered cell PHASER_OUT_PHY clocked by oserdes_clk_5  {rise@0.000ns fall@0.625ns period=1.250ns})
  Destination:            i_dram_wrapper/i_dram/u_mig7s_mig/u_memc_ui_top_axi/mem_intfc0/ddr_phy_top0/u_ddr_mc_phy_wrapper/u_ddr_mc_phy/ddr_phy_4lanes_1.u_ddr_phy_4lanes/ddr_byte_lane_B.ddr_byte_lane_B/out_fifo/RDEN
                            (rising edge-triggered cell OUT_FIFO clocked by oserdes_clkdiv_5  {rise@0.000ns fall@2.500ns period=5.000ns})
  Path Group:             oserdes_clkdiv_5
  Path Type:              Setup (Max at Slow Process Corner)
  Requirement:            1.250ns  (oserdes_clkdiv_5 rise@5.000ns - oserdes_clk_5 rise@3.750ns)
  Data Path Delay:        0.301ns  (logic 0.301ns (100.000%)  route 0.000ns (0.000%))
  Logic Levels:           0  
  Clock Path Skew:        0.133ns (DCD - SCD + CPR)
    Destination Clock Delay (DCD):    4.596ns = ( 9.596 - 5.000 ) 
    Source Clock Delay      (SCD):    4.708ns = ( 8.458 - 3.750 ) 
    Clock Pessimism Removal (CPR):    0.245ns
  Clock Uncertainty:      0.047ns  ((TSJ^2 + DJ^2)^1/2) / 2 + PE
    Total System Jitter     (TSJ):    0.071ns
    Discrete Jitter          (DJ):    0.061ns
    Phase Error              (PE):    0.000ns

    Location             Delay type                Incr(ns)  Path(ns)    Netlist Resource(s)
  -------------------------------------------------------------------    -------------------
                         (clock oserdes_clk_5 rise edge)
                                                      3.750     3.750 r  
    AD12                                              0.000     3.750 r  sys_clk_p (IN)
                         net (fo=0)                   0.000     3.750    sys_clk_p
    AD12                 IBUFDS (Prop_ibufds_I_O)     0.906     4.656 r  i_bufds_sys_clk/O
                         net (fo=65, estimated)       1.098     5.754    i_dram_wrapper/i_dram/u_mig7s_mig/u_ddr3_infrastructure/plle2_i_0
    PLLE2_ADV_X1Y1       PLLE2_ADV (Prop_plle2_adv_CLKIN1_CLKOUT1)
                                                      0.077     5.831 r  i_dram_wrapper/i_dram/u_mig7s_mig/u_ddr3_infrastructure/plle2_i/CLKOUT1
                         net (fo=14, estimated)       0.544     6.375    i_dram_wrapper/i_dram/u_mig7s_mig/u_memc_ui_top_axi/mem_intfc0/ddr_phy_top0/u_ddr_mc_phy_wrapper/u_ddr_mc_phy/ddr_phy_4lanes_1.u_ddr_phy_4lanes/ddr_byte_lane_B.ddr_byte_lane_B/mem_refclk
    PHASER_OUT_PHY_X1Y5  PHASER_OUT_PHY (Prop_phaser_out_phy_MEMREFCLK_OCLK)
                                                      2.083     8.458 r  i_dram_wrapper/i_dram/u_mig7s_mig/u_memc_ui_top_axi/mem_intfc0/ddr_phy_top0/u_ddr_mc_phy_wrapper/u_ddr_mc_phy/ddr_phy_4lanes_1.u_ddr_phy_4lanes/ddr_byte_lane_B.ddr_byte_lane_B/phaser_out/OCLK
  -------------------------------------------------------------------    -------------------
    PHASER_OUT_PHY_X1Y5  PHASER_OUT_PHY (Prop_phaser_out_phy_OCLK_RDENABLE)
                                                      0.301     8.759 r  i_dram_wrapper/i_dram/u_mig7s_mig/u_memc_ui_top_axi/mem_intfc0/ddr_phy_top0/u_ddr_mc_phy_wrapper/u_ddr_mc_phy/ddr_phy_4lanes_1.u_ddr_phy_4lanes/ddr_byte_lane_B.ddr_byte_lane_B/phaser_out/RDENABLE
                         net (fo=1, estimated)        0.000     8.759    i_dram_wrapper/i_dram/u_mig7s_mig/u_memc_ui_top_axi/mem_intfc0/ddr_phy_top0/u_ddr_mc_phy_wrapper/u_ddr_mc_phy/ddr_phy_4lanes_1.u_ddr_phy_4lanes/ddr_byte_lane_B.ddr_byte_lane_B/po_rd_enable
    OUT_FIFO_X1Y5        OUT_FIFO                                     r  i_dram_wrapper/i_dram/u_mig7s_mig/u_memc_ui_top_axi/mem_intfc0/ddr_phy_top0/u_ddr_mc_phy_wrapper/u_ddr_mc_phy/ddr_phy_4lanes_1.u_ddr_phy_4lanes/ddr_byte_lane_B.ddr_byte_lane_B/out_fifo/RDEN
  -------------------------------------------------------------------    -------------------

                         (clock oserdes_clkdiv_5 rise edge)
                                                      5.000     5.000 r  
    AD12                                              0.000     5.000 r  sys_clk_p (IN)
                         net (fo=0)                   0.000     5.000    sys_clk_p
    AD12                 IBUFDS (Prop_ibufds_I_O)     0.803     5.803 r  i_bufds_sys_clk/O
                         net (fo=65, estimated)       1.043     6.847    i_dram_wrapper/i_dram/u_mig7s_mig/u_ddr3_infrastructure/plle2_i_0
    PLLE2_ADV_X1Y1       PLLE2_ADV (Prop_plle2_adv_CLKIN1_CLKOUT1)
                                                      0.073     6.920 r  i_dram_wrapper/i_dram/u_mig7s_mig/u_ddr3_infrastructure/plle2_i/CLKOUT1
                         net (fo=14, estimated)       0.517     7.436    i_dram_wrapper/i_dram/u_mig7s_mig/u_memc_ui_top_axi/mem_intfc0/ddr_phy_top0/u_ddr_mc_phy_wrapper/u_ddr_mc_phy/ddr_phy_4lanes_1.u_ddr_phy_4lanes/ddr_byte_lane_B.ddr_byte_lane_B/mem_refclk
    PHASER_OUT_PHY_X1Y5  PHASER_OUT_PHY (Prop_phaser_out_phy_MEMREFCLK_OCLK)
                                                      2.027     9.463 r  i_dram_wrapper/i_dram/u_mig7s_mig/u_memc_ui_top_axi/mem_intfc0/ddr_phy_top0/u_ddr_mc_phy_wrapper/u_ddr_mc_phy/ddr_phy_4lanes_1.u_ddr_phy_4lanes/ddr_byte_lane_B.ddr_byte_lane_B/phaser_out/OCLK
    PHASER_OUT_PHY_X1Y5  PHASER_OUT_PHY (Prop_phaser_out_phy_OCLK_OCLKDIV)
                                                      0.133     9.596 r  i_dram_wrapper/i_dram/u_mig7s_mig/u_memc_ui_top_axi/mem_intfc0/ddr_phy_top0/u_ddr_mc_phy_wrapper/u_ddr_mc_phy/ddr_phy_4lanes_1.u_ddr_phy_4lanes/ddr_byte_lane_B.ddr_byte_lane_B/phaser_out/OCLKDIV
                         net (fo=4, estimated)        0.000     9.596    i_dram_wrapper/i_dram/u_mig7s_mig/u_memc_ui_top_axi/mem_intfc0/ddr_phy_top0/u_ddr_mc_phy_wrapper/u_ddr_mc_phy/ddr_phy_4lanes_1.u_ddr_phy_4lanes/ddr_byte_lane_B.ddr_byte_lane_B/oserdes_clkdiv
    OUT_FIFO_X1Y5        OUT_FIFO                                     r  i_dram_wrapper/i_dram/u_mig7s_mig/u_memc_ui_top_axi/mem_intfc0/ddr_phy_top0/u_ddr_mc_phy_wrapper/u_ddr_mc_phy/ddr_phy_4lanes_1.u_ddr_phy_4lanes/ddr_byte_lane_B.ddr_byte_lane_B/out_fifo/RDCLK
                         clock pessimism              0.245     9.841    
                         clock uncertainty           -0.047     9.794    
    OUT_FIFO_X1Y5        OUT_FIFO (Setup_out_fifo_RDCLK_RDEN)
                                                     -0.530     9.264    i_dram_wrapper/i_dram/u_mig7s_mig/u_memc_ui_top_axi/mem_intfc0/ddr_phy_top0/u_ddr_mc_phy_wrapper/u_ddr_mc_phy/ddr_phy_4lanes_1.u_ddr_phy_4lanes/ddr_byte_lane_B.ddr_byte_lane_B/out_fifo
  -------------------------------------------------------------------
                         required time                          9.264    
                         arrival time                          -8.759    
  -------------------------------------------------------------------
                         slack                                  0.505    

Slack (MET) :             0.505ns  (required time - arrival time)
  Source:                 i_dram_wrapper/i_dram/u_mig7s_mig/u_memc_ui_top_axi/mem_intfc0/ddr_phy_top0/u_ddr_mc_phy_wrapper/u_ddr_mc_phy/ddr_phy_4lanes_1.u_ddr_phy_4lanes/ddr_byte_lane_C.ddr_byte_lane_C/phaser_out/OCLK
                            (rising edge-triggered cell PHASER_OUT_PHY clocked by oserdes_clk_6  {rise@0.000ns fall@0.625ns period=1.250ns})
  Destination:            i_dram_wrapper/i_dram/u_mig7s_mig/u_memc_ui_top_axi/mem_intfc0/ddr_phy_top0/u_ddr_mc_phy_wrapper/u_ddr_mc_phy/ddr_phy_4lanes_1.u_ddr_phy_4lanes/ddr_byte_lane_C.ddr_byte_lane_C/out_fifo/RDEN
                            (rising edge-triggered cell OUT_FIFO clocked by oserdes_clkdiv_6  {rise@0.000ns fall@2.500ns period=5.000ns})
  Path Group:             oserdes_clkdiv_6
  Path Type:              Setup (Max at Slow Process Corner)
  Requirement:            1.250ns  (oserdes_clkdiv_6 rise@5.000ns - oserdes_clk_6 rise@3.750ns)
  Data Path Delay:        0.301ns  (logic 0.301ns (100.000%)  route 0.000ns (0.000%))
  Logic Levels:           0  
  Clock Path Skew:        0.133ns (DCD - SCD + CPR)
    Destination Clock Delay (DCD):    4.606ns = ( 9.606 - 5.000 ) 
    Source Clock Delay      (SCD):    4.718ns = ( 8.468 - 3.750 ) 
    Clock Pessimism Removal (CPR):    0.245ns
  Clock Uncertainty:      0.047ns  ((TSJ^2 + DJ^2)^1/2) / 2 + PE
    Total System Jitter     (TSJ):    0.071ns
    Discrete Jitter          (DJ):    0.061ns
    Phase Error              (PE):    0.000ns

    Location             Delay type                Incr(ns)  Path(ns)    Netlist Resource(s)
  -------------------------------------------------------------------    -------------------
                         (clock oserdes_clk_6 rise edge)
                                                      3.750     3.750 r  
    AD12                                              0.000     3.750 r  sys_clk_p (IN)
                         net (fo=0)                   0.000     3.750    sys_clk_p
    AD12                 IBUFDS (Prop_ibufds_I_O)     0.906     4.656 r  i_bufds_sys_clk/O
                         net (fo=65, estimated)       1.098     5.754    i_dram_wrapper/i_dram/u_mig7s_mig/u_ddr3_infrastructure/plle2_i_0
    PLLE2_ADV_X1Y1       PLLE2_ADV (Prop_plle2_adv_CLKIN1_CLKOUT1)
                                                      0.077     5.831 r  i_dram_wrapper/i_dram/u_mig7s_mig/u_ddr3_infrastructure/plle2_i/CLKOUT1
                         net (fo=14, estimated)       0.554     6.385    i_dram_wrapper/i_dram/u_mig7s_mig/u_memc_ui_top_axi/mem_intfc0/ddr_phy_top0/u_ddr_mc_phy_wrapper/u_ddr_mc_phy/ddr_phy_4lanes_1.u_ddr_phy_4lanes/ddr_byte_lane_C.ddr_byte_lane_C/mem_refclk
    PHASER_OUT_PHY_X1Y6  PHASER_OUT_PHY (Prop_phaser_out_phy_MEMREFCLK_OCLK)
                                                      2.083     8.468 r  i_dram_wrapper/i_dram/u_mig7s_mig/u_memc_ui_top_axi/mem_intfc0/ddr_phy_top0/u_ddr_mc_phy_wrapper/u_ddr_mc_phy/ddr_phy_4lanes_1.u_ddr_phy_4lanes/ddr_byte_lane_C.ddr_byte_lane_C/phaser_out/OCLK
  -------------------------------------------------------------------    -------------------
    PHASER_OUT_PHY_X1Y6  PHASER_OUT_PHY (Prop_phaser_out_phy_OCLK_RDENABLE)
                                                      0.301     8.769 r  i_dram_wrapper/i_dram/u_mig7s_mig/u_memc_ui_top_axi/mem_intfc0/ddr_phy_top0/u_ddr_mc_phy_wrapper/u_ddr_mc_phy/ddr_phy_4lanes_1.u_ddr_phy_4lanes/ddr_byte_lane_C.ddr_byte_lane_C/phaser_out/RDENABLE
                         net (fo=1, estimated)        0.000     8.769    i_dram_wrapper/i_dram/u_mig7s_mig/u_memc_ui_top_axi/mem_intfc0/ddr_phy_top0/u_ddr_mc_phy_wrapper/u_ddr_mc_phy/ddr_phy_4lanes_1.u_ddr_phy_4lanes/ddr_byte_lane_C.ddr_byte_lane_C/po_rd_enable
    OUT_FIFO_X1Y6        OUT_FIFO                                     r  i_dram_wrapper/i_dram/u_mig7s_mig/u_memc_ui_top_axi/mem_intfc0/ddr_phy_top0/u_ddr_mc_phy_wrapper/u_ddr_mc_phy/ddr_phy_4lanes_1.u_ddr_phy_4lanes/ddr_byte_lane_C.ddr_byte_lane_C/out_fifo/RDEN
  -------------------------------------------------------------------    -------------------

                         (clock oserdes_clkdiv_6 rise edge)
                                                      5.000     5.000 r  
    AD12                                              0.000     5.000 r  sys_clk_p (IN)
                         net (fo=0)                   0.000     5.000    sys_clk_p
    AD12                 IBUFDS (Prop_ibufds_I_O)     0.803     5.803 r  i_bufds_sys_clk/O
                         net (fo=65, estimated)       1.043     6.847    i_dram_wrapper/i_dram/u_mig7s_mig/u_ddr3_infrastructure/plle2_i_0
    PLLE2_ADV_X1Y1       PLLE2_ADV (Prop_plle2_adv_CLKIN1_CLKOUT1)
                                                      0.073     6.920 r  i_dram_wrapper/i_dram/u_mig7s_mig/u_ddr3_infrastructure/plle2_i/CLKOUT1
                         net (fo=14, estimated)       0.526     7.446    i_dram_wrapper/i_dram/u_mig7s_mig/u_memc_ui_top_axi/mem_intfc0/ddr_phy_top0/u_ddr_mc_phy_wrapper/u_ddr_mc_phy/ddr_phy_4lanes_1.u_ddr_phy_4lanes/ddr_byte_lane_C.ddr_byte_lane_C/mem_refclk
    PHASER_OUT_PHY_X1Y6  PHASER_OUT_PHY (Prop_phaser_out_phy_MEMREFCLK_OCLK)
                                                      2.027     9.473 r  i_dram_wrapper/i_dram/u_mig7s_mig/u_memc_ui_top_axi/mem_intfc0/ddr_phy_top0/u_ddr_mc_phy_wrapper/u_ddr_mc_phy/ddr_phy_4lanes_1.u_ddr_phy_4lanes/ddr_byte_lane_C.ddr_byte_lane_C/phaser_out/OCLK
    PHASER_OUT_PHY_X1Y6  PHASER_OUT_PHY (Prop_phaser_out_phy_OCLK_OCLKDIV)
                                                      0.133     9.606 r  i_dram_wrapper/i_dram/u_mig7s_mig/u_memc_ui_top_axi/mem_intfc0/ddr_phy_top0/u_ddr_mc_phy_wrapper/u_ddr_mc_phy/ddr_phy_4lanes_1.u_ddr_phy_4lanes/ddr_byte_lane_C.ddr_byte_lane_C/phaser_out/OCLKDIV
                         net (fo=11, estimated)       0.000     9.606    i_dram_wrapper/i_dram/u_mig7s_mig/u_memc_ui_top_axi/mem_intfc0/ddr_phy_top0/u_ddr_mc_phy_wrapper/u_ddr_mc_phy/ddr_phy_4lanes_1.u_ddr_phy_4lanes/ddr_byte_lane_C.ddr_byte_lane_C/oserdes_clkdiv
    OUT_FIFO_X1Y6        OUT_FIFO                                     r  i_dram_wrapper/i_dram/u_mig7s_mig/u_memc_ui_top_axi/mem_intfc0/ddr_phy_top0/u_ddr_mc_phy_wrapper/u_ddr_mc_phy/ddr_phy_4lanes_1.u_ddr_phy_4lanes/ddr_byte_lane_C.ddr_byte_lane_C/out_fifo/RDCLK
                         clock pessimism              0.245     9.851    
                         clock uncertainty           -0.047     9.804    
    OUT_FIFO_X1Y6        OUT_FIFO (Setup_out_fifo_RDCLK_RDEN)
                                                     -0.530     9.274    i_dram_wrapper/i_dram/u_mig7s_mig/u_memc_ui_top_axi/mem_intfc0/ddr_phy_top0/u_ddr_mc_phy_wrapper/u_ddr_mc_phy/ddr_phy_4lanes_1.u_ddr_phy_4lanes/ddr_byte_lane_C.ddr_byte_lane_C/out_fifo
  -------------------------------------------------------------------
                         required time                          9.274    
                         arrival time                          -8.769    
  -------------------------------------------------------------------
                         slack                                  0.505    

Slack (MET) :             0.505ns  (required time - arrival time)
  Source:                 i_dram_wrapper/i_dram/u_mig7s_mig/u_memc_ui_top_axi/mem_intfc0/ddr_phy_top0/u_ddr_mc_phy_wrapper/u_ddr_mc_phy/ddr_phy_4lanes_1.u_ddr_phy_4lanes/ddr_byte_lane_D.ddr_byte_lane_D/phaser_out/OCLK
                            (rising edge-triggered cell PHASER_OUT_PHY clocked by oserdes_clk_7  {rise@0.000ns fall@0.625ns period=1.250ns})
  Destination:            i_dram_wrapper/i_dram/u_mig7s_mig/u_memc_ui_top_axi/mem_intfc0/ddr_phy_top0/u_ddr_mc_phy_wrapper/u_ddr_mc_phy/ddr_phy_4lanes_1.u_ddr_phy_4lanes/ddr_byte_lane_D.ddr_byte_lane_D/out_fifo/RDEN
                            (rising edge-triggered cell OUT_FIFO clocked by oserdes_clkdiv_7  {rise@0.000ns fall@2.500ns period=5.000ns})
  Path Group:             oserdes_clkdiv_7
  Path Type:              Setup (Max at Slow Process Corner)
  Requirement:            1.250ns  (oserdes_clkdiv_7 rise@5.000ns - oserdes_clk_7 rise@3.750ns)
  Data Path Delay:        0.301ns  (logic 0.301ns (100.000%)  route 0.000ns (0.000%))
  Logic Levels:           0  
  Clock Path Skew:        0.133ns (DCD - SCD + CPR)
    Destination Clock Delay (DCD):    4.596ns = ( 9.596 - 5.000 ) 
    Source Clock Delay      (SCD):    4.708ns = ( 8.458 - 3.750 ) 
    Clock Pessimism Removal (CPR):    0.245ns
  Clock Uncertainty:      0.047ns  ((TSJ^2 + DJ^2)^1/2) / 2 + PE
    Total System Jitter     (TSJ):    0.071ns
    Discrete Jitter          (DJ):    0.061ns
    Phase Error              (PE):    0.000ns

    Location             Delay type                Incr(ns)  Path(ns)    Netlist Resource(s)
  -------------------------------------------------------------------    -------------------
                         (clock oserdes_clk_7 rise edge)
                                                      3.750     3.750 r  
    AD12                                              0.000     3.750 r  sys_clk_p (IN)
                         net (fo=0)                   0.000     3.750    sys_clk_p
    AD12                 IBUFDS (Prop_ibufds_I_O)     0.906     4.656 r  i_bufds_sys_clk/O
                         net (fo=65, estimated)       1.098     5.754    i_dram_wrapper/i_dram/u_mig7s_mig/u_ddr3_infrastructure/plle2_i_0
    PLLE2_ADV_X1Y1       PLLE2_ADV (Prop_plle2_adv_CLKIN1_CLKOUT1)
                                                      0.077     5.831 r  i_dram_wrapper/i_dram/u_mig7s_mig/u_ddr3_infrastructure/plle2_i/CLKOUT1
                         net (fo=14, estimated)       0.544     6.375    i_dram_wrapper/i_dram/u_mig7s_mig/u_memc_ui_top_axi/mem_intfc0/ddr_phy_top0/u_ddr_mc_phy_wrapper/u_ddr_mc_phy/ddr_phy_4lanes_1.u_ddr_phy_4lanes/ddr_byte_lane_D.ddr_byte_lane_D/mem_refclk
    PHASER_OUT_PHY_X1Y7  PHASER_OUT_PHY (Prop_phaser_out_phy_MEMREFCLK_OCLK)
                                                      2.083     8.458 r  i_dram_wrapper/i_dram/u_mig7s_mig/u_memc_ui_top_axi/mem_intfc0/ddr_phy_top0/u_ddr_mc_phy_wrapper/u_ddr_mc_phy/ddr_phy_4lanes_1.u_ddr_phy_4lanes/ddr_byte_lane_D.ddr_byte_lane_D/phaser_out/OCLK
  -------------------------------------------------------------------    -------------------
    PHASER_OUT_PHY_X1Y7  PHASER_OUT_PHY (Prop_phaser_out_phy_OCLK_RDENABLE)
                                                      0.301     8.759 r  i_dram_wrapper/i_dram/u_mig7s_mig/u_memc_ui_top_axi/mem_intfc0/ddr_phy_top0/u_ddr_mc_phy_wrapper/u_ddr_mc_phy/ddr_phy_4lanes_1.u_ddr_phy_4lanes/ddr_byte_lane_D.ddr_byte_lane_D/phaser_out/RDENABLE
                         net (fo=1, estimated)        0.000     8.759    i_dram_wrapper/i_dram/u_mig7s_mig/u_memc_ui_top_axi/mem_intfc0/ddr_phy_top0/u_ddr_mc_phy_wrapper/u_ddr_mc_phy/ddr_phy_4lanes_1.u_ddr_phy_4lanes/ddr_byte_lane_D.ddr_byte_lane_D/po_rd_enable
    OUT_FIFO_X1Y7        OUT_FIFO                                     r  i_dram_wrapper/i_dram/u_mig7s_mig/u_memc_ui_top_axi/mem_intfc0/ddr_phy_top0/u_ddr_mc_phy_wrapper/u_ddr_mc_phy/ddr_phy_4lanes_1.u_ddr_phy_4lanes/ddr_byte_lane_D.ddr_byte_lane_D/out_fifo/RDEN
  -------------------------------------------------------------------    -------------------

                         (clock oserdes_clkdiv_7 rise edge)
                                                      5.000     5.000 r  
    AD12                                              0.000     5.000 r  sys_clk_p (IN)
                         net (fo=0)                   0.000     5.000    sys_clk_p
    AD12                 IBUFDS (Prop_ibufds_I_O)     0.803     5.803 r  i_bufds_sys_clk/O
                         net (fo=65, estimated)       1.043     6.847    i_dram_wrapper/i_dram/u_mig7s_mig/u_ddr3_infrastructure/plle2_i_0
    PLLE2_ADV_X1Y1       PLLE2_ADV (Prop_plle2_adv_CLKIN1_CLKOUT1)
                                                      0.073     6.920 r  i_dram_wrapper/i_dram/u_mig7s_mig/u_ddr3_infrastructure/plle2_i/CLKOUT1
                         net (fo=14, estimated)       0.517     7.436    i_dram_wrapper/i_dram/u_mig7s_mig/u_memc_ui_top_axi/mem_intfc0/ddr_phy_top0/u_ddr_mc_phy_wrapper/u_ddr_mc_phy/ddr_phy_4lanes_1.u_ddr_phy_4lanes/ddr_byte_lane_D.ddr_byte_lane_D/mem_refclk
    PHASER_OUT_PHY_X1Y7  PHASER_OUT_PHY (Prop_phaser_out_phy_MEMREFCLK_OCLK)
                                                      2.027     9.463 r  i_dram_wrapper/i_dram/u_mig7s_mig/u_memc_ui_top_axi/mem_intfc0/ddr_phy_top0/u_ddr_mc_phy_wrapper/u_ddr_mc_phy/ddr_phy_4lanes_1.u_ddr_phy_4lanes/ddr_byte_lane_D.ddr_byte_lane_D/phaser_out/OCLK
    PHASER_OUT_PHY_X1Y7  PHASER_OUT_PHY (Prop_phaser_out_phy_OCLK_OCLKDIV)
                                                      0.133     9.596 r  i_dram_wrapper/i_dram/u_mig7s_mig/u_memc_ui_top_axi/mem_intfc0/ddr_phy_top0/u_ddr_mc_phy_wrapper/u_ddr_mc_phy/ddr_phy_4lanes_1.u_ddr_phy_4lanes/ddr_byte_lane_D.ddr_byte_lane_D/phaser_out/OCLKDIV
                         net (fo=10, estimated)       0.000     9.596    i_dram_wrapper/i_dram/u_mig7s_mig/u_memc_ui_top_axi/mem_intfc0/ddr_phy_top0/u_ddr_mc_phy_wrapper/u_ddr_mc_phy/ddr_phy_4lanes_1.u_ddr_phy_4lanes/ddr_byte_lane_D.ddr_byte_lane_D/oserdes_clkdiv
    OUT_FIFO_X1Y7        OUT_FIFO                                     r  i_dram_wrapper/i_dram/u_mig7s_mig/u_memc_ui_top_axi/mem_intfc0/ddr_phy_top0/u_ddr_mc_phy_wrapper/u_ddr_mc_phy/ddr_phy_4lanes_1.u_ddr_phy_4lanes/ddr_byte_lane_D.ddr_byte_lane_D/out_fifo/RDCLK
                         clock pessimism              0.245     9.841    
                         clock uncertainty           -0.047     9.794    
    OUT_FIFO_X1Y7        OUT_FIFO (Setup_out_fifo_RDCLK_RDEN)
                                                     -0.530     9.264    i_dram_wrapper/i_dram/u_mig7s_mig/u_memc_ui_top_axi/mem_intfc0/ddr_phy_top0/u_ddr_mc_phy_wrapper/u_ddr_mc_phy/ddr_phy_4lanes_1.u_ddr_phy_4lanes/ddr_byte_lane_D.ddr_byte_lane_D/out_fifo
  -------------------------------------------------------------------
                         required time                          9.264    
                         arrival time                          -8.759    
  -------------------------------------------------------------------
                         slack                                  0.505    

Slack (MET) :             0.845ns  (required time - arrival time)
  Source:                 i_dram_wrapper/i_dram/u_mig7s_mig/u_memc_ui_top_axi/mem_intfc0/ddr_phy_top0/u_ddr_calib_top/ddr_phy_prbs_rdlvl_gen.u_ddr_phy_prbs_rdlvl/bit_cnt_reg[1]/C
                            (rising edge-triggered cell FDRE clocked by clk_pll_i  {rise@0.000ns fall@2.500ns period=5.000ns})
  Destination:            i_dram_wrapper/i_dram/u_mig7s_mig/u_memc_ui_top_axi/mem_intfc0/ddr_phy_top0/u_ddr_calib_top/ddr_phy_prbs_rdlvl_gen.u_ddr_phy_prbs_rdlvl/ref_bit_reg[0]/CE
                            (rising edge-triggered cell FDRE clocked by clk_pll_i  {rise@0.000ns fall@2.500ns period=5.000ns})
  Path Group:             clk_pll_i
  Path Type:              Setup (Max at Slow Process Corner)
  Requirement:            5.000ns  (clk_pll_i rise@5.000ns - clk_pll_i rise@0.000ns)
  Data Path Delay:        3.759ns  (logic 0.905ns (24.076%)  route 2.854ns (75.924%))
  Logic Levels:           7  (CARRY4=2 LUT4=1 LUT5=3 LUT6=1)
  Clock Path Skew:        -0.145ns (DCD - SCD + CPR)
    Destination Clock Delay (DCD):    2.745ns = ( 7.745 - 5.000 ) 
    Source Clock Delay      (SCD):    3.233ns
    Clock Pessimism Removal (CPR):    0.343ns
  Clock Uncertainty:      0.052ns  ((TSJ^2 + DJ^2)^1/2) / 2 + PE
    Total System Jitter     (TSJ):    0.071ns
    Discrete Jitter          (DJ):    0.077ns
    Phase Error              (PE):    0.000ns

    Location             Delay type                Incr(ns)  Path(ns)    Netlist Resource(s)
  -------------------------------------------------------------------    -------------------
                         (clock clk_pll_i rise edge)
                                                      0.000     0.000 r  
    AD12                                              0.000     0.000 r  sys_clk_p (IN)
                         net (fo=0)                   0.000     0.000    sys_clk_p
    AD12                 IBUFDS (Prop_ibufds_I_O)     0.906     0.906 r  i_bufds_sys_clk/O
                         net (fo=65, estimated)       1.098     2.004    i_dram_wrapper/i_dram/u_mig7s_mig/u_ddr3_infrastructure/plle2_i_0
    PLLE2_ADV_X1Y1       PLLE2_ADV (Prop_plle2_adv_CLKIN1_CLKOUT3)
                                                      0.077     2.081 r  i_dram_wrapper/i_dram/u_mig7s_mig/u_ddr3_infrastructure/plle2_i/CLKOUT3
                         net (fo=1, unplaced)         0.584     2.665    i_dram_wrapper/i_dram/u_mig7s_mig/u_ddr3_infrastructure/pll_clk3_out
                         BUFH (Prop_bufh_I_O)         0.103     2.768 r  i_dram_wrapper/i_dram/u_mig7s_mig/u_ddr3_infrastructure/u_bufh_pll_clk3/O
                         net (fo=1, unplaced)         0.466     3.233    i_dram_wrapper/i_dram/u_mig7s_mig/u_ddr3_infrastructure/pll_clk3
    MMCME2_ADV_X1Y1      MMCME2_ADV (Prop_mmcme2_adv_CLKIN1_CLKFBOUT)
                                                     -1.024     2.209 r  i_dram_wrapper/i_dram/u_mig7s_mig/u_ddr3_infrastructure/gen_mmcm.mmcm_i/CLKFBOUT
                         net (fo=1, unplaced)         0.466     2.675    i_dram_wrapper/i_dram/u_mig7s_mig/u_ddr3_infrastructure/clk_pll_i
                         BUFG (Prop_bufg_I_O)         0.093     2.768 r  i_dram_wrapper/i_dram/u_mig7s_mig/u_ddr3_infrastructure/u_bufg_clkdiv0/O
                         net (fo=13366, unplaced)     0.466     3.233    i_dram_wrapper/i_dram/u_mig7s_mig/u_memc_ui_top_axi/mem_intfc0/ddr_phy_top0/u_ddr_calib_top/ddr_phy_prbs_rdlvl_gen.u_ddr_phy_prbs_rdlvl/CLK
                         FDRE                                         r  i_dram_wrapper/i_dram/u_mig7s_mig/u_memc_ui_top_axi/mem_intfc0/ddr_phy_top0/u_ddr_calib_top/ddr_phy_prbs_rdlvl_gen.u_ddr_phy_prbs_rdlvl/bit_cnt_reg[1]/C
  -------------------------------------------------------------------    -------------------
                         FDRE (Prop_fdre_C_Q)         0.223     3.456 r  i_dram_wrapper/i_dram/u_mig7s_mig/u_memc_ui_top_axi/mem_intfc0/ddr_phy_top0/u_ddr_calib_top/ddr_phy_prbs_rdlvl_gen.u_ddr_phy_prbs_rdlvl/bit_cnt_reg[1]/Q
                         net (fo=10, unplaced)        0.539     3.995    i_dram_wrapper/i_dram/u_mig7s_mig/u_memc_ui_top_axi/mem_intfc0/ddr_phy_top0/u_ddr_calib_top/ddr_phy_prbs_rdlvl_gen.u_ddr_phy_prbs_rdlvl/bit_cnt_reg[1]
                         CARRY4 (Prop_carry4_DI[3]_CO[3])
                                                      0.270     4.265 r  i_dram_wrapper/i_dram/u_mig7s_mig/u_memc_ui_top_axi/mem_intfc0/ddr_phy_top0/u_ddr_calib_top/ddr_phy_prbs_rdlvl_gen.u_ddr_phy_prbs_rdlvl/ref_right_edge_reg[5]_i_3/CO[3]
                         net (fo=1, unplaced)         0.007     4.272    i_dram_wrapper/i_dram/u_mig7s_mig/u_memc_ui_top_axi/mem_intfc0/ddr_phy_top0/u_ddr_calib_top/ddr_phy_prbs_rdlvl_gen.u_ddr_phy_prbs_rdlvl/ref_right_edge_reg[5]_i_3_n_0
                         CARRY4 (Prop_carry4_CI_O[0])
                                                      0.117     4.389 r  i_dram_wrapper/i_dram/u_mig7s_mig/u_memc_ui_top_axi/mem_intfc0/ddr_phy_top0/u_ddr_calib_top/ddr_phy_prbs_rdlvl_gen.u_ddr_phy_prbs_rdlvl/ref_right_edge_reg[5]_i_6/O[0]
                         net (fo=20, unplaced)        0.251     4.640    i_dram_wrapper/i_dram/u_mig7s_mig/u_memc_ui_top_axi/mem_intfc0/ddr_phy_top0/u_ddr_calib_top/ddr_phy_prbs_rdlvl_gen.u_ddr_phy_prbs_rdlvl/ref_right_edge1[5]
                         LUT5 (Prop_lut5_I3_O)        0.123     4.763 f  i_dram_wrapper/i_dram/u_mig7s_mig/u_memc_ui_top_axi/mem_intfc0/ddr_phy_top0/u_ddr_calib_top/ddr_phy_prbs_rdlvl_gen.u_ddr_phy_prbs_rdlvl/ref_right_edge[5]_i_14/O
                         net (fo=2, unplaced)         0.418     5.181    i_dram_wrapper/i_dram/u_mig7s_mig/u_memc_ui_top_axi/mem_intfc0/ddr_phy_top0/u_ddr_calib_top/ddr_phy_prbs_rdlvl_gen.u_ddr_phy_prbs_rdlvl/ref_right_edge[5]_i_14_n_0
                         LUT6 (Prop_lut6_I1_O)        0.043     5.224 f  i_dram_wrapper/i_dram/u_mig7s_mig/u_memc_ui_top_axi/mem_intfc0/ddr_phy_top0/u_ddr_calib_top/ddr_phy_prbs_rdlvl_gen.u_ddr_phy_prbs_rdlvl/ref_right_edge[5]_i_5/O
                         net (fo=4, unplaced)         0.294     5.518    i_dram_wrapper/i_dram/u_mig7s_mig/u_memc_ui_top_axi/mem_intfc0/ddr_phy_top0/u_ddr_calib_top/ddr_phy_prbs_rdlvl_gen.u_ddr_phy_prbs_rdlvl/ref_right_edge[5]_i_5_n_0
                         LUT5 (Prop_lut5_I4_O)        0.043     5.561 f  i_dram_wrapper/i_dram/u_mig7s_mig/u_memc_ui_top_axi/mem_intfc0/ddr_phy_top0/u_ddr_calib_top/ddr_phy_prbs_rdlvl_gen.u_ddr_phy_prbs_rdlvl/ref_right_edge[5]_i_1/O
                         net (fo=3, unplaced)         0.288     5.849    i_dram_wrapper/i_dram/u_mig7s_mig/u_memc_ui_top_axi/mem_intfc0/ddr_phy_top0/u_ddr_calib_top/ddr_phy_prbs_rdlvl_gen.u_ddr_phy_prbs_rdlvl/ref_right_edge0[5]
                         LUT4 (Prop_lut4_I2_O)        0.043     5.892 r  i_dram_wrapper/i_dram/u_mig7s_mig/u_memc_ui_top_axi/mem_intfc0/ddr_phy_top0/u_ddr_calib_top/ddr_phy_prbs_rdlvl_gen.u_ddr_phy_prbs_rdlvl/ref_bit[3]_i_2/O
                         net (fo=1, unplaced)         0.742     6.634    i_dram_wrapper/i_dram/u_mig7s_mig/u_memc_ui_top_axi/mem_intfc0/ddr_phy_top0/u_ddr_calib_top/ddr_phy_prbs_rdlvl_gen.u_ddr_phy_prbs_rdlvl/ref_bit[3]_i_2_n_0
                         LUT5 (Prop_lut5_I0_O)        0.043     6.677 r  i_dram_wrapper/i_dram/u_mig7s_mig/u_memc_ui_top_axi/mem_intfc0/ddr_phy_top0/u_ddr_calib_top/ddr_phy_prbs_rdlvl_gen.u_ddr_phy_prbs_rdlvl/ref_bit[3]_i_1/O
                         net (fo=10, unplaced)        0.315     6.992    i_dram_wrapper/i_dram/u_mig7s_mig/u_memc_ui_top_axi/mem_intfc0/ddr_phy_top0/u_ddr_calib_top/ddr_phy_prbs_rdlvl_gen.u_ddr_phy_prbs_rdlvl/ref_right_edge
                         FDRE                                         r  i_dram_wrapper/i_dram/u_mig7s_mig/u_memc_ui_top_axi/mem_intfc0/ddr_phy_top0/u_ddr_calib_top/ddr_phy_prbs_rdlvl_gen.u_ddr_phy_prbs_rdlvl/ref_bit_reg[0]/CE
  -------------------------------------------------------------------    -------------------

                         (clock clk_pll_i rise edge)
                                                      5.000     5.000 r  
    AD12                                              0.000     5.000 r  sys_clk_p (IN)
                         net (fo=0)                   0.000     5.000    sys_clk_p
    AD12                 IBUFDS (Prop_ibufds_I_O)     0.803     5.803 r  i_bufds_sys_clk/O
                         net (fo=65, estimated)       1.043     6.847    i_dram_wrapper/i_dram/u_mig7s_mig/u_ddr3_infrastructure/plle2_i_0
    PLLE2_ADV_X1Y1       PLLE2_ADV (Prop_plle2_adv_CLKIN1_CLKOUT3)
                                                      0.073     6.920 r  i_dram_wrapper/i_dram/u_mig7s_mig/u_ddr3_infrastructure/plle2_i/CLKOUT3
                         net (fo=1, unplaced)         0.439     7.359    i_dram_wrapper/i_dram/u_mig7s_mig/u_ddr3_infrastructure/pll_clk3_out
                         BUFH (Prop_bufh_I_O)         0.066     7.425 r  i_dram_wrapper/i_dram/u_mig7s_mig/u_ddr3_infrastructure/u_bufh_pll_clk3/O
                         net (fo=1, unplaced)         0.442     7.867    i_dram_wrapper/i_dram/u_mig7s_mig/u_ddr3_infrastructure/pll_clk3
    MMCME2_ADV_X1Y1      MMCME2_ADV (Prop_mmcme2_adv_CLKIN1_CLKFBOUT)
                                                     -0.968     6.899 r  i_dram_wrapper/i_dram/u_mig7s_mig/u_ddr3_infrastructure/gen_mmcm.mmcm_i/CLKFBOUT
                         net (fo=1, unplaced)         0.442     7.342    i_dram_wrapper/i_dram/u_mig7s_mig/u_ddr3_infrastructure/clk_pll_i
                         BUFG (Prop_bufg_I_O)         0.083     7.425 r  i_dram_wrapper/i_dram/u_mig7s_mig/u_ddr3_infrastructure/u_bufg_clkdiv0/O
                         net (fo=13366, unplaced)     0.321     7.745    i_dram_wrapper/i_dram/u_mig7s_mig/u_memc_ui_top_axi/mem_intfc0/ddr_phy_top0/u_ddr_calib_top/ddr_phy_prbs_rdlvl_gen.u_ddr_phy_prbs_rdlvl/CLK
                         FDRE                                         r  i_dram_wrapper/i_dram/u_mig7s_mig/u_memc_ui_top_axi/mem_intfc0/ddr_phy_top0/u_ddr_calib_top/ddr_phy_prbs_rdlvl_gen.u_ddr_phy_prbs_rdlvl/ref_bit_reg[0]/C
                         clock pessimism              0.343     8.088    
                         clock uncertainty           -0.052     8.036    
                         FDRE (Setup_fdre_C_CE)      -0.199     7.837    i_dram_wrapper/i_dram/u_mig7s_mig/u_memc_ui_top_axi/mem_intfc0/ddr_phy_top0/u_ddr_calib_top/ddr_phy_prbs_rdlvl_gen.u_ddr_phy_prbs_rdlvl/ref_bit_reg[0]
  -------------------------------------------------------------------
                         required time                          7.837    
                         arrival time                          -6.992    
  -------------------------------------------------------------------
                         slack                                  0.845    

Slack (MET) :             0.983ns  (required time - arrival time)
  Source:                 i_dram_wrapper/i_dram/u_mig7s_mig/u_memc_ui_top_axi/mem_intfc0/ddr_phy_top0/u_ddr_mc_phy_wrapper/u_ddr_mc_phy/ddr_phy_4lanes_0.u_ddr_phy_4lanes/ddr_byte_lane_A.ddr_byte_lane_A/ddr_byte_group_io/input_[1].iserdes_dq_.iserdesdq/CLKDIVP
                            (rising edge-triggered cell ISERDESE2 clocked by iserdes_clkdiv  {rise@1.172ns fall@2.422ns period=2.500ns})
  Destination:            i_dram_wrapper/i_dram/u_mig7s_mig/u_memc_ui_top_axi/mem_intfc0/ddr_phy_top0/u_ddr_mc_phy_wrapper/u_ddr_mc_phy/ddr_phy_4lanes_0.u_ddr_phy_4lanes/ddr_byte_lane_A.ddr_byte_lane_A/in_fifo_gen.in_fifo/D1[3]
                            (rising edge-triggered cell IN_FIFO clocked by iserdes_clkdiv  {rise@1.172ns fall@2.422ns period=2.500ns})
  Path Group:             iserdes_clkdiv
  Path Type:              Setup (Max at Slow Process Corner)
  Requirement:            2.500ns  (iserdes_clkdiv rise@3.672ns - iserdes_clkdiv rise@1.172ns)
  Data Path Delay:        0.643ns  (logic 0.326ns (50.700%)  route 0.317ns (49.300%))
  Logic Levels:           0  
  Clock Path Skew:        -0.358ns (DCD - SCD + CPR)
    Destination Clock Delay (DCD):    4.603ns = ( 8.275 - 3.672 ) 
    Source Clock Delay      (SCD):    5.226ns = ( 6.398 - 1.172 ) 
    Clock Pessimism Removal (CPR):    0.264ns
  Clock Uncertainty:      0.047ns  ((TSJ^2 + DJ^2)^1/2) / 2 + PE
    Total System Jitter     (TSJ):    0.071ns
    Discrete Jitter          (DJ):    0.061ns
    Phase Error              (PE):    0.000ns

    Location             Delay type                Incr(ns)  Path(ns)    Netlist Resource(s)
  -------------------------------------------------------------------    -------------------
                         (clock iserdes_clkdiv rise edge)
                                                      1.172     1.172 r  
    AD12                                              0.000     1.172 r  sys_clk_p (IN)
                         net (fo=0)                   0.000     1.172    sys_clk_p
    AD12                 IBUFDS (Prop_ibufds_I_O)     0.906     2.078 r  i_bufds_sys_clk/O
                         net (fo=65, estimated)       1.098     3.176    i_dram_wrapper/i_dram/u_mig7s_mig/u_ddr3_infrastructure/plle2_i_0
    PLLE2_ADV_X1Y1       PLLE2_ADV (Prop_plle2_adv_CLKIN1_CLKOUT0)
                                                      0.077     3.253 r  i_dram_wrapper/i_dram/u_mig7s_mig/u_ddr3_infrastructure/plle2_i/CLKOUT0
                         net (fo=14, estimated)       1.205     4.458    i_dram_wrapper/i_dram/u_mig7s_mig/u_memc_ui_top_axi/mem_intfc0/ddr_phy_top0/u_ddr_mc_phy_wrapper/u_ddr_mc_phy/ddr_phy_4lanes_0.u_ddr_phy_4lanes/ddr_byte_lane_A.ddr_byte_lane_A/freq_refclk
    PHASER_IN_PHY_X1Y8   PHASER_IN_PHY (Prop_phaser_in_phy_FREQREFCLK_ICLK)
                                                      1.428     5.886 r  i_dram_wrapper/i_dram/u_mig7s_mig/u_memc_ui_top_axi/mem_intfc0/ddr_phy_top0/u_ddr_mc_phy_wrapper/u_ddr_mc_phy/ddr_phy_4lanes_0.u_ddr_phy_4lanes/ddr_byte_lane_A.ddr_byte_lane_A/phaser_in_gen.phaser_in/ICLK
    PHASER_IN_PHY_X1Y8   PHASER_IN_PHY (Prop_phaser_in_phy_ICLK_ICLKDIV)
                                                      0.154     6.040 r  i_dram_wrapper/i_dram/u_mig7s_mig/u_memc_ui_top_axi/mem_intfc0/ddr_phy_top0/u_ddr_mc_phy_wrapper/u_ddr_mc_phy/ddr_phy_4lanes_0.u_ddr_phy_4lanes/ddr_byte_lane_A.ddr_byte_lane_A/phaser_in_gen.phaser_in/ICLKDIV
                         net (fo=9, estimated)        0.358     6.398    i_dram_wrapper/i_dram/u_mig7s_mig/u_memc_ui_top_axi/mem_intfc0/ddr_phy_top0/u_ddr_mc_phy_wrapper/u_ddr_mc_phy/ddr_phy_4lanes_0.u_ddr_phy_4lanes/ddr_byte_lane_A.ddr_byte_lane_A/ddr_byte_group_io/iserdes_clkdiv
    ILOGIC_X1Y102        ISERDESE2                                    r  i_dram_wrapper/i_dram/u_mig7s_mig/u_memc_ui_top_axi/mem_intfc0/ddr_phy_top0/u_ddr_mc_phy_wrapper/u_ddr_mc_phy/ddr_phy_4lanes_0.u_ddr_phy_4lanes/ddr_byte_lane_A.ddr_byte_lane_A/ddr_byte_group_io/input_[1].iserdes_dq_.iserdesdq/CLKDIVP
  -------------------------------------------------------------------    -------------------
    ILOGIC_X1Y102        ISERDESE2 (Prop_iserdese2_CLKDIVP_Q1)
                                                      0.326     6.724 r  i_dram_wrapper/i_dram/u_mig7s_mig/u_memc_ui_top_axi/mem_intfc0/ddr_phy_top0/u_ddr_mc_phy_wrapper/u_ddr_mc_phy/ddr_phy_4lanes_0.u_ddr_phy_4lanes/ddr_byte_lane_A.ddr_byte_lane_A/ddr_byte_group_io/input_[1].iserdes_dq_.iserdesdq/Q1
                         net (fo=1, estimated)        0.317     7.041    i_dram_wrapper/i_dram/u_mig7s_mig/u_memc_ui_top_axi/mem_intfc0/ddr_phy_top0/u_ddr_mc_phy_wrapper/u_ddr_mc_phy/ddr_phy_4lanes_0.u_ddr_phy_4lanes/ddr_byte_lane_A.ddr_byte_lane_A/if_d1[3]
    IN_FIFO_X1Y8         IN_FIFO                                      r  i_dram_wrapper/i_dram/u_mig7s_mig/u_memc_ui_top_axi/mem_intfc0/ddr_phy_top0/u_ddr_mc_phy_wrapper/u_ddr_mc_phy/ddr_phy_4lanes_0.u_ddr_phy_4lanes/ddr_byte_lane_A.ddr_byte_lane_A/in_fifo_gen.in_fifo/D1[3]
  -------------------------------------------------------------------    -------------------

                         (clock iserdes_clkdiv rise edge)
                                                      3.672     3.672 r  
    AD12                                              0.000     3.672 r  sys_clk_p (IN)
                         net (fo=0)                   0.000     3.672    sys_clk_p
    AD12                 IBUFDS (Prop_ibufds_I_O)     0.803     4.475 r  i_bufds_sys_clk/O
                         net (fo=65, estimated)       1.043     5.518    i_dram_wrapper/i_dram/u_mig7s_mig/u_ddr3_infrastructure/plle2_i_0
    PLLE2_ADV_X1Y1       PLLE2_ADV (Prop_plle2_adv_CLKIN1_CLKOUT0)
                                                      0.073     5.591 r  i_dram_wrapper/i_dram/u_mig7s_mig/u_ddr3_infrastructure/plle2_i/CLKOUT0
                         net (fo=14, estimated)       1.145     6.736    i_dram_wrapper/i_dram/u_mig7s_mig/u_memc_ui_top_axi/mem_intfc0/ddr_phy_top0/u_ddr_mc_phy_wrapper/u_ddr_mc_phy/ddr_phy_4lanes_0.u_ddr_phy_4lanes/ddr_byte_lane_A.ddr_byte_lane_A/freq_refclk
    PHASER_IN_PHY_X1Y8   PHASER_IN_PHY (Prop_phaser_in_phy_FREQREFCLK_ICLK)
                                                      1.394     8.130 r  i_dram_wrapper/i_dram/u_mig7s_mig/u_memc_ui_top_axi/mem_intfc0/ddr_phy_top0/u_ddr_mc_phy_wrapper/u_ddr_mc_phy/ddr_phy_4lanes_0.u_ddr_phy_4lanes/ddr_byte_lane_A.ddr_byte_lane_A/phaser_in_gen.phaser_in/ICLK
    PHASER_IN_PHY_X1Y8   PHASER_IN_PHY (Prop_phaser_in_phy_ICLK_ICLKDIV)
                                                      0.145     8.275 r  i_dram_wrapper/i_dram/u_mig7s_mig/u_memc_ui_top_axi/mem_intfc0/ddr_phy_top0/u_ddr_mc_phy_wrapper/u_ddr_mc_phy/ddr_phy_4lanes_0.u_ddr_phy_4lanes/ddr_byte_lane_A.ddr_byte_lane_A/phaser_in_gen.phaser_in/ICLKDIV
                         net (fo=9, estimated)        0.000     8.275    i_dram_wrapper/i_dram/u_mig7s_mig/u_memc_ui_top_axi/mem_intfc0/ddr_phy_top0/u_ddr_mc_phy_wrapper/u_ddr_mc_phy/ddr_phy_4lanes_0.u_ddr_phy_4lanes/ddr_byte_lane_A.ddr_byte_lane_A/iserdes_clkdiv
    IN_FIFO_X1Y8         IN_FIFO                                      r  i_dram_wrapper/i_dram/u_mig7s_mig/u_memc_ui_top_axi/mem_intfc0/ddr_phy_top0/u_ddr_mc_phy_wrapper/u_ddr_mc_phy/ddr_phy_4lanes_0.u_ddr_phy_4lanes/ddr_byte_lane_A.ddr_byte_lane_A/in_fifo_gen.in_fifo/WRCLK
                         clock pessimism              0.264     8.540    
                         clock uncertainty           -0.047     8.493    
    IN_FIFO_X1Y8         IN_FIFO (Setup_in_fifo_WRCLK_D1[3])
                                                     -0.469     8.024    i_dram_wrapper/i_dram/u_mig7s_mig/u_memc_ui_top_axi/mem_intfc0/ddr_phy_top0/u_ddr_mc_phy_wrapper/u_ddr_mc_phy/ddr_phy_4lanes_0.u_ddr_phy_4lanes/ddr_byte_lane_A.ddr_byte_lane_A/in_fifo_gen.in_fifo
  -------------------------------------------------------------------
                         required time                          8.024    
                         arrival time                          -7.041    
  -------------------------------------------------------------------
                         slack                                  0.983    

Slack (MET) :             0.989ns  (required time - arrival time)
  Source:                 i_dram_wrapper/i_dram/u_mig7s_mig/u_memc_ui_top_axi/mem_intfc0/ddr_phy_top0/u_ddr_mc_phy_wrapper/u_ddr_mc_phy/ddr_phy_4lanes_0.u_ddr_phy_4lanes/ddr_byte_lane_D.ddr_byte_lane_D/ddr_byte_group_io/input_[1].iserdes_dq_.iserdesdq/CLKDIVP
                            (rising edge-triggered cell ISERDESE2 clocked by iserdes_clkdiv_3  {rise@1.172ns fall@2.422ns period=2.500ns})
  Destination:            i_dram_wrapper/i_dram/u_mig7s_mig/u_memc_ui_top_axi/mem_intfc0/ddr_phy_top0/u_ddr_mc_phy_wrapper/u_ddr_mc_phy/ddr_phy_4lanes_0.u_ddr_phy_4lanes/ddr_byte_lane_D.ddr_byte_lane_D/in_fifo_gen.in_fifo/D1[3]
                            (rising edge-triggered cell IN_FIFO clocked by iserdes_clkdiv_3  {rise@1.172ns fall@2.422ns period=2.500ns})
  Path Group:             iserdes_clkdiv_3
  Path Type:              Setup (Max at Slow Process Corner)
  Requirement:            2.500ns  (iserdes_clkdiv_3 rise@3.672ns - iserdes_clkdiv_3 rise@1.172ns)
  Data Path Delay:        0.643ns  (logic 0.326ns (50.700%)  route 0.317ns (49.300%))
  Logic Levels:           0  
  Clock Path Skew:        -0.352ns (DCD - SCD + CPR)
    Destination Clock Delay (DCD):    4.583ns = ( 8.255 - 3.672 ) 
    Source Clock Delay      (SCD):    5.199ns = ( 6.371 - 1.172 ) 
    Clock Pessimism Removal (CPR):    0.263ns
  Clock Uncertainty:      0.047ns  ((TSJ^2 + DJ^2)^1/2) / 2 + PE
    Total System Jitter     (TSJ):    0.071ns
    Discrete Jitter          (DJ):    0.061ns
    Phase Error              (PE):    0.000ns

    Location             Delay type                Incr(ns)  Path(ns)    Netlist Resource(s)
  -------------------------------------------------------------------    -------------------
                         (clock iserdes_clkdiv_3 rise edge)
                                                      1.172     1.172 r  
    AD12                                              0.000     1.172 r  sys_clk_p (IN)
                         net (fo=0)                   0.000     1.172    sys_clk_p
    AD12                 IBUFDS (Prop_ibufds_I_O)     0.906     2.078 r  i_bufds_sys_clk/O
                         net (fo=65, estimated)       1.098     3.176    i_dram_wrapper/i_dram/u_mig7s_mig/u_ddr3_infrastructure/plle2_i_0
    PLLE2_ADV_X1Y1       PLLE2_ADV (Prop_plle2_adv_CLKIN1_CLKOUT0)
                                                      0.077     3.253 r  i_dram_wrapper/i_dram/u_mig7s_mig/u_ddr3_infrastructure/plle2_i/CLKOUT0
                         net (fo=14, estimated)       1.184     4.437    i_dram_wrapper/i_dram/u_mig7s_mig/u_memc_ui_top_axi/mem_intfc0/ddr_phy_top0/u_ddr_mc_phy_wrapper/u_ddr_mc_phy/ddr_phy_4lanes_0.u_ddr_phy_4lanes/ddr_byte_lane_D.ddr_byte_lane_D/freq_refclk
    PHASER_IN_PHY_X1Y11  PHASER_IN_PHY (Prop_phaser_in_phy_FREQREFCLK_ICLK)
                                                      1.428     5.865 r  i_dram_wrapper/i_dram/u_mig7s_mig/u_memc_ui_top_axi/mem_intfc0/ddr_phy_top0/u_ddr_mc_phy_wrapper/u_ddr_mc_phy/ddr_phy_4lanes_0.u_ddr_phy_4lanes/ddr_byte_lane_D.ddr_byte_lane_D/phaser_in_gen.phaser_in/ICLK
    PHASER_IN_PHY_X1Y11  PHASER_IN_PHY (Prop_phaser_in_phy_ICLK_ICLKDIV)
                                                      0.154     6.019 r  i_dram_wrapper/i_dram/u_mig7s_mig/u_memc_ui_top_axi/mem_intfc0/ddr_phy_top0/u_ddr_mc_phy_wrapper/u_ddr_mc_phy/ddr_phy_4lanes_0.u_ddr_phy_4lanes/ddr_byte_lane_D.ddr_byte_lane_D/phaser_in_gen.phaser_in/ICLKDIV
                         net (fo=9, estimated)        0.352     6.371    i_dram_wrapper/i_dram/u_mig7s_mig/u_memc_ui_top_axi/mem_intfc0/ddr_phy_top0/u_ddr_mc_phy_wrapper/u_ddr_mc_phy/ddr_phy_4lanes_0.u_ddr_phy_4lanes/ddr_byte_lane_D.ddr_byte_lane_D/ddr_byte_group_io/iserdes_clkdiv
    ILOGIC_X1Y138        ISERDESE2                                    r  i_dram_wrapper/i_dram/u_mig7s_mig/u_memc_ui_top_axi/mem_intfc0/ddr_phy_top0/u_ddr_mc_phy_wrapper/u_ddr_mc_phy/ddr_phy_4lanes_0.u_ddr_phy_4lanes/ddr_byte_lane_D.ddr_byte_lane_D/ddr_byte_group_io/input_[1].iserdes_dq_.iserdesdq/CLKDIVP
  -------------------------------------------------------------------    -------------------
    ILOGIC_X1Y138        ISERDESE2 (Prop_iserdese2_CLKDIVP_Q1)
                                                      0.326     6.697 r  i_dram_wrapper/i_dram/u_mig7s_mig/u_memc_ui_top_axi/mem_intfc0/ddr_phy_top0/u_ddr_mc_phy_wrapper/u_ddr_mc_phy/ddr_phy_4lanes_0.u_ddr_phy_4lanes/ddr_byte_lane_D.ddr_byte_lane_D/ddr_byte_group_io/input_[1].iserdes_dq_.iserdesdq/Q1
                         net (fo=1, estimated)        0.317     7.014    i_dram_wrapper/i_dram/u_mig7s_mig/u_memc_ui_top_axi/mem_intfc0/ddr_phy_top0/u_ddr_mc_phy_wrapper/u_ddr_mc_phy/ddr_phy_4lanes_0.u_ddr_phy_4lanes/ddr_byte_lane_D.ddr_byte_lane_D/if_d1[3]
    IN_FIFO_X1Y11        IN_FIFO                                      r  i_dram_wrapper/i_dram/u_mig7s_mig/u_memc_ui_top_axi/mem_intfc0/ddr_phy_top0/u_ddr_mc_phy_wrapper/u_ddr_mc_phy/ddr_phy_4lanes_0.u_ddr_phy_4lanes/ddr_byte_lane_D.ddr_byte_lane_D/in_fifo_gen.in_fifo/D1[3]
  -------------------------------------------------------------------    -------------------

                         (clock iserdes_clkdiv_3 rise edge)
                                                      3.672     3.672 r  
    AD12                                              0.000     3.672 r  sys_clk_p (IN)
                         net (fo=0)                   0.000     3.672    sys_clk_p
    AD12                 IBUFDS (Prop_ibufds_I_O)     0.803     4.475 r  i_bufds_sys_clk/O
                         net (fo=65, estimated)       1.043     5.518    i_dram_wrapper/i_dram/u_mig7s_mig/u_ddr3_infrastructure/plle2_i_0
    PLLE2_ADV_X1Y1       PLLE2_ADV (Prop_plle2_adv_CLKIN1_CLKOUT0)
                                                      0.073     5.591 r  i_dram_wrapper/i_dram/u_mig7s_mig/u_ddr3_infrastructure/plle2_i/CLKOUT0
                         net (fo=14, estimated)       1.125     6.716    i_dram_wrapper/i_dram/u_mig7s_mig/u_memc_ui_top_axi/mem_intfc0/ddr_phy_top0/u_ddr_mc_phy_wrapper/u_ddr_mc_phy/ddr_phy_4lanes_0.u_ddr_phy_4lanes/ddr_byte_lane_D.ddr_byte_lane_D/freq_refclk
    PHASER_IN_PHY_X1Y11  PHASER_IN_PHY (Prop_phaser_in_phy_FREQREFCLK_ICLK)
                                                      1.394     8.110 r  i_dram_wrapper/i_dram/u_mig7s_mig/u_memc_ui_top_axi/mem_intfc0/ddr_phy_top0/u_ddr_mc_phy_wrapper/u_ddr_mc_phy/ddr_phy_4lanes_0.u_ddr_phy_4lanes/ddr_byte_lane_D.ddr_byte_lane_D/phaser_in_gen.phaser_in/ICLK
    PHASER_IN_PHY_X1Y11  PHASER_IN_PHY (Prop_phaser_in_phy_ICLK_ICLKDIV)
                                                      0.145     8.255 r  i_dram_wrapper/i_dram/u_mig7s_mig/u_memc_ui_top_axi/mem_intfc0/ddr_phy_top0/u_ddr_mc_phy_wrapper/u_ddr_mc_phy/ddr_phy_4lanes_0.u_ddr_phy_4lanes/ddr_byte_lane_D.ddr_byte_lane_D/phaser_in_gen.phaser_in/ICLKDIV
                         net (fo=9, estimated)        0.000     8.255    i_dram_wrapper/i_dram/u_mig7s_mig/u_memc_ui_top_axi/mem_intfc0/ddr_phy_top0/u_ddr_mc_phy_wrapper/u_ddr_mc_phy/ddr_phy_4lanes_0.u_ddr_phy_4lanes/ddr_byte_lane_D.ddr_byte_lane_D/iserdes_clkdiv
    IN_FIFO_X1Y11        IN_FIFO                                      r  i_dram_wrapper/i_dram/u_mig7s_mig/u_memc_ui_top_axi/mem_intfc0/ddr_phy_top0/u_ddr_mc_phy_wrapper/u_ddr_mc_phy/ddr_phy_4lanes_0.u_ddr_phy_4lanes/ddr_byte_lane_D.ddr_byte_lane_D/in_fifo_gen.in_fifo/WRCLK
                         clock pessimism              0.263     8.519    
                         clock uncertainty           -0.047     8.472    
    IN_FIFO_X1Y11        IN_FIFO (Setup_in_fifo_WRCLK_D1[3])
                                                     -0.469     8.003    i_dram_wrapper/i_dram/u_mig7s_mig/u_memc_ui_top_axi/mem_intfc0/ddr_phy_top0/u_ddr_mc_phy_wrapper/u_ddr_mc_phy/ddr_phy_4lanes_0.u_ddr_phy_4lanes/ddr_byte_lane_D.ddr_byte_lane_D/in_fifo_gen.in_fifo
  -------------------------------------------------------------------
                         required time                          8.003    
                         arrival time                          -7.014    
  -------------------------------------------------------------------
                         slack                                  0.989    

Slack (MET) :             0.997ns  (required time - arrival time)
  Source:                 i_dram_wrapper/i_dram/u_mig7s_mig/u_memc_ui_top_axi/mem_intfc0/ddr_phy_top0/u_ddr_mc_phy_wrapper/u_ddr_mc_phy/ddr_phy_4lanes_0.u_ddr_phy_4lanes/ddr_byte_lane_B.ddr_byte_lane_B/ddr_byte_group_io/input_[1].iserdes_dq_.iserdesdq/CLKDIVP
                            (rising edge-triggered cell ISERDESE2 clocked by iserdes_clkdiv_1  {rise@1.172ns fall@2.422ns period=2.500ns})
  Destination:            i_dram_wrapper/i_dram/u_mig7s_mig/u_memc_ui_top_axi/mem_intfc0/ddr_phy_top0/u_ddr_mc_phy_wrapper/u_ddr_mc_phy/ddr_phy_4lanes_0.u_ddr_phy_4lanes/ddr_byte_lane_B.ddr_byte_lane_B/in_fifo_gen.in_fifo/D1[3]
                            (rising edge-triggered cell IN_FIFO clocked by iserdes_clkdiv_1  {rise@1.172ns fall@2.422ns period=2.500ns})
  Path Group:             iserdes_clkdiv_1
  Path Type:              Setup (Max at Slow Process Corner)
  Requirement:            2.500ns  (iserdes_clkdiv_1 rise@3.672ns - iserdes_clkdiv_1 rise@1.172ns)
  Data Path Delay:        0.643ns  (logic 0.326ns (50.700%)  route 0.317ns (49.300%))
  Logic Levels:           0  
  Clock Path Skew:        -0.344ns (DCD - SCD + CPR)
    Destination Clock Delay (DCD):    4.602ns = ( 8.274 - 3.672 ) 
    Source Clock Delay      (SCD):    5.211ns = ( 6.383 - 1.172 ) 
    Clock Pessimism Removal (CPR):    0.264ns
  Clock Uncertainty:      0.047ns  ((TSJ^2 + DJ^2)^1/2) / 2 + PE
    Total System Jitter     (TSJ):    0.071ns
    Discrete Jitter          (DJ):    0.061ns
    Phase Error              (PE):    0.000ns

    Location             Delay type                Incr(ns)  Path(ns)    Netlist Resource(s)
  -------------------------------------------------------------------    -------------------
                         (clock iserdes_clkdiv_1 rise edge)
                                                      1.172     1.172 r  
    AD12                                              0.000     1.172 r  sys_clk_p (IN)
                         net (fo=0)                   0.000     1.172    sys_clk_p
    AD12                 IBUFDS (Prop_ibufds_I_O)     0.906     2.078 r  i_bufds_sys_clk/O
                         net (fo=65, estimated)       1.098     3.176    i_dram_wrapper/i_dram/u_mig7s_mig/u_ddr3_infrastructure/plle2_i_0
    PLLE2_ADV_X1Y1       PLLE2_ADV (Prop_plle2_adv_CLKIN1_CLKOUT0)
                                                      0.077     3.253 r  i_dram_wrapper/i_dram/u_mig7s_mig/u_ddr3_infrastructure/plle2_i/CLKOUT0
                         net (fo=14, estimated)       1.204     4.457    i_dram_wrapper/i_dram/u_mig7s_mig/u_memc_ui_top_axi/mem_intfc0/ddr_phy_top0/u_ddr_mc_phy_wrapper/u_ddr_mc_phy/ddr_phy_4lanes_0.u_ddr_phy_4lanes/ddr_byte_lane_B.ddr_byte_lane_B/freq_refclk
    PHASER_IN_PHY_X1Y9   PHASER_IN_PHY (Prop_phaser_in_phy_FREQREFCLK_ICLK)
                                                      1.428     5.885 r  i_dram_wrapper/i_dram/u_mig7s_mig/u_memc_ui_top_axi/mem_intfc0/ddr_phy_top0/u_ddr_mc_phy_wrapper/u_ddr_mc_phy/ddr_phy_4lanes_0.u_ddr_phy_4lanes/ddr_byte_lane_B.ddr_byte_lane_B/phaser_in_gen.phaser_in/ICLK
    PHASER_IN_PHY_X1Y9   PHASER_IN_PHY (Prop_phaser_in_phy_ICLK_ICLKDIV)
                                                      0.154     6.039 r  i_dram_wrapper/i_dram/u_mig7s_mig/u_memc_ui_top_axi/mem_intfc0/ddr_phy_top0/u_ddr_mc_phy_wrapper/u_ddr_mc_phy/ddr_phy_4lanes_0.u_ddr_phy_4lanes/ddr_byte_lane_B.ddr_byte_lane_B/phaser_in_gen.phaser_in/ICLKDIV
                         net (fo=9, estimated)        0.344     6.383    i_dram_wrapper/i_dram/u_mig7s_mig/u_memc_ui_top_axi/mem_intfc0/ddr_phy_top0/u_ddr_mc_phy_wrapper/u_ddr_mc_phy/ddr_phy_4lanes_0.u_ddr_phy_4lanes/ddr_byte_lane_B.ddr_byte_lane_B/ddr_byte_group_io/iserdes_clkdiv
    ILOGIC_X1Y114        ISERDESE2                                    r  i_dram_wrapper/i_dram/u_mig7s_mig/u_memc_ui_top_axi/mem_intfc0/ddr_phy_top0/u_ddr_mc_phy_wrapper/u_ddr_mc_phy/ddr_phy_4lanes_0.u_ddr_phy_4lanes/ddr_byte_lane_B.ddr_byte_lane_B/ddr_byte_group_io/input_[1].iserdes_dq_.iserdesdq/CLKDIVP
  -------------------------------------------------------------------    -------------------
    ILOGIC_X1Y114        ISERDESE2 (Prop_iserdese2_CLKDIVP_Q1)
                                                      0.326     6.709 r  i_dram_wrapper/i_dram/u_mig7s_mig/u_memc_ui_top_axi/mem_intfc0/ddr_phy_top0/u_ddr_mc_phy_wrapper/u_ddr_mc_phy/ddr_phy_4lanes_0.u_ddr_phy_4lanes/ddr_byte_lane_B.ddr_byte_lane_B/ddr_byte_group_io/input_[1].iserdes_dq_.iserdesdq/Q1
                         net (fo=1, estimated)        0.317     7.026    i_dram_wrapper/i_dram/u_mig7s_mig/u_memc_ui_top_axi/mem_intfc0/ddr_phy_top0/u_ddr_mc_phy_wrapper/u_ddr_mc_phy/ddr_phy_4lanes_0.u_ddr_phy_4lanes/ddr_byte_lane_B.ddr_byte_lane_B/if_d1[3]
    IN_FIFO_X1Y9         IN_FIFO                                      r  i_dram_wrapper/i_dram/u_mig7s_mig/u_memc_ui_top_axi/mem_intfc0/ddr_phy_top0/u_ddr_mc_phy_wrapper/u_ddr_mc_phy/ddr_phy_4lanes_0.u_ddr_phy_4lanes/ddr_byte_lane_B.ddr_byte_lane_B/in_fifo_gen.in_fifo/D1[3]
  -------------------------------------------------------------------    -------------------

                         (clock iserdes_clkdiv_1 rise edge)
                                                      3.672     3.672 r  
    AD12                                              0.000     3.672 r  sys_clk_p (IN)
                         net (fo=0)                   0.000     3.672    sys_clk_p
    AD12                 IBUFDS (Prop_ibufds_I_O)     0.803     4.475 r  i_bufds_sys_clk/O
                         net (fo=65, estimated)       1.043     5.518    i_dram_wrapper/i_dram/u_mig7s_mig/u_ddr3_infrastructure/plle2_i_0
    PLLE2_ADV_X1Y1       PLLE2_ADV (Prop_plle2_adv_CLKIN1_CLKOUT0)
                                                      0.073     5.591 r  i_dram_wrapper/i_dram/u_mig7s_mig/u_ddr3_infrastructure/plle2_i/CLKOUT0
                         net (fo=14, estimated)       1.144     6.735    i_dram_wrapper/i_dram/u_mig7s_mig/u_memc_ui_top_axi/mem_intfc0/ddr_phy_top0/u_ddr_mc_phy_wrapper/u_ddr_mc_phy/ddr_phy_4lanes_0.u_ddr_phy_4lanes/ddr_byte_lane_B.ddr_byte_lane_B/freq_refclk
    PHASER_IN_PHY_X1Y9   PHASER_IN_PHY (Prop_phaser_in_phy_FREQREFCLK_ICLK)
                                                      1.394     8.129 r  i_dram_wrapper/i_dram/u_mig7s_mig/u_memc_ui_top_axi/mem_intfc0/ddr_phy_top0/u_ddr_mc_phy_wrapper/u_ddr_mc_phy/ddr_phy_4lanes_0.u_ddr_phy_4lanes/ddr_byte_lane_B.ddr_byte_lane_B/phaser_in_gen.phaser_in/ICLK
    PHASER_IN_PHY_X1Y9   PHASER_IN_PHY (Prop_phaser_in_phy_ICLK_ICLKDIV)
                                                      0.145     8.274 r  i_dram_wrapper/i_dram/u_mig7s_mig/u_memc_ui_top_axi/mem_intfc0/ddr_phy_top0/u_ddr_mc_phy_wrapper/u_ddr_mc_phy/ddr_phy_4lanes_0.u_ddr_phy_4lanes/ddr_byte_lane_B.ddr_byte_lane_B/phaser_in_gen.phaser_in/ICLKDIV
                         net (fo=9, estimated)        0.000     8.274    i_dram_wrapper/i_dram/u_mig7s_mig/u_memc_ui_top_axi/mem_intfc0/ddr_phy_top0/u_ddr_mc_phy_wrapper/u_ddr_mc_phy/ddr_phy_4lanes_0.u_ddr_phy_4lanes/ddr_byte_lane_B.ddr_byte_lane_B/iserdes_clkdiv
    IN_FIFO_X1Y9         IN_FIFO                                      r  i_dram_wrapper/i_dram/u_mig7s_mig/u_memc_ui_top_axi/mem_intfc0/ddr_phy_top0/u_ddr_mc_phy_wrapper/u_ddr_mc_phy/ddr_phy_4lanes_0.u_ddr_phy_4lanes/ddr_byte_lane_B.ddr_byte_lane_B/in_fifo_gen.in_fifo/WRCLK
                         clock pessimism              0.264     8.539    
                         clock uncertainty           -0.047     8.492    
    IN_FIFO_X1Y9         IN_FIFO (Setup_in_fifo_WRCLK_D1[3])
                                                     -0.469     8.023    i_dram_wrapper/i_dram/u_mig7s_mig/u_memc_ui_top_axi/mem_intfc0/ddr_phy_top0/u_ddr_mc_phy_wrapper/u_ddr_mc_phy/ddr_phy_4lanes_0.u_ddr_phy_4lanes/ddr_byte_lane_B.ddr_byte_lane_B/in_fifo_gen.in_fifo
  -------------------------------------------------------------------
                         required time                          8.023    
                         arrival time                          -7.026    
  -------------------------------------------------------------------
                         slack                                  0.997    

Slack (MET) :             1.002ns  (required time - arrival time)
  Source:                 i_dram_wrapper/i_dram/u_mig7s_mig/u_memc_ui_top_axi/mem_intfc0/ddr_phy_top0/u_ddr_mc_phy_wrapper/u_ddr_mc_phy/ddr_phy_4lanes_0.u_ddr_phy_4lanes/ddr_byte_lane_C.ddr_byte_lane_C/ddr_byte_group_io/input_[1].iserdes_dq_.iserdesdq/CLKDIVP
                            (rising edge-triggered cell ISERDESE2 clocked by iserdes_clkdiv_2  {rise@1.172ns fall@2.422ns period=2.500ns})
  Destination:            i_dram_wrapper/i_dram/u_mig7s_mig/u_memc_ui_top_axi/mem_intfc0/ddr_phy_top0/u_ddr_mc_phy_wrapper/u_ddr_mc_phy/ddr_phy_4lanes_0.u_ddr_phy_4lanes/ddr_byte_lane_C.ddr_byte_lane_C/in_fifo_gen.in_fifo/D1[3]
                            (rising edge-triggered cell IN_FIFO clocked by iserdes_clkdiv_2  {rise@1.172ns fall@2.422ns period=2.500ns})
  Path Group:             iserdes_clkdiv_2
  Path Type:              Setup (Max at Slow Process Corner)
  Requirement:            2.500ns  (iserdes_clkdiv_2 rise@3.672ns - iserdes_clkdiv_2 rise@1.172ns)
  Data Path Delay:        0.643ns  (logic 0.326ns (50.700%)  route 0.317ns (49.300%))
  Logic Levels:           0  
  Clock Path Skew:        -0.339ns (DCD - SCD + CPR)
    Destination Clock Delay (DCD):    4.591ns = ( 8.263 - 3.672 ) 
    Source Clock Delay      (SCD):    5.194ns = ( 6.366 - 1.172 ) 
    Clock Pessimism Removal (CPR):    0.264ns
  Clock Uncertainty:      0.047ns  ((TSJ^2 + DJ^2)^1/2) / 2 + PE
    Total System Jitter     (TSJ):    0.071ns
    Discrete Jitter          (DJ):    0.061ns
    Phase Error              (PE):    0.000ns

    Location             Delay type                Incr(ns)  Path(ns)    Netlist Resource(s)
  -------------------------------------------------------------------    -------------------
                         (clock iserdes_clkdiv_2 rise edge)
                                                      1.172     1.172 r  
    AD12                                              0.000     1.172 r  sys_clk_p (IN)
                         net (fo=0)                   0.000     1.172    sys_clk_p
    AD12                 IBUFDS (Prop_ibufds_I_O)     0.906     2.078 r  i_bufds_sys_clk/O
                         net (fo=65, estimated)       1.098     3.176    i_dram_wrapper/i_dram/u_mig7s_mig/u_ddr3_infrastructure/plle2_i_0
    PLLE2_ADV_X1Y1       PLLE2_ADV (Prop_plle2_adv_CLKIN1_CLKOUT0)
                                                      0.077     3.253 r  i_dram_wrapper/i_dram/u_mig7s_mig/u_ddr3_infrastructure/plle2_i/CLKOUT0
                         net (fo=14, estimated)       1.192     4.445    i_dram_wrapper/i_dram/u_mig7s_mig/u_memc_ui_top_axi/mem_intfc0/ddr_phy_top0/u_ddr_mc_phy_wrapper/u_ddr_mc_phy/ddr_phy_4lanes_0.u_ddr_phy_4lanes/ddr_byte_lane_C.ddr_byte_lane_C/freq_refclk
    PHASER_IN_PHY_X1Y10  PHASER_IN_PHY (Prop_phaser_in_phy_FREQREFCLK_ICLK)
                                                      1.428     5.873 r  i_dram_wrapper/i_dram/u_mig7s_mig/u_memc_ui_top_axi/mem_intfc0/ddr_phy_top0/u_ddr_mc_phy_wrapper/u_ddr_mc_phy/ddr_phy_4lanes_0.u_ddr_phy_4lanes/ddr_byte_lane_C.ddr_byte_lane_C/phaser_in_gen.phaser_in/ICLK
    PHASER_IN_PHY_X1Y10  PHASER_IN_PHY (Prop_phaser_in_phy_ICLK_ICLKDIV)
                                                      0.154     6.027 r  i_dram_wrapper/i_dram/u_mig7s_mig/u_memc_ui_top_axi/mem_intfc0/ddr_phy_top0/u_ddr_mc_phy_wrapper/u_ddr_mc_phy/ddr_phy_4lanes_0.u_ddr_phy_4lanes/ddr_byte_lane_C.ddr_byte_lane_C/phaser_in_gen.phaser_in/ICLKDIV
                         net (fo=9, estimated)        0.339     6.366    i_dram_wrapper/i_dram/u_mig7s_mig/u_memc_ui_top_axi/mem_intfc0/ddr_phy_top0/u_ddr_mc_phy_wrapper/u_ddr_mc_phy/ddr_phy_4lanes_0.u_ddr_phy_4lanes/ddr_byte_lane_C.ddr_byte_lane_C/ddr_byte_group_io/iserdes_clkdiv
    ILOGIC_X1Y126        ISERDESE2                                    r  i_dram_wrapper/i_dram/u_mig7s_mig/u_memc_ui_top_axi/mem_intfc0/ddr_phy_top0/u_ddr_mc_phy_wrapper/u_ddr_mc_phy/ddr_phy_4lanes_0.u_ddr_phy_4lanes/ddr_byte_lane_C.ddr_byte_lane_C/ddr_byte_group_io/input_[1].iserdes_dq_.iserdesdq/CLKDIVP
  -------------------------------------------------------------------    -------------------
    ILOGIC_X1Y126        ISERDESE2 (Prop_iserdese2_CLKDIVP_Q1)
                                                      0.326     6.692 r  i_dram_wrapper/i_dram/u_mig7s_mig/u_memc_ui_top_axi/mem_intfc0/ddr_phy_top0/u_ddr_mc_phy_wrapper/u_ddr_mc_phy/ddr_phy_4lanes_0.u_ddr_phy_4lanes/ddr_byte_lane_C.ddr_byte_lane_C/ddr_byte_group_io/input_[1].iserdes_dq_.iserdesdq/Q1
                         net (fo=1, estimated)        0.317     7.009    i_dram_wrapper/i_dram/u_mig7s_mig/u_memc_ui_top_axi/mem_intfc0/ddr_phy_top0/u_ddr_mc_phy_wrapper/u_ddr_mc_phy/ddr_phy_4lanes_0.u_ddr_phy_4lanes/ddr_byte_lane_C.ddr_byte_lane_C/if_d1[3]
    IN_FIFO_X1Y10        IN_FIFO                                      r  i_dram_wrapper/i_dram/u_mig7s_mig/u_memc_ui_top_axi/mem_intfc0/ddr_phy_top0/u_ddr_mc_phy_wrapper/u_ddr_mc_phy/ddr_phy_4lanes_0.u_ddr_phy_4lanes/ddr_byte_lane_C.ddr_byte_lane_C/in_fifo_gen.in_fifo/D1[3]
  -------------------------------------------------------------------    -------------------

                         (clock iserdes_clkdiv_2 rise edge)
                                                      3.672     3.672 r  
    AD12                                              0.000     3.672 r  sys_clk_p (IN)
                         net (fo=0)                   0.000     3.672    sys_clk_p
    AD12                 IBUFDS (Prop_ibufds_I_O)     0.803     4.475 r  i_bufds_sys_clk/O
                         net (fo=65, estimated)       1.043     5.518    i_dram_wrapper/i_dram/u_mig7s_mig/u_ddr3_infrastructure/plle2_i_0
    PLLE2_ADV_X1Y1       PLLE2_ADV (Prop_plle2_adv_CLKIN1_CLKOUT0)
                                                      0.073     5.591 r  i_dram_wrapper/i_dram/u_mig7s_mig/u_ddr3_infrastructure/plle2_i/CLKOUT0
                         net (fo=14, estimated)       1.132     6.724    i_dram_wrapper/i_dram/u_mig7s_mig/u_memc_ui_top_axi/mem_intfc0/ddr_phy_top0/u_ddr_mc_phy_wrapper/u_ddr_mc_phy/ddr_phy_4lanes_0.u_ddr_phy_4lanes/ddr_byte_lane_C.ddr_byte_lane_C/freq_refclk
    PHASER_IN_PHY_X1Y10  PHASER_IN_PHY (Prop_phaser_in_phy_FREQREFCLK_ICLK)
                                                      1.394     8.118 r  i_dram_wrapper/i_dram/u_mig7s_mig/u_memc_ui_top_axi/mem_intfc0/ddr_phy_top0/u_ddr_mc_phy_wrapper/u_ddr_mc_phy/ddr_phy_4lanes_0.u_ddr_phy_4lanes/ddr_byte_lane_C.ddr_byte_lane_C/phaser_in_gen.phaser_in/ICLK
    PHASER_IN_PHY_X1Y10  PHASER_IN_PHY (Prop_phaser_in_phy_ICLK_ICLKDIV)
                                                      0.145     8.263 r  i_dram_wrapper/i_dram/u_mig7s_mig/u_memc_ui_top_axi/mem_intfc0/ddr_phy_top0/u_ddr_mc_phy_wrapper/u_ddr_mc_phy/ddr_phy_4lanes_0.u_ddr_phy_4lanes/ddr_byte_lane_C.ddr_byte_lane_C/phaser_in_gen.phaser_in/ICLKDIV
                         net (fo=9, estimated)        0.000     8.263    i_dram_wrapper/i_dram/u_mig7s_mig/u_memc_ui_top_axi/mem_intfc0/ddr_phy_top0/u_ddr_mc_phy_wrapper/u_ddr_mc_phy/ddr_phy_4lanes_0.u_ddr_phy_4lanes/ddr_byte_lane_C.ddr_byte_lane_C/iserdes_clkdiv
    IN_FIFO_X1Y10        IN_FIFO                                      r  i_dram_wrapper/i_dram/u_mig7s_mig/u_memc_ui_top_axi/mem_intfc0/ddr_phy_top0/u_ddr_mc_phy_wrapper/u_ddr_mc_phy/ddr_phy_4lanes_0.u_ddr_phy_4lanes/ddr_byte_lane_C.ddr_byte_lane_C/in_fifo_gen.in_fifo/WRCLK
                         clock pessimism              0.264     8.527    
                         clock uncertainty           -0.047     8.480    
    IN_FIFO_X1Y10        IN_FIFO (Setup_in_fifo_WRCLK_D1[3])
                                                     -0.469     8.011    i_dram_wrapper/i_dram/u_mig7s_mig/u_memc_ui_top_axi/mem_intfc0/ddr_phy_top0/u_ddr_mc_phy_wrapper/u_ddr_mc_phy/ddr_phy_4lanes_0.u_ddr_phy_4lanes/ddr_byte_lane_C.ddr_byte_lane_C/in_fifo_gen.in_fifo
  -------------------------------------------------------------------
                         required time                          8.011    
                         arrival time                          -7.009    
  -------------------------------------------------------------------
                         slack                                  1.002    

Slack (MET) :             1.572ns  (required time - arrival time)
  Source:                 i_dram_wrapper/gen_cdc.i_axi_cdc_mig/i_axi_cdc_src/i_cdc_fifo_gray_src_w/wptr_q_reg[5]/C
                            (rising edge-triggered cell FDCE clocked by clk_50_clkwiz  {rise@0.000ns fall@10.000ns period=20.000ns})
  Destination:            i_dram_wrapper/gen_cdc.i_axi_cdc_mig/i_axi_cdc_src/i_cdc_fifo_gray_dst_b/i_spill_register/spill_register_flushable_i/gen_spill_reg.b_full_q_reg/D
                            (rising edge-triggered cell FDCE clocked by clk_50_clkwiz  {rise@0.000ns fall@10.000ns period=20.000ns})
  Path Group:             clk_50_clkwiz
  Path Type:              Setup (Max at Slow Process Corner)
  Requirement:            5.000ns  (MaxDelay Path 5.000ns)
  Data Path Delay:        3.464ns  (logic 0.696ns (20.092%)  route 2.768ns (79.908%))
  Logic Levels:           9  (LUT2=1 LUT3=2 LUT5=1 LUT6=5)
  Timing Exception:       MaxDelay Path 5.000ns -datapath_only

    Location             Delay type                Incr(ns)  Path(ns)    Netlist Resource(s)
  -------------------------------------------------------------------    -------------------
                                                      0.000     0.000 r  i_dram_wrapper/gen_cdc.i_axi_cdc_mig/i_axi_cdc_src/i_cdc_fifo_gray_src_w/wptr_q_reg[5]/C
                         FDCE (Prop_fdce_C_Q)         0.223     0.223 r  i_dram_wrapper/gen_cdc.i_axi_cdc_mig/i_axi_cdc_src/i_cdc_fifo_gray_src_w/wptr_q_reg[5]/Q
                         net (fo=13, unplaced)        0.484     0.707    i_dram_wrapper/gen_cdc.i_axi_cdc_mig/i_axi_cdc_src/i_cdc_fifo_gray_src_w/Q[5]
                         LUT6 (Prop_lut6_I1_O)        0.123     0.830 f  i_dram_wrapper/gen_cdc.i_axi_cdc_mig/i_axi_cdc_src/i_cdc_fifo_gray_src_w/wptr_q[5]_i_4__0/O
                         net (fo=1, unplaced)         0.270     1.100    i_dram_wrapper/gen_cdc.i_axi_cdc_mig/i_axi_cdc_src/i_cdc_fifo_gray_src_w/wptr_q[5]_i_4__0_n_0
                         LUT5 (Prop_lut5_I0_O)        0.043     1.143 f  i_dram_wrapper/gen_cdc.i_axi_cdc_mig/i_axi_cdc_src/i_cdc_fifo_gray_src_w/wptr_q[5]_i_3__0/O
                         net (fo=2, unplaced)         0.281     1.424    i_dram_wrapper/gen_cdc.i_axi_cdc_mig/i_axi_cdc_src/i_cdc_fifo_gray_src_w/wptr_q[5]_i_3__0_n_0
                         LUT3 (Prop_lut3_I2_O)        0.043     1.467 f  i_dram_wrapper/gen_cdc.i_axi_cdc_mig/i_axi_cdc_src/i_cdc_fifo_gray_src_w/status_cnt_q[0]_i_7__0/O
                         net (fo=1, unplaced)         0.270     1.737    i_cheshire_soc/gen_llc.i_llc/i_axi_llc_top_raw/i_axi_bypass_mux/gen_mux.i_w_fifo/axi_llc_mst_rsp[w_ready]
                         LUT6 (Prop_lut6_I5_O)        0.043     1.780 r  i_cheshire_soc/gen_llc.i_llc/i_axi_llc_top_raw/i_axi_bypass_mux/gen_mux.i_w_fifo/status_cnt_q[0]_i_3__0/O
                         net (fo=7, unplaced)         0.305     2.085    i_cheshire_soc/gen_llc.i_llc/i_axi_llc_top_raw/i_axi_bypass_mux/gen_mux.i_w_fifo/status_cnt_q_reg[2]_0
                         LUT2 (Prop_lut2_I1_O)        0.049     2.134 f  i_cheshire_soc/gen_llc.i_llc/i_axi_llc_top_raw/i_axi_bypass_mux/gen_mux.i_w_fifo/status_cnt_q[2]_i_2__0/O
                         net (fo=2, unplaced)         0.281     2.415    i_cheshire_soc/gen_llc.i_llc/i_axi_llc_top_raw/i_evict_unit/i_w_master/i_r_data_fifo/from_llc_resp[w_ready]
                         LUT6 (Prop_lut6_I5_O)        0.043     2.458 r  i_cheshire_soc/gen_llc.i_llc/i_axi_llc_top_raw/i_evict_unit/i_w_master/i_r_data_fifo/status_cnt_q[3]_i_3__0/O
                         net (fo=8, unplaced)         0.308     2.766    i_cheshire_soc/gen_llc.i_llc/i_axi_llc_top_raw/i_evict_unit/i_w_master/i_w_to_send_counter/i_counter/counter_q_reg[0]_0
                         LUT6 (Prop_lut6_I5_O)        0.043     2.809 f  i_cheshire_soc/gen_llc.i_llc/i_axi_llc_top_raw/i_evict_unit/i_w_master/i_w_to_send_counter/i_counter/busy_q_i_2__1/O
                         net (fo=2, unplaced)         0.281     3.090    i_cheshire_soc/gen_llc.i_llc/i_axi_llc_top_raw/i_axi_isolate_flush/i_axi_isolate/from_llc_req[b_ready]
                         LUT6 (Prop_lut6_I5_O)        0.043     3.133 f  i_cheshire_soc/gen_llc.i_llc/i_axi_llc_top_raw/i_axi_isolate_flush/i_axi_isolate/gen_spill_reg.b_full_q_i_2__8/O
                         net (fo=3, unplaced)         0.288     3.421    i_dram_wrapper/gen_cdc.i_axi_cdc_mig/i_axi_cdc_src/i_cdc_fifo_gray_dst_b/i_spill_register/spill_register_flushable_i/axi_llc_mst_req[b_ready]
                         LUT3 (Prop_lut3_I1_O)        0.043     3.464 r  i_dram_wrapper/gen_cdc.i_axi_cdc_mig/i_axi_cdc_src/i_cdc_fifo_gray_dst_b/i_spill_register/spill_register_flushable_i/gen_spill_reg.b_full_q_i_1/O
                         net (fo=1, unplaced)         0.000     3.464    i_dram_wrapper/gen_cdc.i_axi_cdc_mig/i_axi_cdc_src/i_cdc_fifo_gray_dst_b/i_spill_register/spill_register_flushable_i/gen_spill_reg.b_full_q_i_1_n_0
                         FDCE                                         r  i_dram_wrapper/gen_cdc.i_axi_cdc_mig/i_axi_cdc_src/i_cdc_fifo_gray_dst_b/i_spill_register/spill_register_flushable_i/gen_spill_reg.b_full_q_reg/D
  -------------------------------------------------------------------    -------------------

                         max delay                    5.000     5.000    
                         FDCE (Setup_fdce_C_D)        0.036     5.036    i_dram_wrapper/gen_cdc.i_axi_cdc_mig/i_axi_cdc_src/i_cdc_fifo_gray_dst_b/i_spill_register/spill_register_flushable_i/gen_spill_reg.b_full_q_reg
  -------------------------------------------------------------------
                         required time                          5.036    
                         arrival time                          -3.464    
  -------------------------------------------------------------------
                         slack                                  1.572    

Slack (MET) :             1.786ns  (required time - arrival time)
  Source:                 i_dram_wrapper/i_dram/u_mig7s_mig/u_ddr3_infrastructure/rstdiv2_sync_r_reg[11]/C
                            (rising edge-triggered cell FDPE clocked by clk_div2_bufg_in  {rise@0.000ns fall@1.250ns period=2.500ns})
  Destination:            i_dram_wrapper/i_dram/u_mig7s_mig/u_ddr3_infrastructure/rstdiv2_sync_r1_reg/D
                            (rising edge-triggered cell FDPE clocked by clk_div2_bufg_in  {rise@0.000ns fall@1.250ns period=2.500ns})
  Path Group:             clk_div2_bufg_in
  Path Type:              Setup (Max at Slow Process Corner)
  Requirement:            2.500ns  (clk_div2_bufg_in rise@2.500ns - clk_div2_bufg_in rise@0.000ns)
  Data Path Delay:        0.412ns  (logic 0.223ns (54.126%)  route 0.189ns (45.874%))
  Logic Levels:           0  
  Clock Path Skew:        -0.145ns (DCD - SCD + CPR)
    Destination Clock Delay (DCD):    2.864ns = ( 5.364 - 2.500 ) 
    Source Clock Delay      (SCD):    3.352ns
    Clock Pessimism Removal (CPR):    0.343ns
  Clock Uncertainty:      0.057ns  ((TSJ^2 + DJ^2)^1/2) / 2 + PE
    Total System Jitter     (TSJ):    0.071ns
    Discrete Jitter          (DJ):    0.089ns
    Phase Error              (PE):    0.000ns

    Location             Delay type                Incr(ns)  Path(ns)    Netlist Resource(s)
  -------------------------------------------------------------------    -------------------
                         (clock clk_div2_bufg_in rise edge)
                                                      0.000     0.000 r  
    AD12                                              0.000     0.000 r  sys_clk_p (IN)
                         net (fo=0)                   0.000     0.000    sys_clk_p
    AD12                 IBUFDS (Prop_ibufds_I_O)     0.906     0.906 r  i_bufds_sys_clk/O
                         net (fo=65, estimated)       1.098     2.004    i_dram_wrapper/i_dram/u_mig7s_mig/u_ddr3_infrastructure/plle2_i_0
    PLLE2_ADV_X1Y1       PLLE2_ADV (Prop_plle2_adv_CLKIN1_CLKOUT3)
                                                      0.077     2.081 r  i_dram_wrapper/i_dram/u_mig7s_mig/u_ddr3_infrastructure/plle2_i/CLKOUT3
                         net (fo=1, unplaced)         0.584     2.665    i_dram_wrapper/i_dram/u_mig7s_mig/u_ddr3_infrastructure/pll_clk3_out
                         BUFH (Prop_bufh_I_O)         0.103     2.768 r  i_dram_wrapper/i_dram/u_mig7s_mig/u_ddr3_infrastructure/u_bufh_pll_clk3/O
                         net (fo=1, unplaced)         0.466     3.233    i_dram_wrapper/i_dram/u_mig7s_mig/u_ddr3_infrastructure/pll_clk3
    MMCME2_ADV_X1Y1      MMCME2_ADV (Prop_mmcme2_adv_CLKIN1_CLKOUT1)
                                                     -1.024     2.209 r  i_dram_wrapper/i_dram/u_mig7s_mig/u_ddr3_infrastructure/gen_mmcm.mmcm_i/CLKOUT1
                         net (fo=1, unplaced)         0.466     2.675    i_dram_wrapper/i_dram/u_mig7s_mig/u_ddr3_infrastructure/clk_div2_bufg_in
                         BUFG (Prop_bufg_I_O)         0.093     2.768 r  i_dram_wrapper/i_dram/u_mig7s_mig/u_ddr3_infrastructure/gen_mmcm.u_bufg_clk_div2/O
                         net (fo=13, unplaced)        0.584     3.352    i_dram_wrapper/i_dram/u_mig7s_mig/u_ddr3_infrastructure/gen_mmcm.u_bufg_clk_div2_n_0
                         FDPE                                         r  i_dram_wrapper/i_dram/u_mig7s_mig/u_ddr3_infrastructure/rstdiv2_sync_r_reg[11]/C
  -------------------------------------------------------------------    -------------------
                         FDPE (Prop_fdpe_C_Q)         0.223     3.575 r  i_dram_wrapper/i_dram/u_mig7s_mig/u_ddr3_infrastructure/rstdiv2_sync_r_reg[11]/Q
                         net (fo=1, unplaced)         0.189     3.764    i_dram_wrapper/i_dram/u_mig7s_mig/u_ddr3_infrastructure/rstdiv2_sync_r[11]
                         FDPE                                         r  i_dram_wrapper/i_dram/u_mig7s_mig/u_ddr3_infrastructure/rstdiv2_sync_r1_reg/D
  -------------------------------------------------------------------    -------------------

                         (clock clk_div2_bufg_in rise edge)
                                                      2.500     2.500 r  
    AD12                                              0.000     2.500 r  sys_clk_p (IN)
                         net (fo=0)                   0.000     2.500    sys_clk_p
    AD12                 IBUFDS (Prop_ibufds_I_O)     0.803     3.303 r  i_bufds_sys_clk/O
                         net (fo=65, estimated)       1.043     4.347    i_dram_wrapper/i_dram/u_mig7s_mig/u_ddr3_infrastructure/plle2_i_0
    PLLE2_ADV_X1Y1       PLLE2_ADV (Prop_plle2_adv_CLKIN1_CLKOUT3)
                                                      0.073     4.420 r  i_dram_wrapper/i_dram/u_mig7s_mig/u_ddr3_infrastructure/plle2_i/CLKOUT3
                         net (fo=1, unplaced)         0.439     4.859    i_dram_wrapper/i_dram/u_mig7s_mig/u_ddr3_infrastructure/pll_clk3_out
                         BUFH (Prop_bufh_I_O)         0.066     4.925 r  i_dram_wrapper/i_dram/u_mig7s_mig/u_ddr3_infrastructure/u_bufh_pll_clk3/O
                         net (fo=1, unplaced)         0.442     5.367    i_dram_wrapper/i_dram/u_mig7s_mig/u_ddr3_infrastructure/pll_clk3
    MMCME2_ADV_X1Y1      MMCME2_ADV (Prop_mmcme2_adv_CLKIN1_CLKOUT1)
                                                     -0.968     4.399 r  i_dram_wrapper/i_dram/u_mig7s_mig/u_ddr3_infrastructure/gen_mmcm.mmcm_i/CLKOUT1
                         net (fo=1, unplaced)         0.442     4.842    i_dram_wrapper/i_dram/u_mig7s_mig/u_ddr3_infrastructure/clk_div2_bufg_in
                         BUFG (Prop_bufg_I_O)         0.083     4.925 r  i_dram_wrapper/i_dram/u_mig7s_mig/u_ddr3_infrastructure/gen_mmcm.u_bufg_clk_div2/O
                         net (fo=13, unplaced)        0.439     5.364    i_dram_wrapper/i_dram/u_mig7s_mig/u_ddr3_infrastructure/gen_mmcm.u_bufg_clk_div2_n_0
                         FDPE                                         r  i_dram_wrapper/i_dram/u_mig7s_mig/u_ddr3_infrastructure/rstdiv2_sync_r1_reg/C
                         clock pessimism              0.343     5.707    
                         clock uncertainty           -0.057     5.650    
                         FDPE (Setup_fdpe_C_D)       -0.100     5.550    i_dram_wrapper/i_dram/u_mig7s_mig/u_ddr3_infrastructure/rstdiv2_sync_r1_reg
  -------------------------------------------------------------------
                         required time                          5.550    
                         arrival time                          -3.764    
  -------------------------------------------------------------------
                         slack                                  1.786    

Slack (MET) :             1.789ns  (required time - arrival time)
  Source:                 i_dram_wrapper/i_dram/u_mig7s_mig/u_iodelay_ctrl/rst_ref_gen_1.rst_ref_sync_r_reg[1][9]/C
                            (rising edge-triggered cell FDPE clocked by clk_ref_mmcm_400  {rise@0.000ns fall@1.250ns period=2.500ns})
  Destination:            i_dram_wrapper/i_dram/u_mig7s_mig/u_iodelay_ctrl/rst_ref_gen_1.rst_ref_sync_r_reg[1][10]/D
                            (rising edge-triggered cell FDPE clocked by clk_ref_mmcm_400  {rise@0.000ns fall@1.250ns period=2.500ns})
  Path Group:             clk_ref_mmcm_400
  Path Type:              Setup (Max at Slow Process Corner)
  Requirement:            2.500ns  (clk_ref_mmcm_400 rise@2.500ns - clk_ref_mmcm_400 rise@0.000ns)
  Data Path Delay:        0.412ns  (logic 0.223ns (54.126%)  route 0.189ns (45.874%))
  Logic Levels:           0  
  Clock Path Skew:        -0.145ns (DCD - SCD + CPR)
    Destination Clock Delay (DCD):    2.794ns = ( 5.294 - 2.500 ) 
    Source Clock Delay      (SCD):    3.223ns
    Clock Pessimism Removal (CPR):    0.284ns
  Clock Uncertainty:      0.054ns  ((TSJ^2 + DJ^2)^1/2) / 2 + PE
    Total System Jitter     (TSJ):    0.071ns
    Discrete Jitter          (DJ):    0.081ns
    Phase Error              (PE):    0.000ns

    Location             Delay type                Incr(ns)  Path(ns)    Netlist Resource(s)
  -------------------------------------------------------------------    -------------------
                         (clock clk_ref_mmcm_400 rise edge)
                                                      0.000     0.000 r  
    AD12                                              0.000     0.000 r  sys_clk_p (IN)
                         net (fo=0)                   0.000     0.000    sys_clk_p
    AD12                 IBUFDS (Prop_ibufds_I_O)     0.906     0.906 r  i_bufds_sys_clk/O
                         net (fo=65, unplaced)        1.098     2.004    i_dram_wrapper/i_dram/u_mig7s_mig/u_iodelay_ctrl/CLK
                         MMCME2_ADV (Prop_mmcme2_adv_CLKIN1_CLKOUT1)
                                                      0.077     2.081 r  i_dram_wrapper/i_dram/u_mig7s_mig/u_iodelay_ctrl/clk_ref_mmcm_gen.mmcm_i/CLKOUT1
                         net (fo=1, unplaced)         0.466     2.546    i_dram_wrapper/i_dram/u_mig7s_mig/u_iodelay_ctrl/clk_ref_mmcm_400
                         BUFG (Prop_bufg_I_O)         0.093     2.639 r  i_dram_wrapper/i_dram/u_mig7s_mig/u_iodelay_ctrl/clk_ref_300_400_en.clk_ref_400.u_bufg_clk_ref_400/O
                         net (fo=16, unplaced)        0.584     3.223    i_dram_wrapper/i_dram/u_mig7s_mig/u_iodelay_ctrl/clk_ref_300_400_en.clk_ref_400.u_bufg_clk_ref_400_n_0
                         FDPE                                         r  i_dram_wrapper/i_dram/u_mig7s_mig/u_iodelay_ctrl/rst_ref_gen_1.rst_ref_sync_r_reg[1][9]/C
  -------------------------------------------------------------------    -------------------
                         FDPE (Prop_fdpe_C_Q)         0.223     3.446 r  i_dram_wrapper/i_dram/u_mig7s_mig/u_iodelay_ctrl/rst_ref_gen_1.rst_ref_sync_r_reg[1][9]/Q
                         net (fo=1, unplaced)         0.189     3.635    i_dram_wrapper/i_dram/u_mig7s_mig/u_iodelay_ctrl/rst_ref_gen_1.rst_ref_sync_r_reg_n_0_[1][9]
                         FDPE                                         r  i_dram_wrapper/i_dram/u_mig7s_mig/u_iodelay_ctrl/rst_ref_gen_1.rst_ref_sync_r_reg[1][10]/D
  -------------------------------------------------------------------    -------------------

                         (clock clk_ref_mmcm_400 rise edge)
                                                      2.500     2.500 r  
    AD12                                              0.000     2.500 r  sys_clk_p (IN)
                         net (fo=0)                   0.000     2.500    sys_clk_p
    AD12                 IBUFDS (Prop_ibufds_I_O)     0.803     3.303 r  i_bufds_sys_clk/O
                         net (fo=65, unplaced)        0.953     4.256    i_dram_wrapper/i_dram/u_mig7s_mig/u_iodelay_ctrl/CLK
                         MMCME2_ADV (Prop_mmcme2_adv_CLKIN1_CLKOUT1)
                                                      0.073     4.329 r  i_dram_wrapper/i_dram/u_mig7s_mig/u_iodelay_ctrl/clk_ref_mmcm_gen.mmcm_i/CLKOUT1
                         net (fo=1, unplaced)         0.442     4.772    i_dram_wrapper/i_dram/u_mig7s_mig/u_iodelay_ctrl/clk_ref_mmcm_400
                         BUFG (Prop_bufg_I_O)         0.083     4.855 r  i_dram_wrapper/i_dram/u_mig7s_mig/u_iodelay_ctrl/clk_ref_300_400_en.clk_ref_400.u_bufg_clk_ref_400/O
                         net (fo=16, unplaced)        0.439     5.294    i_dram_wrapper/i_dram/u_mig7s_mig/u_iodelay_ctrl/clk_ref_300_400_en.clk_ref_400.u_bufg_clk_ref_400_n_0
                         FDPE                                         r  i_dram_wrapper/i_dram/u_mig7s_mig/u_iodelay_ctrl/rst_ref_gen_1.rst_ref_sync_r_reg[1][10]/C
                         clock pessimism              0.284     5.578    
                         clock uncertainty           -0.054     5.525    
                         FDPE (Setup_fdpe_C_D)       -0.100     5.425    i_dram_wrapper/i_dram/u_mig7s_mig/u_iodelay_ctrl/rst_ref_gen_1.rst_ref_sync_r_reg[1][10]
  -------------------------------------------------------------------
                         required time                          5.425    
                         arrival time                          -3.635    
  -------------------------------------------------------------------
                         slack                                  1.789    

Slack (MET) :             3.165ns  (required time - arrival time)
  Source:                 i_dram_wrapper/i_dram/u_mig7s_mig/temp_mon_enabled.u_tempmon/xadc_supplied_temperature.rst_r2_reg/C
                            (rising edge-triggered cell FDRE clocked by sys_clk  {rise@0.000ns fall@2.500ns period=5.000ns})
  Destination:            i_dram_wrapper/i_dram/u_mig7s_mig/temp_mon_enabled.u_tempmon/xadc_supplied_temperature.sample_timer_reg[0]/R
                            (rising edge-triggered cell FDRE clocked by sys_clk  {rise@0.000ns fall@2.500ns period=5.000ns})
  Path Group:             sys_clk
  Path Type:              Setup (Max at Slow Process Corner)
  Requirement:            5.000ns  (sys_clk rise@5.000ns - sys_clk rise@0.000ns)
  Data Path Delay:        1.349ns  (logic 0.372ns (27.576%)  route 0.977ns (72.424%))
  Logic Levels:           1  (LUT2=1)
  Clock Path Skew:        -0.145ns (DCD - SCD + CPR)
    Destination Clock Delay (DCD):    1.756ns = ( 6.756 - 5.000 ) 
    Source Clock Delay      (SCD):    2.004ns
    Clock Pessimism Removal (CPR):    0.102ns
  Clock Uncertainty:      0.035ns  ((TSJ^2 + TIJ^2)^1/2 + DJ) / 2 + PE
    Total System Jitter     (TSJ):    0.071ns
    Total Input Jitter      (TIJ):    0.000ns
    Discrete Jitter          (DJ):    0.000ns
    Phase Error              (PE):    0.000ns

    Location             Delay type                Incr(ns)  Path(ns)    Netlist Resource(s)
  -------------------------------------------------------------------    -------------------
                         (clock sys_clk rise edge)    0.000     0.000 r  
    AD12                                              0.000     0.000 r  sys_clk_p (IN)
                         net (fo=0)                   0.000     0.000    sys_clk_p
    AD12                 IBUFDS (Prop_ibufds_I_O)     0.906     0.906 r  i_bufds_sys_clk/O
                         net (fo=65, unplaced)        1.098     2.004    i_dram_wrapper/i_dram/u_mig7s_mig/temp_mon_enabled.u_tempmon/mmcm_clk
                         FDRE                                         r  i_dram_wrapper/i_dram/u_mig7s_mig/temp_mon_enabled.u_tempmon/xadc_supplied_temperature.rst_r2_reg/C
  -------------------------------------------------------------------    -------------------
                         FDRE (Prop_fdre_C_Q)         0.249     2.253 r  i_dram_wrapper/i_dram/u_mig7s_mig/temp_mon_enabled.u_tempmon/xadc_supplied_temperature.rst_r2_reg/Q
                         net (fo=32, unplaced)        0.338     2.591    i_dram_wrapper/i_dram/u_mig7s_mig/temp_mon_enabled.u_tempmon/xadc_supplied_temperature.rst_r2
                         LUT2 (Prop_lut2_I0_O)        0.123     2.714 r  i_dram_wrapper/i_dram/u_mig7s_mig/temp_mon_enabled.u_tempmon/xadc_supplied_temperature.sample_timer[10]_i_1/O
                         net (fo=11, unplaced)        0.639     3.353    i_dram_wrapper/i_dram/u_mig7s_mig/temp_mon_enabled.u_tempmon/xadc_supplied_temperature.sample_timer0
                         FDRE                                         r  i_dram_wrapper/i_dram/u_mig7s_mig/temp_mon_enabled.u_tempmon/xadc_supplied_temperature.sample_timer_reg[0]/R
  -------------------------------------------------------------------    -------------------

                         (clock sys_clk rise edge)    5.000     5.000 r  
    AD12                                              0.000     5.000 r  sys_clk_p (IN)
                         net (fo=0)                   0.000     5.000    sys_clk_p
    AD12                 IBUFDS (Prop_ibufds_I_O)     0.803     5.803 r  i_bufds_sys_clk/O
                         net (fo=65, unplaced)        0.953     6.756    i_dram_wrapper/i_dram/u_mig7s_mig/temp_mon_enabled.u_tempmon/mmcm_clk
                         FDRE                                         r  i_dram_wrapper/i_dram/u_mig7s_mig/temp_mon_enabled.u_tempmon/xadc_supplied_temperature.sample_timer_reg[0]/C
                         clock pessimism              0.102     6.859    
                         clock uncertainty           -0.035     6.823    
                         FDRE (Setup_fdre_C_R)       -0.306     6.517    i_dram_wrapper/i_dram/u_mig7s_mig/temp_mon_enabled.u_tempmon/xadc_supplied_temperature.sample_timer_reg[0]
  -------------------------------------------------------------------
                         required time                          6.517    
                         arrival time                          -3.353    
  -------------------------------------------------------------------
                         slack                                  3.165    

Slack (MET) :             3.377ns  (required time - arrival time)
  Source:                 i_dram_wrapper/i_dram/u_mig7s_mig/u_ddr3_infrastructure/rstdiv0_sync_r1_reg_rep__4/C
                            (rising edge-triggered cell FDPE clocked by clk_pll_i  {rise@0.000ns fall@2.500ns period=5.000ns})
  Destination:            i_dram_wrapper/i_dram/u_mig7s_mig/u_memc_ui_top_axi/mem_intfc0/ddr_phy_top0/u_ddr_calib_top/u_ddr_phy_init/phy_reset_n_reg/CLR
                            (recovery check against rising-edge clock clk_pll_i  {rise@0.000ns fall@2.500ns period=5.000ns})
  Path Group:             **async_default**
  Path Type:              Recovery (Max at Slow Process Corner)
  Requirement:            5.000ns  (clk_pll_i rise@5.000ns - clk_pll_i rise@0.000ns)
  Data Path Delay:        1.212ns  (logic 0.346ns (28.548%)  route 0.866ns (71.452%))
  Logic Levels:           1  (LUT1=1)
  Clock Path Skew:        -0.145ns (DCD - SCD + CPR)
    Destination Clock Delay (DCD):    2.745ns = ( 7.745 - 5.000 ) 
    Source Clock Delay      (SCD):    3.233ns
    Clock Pessimism Removal (CPR):    0.343ns
  Clock Uncertainty:      0.052ns  ((TSJ^2 + DJ^2)^1/2) / 2 + PE
    Total System Jitter     (TSJ):    0.071ns
    Discrete Jitter          (DJ):    0.077ns
    Phase Error              (PE):    0.000ns

    Location             Delay type                Incr(ns)  Path(ns)    Netlist Resource(s)
  -------------------------------------------------------------------    -------------------
                         (clock clk_pll_i rise edge)
                                                      0.000     0.000 r  
    AD12                                              0.000     0.000 r  sys_clk_p (IN)
                         net (fo=0)                   0.000     0.000    sys_clk_p
    AD12                 IBUFDS (Prop_ibufds_I_O)     0.906     0.906 r  i_bufds_sys_clk/O
                         net (fo=65, estimated)       1.098     2.004    i_dram_wrapper/i_dram/u_mig7s_mig/u_ddr3_infrastructure/plle2_i_0
    PLLE2_ADV_X1Y1       PLLE2_ADV (Prop_plle2_adv_CLKIN1_CLKOUT3)
                                                      0.077     2.081 r  i_dram_wrapper/i_dram/u_mig7s_mig/u_ddr3_infrastructure/plle2_i/CLKOUT3
                         net (fo=1, unplaced)         0.584     2.665    i_dram_wrapper/i_dram/u_mig7s_mig/u_ddr3_infrastructure/pll_clk3_out
                         BUFH (Prop_bufh_I_O)         0.103     2.768 r  i_dram_wrapper/i_dram/u_mig7s_mig/u_ddr3_infrastructure/u_bufh_pll_clk3/O
                         net (fo=1, unplaced)         0.466     3.233    i_dram_wrapper/i_dram/u_mig7s_mig/u_ddr3_infrastructure/pll_clk3
    MMCME2_ADV_X1Y1      MMCME2_ADV (Prop_mmcme2_adv_CLKIN1_CLKFBOUT)
                                                     -1.024     2.209 r  i_dram_wrapper/i_dram/u_mig7s_mig/u_ddr3_infrastructure/gen_mmcm.mmcm_i/CLKFBOUT
                         net (fo=1, unplaced)         0.466     2.675    i_dram_wrapper/i_dram/u_mig7s_mig/u_ddr3_infrastructure/clk_pll_i
                         BUFG (Prop_bufg_I_O)         0.093     2.768 r  i_dram_wrapper/i_dram/u_mig7s_mig/u_ddr3_infrastructure/u_bufg_clkdiv0/O
                         net (fo=13366, unplaced)     0.466     3.233    i_dram_wrapper/i_dram/u_mig7s_mig/u_ddr3_infrastructure/CLK
                         FDPE                                         r  i_dram_wrapper/i_dram/u_mig7s_mig/u_ddr3_infrastructure/rstdiv0_sync_r1_reg_rep__4/C
  -------------------------------------------------------------------    -------------------
                         FDPE (Prop_fdpe_C_Q)         0.223     3.456 f  i_dram_wrapper/i_dram/u_mig7s_mig/u_ddr3_infrastructure/rstdiv0_sync_r1_reg_rep__4/Q
                         net (fo=1, unplaced)         0.191     3.647    i_dram_wrapper/i_dram/u_mig7s_mig/u_ddr3_infrastructure/rstdiv0_sync_r1_reg_rep__4_n_0
                         LUT1 (Prop_lut1_I0_O)        0.123     3.770 f  i_dram_wrapper/i_dram/u_mig7s_mig/u_ddr3_infrastructure/rstdiv0_sync_r1_inst_rep__3/O
                         net (fo=50, unplaced)        0.675     4.445    i_dram_wrapper/i_dram/u_mig7s_mig/u_memc_ui_top_axi/mem_intfc0/ddr_phy_top0/u_ddr_calib_top/u_ddr_phy_init/en_cnt_div4.enable_wrlvl_cnt_reg[2]_0
                         FDCE                                         f  i_dram_wrapper/i_dram/u_mig7s_mig/u_memc_ui_top_axi/mem_intfc0/ddr_phy_top0/u_ddr_calib_top/u_ddr_phy_init/phy_reset_n_reg/CLR
  -------------------------------------------------------------------    -------------------

                         (clock clk_pll_i rise edge)
                                                      5.000     5.000 r  
    AD12                                              0.000     5.000 r  sys_clk_p (IN)
                         net (fo=0)                   0.000     5.000    sys_clk_p
    AD12                 IBUFDS (Prop_ibufds_I_O)     0.803     5.803 r  i_bufds_sys_clk/O
                         net (fo=65, estimated)       1.043     6.847    i_dram_wrapper/i_dram/u_mig7s_mig/u_ddr3_infrastructure/plle2_i_0
    PLLE2_ADV_X1Y1       PLLE2_ADV (Prop_plle2_adv_CLKIN1_CLKOUT3)
                                                      0.073     6.920 r  i_dram_wrapper/i_dram/u_mig7s_mig/u_ddr3_infrastructure/plle2_i/CLKOUT3
                         net (fo=1, unplaced)         0.439     7.359    i_dram_wrapper/i_dram/u_mig7s_mig/u_ddr3_infrastructure/pll_clk3_out
                         BUFH (Prop_bufh_I_O)         0.066     7.425 r  i_dram_wrapper/i_dram/u_mig7s_mig/u_ddr3_infrastructure/u_bufh_pll_clk3/O
                         net (fo=1, unplaced)         0.442     7.867    i_dram_wrapper/i_dram/u_mig7s_mig/u_ddr3_infrastructure/pll_clk3
    MMCME2_ADV_X1Y1      MMCME2_ADV (Prop_mmcme2_adv_CLKIN1_CLKFBOUT)
                                                     -0.968     6.899 r  i_dram_wrapper/i_dram/u_mig7s_mig/u_ddr3_infrastructure/gen_mmcm.mmcm_i/CLKFBOUT
                         net (fo=1, unplaced)         0.442     7.342    i_dram_wrapper/i_dram/u_mig7s_mig/u_ddr3_infrastructure/clk_pll_i
                         BUFG (Prop_bufg_I_O)         0.083     7.425 r  i_dram_wrapper/i_dram/u_mig7s_mig/u_ddr3_infrastructure/u_bufg_clkdiv0/O
                         net (fo=13366, unplaced)     0.321     7.745    i_dram_wrapper/i_dram/u_mig7s_mig/u_memc_ui_top_axi/mem_intfc0/ddr_phy_top0/u_ddr_calib_top/u_ddr_phy_init/CLK
                         FDCE                                         r  i_dram_wrapper/i_dram/u_mig7s_mig/u_memc_ui_top_axi/mem_intfc0/ddr_phy_top0/u_ddr_calib_top/u_ddr_phy_init/phy_reset_n_reg/C
                         clock pessimism              0.343     8.088    
                         clock uncertainty           -0.052     8.036    
                         FDCE (Recov_fdce_C_CLR)     -0.214     7.822    i_dram_wrapper/i_dram/u_mig7s_mig/u_memc_ui_top_axi/mem_intfc0/ddr_phy_top0/u_ddr_calib_top/u_ddr_phy_init/phy_reset_n_reg
  -------------------------------------------------------------------
                         required time                          7.822    
                         arrival time                          -4.445    
  -------------------------------------------------------------------
                         slack                                  3.377    

Slack (MET) :             3.531ns  (required time - arrival time)
  Source:                 i_dram_wrapper/i_dram/u_mig7s_mig/u_ddr3_infrastructure/rst_sync_r1_reg/C
                            (rising edge-triggered cell FDPE clocked by mmcm_ps_clk_bufg_in  {rise@0.000ns fall@5.000ns period=10.000ns})
  Destination:            i_dram_wrapper/i_dram/u_mig7s_mig/u_memc_ui_top_axi/mem_intfc0/ddr_phy_top0/u_ddr_mc_phy_wrapper/gen_dqs_iobuf_HP.gen_dqs_iobuf[0].gen_dqs_diff.u_iddr_edge_det/u_phase_detector/R
                            (rising edge-triggered cell IDDR clocked by mmcm_ps_clk_bufg_in  {rise@0.000ns fall@5.000ns period=10.000ns})
  Path Group:             mmcm_ps_clk_bufg_in
  Path Type:              Setup (Max at Slow Process Corner)
  Requirement:            5.000ns  (mmcm_ps_clk_bufg_in fall@5.000ns - mmcm_ps_clk_bufg_in rise@0.000ns)
  Data Path Delay:        0.689ns  (logic 0.223ns (32.383%)  route 0.466ns (67.617%))
  Logic Levels:           0  
  Clock Path Skew:        -0.023ns (DCD - SCD + CPR)
    Destination Clock Delay (DCD):    2.867ns = ( 7.867 - 5.000 ) 
    Source Clock Delay      (SCD):    3.233ns
    Clock Pessimism Removal (CPR):    0.343ns
  Clock Uncertainty:      0.068ns  ((TSJ^2 + DJ^2)^1/2) / 2 + PE
    Total System Jitter     (TSJ):    0.071ns
    Discrete Jitter          (DJ):    0.117ns
    Phase Error              (PE):    0.000ns

    Location             Delay type                Incr(ns)  Path(ns)    Netlist Resource(s)
  -------------------------------------------------------------------    -------------------
                         (clock mmcm_ps_clk_bufg_in rise edge)
                                                      0.000     0.000 r  
    AD12                                              0.000     0.000 r  sys_clk_p (IN)
                         net (fo=0)                   0.000     0.000    sys_clk_p
    AD12                 IBUFDS (Prop_ibufds_I_O)     0.906     0.906 r  i_bufds_sys_clk/O
                         net (fo=65, estimated)       1.098     2.004    i_dram_wrapper/i_dram/u_mig7s_mig/u_ddr3_infrastructure/plle2_i_0
    PLLE2_ADV_X1Y1       PLLE2_ADV (Prop_plle2_adv_CLKIN1_CLKOUT3)
                                                      0.077     2.081 r  i_dram_wrapper/i_dram/u_mig7s_mig/u_ddr3_infrastructure/plle2_i/CLKOUT3
                         net (fo=1, unplaced)         0.584     2.665    i_dram_wrapper/i_dram/u_mig7s_mig/u_ddr3_infrastructure/pll_clk3_out
                         BUFH (Prop_bufh_I_O)         0.103     2.768 r  i_dram_wrapper/i_dram/u_mig7s_mig/u_ddr3_infrastructure/u_bufh_pll_clk3/O
                         net (fo=1, unplaced)         0.466     3.233    i_dram_wrapper/i_dram/u_mig7s_mig/u_ddr3_infrastructure/pll_clk3
    MMCME2_ADV_X1Y1      MMCME2_ADV (Prop_mmcme2_adv_CLKIN1_CLKOUT0)
                                                     -1.024     2.209 r  i_dram_wrapper/i_dram/u_mig7s_mig/u_ddr3_infrastructure/gen_mmcm.mmcm_i/CLKOUT0
                         net (fo=1, unplaced)         0.466     2.675    i_dram_wrapper/i_dram/u_mig7s_mig/u_ddr3_infrastructure/mmcm_ps_clk_bufg_in
                         BUFG (Prop_bufg_I_O)         0.093     2.768 r  i_dram_wrapper/i_dram/u_mig7s_mig/u_ddr3_infrastructure/gen_mmcm.u_bufg_mmcm_ps_clk/O
                         net (fo=18, unplaced)        0.466     3.233    i_dram_wrapper/i_dram/u_mig7s_mig/u_ddr3_infrastructure/mmcm_ps_clk
                         FDPE                                         r  i_dram_wrapper/i_dram/u_mig7s_mig/u_ddr3_infrastructure/rst_sync_r1_reg/C
  -------------------------------------------------------------------    -------------------
                         FDPE (Prop_fdpe_C_Q)         0.223     3.456 r  i_dram_wrapper/i_dram/u_mig7s_mig/u_ddr3_infrastructure/rst_sync_r1_reg/Q
                         net (fo=4, unplaced)         0.466     3.922    i_dram_wrapper/i_dram/u_mig7s_mig/u_memc_ui_top_axi/mem_intfc0/ddr_phy_top0/u_ddr_mc_phy_wrapper/gen_dqs_iobuf_HP.gen_dqs_iobuf[0].gen_dqs_diff.u_iddr_edge_det/rst_sync_r1
    ILOGIC_X1Y143        IDDR                                         r  i_dram_wrapper/i_dram/u_mig7s_mig/u_memc_ui_top_axi/mem_intfc0/ddr_phy_top0/u_ddr_mc_phy_wrapper/gen_dqs_iobuf_HP.gen_dqs_iobuf[0].gen_dqs_diff.u_iddr_edge_det/u_phase_detector/R
  -------------------------------------------------------------------    -------------------

                         (clock mmcm_ps_clk_bufg_in fall edge)
                                                      5.000     5.000 f  
    AD12                                              0.000     5.000 f  sys_clk_p (IN)
                         net (fo=0)                   0.000     5.000    sys_clk_p
    AD12                 IBUFDS (Prop_ibufds_I_O)     0.803     5.803 f  i_bufds_sys_clk/O
                         net (fo=65, estimated)       1.043     6.847    i_dram_wrapper/i_dram/u_mig7s_mig/u_ddr3_infrastructure/plle2_i_0
    PLLE2_ADV_X1Y1       PLLE2_ADV (Prop_plle2_adv_CLKIN1_CLKOUT3)
                                                      0.073     6.920 f  i_dram_wrapper/i_dram/u_mig7s_mig/u_ddr3_infrastructure/plle2_i/CLKOUT3
                         net (fo=1, unplaced)         0.439     7.359    i_dram_wrapper/i_dram/u_mig7s_mig/u_ddr3_infrastructure/pll_clk3_out
                         BUFH (Prop_bufh_I_O)         0.066     7.425 f  i_dram_wrapper/i_dram/u_mig7s_mig/u_ddr3_infrastructure/u_bufh_pll_clk3/O
                         net (fo=1, unplaced)         0.442     7.867    i_dram_wrapper/i_dram/u_mig7s_mig/u_ddr3_infrastructure/pll_clk3
    MMCME2_ADV_X1Y1      MMCME2_ADV (Prop_mmcme2_adv_CLKIN1_CLKOUT0)
                                                     -0.968     6.899 f  i_dram_wrapper/i_dram/u_mig7s_mig/u_ddr3_infrastructure/gen_mmcm.mmcm_i/CLKOUT0
                         net (fo=1, unplaced)         0.442     7.342    i_dram_wrapper/i_dram/u_mig7s_mig/u_ddr3_infrastructure/mmcm_ps_clk_bufg_in
                         BUFG (Prop_bufg_I_O)         0.083     7.425 f  i_dram_wrapper/i_dram/u_mig7s_mig/u_ddr3_infrastructure/gen_mmcm.u_bufg_mmcm_ps_clk/O
                         net (fo=18, unplaced)        0.442     7.867    i_dram_wrapper/i_dram/u_mig7s_mig/u_memc_ui_top_axi/mem_intfc0/ddr_phy_top0/u_ddr_mc_phy_wrapper/gen_dqs_iobuf_HP.gen_dqs_iobuf[0].gen_dqs_diff.u_iddr_edge_det/mmcm_ps_clk
    ILOGIC_X1Y143        IDDR                                         f  i_dram_wrapper/i_dram/u_mig7s_mig/u_memc_ui_top_axi/mem_intfc0/ddr_phy_top0/u_ddr_mc_phy_wrapper/gen_dqs_iobuf_HP.gen_dqs_iobuf[0].gen_dqs_diff.u_iddr_edge_det/u_phase_detector/C
                         clock pessimism              0.343     8.210    
                         clock uncertainty           -0.068     8.142    
    ILOGIC_X1Y143        IDDR (Setup_iddr_C_R)       -0.689     7.453    i_dram_wrapper/i_dram/u_mig7s_mig/u_memc_ui_top_axi/mem_intfc0/ddr_phy_top0/u_ddr_mc_phy_wrapper/gen_dqs_iobuf_HP.gen_dqs_iobuf[0].gen_dqs_diff.u_iddr_edge_det/u_phase_detector
  -------------------------------------------------------------------
                         required time                          7.453    
                         arrival time                          -3.922    
  -------------------------------------------------------------------
                         slack                                  3.531    

Slack (MET) :             3.997ns  (required time - arrival time)
  Source:                 i_dram_wrapper/i_dram/u_mig7s_mig/u_ddr3_infrastructure/rstdiv0_sync_r1_reg_rep/C
                            (rising edge-triggered cell FDPE clocked by clk_pll_i  {rise@0.000ns fall@2.500ns period=5.000ns})
  Destination:            i_dram_wrapper/i_dram/u_mig7s_mig/u_memc_ui_top_axi/mem_intfc0/ddr_phy_top0/u_ddr_mc_phy_wrapper/u_ddr_mc_phy/ddr_phy_4lanes_0.u_ddr_phy_4lanes/phy_control_i/RESET
  Path Group:             **default**
  Path Type:              Max at Slow Process Corner
  Requirement:            5.000ns  (MaxDelay Path 5.000ns)
  Data Path Delay:        1.003ns  (logic 0.346ns (34.509%)  route 0.657ns (65.491%))
  Logic Levels:           1  (LUT1=1)
  Output Delay:           0.000ns
  Timing Exception:       MaxDelay Path 5.000ns -datapath_only

    Location             Delay type                Incr(ns)  Path(ns)    Netlist Resource(s)
  -------------------------------------------------------------------    -------------------
                                                      0.000     0.000 r  i_dram_wrapper/i_dram/u_mig7s_mig/u_ddr3_infrastructure/rstdiv0_sync_r1_reg_rep/C
                         FDPE (Prop_fdpe_C_Q)         0.223     0.223 r  i_dram_wrapper/i_dram/u_mig7s_mig/u_ddr3_infrastructure/rstdiv0_sync_r1_reg_rep/Q
                         net (fo=1, unplaced)         0.191     0.414    i_dram_wrapper/i_dram/u_mig7s_mig/u_ddr3_infrastructure/rstdiv0_sync_r1_reg_rep_n_0
                         LUT1 (Prop_lut1_I0_O)        0.123     0.537 r  i_dram_wrapper/i_dram/u_mig7s_mig/u_ddr3_infrastructure/rstdiv0_sync_r1_inst/O
                         net (fo=413, unplaced)       0.466     1.003    i_dram_wrapper/i_dram/u_mig7s_mig/u_memc_ui_top_axi/mem_intfc0/ddr_phy_top0/u_ddr_mc_phy_wrapper/u_ddr_mc_phy/ddr_phy_4lanes_0.u_ddr_phy_4lanes/in0
    PHY_CONTROL_X1Y2     PHY_CONTROL                                  r  i_dram_wrapper/i_dram/u_mig7s_mig/u_memc_ui_top_axi/mem_intfc0/ddr_phy_top0/u_ddr_mc_phy_wrapper/u_ddr_mc_phy/ddr_phy_4lanes_0.u_ddr_phy_4lanes/phy_control_i/RESET
  -------------------------------------------------------------------    -------------------

                         max delay                    5.000     5.000    
    PHY_CONTROL_X1Y2     PHY_CONTROL                  0.000     5.000    i_dram_wrapper/i_dram/u_mig7s_mig/u_memc_ui_top_axi/mem_intfc0/ddr_phy_top0/u_ddr_mc_phy_wrapper/u_ddr_mc_phy/ddr_phy_4lanes_0.u_ddr_phy_4lanes/phy_control_i
                         output delay                -0.000     5.000    
  -------------------------------------------------------------------
                         required time                          5.000    
                         arrival time                          -1.003    
  -------------------------------------------------------------------
                         slack                                  3.997    

Slack (MET) :             5.315ns  (required time - arrival time)
  Source:                 i_dram_wrapper/i_dram/u_mig7s_mig/u_memc_ui_top_axi/mem_intfc0/mc0/mc_read_idle_r_reg/C
                            (rising edge-triggered cell FDRE clocked by clk_pll_i  {rise@0.000ns fall@2.500ns period=5.000ns})
  Destination:            i_dram_wrapper/i_dram/u_mig7s_mig/u_memc_ui_top_axi/mem_intfc0/ddr_phy_top0/u_ddr_mc_phy_wrapper/u_ddr_mc_phy/ddr_phy_4lanes_0.u_ddr_phy_4lanes/ddr_byte_lane_C.ddr_byte_lane_C/ddr_byte_group_io/input_[2].iserdes_dq_.iserdesdq/DDLY
                            (falling edge-triggered cell ISERDESE2 clocked by u_memc_ui_top_axi/mem_intfc0/ddr_phy_top0/u_ddr_mc_phy_wrapper/u_ddr_mc_phy/ddr_phy_4lanes_0.u_ddr_phy_4lanes/ddr_byte_lane_C.ddr_byte_lane_C/iserdes_clk  {rise@1.172ns fall@1.797ns period=1.250ns})
  Path Group:             u_memc_ui_top_axi/mem_intfc0/ddr_phy_top0/u_ddr_mc_phy_wrapper/u_ddr_mc_phy/ddr_phy_4lanes_0.u_ddr_phy_4lanes/ddr_byte_lane_C.ddr_byte_lane_C/iserdes_clk
  Path Type:              Setup (Max at Slow Process Corner)
  Requirement:            6.797ns  (u_memc_ui_top_axi/mem_intfc0/ddr_phy_top0/u_ddr_mc_phy_wrapper/u_ddr_mc_phy/ddr_phy_4lanes_0.u_ddr_phy_4lanes/ddr_byte_lane_C.ddr_byte_lane_C/iserdes_clk fall@6.797ns - clk_pll_i rise@0.000ns)
  Data Path Delay:        2.891ns  (logic 2.425ns (83.891%)  route 0.466ns (16.109%))
  Logic Levels:           2  (IBUF_IBUFDISABLE=1 IDELAYE2_FINEDELAY=1)
  Clock Path Skew:        1.697ns (DCD - SCD + CPR)
    Destination Clock Delay (DCD):    4.769ns = ( 5.316 - 0.547 ) 
    Source Clock Delay      (SCD):    3.233ns
    Clock Pessimism Removal (CPR):    0.161ns
  Clock Uncertainty:      0.173ns  ((TSJ^2 + DJ^2)^1/2) / 2 + PE
    Total System Jitter     (TSJ):    0.071ns
    Discrete Jitter          (DJ):    0.076ns
    Phase Error              (PE):    0.121ns
  Timing Exception:       MultiCycle Path   Setup -end   6

    Location             Delay type                Incr(ns)  Path(ns)    Netlist Resource(s)
  -------------------------------------------------------------------    -------------------
                         (clock clk_pll_i rise edge)
                                                      0.000     0.000 r  
    AD12                                              0.000     0.000 r  sys_clk_p (IN)
                         net (fo=0)                   0.000     0.000    sys_clk_p
    AD12                 IBUFDS (Prop_ibufds_I_O)     0.906     0.906 r  i_bufds_sys_clk/O
                         net (fo=65, estimated)       1.098     2.004    i_dram_wrapper/i_dram/u_mig7s_mig/u_ddr3_infrastructure/plle2_i_0
    PLLE2_ADV_X1Y1       PLLE2_ADV (Prop_plle2_adv_CLKIN1_CLKOUT3)
                                                      0.077     2.081 r  i_dram_wrapper/i_dram/u_mig7s_mig/u_ddr3_infrastructure/plle2_i/CLKOUT3
                         net (fo=1, unplaced)         0.584     2.665    i_dram_wrapper/i_dram/u_mig7s_mig/u_ddr3_infrastructure/pll_clk3_out
                         BUFH (Prop_bufh_I_O)         0.103     2.768 r  i_dram_wrapper/i_dram/u_mig7s_mig/u_ddr3_infrastructure/u_bufh_pll_clk3/O
                         net (fo=1, unplaced)         0.466     3.233    i_dram_wrapper/i_dram/u_mig7s_mig/u_ddr3_infrastructure/pll_clk3
    MMCME2_ADV_X1Y1      MMCME2_ADV (Prop_mmcme2_adv_CLKIN1_CLKFBOUT)
                                                     -1.024     2.209 r  i_dram_wrapper/i_dram/u_mig7s_mig/u_ddr3_infrastructure/gen_mmcm.mmcm_i/CLKFBOUT
                         net (fo=1, unplaced)         0.466     2.675    i_dram_wrapper/i_dram/u_mig7s_mig/u_ddr3_infrastructure/clk_pll_i
                         BUFG (Prop_bufg_I_O)         0.093     2.768 r  i_dram_wrapper/i_dram/u_mig7s_mig/u_ddr3_infrastructure/u_bufg_clkdiv0/O
                         net (fo=13366, unplaced)     0.466     3.233    i_dram_wrapper/i_dram/u_mig7s_mig/u_memc_ui_top_axi/mem_intfc0/mc0/CLK
                         FDRE                                         r  i_dram_wrapper/i_dram/u_mig7s_mig/u_memc_ui_top_axi/mem_intfc0/mc0/mc_read_idle_r_reg/C
  -------------------------------------------------------------------    -------------------
                         FDRE (Prop_fdre_C_Q)         0.223     3.456 r  i_dram_wrapper/i_dram/u_mig7s_mig/u_memc_ui_top_axi/mem_intfc0/mc0/mc_read_idle_r_reg/Q
                         net (fo=72, unplaced)        0.466     3.922    i_dram_wrapper/i_dram/u_mig7s_mig/u_memc_ui_top_axi/mem_intfc0/ddr_phy_top0/u_ddr_mc_phy_wrapper/gen_dq_iobuf_HP.gen_dq_iobuf[14].u_iobuf_dq/IBUFDISABLE
    AF5                  IBUF_IBUFDISABLE (Prop_ibuf_ibufdisable_IBUFDISABLE_O)
                                                      1.536     5.458 r  i_dram_wrapper/i_dram/u_mig7s_mig/u_memc_ui_top_axi/mem_intfc0/ddr_phy_top0/u_ddr_mc_phy_wrapper/gen_dq_iobuf_HP.gen_dq_iobuf[14].u_iobuf_dq/IBUF/O
                         net (fo=2, estimated)        0.000     5.458    i_dram_wrapper/i_dram/u_mig7s_mig/u_memc_ui_top_axi/mem_intfc0/ddr_phy_top0/u_ddr_mc_phy_wrapper/u_ddr_mc_phy/ddr_phy_4lanes_0.u_ddr_phy_4lanes/ddr_byte_lane_C.ddr_byte_lane_C/ddr_byte_group_io/mem_dq_in[1]
    IDELAY_X1Y127        IDELAYE2_FINEDELAY (Prop_idelaye2_finedelay_IDATAIN_DATAOUT)
                                                      0.666     6.124 r  i_dram_wrapper/i_dram/u_mig7s_mig/u_memc_ui_top_axi/mem_intfc0/ddr_phy_top0/u_ddr_mc_phy_wrapper/u_ddr_mc_phy/ddr_phy_4lanes_0.u_ddr_phy_4lanes/ddr_byte_lane_C.ddr_byte_lane_C/ddr_byte_group_io/input_[2].iserdes_dq_.idelay_finedelay_dq.idelaye2/DATAOUT
                         net (fo=1, estimated)        0.000     6.124    i_dram_wrapper/i_dram/u_mig7s_mig/u_memc_ui_top_axi/mem_intfc0/ddr_phy_top0/u_ddr_mc_phy_wrapper/u_ddr_mc_phy/ddr_phy_4lanes_0.u_ddr_phy_4lanes/ddr_byte_lane_C.ddr_byte_lane_C/ddr_byte_group_io/data_in_dly_2
    ILOGIC_X1Y127        ISERDESE2                                    r  i_dram_wrapper/i_dram/u_mig7s_mig/u_memc_ui_top_axi/mem_intfc0/ddr_phy_top0/u_ddr_mc_phy_wrapper/u_ddr_mc_phy/ddr_phy_4lanes_0.u_ddr_phy_4lanes/ddr_byte_lane_C.ddr_byte_lane_C/ddr_byte_group_io/input_[2].iserdes_dq_.iserdesdq/DDLY
  -------------------------------------------------------------------    -------------------

                         (clock u_memc_ui_top_axi/mem_intfc0/ddr_phy_top0/u_ddr_mc_phy_wrapper/u_ddr_mc_phy/ddr_phy_4lanes_0.u_ddr_phy_4lanes/ddr_byte_lane_C.ddr_byte_lane_C/iserdes_clk fall edge)
                                                      6.797     6.797 f  
    AD12                                              0.000     6.797 f  sys_clk_p (IN)
                         net (fo=0)                   0.000     6.797    sys_clk_p
    AD12                 IBUFDS (Prop_ibufds_I_O)     0.803     7.600 f  i_bufds_sys_clk/O
                         net (fo=65, estimated)       1.043     8.643    i_dram_wrapper/i_dram/u_mig7s_mig/u_ddr3_infrastructure/plle2_i_0
    PLLE2_ADV_X1Y1       PLLE2_ADV (Prop_plle2_adv_CLKIN1_CLKOUT0)
                                                      0.073     8.716 f  i_dram_wrapper/i_dram/u_mig7s_mig/u_ddr3_infrastructure/plle2_i/CLKOUT0
                         net (fo=14, estimated)       1.132     9.849    i_dram_wrapper/i_dram/u_mig7s_mig/u_memc_ui_top_axi/mem_intfc0/ddr_phy_top0/u_ddr_mc_phy_wrapper/u_ddr_mc_phy/ddr_phy_4lanes_0.u_ddr_phy_4lanes/ddr_byte_lane_C.ddr_byte_lane_C/freq_refclk
    PHASER_IN_PHY_X1Y10  PHASER_IN_PHY (Prop_phaser_in_phy_FREQREFCLK_ICLK)
                                                      1.394    11.243 f  i_dram_wrapper/i_dram/u_mig7s_mig/u_memc_ui_top_axi/mem_intfc0/ddr_phy_top0/u_ddr_mc_phy_wrapper/u_ddr_mc_phy/ddr_phy_4lanes_0.u_ddr_phy_4lanes/ddr_byte_lane_C.ddr_byte_lane_C/phaser_in_gen.phaser_in/ICLK
                         net (fo=16, estimated)       0.323    11.566    i_dram_wrapper/i_dram/u_mig7s_mig/u_memc_ui_top_axi/mem_intfc0/ddr_phy_top0/u_ddr_mc_phy_wrapper/u_ddr_mc_phy/ddr_phy_4lanes_0.u_ddr_phy_4lanes/ddr_byte_lane_C.ddr_byte_lane_C/ddr_byte_group_io/CLKB0_8
    ILOGIC_X1Y127        ISERDESE2                                    r  i_dram_wrapper/i_dram/u_mig7s_mig/u_memc_ui_top_axi/mem_intfc0/ddr_phy_top0/u_ddr_mc_phy_wrapper/u_ddr_mc_phy/ddr_phy_4lanes_0.u_ddr_phy_4lanes/ddr_byte_lane_C.ddr_byte_lane_C/ddr_byte_group_io/input_[2].iserdes_dq_.iserdesdq/CLKB  (IS_INVERTED)
                         clock pessimism              0.161    11.727    
                         clock uncertainty           -0.173    11.554    
    ILOGIC_X1Y127        ISERDESE2 (Setup_iserdese2_CLKB_DDLY)
                                                     -0.115    11.439    i_dram_wrapper/i_dram/u_mig7s_mig/u_memc_ui_top_axi/mem_intfc0/ddr_phy_top0/u_ddr_mc_phy_wrapper/u_ddr_mc_phy/ddr_phy_4lanes_0.u_ddr_phy_4lanes/ddr_byte_lane_C.ddr_byte_lane_C/ddr_byte_group_io/input_[2].iserdes_dq_.iserdesdq
  -------------------------------------------------------------------
                         required time                         11.439    
                         arrival time                          -6.124    
  -------------------------------------------------------------------
                         slack                                  5.315    

Slack (MET) :             5.322ns  (required time - arrival time)
  Source:                 i_dram_wrapper/i_dram/u_mig7s_mig/u_memc_ui_top_axi/mem_intfc0/mc0/mc_read_idle_r_reg/C
                            (rising edge-triggered cell FDRE clocked by clk_pll_i  {rise@0.000ns fall@2.500ns period=5.000ns})
  Destination:            i_dram_wrapper/i_dram/u_mig7s_mig/u_memc_ui_top_axi/mem_intfc0/ddr_phy_top0/u_ddr_mc_phy_wrapper/u_ddr_mc_phy/ddr_phy_4lanes_0.u_ddr_phy_4lanes/ddr_byte_lane_D.ddr_byte_lane_D/ddr_byte_group_io/input_[2].iserdes_dq_.iserdesdq/DDLY
                            (falling edge-triggered cell ISERDESE2 clocked by u_memc_ui_top_axi/mem_intfc0/ddr_phy_top0/u_ddr_mc_phy_wrapper/u_ddr_mc_phy/ddr_phy_4lanes_0.u_ddr_phy_4lanes/ddr_byte_lane_D.ddr_byte_lane_D/iserdes_clk  {rise@1.172ns fall@1.797ns period=1.250ns})
  Path Group:             u_memc_ui_top_axi/mem_intfc0/ddr_phy_top0/u_ddr_mc_phy_wrapper/u_ddr_mc_phy/ddr_phy_4lanes_0.u_ddr_phy_4lanes/ddr_byte_lane_D.ddr_byte_lane_D/iserdes_clk
  Path Type:              Setup (Max at Slow Process Corner)
  Requirement:            6.797ns  (u_memc_ui_top_axi/mem_intfc0/ddr_phy_top0/u_ddr_mc_phy_wrapper/u_ddr_mc_phy/ddr_phy_4lanes_0.u_ddr_phy_4lanes/ddr_byte_lane_D.ddr_byte_lane_D/iserdes_clk fall@6.797ns - clk_pll_i rise@0.000ns)
  Data Path Delay:        2.891ns  (logic 2.425ns (83.891%)  route 0.466ns (16.109%))
  Logic Levels:           2  (IBUF_IBUFDISABLE=1 IDELAYE2_FINEDELAY=1)
  Clock Path Skew:        1.703ns (DCD - SCD + CPR)
    Destination Clock Delay (DCD):    4.776ns = ( 5.322 - 0.547 ) 
    Source Clock Delay      (SCD):    3.233ns
    Clock Pessimism Removal (CPR):    0.161ns
  Clock Uncertainty:      0.173ns  ((TSJ^2 + DJ^2)^1/2) / 2 + PE
    Total System Jitter     (TSJ):    0.071ns
    Discrete Jitter          (DJ):    0.076ns
    Phase Error              (PE):    0.121ns
  Timing Exception:       MultiCycle Path   Setup -end   6

    Location             Delay type                Incr(ns)  Path(ns)    Netlist Resource(s)
  -------------------------------------------------------------------    -------------------
                         (clock clk_pll_i rise edge)
                                                      0.000     0.000 r  
    AD12                                              0.000     0.000 r  sys_clk_p (IN)
                         net (fo=0)                   0.000     0.000    sys_clk_p
    AD12                 IBUFDS (Prop_ibufds_I_O)     0.906     0.906 r  i_bufds_sys_clk/O
                         net (fo=65, estimated)       1.098     2.004    i_dram_wrapper/i_dram/u_mig7s_mig/u_ddr3_infrastructure/plle2_i_0
    PLLE2_ADV_X1Y1       PLLE2_ADV (Prop_plle2_adv_CLKIN1_CLKOUT3)
                                                      0.077     2.081 r  i_dram_wrapper/i_dram/u_mig7s_mig/u_ddr3_infrastructure/plle2_i/CLKOUT3
                         net (fo=1, unplaced)         0.584     2.665    i_dram_wrapper/i_dram/u_mig7s_mig/u_ddr3_infrastructure/pll_clk3_out
                         BUFH (Prop_bufh_I_O)         0.103     2.768 r  i_dram_wrapper/i_dram/u_mig7s_mig/u_ddr3_infrastructure/u_bufh_pll_clk3/O
                         net (fo=1, unplaced)         0.466     3.233    i_dram_wrapper/i_dram/u_mig7s_mig/u_ddr3_infrastructure/pll_clk3
    MMCME2_ADV_X1Y1      MMCME2_ADV (Prop_mmcme2_adv_CLKIN1_CLKFBOUT)
                                                     -1.024     2.209 r  i_dram_wrapper/i_dram/u_mig7s_mig/u_ddr3_infrastructure/gen_mmcm.mmcm_i/CLKFBOUT
                         net (fo=1, unplaced)         0.466     2.675    i_dram_wrapper/i_dram/u_mig7s_mig/u_ddr3_infrastructure/clk_pll_i
                         BUFG (Prop_bufg_I_O)         0.093     2.768 r  i_dram_wrapper/i_dram/u_mig7s_mig/u_ddr3_infrastructure/u_bufg_clkdiv0/O
                         net (fo=13366, unplaced)     0.466     3.233    i_dram_wrapper/i_dram/u_mig7s_mig/u_memc_ui_top_axi/mem_intfc0/mc0/CLK
                         FDRE                                         r  i_dram_wrapper/i_dram/u_mig7s_mig/u_memc_ui_top_axi/mem_intfc0/mc0/mc_read_idle_r_reg/C
  -------------------------------------------------------------------    -------------------
                         FDRE (Prop_fdre_C_Q)         0.223     3.456 r  i_dram_wrapper/i_dram/u_mig7s_mig/u_memc_ui_top_axi/mem_intfc0/mc0/mc_read_idle_r_reg/Q
                         net (fo=72, unplaced)        0.466     3.922    i_dram_wrapper/i_dram/u_mig7s_mig/u_memc_ui_top_axi/mem_intfc0/ddr_phy_top0/u_ddr_mc_phy_wrapper/gen_dq_iobuf_HP.gen_dq_iobuf[6].u_iobuf_dq/IBUFDISABLE
    AE6                  IBUF_IBUFDISABLE (Prop_ibuf_ibufdisable_IBUFDISABLE_O)
                                                      1.536     5.458 r  i_dram_wrapper/i_dram/u_mig7s_mig/u_memc_ui_top_axi/mem_intfc0/ddr_phy_top0/u_ddr_mc_phy_wrapper/gen_dq_iobuf_HP.gen_dq_iobuf[6].u_iobuf_dq/IBUF/O
                         net (fo=2, estimated)        0.000     5.458    i_dram_wrapper/i_dram/u_mig7s_mig/u_memc_ui_top_axi/mem_intfc0/ddr_phy_top0/u_ddr_mc_phy_wrapper/u_ddr_mc_phy/ddr_phy_4lanes_0.u_ddr_phy_4lanes/ddr_byte_lane_D.ddr_byte_lane_D/ddr_byte_group_io/mem_dq_in[1]
    IDELAY_X1Y139        IDELAYE2_FINEDELAY (Prop_idelaye2_finedelay_IDATAIN_DATAOUT)
                                                      0.666     6.124 r  i_dram_wrapper/i_dram/u_mig7s_mig/u_memc_ui_top_axi/mem_intfc0/ddr_phy_top0/u_ddr_mc_phy_wrapper/u_ddr_mc_phy/ddr_phy_4lanes_0.u_ddr_phy_4lanes/ddr_byte_lane_D.ddr_byte_lane_D/ddr_byte_group_io/input_[2].iserdes_dq_.idelay_finedelay_dq.idelaye2/DATAOUT
                         net (fo=1, estimated)        0.000     6.124    i_dram_wrapper/i_dram/u_mig7s_mig/u_memc_ui_top_axi/mem_intfc0/ddr_phy_top0/u_ddr_mc_phy_wrapper/u_ddr_mc_phy/ddr_phy_4lanes_0.u_ddr_phy_4lanes/ddr_byte_lane_D.ddr_byte_lane_D/ddr_byte_group_io/data_in_dly_2
    ILOGIC_X1Y139        ISERDESE2                                    r  i_dram_wrapper/i_dram/u_mig7s_mig/u_memc_ui_top_axi/mem_intfc0/ddr_phy_top0/u_ddr_mc_phy_wrapper/u_ddr_mc_phy/ddr_phy_4lanes_0.u_ddr_phy_4lanes/ddr_byte_lane_D.ddr_byte_lane_D/ddr_byte_group_io/input_[2].iserdes_dq_.iserdesdq/DDLY
  -------------------------------------------------------------------    -------------------

                         (clock u_memc_ui_top_axi/mem_intfc0/ddr_phy_top0/u_ddr_mc_phy_wrapper/u_ddr_mc_phy/ddr_phy_4lanes_0.u_ddr_phy_4lanes/ddr_byte_lane_D.ddr_byte_lane_D/iserdes_clk fall edge)
                                                      6.797     6.797 f  
    AD12                                              0.000     6.797 f  sys_clk_p (IN)
                         net (fo=0)                   0.000     6.797    sys_clk_p
    AD12                 IBUFDS (Prop_ibufds_I_O)     0.803     7.600 f  i_bufds_sys_clk/O
                         net (fo=65, estimated)       1.043     8.643    i_dram_wrapper/i_dram/u_mig7s_mig/u_ddr3_infrastructure/plle2_i_0
    PLLE2_ADV_X1Y1       PLLE2_ADV (Prop_plle2_adv_CLKIN1_CLKOUT0)
                                                      0.073     8.716 f  i_dram_wrapper/i_dram/u_mig7s_mig/u_ddr3_infrastructure/plle2_i/CLKOUT0
                         net (fo=14, estimated)       1.125     9.841    i_dram_wrapper/i_dram/u_mig7s_mig/u_memc_ui_top_axi/mem_intfc0/ddr_phy_top0/u_ddr_mc_phy_wrapper/u_ddr_mc_phy/ddr_phy_4lanes_0.u_ddr_phy_4lanes/ddr_byte_lane_D.ddr_byte_lane_D/freq_refclk
    PHASER_IN_PHY_X1Y11  PHASER_IN_PHY (Prop_phaser_in_phy_FREQREFCLK_ICLK)
                                                      1.394    11.235 f  i_dram_wrapper/i_dram/u_mig7s_mig/u_memc_ui_top_axi/mem_intfc0/ddr_phy_top0/u_ddr_mc_phy_wrapper/u_ddr_mc_phy/ddr_phy_4lanes_0.u_ddr_phy_4lanes/ddr_byte_lane_D.ddr_byte_lane_D/phaser_in_gen.phaser_in/ICLK
                         net (fo=16, estimated)       0.337    11.572    i_dram_wrapper/i_dram/u_mig7s_mig/u_memc_ui_top_axi/mem_intfc0/ddr_phy_top0/u_ddr_mc_phy_wrapper/u_ddr_mc_phy/ddr_phy_4lanes_0.u_ddr_phy_4lanes/ddr_byte_lane_D.ddr_byte_lane_D/ddr_byte_group_io/CLKB0_9
    ILOGIC_X1Y139        ISERDESE2                                    r  i_dram_wrapper/i_dram/u_mig7s_mig/u_memc_ui_top_axi/mem_intfc0/ddr_phy_top0/u_ddr_mc_phy_wrapper/u_ddr_mc_phy/ddr_phy_4lanes_0.u_ddr_phy_4lanes/ddr_byte_lane_D.ddr_byte_lane_D/ddr_byte_group_io/input_[2].iserdes_dq_.iserdesdq/CLKB  (IS_INVERTED)
                         clock pessimism              0.161    11.734    
                         clock uncertainty           -0.173    11.561    
    ILOGIC_X1Y139        ISERDESE2 (Setup_iserdese2_CLKB_DDLY)
                                                     -0.115    11.446    i_dram_wrapper/i_dram/u_mig7s_mig/u_memc_ui_top_axi/mem_intfc0/ddr_phy_top0/u_ddr_mc_phy_wrapper/u_ddr_mc_phy/ddr_phy_4lanes_0.u_ddr_phy_4lanes/ddr_byte_lane_D.ddr_byte_lane_D/ddr_byte_group_io/input_[2].iserdes_dq_.iserdesdq
  -------------------------------------------------------------------
                         required time                         11.446    
                         arrival time                          -6.124    
  -------------------------------------------------------------------
                         slack                                  5.322    

Slack (MET) :             5.328ns  (required time - arrival time)
  Source:                 i_dram_wrapper/i_dram/u_mig7s_mig/u_memc_ui_top_axi/mem_intfc0/mc0/mc_read_idle_r_reg/C
                            (rising edge-triggered cell FDRE clocked by clk_pll_i  {rise@0.000ns fall@2.500ns period=5.000ns})
  Destination:            i_dram_wrapper/i_dram/u_mig7s_mig/u_memc_ui_top_axi/mem_intfc0/ddr_phy_top0/u_ddr_mc_phy_wrapper/u_ddr_mc_phy/ddr_phy_4lanes_0.u_ddr_phy_4lanes/ddr_byte_lane_B.ddr_byte_lane_B/ddr_byte_group_io/input_[3].iserdes_dq_.iserdesdq/DDLY
                            (falling edge-triggered cell ISERDESE2 clocked by u_memc_ui_top_axi/mem_intfc0/ddr_phy_top0/u_ddr_mc_phy_wrapper/u_ddr_mc_phy/ddr_phy_4lanes_0.u_ddr_phy_4lanes/ddr_byte_lane_B.ddr_byte_lane_B/iserdes_clk  {rise@1.172ns fall@1.797ns period=1.250ns})
  Path Group:             u_memc_ui_top_axi/mem_intfc0/ddr_phy_top0/u_ddr_mc_phy_wrapper/u_ddr_mc_phy/ddr_phy_4lanes_0.u_ddr_phy_4lanes/ddr_byte_lane_B.ddr_byte_lane_B/iserdes_clk
  Path Type:              Setup (Max at Slow Process Corner)
  Requirement:            6.797ns  (u_memc_ui_top_axi/mem_intfc0/ddr_phy_top0/u_ddr_mc_phy_wrapper/u_ddr_mc_phy/ddr_phy_4lanes_0.u_ddr_phy_4lanes/ddr_byte_lane_B.ddr_byte_lane_B/iserdes_clk fall@6.797ns - clk_pll_i rise@0.000ns)
  Data Path Delay:        2.891ns  (logic 2.425ns (83.891%)  route 0.466ns (16.109%))
  Logic Levels:           2  (IBUF_IBUFDISABLE=1 IDELAYE2_FINEDELAY=1)
  Clock Path Skew:        1.709ns (DCD - SCD + CPR)
    Destination Clock Delay (DCD):    4.781ns = ( 5.328 - 0.547 ) 
    Source Clock Delay      (SCD):    3.233ns
    Clock Pessimism Removal (CPR):    0.161ns
  Clock Uncertainty:      0.173ns  ((TSJ^2 + DJ^2)^1/2) / 2 + PE
    Total System Jitter     (TSJ):    0.071ns
    Discrete Jitter          (DJ):    0.076ns
    Phase Error              (PE):    0.121ns
  Timing Exception:       MultiCycle Path   Setup -end   6

    Location             Delay type                Incr(ns)  Path(ns)    Netlist Resource(s)
  -------------------------------------------------------------------    -------------------
                         (clock clk_pll_i rise edge)
                                                      0.000     0.000 r  
    AD12                                              0.000     0.000 r  sys_clk_p (IN)
                         net (fo=0)                   0.000     0.000    sys_clk_p
    AD12                 IBUFDS (Prop_ibufds_I_O)     0.906     0.906 r  i_bufds_sys_clk/O
                         net (fo=65, estimated)       1.098     2.004    i_dram_wrapper/i_dram/u_mig7s_mig/u_ddr3_infrastructure/plle2_i_0
    PLLE2_ADV_X1Y1       PLLE2_ADV (Prop_plle2_adv_CLKIN1_CLKOUT3)
                                                      0.077     2.081 r  i_dram_wrapper/i_dram/u_mig7s_mig/u_ddr3_infrastructure/plle2_i/CLKOUT3
                         net (fo=1, unplaced)         0.584     2.665    i_dram_wrapper/i_dram/u_mig7s_mig/u_ddr3_infrastructure/pll_clk3_out
                         BUFH (Prop_bufh_I_O)         0.103     2.768 r  i_dram_wrapper/i_dram/u_mig7s_mig/u_ddr3_infrastructure/u_bufh_pll_clk3/O
                         net (fo=1, unplaced)         0.466     3.233    i_dram_wrapper/i_dram/u_mig7s_mig/u_ddr3_infrastructure/pll_clk3
    MMCME2_ADV_X1Y1      MMCME2_ADV (Prop_mmcme2_adv_CLKIN1_CLKFBOUT)
                                                     -1.024     2.209 r  i_dram_wrapper/i_dram/u_mig7s_mig/u_ddr3_infrastructure/gen_mmcm.mmcm_i/CLKFBOUT
                         net (fo=1, unplaced)         0.466     2.675    i_dram_wrapper/i_dram/u_mig7s_mig/u_ddr3_infrastructure/clk_pll_i
                         BUFG (Prop_bufg_I_O)         0.093     2.768 r  i_dram_wrapper/i_dram/u_mig7s_mig/u_ddr3_infrastructure/u_bufg_clkdiv0/O
                         net (fo=13366, unplaced)     0.466     3.233    i_dram_wrapper/i_dram/u_mig7s_mig/u_memc_ui_top_axi/mem_intfc0/mc0/CLK
                         FDRE                                         r  i_dram_wrapper/i_dram/u_mig7s_mig/u_memc_ui_top_axi/mem_intfc0/mc0/mc_read_idle_r_reg/C
  -------------------------------------------------------------------    -------------------
                         FDRE (Prop_fdre_C_Q)         0.223     3.456 r  i_dram_wrapper/i_dram/u_mig7s_mig/u_memc_ui_top_axi/mem_intfc0/mc0/mc_read_idle_r_reg/Q
                         net (fo=72, unplaced)        0.466     3.922    i_dram_wrapper/i_dram/u_mig7s_mig/u_memc_ui_top_axi/mem_intfc0/ddr_phy_top0/u_ddr_mc_phy_wrapper/gen_dq_iobuf_HP.gen_dq_iobuf[21].u_iobuf_dq/IBUFDISABLE
    AJ1                  IBUF_IBUFDISABLE (Prop_ibuf_ibufdisable_IBUFDISABLE_O)
                                                      1.536     5.458 r  i_dram_wrapper/i_dram/u_mig7s_mig/u_memc_ui_top_axi/mem_intfc0/ddr_phy_top0/u_ddr_mc_phy_wrapper/gen_dq_iobuf_HP.gen_dq_iobuf[21].u_iobuf_dq/IBUF/O
                         net (fo=2, estimated)        0.000     5.458    i_dram_wrapper/i_dram/u_mig7s_mig/u_memc_ui_top_axi/mem_intfc0/ddr_phy_top0/u_ddr_mc_phy_wrapper/u_ddr_mc_phy/ddr_phy_4lanes_0.u_ddr_phy_4lanes/ddr_byte_lane_B.ddr_byte_lane_B/ddr_byte_group_io/mem_dq_in[2]
    IDELAY_X1Y116        IDELAYE2_FINEDELAY (Prop_idelaye2_finedelay_IDATAIN_DATAOUT)
                                                      0.666     6.124 r  i_dram_wrapper/i_dram/u_mig7s_mig/u_memc_ui_top_axi/mem_intfc0/ddr_phy_top0/u_ddr_mc_phy_wrapper/u_ddr_mc_phy/ddr_phy_4lanes_0.u_ddr_phy_4lanes/ddr_byte_lane_B.ddr_byte_lane_B/ddr_byte_group_io/input_[3].iserdes_dq_.idelay_finedelay_dq.idelaye2/DATAOUT
                         net (fo=1, estimated)        0.000     6.124    i_dram_wrapper/i_dram/u_mig7s_mig/u_memc_ui_top_axi/mem_intfc0/ddr_phy_top0/u_ddr_mc_phy_wrapper/u_ddr_mc_phy/ddr_phy_4lanes_0.u_ddr_phy_4lanes/ddr_byte_lane_B.ddr_byte_lane_B/ddr_byte_group_io/data_in_dly_3
    ILOGIC_X1Y116        ISERDESE2                                    r  i_dram_wrapper/i_dram/u_mig7s_mig/u_memc_ui_top_axi/mem_intfc0/ddr_phy_top0/u_ddr_mc_phy_wrapper/u_ddr_mc_phy/ddr_phy_4lanes_0.u_ddr_phy_4lanes/ddr_byte_lane_B.ddr_byte_lane_B/ddr_byte_group_io/input_[3].iserdes_dq_.iserdesdq/DDLY
  -------------------------------------------------------------------    -------------------

                         (clock u_memc_ui_top_axi/mem_intfc0/ddr_phy_top0/u_ddr_mc_phy_wrapper/u_ddr_mc_phy/ddr_phy_4lanes_0.u_ddr_phy_4lanes/ddr_byte_lane_B.ddr_byte_lane_B/iserdes_clk fall edge)
                                                      6.797     6.797 f  
    AD12                                              0.000     6.797 f  sys_clk_p (IN)
                         net (fo=0)                   0.000     6.797    sys_clk_p
    AD12                 IBUFDS (Prop_ibufds_I_O)     0.803     7.600 f  i_bufds_sys_clk/O
                         net (fo=65, estimated)       1.043     8.643    i_dram_wrapper/i_dram/u_mig7s_mig/u_ddr3_infrastructure/plle2_i_0
    PLLE2_ADV_X1Y1       PLLE2_ADV (Prop_plle2_adv_CLKIN1_CLKOUT0)
                                                      0.073     8.716 f  i_dram_wrapper/i_dram/u_mig7s_mig/u_ddr3_infrastructure/plle2_i/CLKOUT0
                         net (fo=14, estimated)       1.144     9.860    i_dram_wrapper/i_dram/u_mig7s_mig/u_memc_ui_top_axi/mem_intfc0/ddr_phy_top0/u_ddr_mc_phy_wrapper/u_ddr_mc_phy/ddr_phy_4lanes_0.u_ddr_phy_4lanes/ddr_byte_lane_B.ddr_byte_lane_B/freq_refclk
    PHASER_IN_PHY_X1Y9   PHASER_IN_PHY (Prop_phaser_in_phy_FREQREFCLK_ICLK)
                                                      1.394    11.254 f  i_dram_wrapper/i_dram/u_mig7s_mig/u_memc_ui_top_axi/mem_intfc0/ddr_phy_top0/u_ddr_mc_phy_wrapper/u_ddr_mc_phy/ddr_phy_4lanes_0.u_ddr_phy_4lanes/ddr_byte_lane_B.ddr_byte_lane_B/phaser_in_gen.phaser_in/ICLK
                         net (fo=16, estimated)       0.324    11.578    i_dram_wrapper/i_dram/u_mig7s_mig/u_memc_ui_top_axi/mem_intfc0/ddr_phy_top0/u_ddr_mc_phy_wrapper/u_ddr_mc_phy/ddr_phy_4lanes_0.u_ddr_phy_4lanes/ddr_byte_lane_B.ddr_byte_lane_B/ddr_byte_group_io/CLKB0_7
    ILOGIC_X1Y116        ISERDESE2                                    r  i_dram_wrapper/i_dram/u_mig7s_mig/u_memc_ui_top_axi/mem_intfc0/ddr_phy_top0/u_ddr_mc_phy_wrapper/u_ddr_mc_phy/ddr_phy_4lanes_0.u_ddr_phy_4lanes/ddr_byte_lane_B.ddr_byte_lane_B/ddr_byte_group_io/input_[3].iserdes_dq_.iserdesdq/CLKB  (IS_INVERTED)
                         clock pessimism              0.161    11.739    
                         clock uncertainty           -0.173    11.567    
    ILOGIC_X1Y116        ISERDESE2 (Setup_iserdese2_CLKB_DDLY)
                                                     -0.115    11.452    i_dram_wrapper/i_dram/u_mig7s_mig/u_memc_ui_top_axi/mem_intfc0/ddr_phy_top0/u_ddr_mc_phy_wrapper/u_ddr_mc_phy/ddr_phy_4lanes_0.u_ddr_phy_4lanes/ddr_byte_lane_B.ddr_byte_lane_B/ddr_byte_group_io/input_[3].iserdes_dq_.iserdesdq
  -------------------------------------------------------------------
                         required time                         11.452    
                         arrival time                          -6.124    
  -------------------------------------------------------------------
                         slack                                  5.328    

Slack (MET) :             5.342ns  (required time - arrival time)
  Source:                 i_dram_wrapper/i_dram/u_mig7s_mig/u_memc_ui_top_axi/mem_intfc0/mc0/mc_read_idle_r_reg/C
                            (rising edge-triggered cell FDRE clocked by clk_pll_i  {rise@0.000ns fall@2.500ns period=5.000ns})
  Destination:            i_dram_wrapper/i_dram/u_mig7s_mig/u_memc_ui_top_axi/mem_intfc0/ddr_phy_top0/u_ddr_mc_phy_wrapper/u_ddr_mc_phy/ddr_phy_4lanes_0.u_ddr_phy_4lanes/ddr_byte_lane_A.ddr_byte_lane_A/ddr_byte_group_io/input_[2].iserdes_dq_.iserdesdq/DDLY
                            (falling edge-triggered cell ISERDESE2 clocked by u_memc_ui_top_axi/mem_intfc0/ddr_phy_top0/u_ddr_mc_phy_wrapper/u_ddr_mc_phy/ddr_phy_4lanes_0.u_ddr_phy_4lanes/ddr_byte_lane_A.ddr_byte_lane_A/iserdes_clk  {rise@1.172ns fall@1.797ns period=1.250ns})
  Path Group:             u_memc_ui_top_axi/mem_intfc0/ddr_phy_top0/u_ddr_mc_phy_wrapper/u_ddr_mc_phy/ddr_phy_4lanes_0.u_ddr_phy_4lanes/ddr_byte_lane_A.ddr_byte_lane_A/iserdes_clk
  Path Type:              Setup (Max at Slow Process Corner)
  Requirement:            6.797ns  (u_memc_ui_top_axi/mem_intfc0/ddr_phy_top0/u_ddr_mc_phy_wrapper/u_ddr_mc_phy/ddr_phy_4lanes_0.u_ddr_phy_4lanes/ddr_byte_lane_A.ddr_byte_lane_A/iserdes_clk fall@6.797ns - clk_pll_i rise@0.000ns)
  Data Path Delay:        2.891ns  (logic 2.425ns (83.891%)  route 0.466ns (16.109%))
  Logic Levels:           2  (IBUF_IBUFDISABLE=1 IDELAYE2_FINEDELAY=1)
  Clock Path Skew:        1.723ns (DCD - SCD + CPR)
    Destination Clock Delay (DCD):    4.796ns = ( 5.342 - 0.547 ) 
    Source Clock Delay      (SCD):    3.233ns
    Clock Pessimism Removal (CPR):    0.161ns
  Clock Uncertainty:      0.173ns  ((TSJ^2 + DJ^2)^1/2) / 2 + PE
    Total System Jitter     (TSJ):    0.071ns
    Discrete Jitter          (DJ):    0.076ns
    Phase Error              (PE):    0.121ns
  Timing Exception:       MultiCycle Path   Setup -end   6

    Location             Delay type                Incr(ns)  Path(ns)    Netlist Resource(s)
  -------------------------------------------------------------------    -------------------
                         (clock clk_pll_i rise edge)
                                                      0.000     0.000 r  
    AD12                                              0.000     0.000 r  sys_clk_p (IN)
                         net (fo=0)                   0.000     0.000    sys_clk_p
    AD12                 IBUFDS (Prop_ibufds_I_O)     0.906     0.906 r  i_bufds_sys_clk/O
                         net (fo=65, estimated)       1.098     2.004    i_dram_wrapper/i_dram/u_mig7s_mig/u_ddr3_infrastructure/plle2_i_0
    PLLE2_ADV_X1Y1       PLLE2_ADV (Prop_plle2_adv_CLKIN1_CLKOUT3)
                                                      0.077     2.081 r  i_dram_wrapper/i_dram/u_mig7s_mig/u_ddr3_infrastructure/plle2_i/CLKOUT3
                         net (fo=1, unplaced)         0.584     2.665    i_dram_wrapper/i_dram/u_mig7s_mig/u_ddr3_infrastructure/pll_clk3_out
                         BUFH (Prop_bufh_I_O)         0.103     2.768 r  i_dram_wrapper/i_dram/u_mig7s_mig/u_ddr3_infrastructure/u_bufh_pll_clk3/O
                         net (fo=1, unplaced)         0.466     3.233    i_dram_wrapper/i_dram/u_mig7s_mig/u_ddr3_infrastructure/pll_clk3
    MMCME2_ADV_X1Y1      MMCME2_ADV (Prop_mmcme2_adv_CLKIN1_CLKFBOUT)
                                                     -1.024     2.209 r  i_dram_wrapper/i_dram/u_mig7s_mig/u_ddr3_infrastructure/gen_mmcm.mmcm_i/CLKFBOUT
                         net (fo=1, unplaced)         0.466     2.675    i_dram_wrapper/i_dram/u_mig7s_mig/u_ddr3_infrastructure/clk_pll_i
                         BUFG (Prop_bufg_I_O)         0.093     2.768 r  i_dram_wrapper/i_dram/u_mig7s_mig/u_ddr3_infrastructure/u_bufg_clkdiv0/O
                         net (fo=13366, unplaced)     0.466     3.233    i_dram_wrapper/i_dram/u_mig7s_mig/u_memc_ui_top_axi/mem_intfc0/mc0/CLK
                         FDRE                                         r  i_dram_wrapper/i_dram/u_mig7s_mig/u_memc_ui_top_axi/mem_intfc0/mc0/mc_read_idle_r_reg/C
  -------------------------------------------------------------------    -------------------
                         FDRE (Prop_fdre_C_Q)         0.223     3.456 r  i_dram_wrapper/i_dram/u_mig7s_mig/u_memc_ui_top_axi/mem_intfc0/mc0/mc_read_idle_r_reg/Q
                         net (fo=72, unplaced)        0.466     3.922    i_dram_wrapper/i_dram/u_mig7s_mig/u_memc_ui_top_axi/mem_intfc0/ddr_phy_top0/u_ddr_mc_phy_wrapper/gen_dq_iobuf_HP.gen_dq_iobuf[29].u_iobuf_dq/IBUFDISABLE
    AK8                  IBUF_IBUFDISABLE (Prop_ibuf_ibufdisable_IBUFDISABLE_O)
                                                      1.536     5.458 r  i_dram_wrapper/i_dram/u_mig7s_mig/u_memc_ui_top_axi/mem_intfc0/ddr_phy_top0/u_ddr_mc_phy_wrapper/gen_dq_iobuf_HP.gen_dq_iobuf[29].u_iobuf_dq/IBUF/O
                         net (fo=2, estimated)        0.000     5.458    i_dram_wrapper/i_dram/u_mig7s_mig/u_memc_ui_top_axi/mem_intfc0/ddr_phy_top0/u_ddr_mc_phy_wrapper/u_ddr_mc_phy/ddr_phy_4lanes_0.u_ddr_phy_4lanes/ddr_byte_lane_A.ddr_byte_lane_A/ddr_byte_group_io/mem_dq_in[2]
    IDELAY_X1Y103        IDELAYE2_FINEDELAY (Prop_idelaye2_finedelay_IDATAIN_DATAOUT)
                                                      0.666     6.124 r  i_dram_wrapper/i_dram/u_mig7s_mig/u_memc_ui_top_axi/mem_intfc0/ddr_phy_top0/u_ddr_mc_phy_wrapper/u_ddr_mc_phy/ddr_phy_4lanes_0.u_ddr_phy_4lanes/ddr_byte_lane_A.ddr_byte_lane_A/ddr_byte_group_io/input_[2].iserdes_dq_.idelay_finedelay_dq.idelaye2/DATAOUT
                         net (fo=1, estimated)        0.000     6.124    i_dram_wrapper/i_dram/u_mig7s_mig/u_memc_ui_top_axi/mem_intfc0/ddr_phy_top0/u_ddr_mc_phy_wrapper/u_ddr_mc_phy/ddr_phy_4lanes_0.u_ddr_phy_4lanes/ddr_byte_lane_A.ddr_byte_lane_A/ddr_byte_group_io/data_in_dly_2
    ILOGIC_X1Y103        ISERDESE2                                    r  i_dram_wrapper/i_dram/u_mig7s_mig/u_memc_ui_top_axi/mem_intfc0/ddr_phy_top0/u_ddr_mc_phy_wrapper/u_ddr_mc_phy/ddr_phy_4lanes_0.u_ddr_phy_4lanes/ddr_byte_lane_A.ddr_byte_lane_A/ddr_byte_group_io/input_[2].iserdes_dq_.iserdesdq/DDLY
  -------------------------------------------------------------------    -------------------

                         (clock u_memc_ui_top_axi/mem_intfc0/ddr_phy_top0/u_ddr_mc_phy_wrapper/u_ddr_mc_phy/ddr_phy_4lanes_0.u_ddr_phy_4lanes/ddr_byte_lane_A.ddr_byte_lane_A/iserdes_clk fall edge)
                                                      6.797     6.797 f  
    AD12                                              0.000     6.797 f  sys_clk_p (IN)
                         net (fo=0)                   0.000     6.797    sys_clk_p
    AD12                 IBUFDS (Prop_ibufds_I_O)     0.803     7.600 f  i_bufds_sys_clk/O
                         net (fo=65, estimated)       1.043     8.643    i_dram_wrapper/i_dram/u_mig7s_mig/u_ddr3_infrastructure/plle2_i_0
    PLLE2_ADV_X1Y1       PLLE2_ADV (Prop_plle2_adv_CLKIN1_CLKOUT0)
                                                      0.073     8.716 f  i_dram_wrapper/i_dram/u_mig7s_mig/u_ddr3_infrastructure/plle2_i/CLKOUT0
                         net (fo=14, estimated)       1.145     9.861    i_dram_wrapper/i_dram/u_mig7s_mig/u_memc_ui_top_axi/mem_intfc0/ddr_phy_top0/u_ddr_mc_phy_wrapper/u_ddr_mc_phy/ddr_phy_4lanes_0.u_ddr_phy_4lanes/ddr_byte_lane_A.ddr_byte_lane_A/freq_refclk
    PHASER_IN_PHY_X1Y8   PHASER_IN_PHY (Prop_phaser_in_phy_FREQREFCLK_ICLK)
                                                      1.394    11.255 f  i_dram_wrapper/i_dram/u_mig7s_mig/u_memc_ui_top_axi/mem_intfc0/ddr_phy_top0/u_ddr_mc_phy_wrapper/u_ddr_mc_phy/ddr_phy_4lanes_0.u_ddr_phy_4lanes/ddr_byte_lane_A.ddr_byte_lane_A/phaser_in_gen.phaser_in/ICLK
                         net (fo=16, estimated)       0.337    11.592    i_dram_wrapper/i_dram/u_mig7s_mig/u_memc_ui_top_axi/mem_intfc0/ddr_phy_top0/u_ddr_mc_phy_wrapper/u_ddr_mc_phy/ddr_phy_4lanes_0.u_ddr_phy_4lanes/ddr_byte_lane_A.ddr_byte_lane_A/ddr_byte_group_io/CLKB0
    ILOGIC_X1Y103        ISERDESE2                                    r  i_dram_wrapper/i_dram/u_mig7s_mig/u_memc_ui_top_axi/mem_intfc0/ddr_phy_top0/u_ddr_mc_phy_wrapper/u_ddr_mc_phy/ddr_phy_4lanes_0.u_ddr_phy_4lanes/ddr_byte_lane_A.ddr_byte_lane_A/ddr_byte_group_io/input_[2].iserdes_dq_.iserdesdq/CLKB  (IS_INVERTED)
                         clock pessimism              0.161    11.754    
                         clock uncertainty           -0.173    11.581    
    ILOGIC_X1Y103        ISERDESE2 (Setup_iserdese2_CLKB_DDLY)
                                                     -0.115    11.466    i_dram_wrapper/i_dram/u_mig7s_mig/u_memc_ui_top_axi/mem_intfc0/ddr_phy_top0/u_ddr_mc_phy_wrapper/u_ddr_mc_phy/ddr_phy_4lanes_0.u_ddr_phy_4lanes/ddr_byte_lane_A.ddr_byte_lane_A/ddr_byte_group_io/input_[2].iserdes_dq_.iserdesdq
  -------------------------------------------------------------------
                         required time                         11.466    
                         arrival time                          -6.124    
  -------------------------------------------------------------------
                         slack                                  5.342    

Slack (MET) :             22.041ns  (required time - arrival time)
  Source:                 i_cheshire_soc/i_dbg_dmi_jtag/i_dmi_jtag_tap/td_o_reg/C
                            (rising edge-triggered cell FDCE clocked by clk_jtag'  {rise@0.000ns fall@50.000ns period=100.000ns})
  Destination:            jtag_tdo_o
                            (output port clocked by clk_jtag  {rise@0.000ns fall@50.000ns period=100.000ns})
  Path Group:             clk_jtag
  Path Type:              Max at Slow Process Corner
  Requirement:            50.000ns  (clk_jtag rise@100.000ns - clk_jtag fall@50.000ns)
  Data Path Delay:        4.052ns  (logic 3.586ns (88.509%)  route 0.466ns (11.491%))
  Logic Levels:           1  (OBUF=1)
  Output Delay:           20.000ns
  Clock Path Skew:        -3.406ns (DCD - SCD + CPR)
    Destination Clock Delay (DCD):    0.000ns = ( 100.000 - 100.000 ) 
    Source Clock Delay      (SCD):    3.406ns = ( 53.406 - 50.000 ) 
    Clock Pessimism Removal (CPR):    0.000ns
  Clock Uncertainty:      0.501ns  ((TSJ^2 + TIJ^2)^1/2 + DJ) / 2 + PE
    Total System Jitter     (TSJ):    0.071ns
    Total Input Jitter      (TIJ):    1.000ns
    Discrete Jitter          (DJ):    0.000ns
    Phase Error              (PE):    0.000ns

    Location             Delay type                Incr(ns)  Path(ns)    Netlist Resource(s)
  -------------------------------------------------------------------    -------------------
                         (clock clk_jtag fall edge)
                                                     50.000    50.000 f  
    AD27                                              0.000    50.000 f  jtag_tck_i (IN)
                         net (fo=0)                   0.000    50.000    jtag_tck_i
    AD27                 IBUF (Prop_ibuf_I_O)         1.518    51.518 f  jtag_tck_i_IBUF_inst/O
                         net (fo=3, unplaced)         0.584    52.102    i_cheshire_soc/i_dbg_dmi_jtag/i_dmi_jtag_tap/i_dft_tck_mux/jtag_tck_i_IBUF
                         LUT1 (Prop_lut1_I0_O)        0.043    52.145 r  i_cheshire_soc/i_dbg_dmi_jtag/i_dmi_jtag_tap/i_dft_tck_mux/i_BUFGMUX_i_1/O
                         net (fo=1, unplaced)         0.584    52.729    i_cheshire_soc/i_dbg_dmi_jtag/i_dmi_jtag_tap/i_dft_tck_mux/tck_ni
                         BUFGCTRL (Prop_bufgctrl_I0_O)
                                                      0.093    52.822 r  i_cheshire_soc/i_dbg_dmi_jtag/i_dmi_jtag_tap/i_dft_tck_mux/i_BUFGMUX/O
                         net (fo=1, unplaced)         0.584    53.406    i_cheshire_soc/i_dbg_dmi_jtag/i_dmi_jtag_tap/tck_n
                         FDCE                                         r  i_cheshire_soc/i_dbg_dmi_jtag/i_dmi_jtag_tap/td_o_reg/C
  -------------------------------------------------------------------    -------------------
                         FDCE (Prop_fdce_C_Q)         0.223    53.629 r  i_cheshire_soc/i_dbg_dmi_jtag/i_dmi_jtag_tap/td_o_reg/Q
                         net (fo=1, unplaced)         0.466    54.095    jtag_tdo_o_OBUF
    W28                  OBUF (Prop_obuf_I_O)         3.363    57.458 r  jtag_tdo_o_OBUF_inst/O
                         net (fo=0)                   0.000    57.458    jtag_tdo_o
    W28                                                               r  jtag_tdo_o (OUT)
  -------------------------------------------------------------------    -------------------

                         (clock clk_jtag rise edge)
                                                    100.000   100.000 r  
                         clock pessimism              0.000   100.000    
                         clock uncertainty           -0.501    99.499    
                         output delay               -20.000    79.499    
  -------------------------------------------------------------------
                         required time                         79.499    
                         arrival time                         -57.458    
  -------------------------------------------------------------------
                         slack                                 22.041    




