
/mnt/c/Users/2640084/Desktop/ubuntu/shared/projects/cheshire-env-nvdla/cheshire/hw/bootrom/cheshire_bootrom.elf:     file format elf64-littleriscv


Disassembly of section .text:

0000000002000000 <_start>:
 2000000:	4081                	li	ra,0
 2000002:	4201                	li	tp,0
 2000004:	4281                	li	t0,0
 2000006:	4301                	li	t1,0
 2000008:	4381                	li	t2,0
 200000a:	4401                	li	s0,0
 200000c:	4481                	li	s1,0
 200000e:	4501                	li	a0,0
 2000010:	4581                	li	a1,0
 2000012:	4601                	li	a2,0
 2000014:	4681                	li	a3,0
 2000016:	4701                	li	a4,0
 2000018:	4781                	li	a5,0
 200001a:	4801                	li	a6,0
 200001c:	4881                	li	a7,0
 200001e:	4901                	li	s2,0
 2000020:	4981                	li	s3,0
 2000022:	4a01                	li	s4,0
 2000024:	4a81                	li	s5,0
 2000026:	4b01                	li	s6,0
 2000028:	4b81                	li	s7,0
 200002a:	4c01                	li	s8,0
 200002c:	4c81                	li	s9,0
 200002e:	4d01                	li	s10,0
 2000030:	4d81                	li	s11,0
 2000032:	4e01                	li	t3,0
 2000034:	4e81                	li	t4,0
 2000036:	4f01                	li	t5,0
 2000038:	4f81                	li	t6,0
 200003a:	4321                	li	t1,8
 200003c:	30431073          	csrw	mie,t1
 2000040:	4281                	li	t0,0
 2000042:	f1402373          	csrr	t1,mhartid
 2000046:	0e629263          	bne	t0,t1,200012a <boot_next_stage+0x3a>
 200004a:	0e010117          	auipc	sp,0xe010
 200004e:	fae10113          	addi	sp,sp,-82 # 1000fff8 <__stack_pointer$>
 2000052:	00002197          	auipc	gp,0x2
 2000056:	dca18193          	addi	gp,gp,-566 # 2001e1c <__global_pointer$>
 200005a:	01000297          	auipc	t0,0x1000
 200005e:	fa628293          	addi	t0,t0,-90 # 3000000 <__base_regs>
 2000062:	0502a283          	lw	t0,80(t0)
 2000066:	0022f293          	andi	t0,t0,2
 200006a:	02028e63          	beqz	t0,20000a6 <_prom_check_run>
 200006e:	01001297          	auipc	t0,0x1001
 2000072:	f9228293          	addi	t0,t0,-110 # 3001000 <__base_llc>

0000000002000076 <_wait_llc_bist>:
 2000076:	0482a303          	lw	t1,72(t0)
 200007a:	fe030ee3          	beqz	t1,2000076 <_wait_llc_bist>
 200007e:	537d                	li	t1,-1
 2000080:	0062a023          	sw	t1,0(t0)
 2000084:	0062a223          	sw	t1,4(t0)
 2000088:	4305                	li	t1,1
 200008a:	0062a823          	sw	t1,16(t0)
 200008e:	01000297          	auipc	t0,0x1000
 2000092:	f7228293          	addi	t0,t0,-142 # 3000000 <__base_regs>
 2000096:	0e000117          	auipc	sp,0xe000
 200009a:	f6a10113          	addi	sp,sp,-150 # 10000000 <__base_spm>
 200009e:	0542a283          	lw	t0,84(t0)
 20000a2:	9116                	add	sp,sp,t0
 20000a4:	1161                	addi	sp,sp,-8

00000000020000a6 <_prom_check_run>:
 20000a6:	01000297          	auipc	t0,0x1000
 20000aa:	f5a28293          	addi	t0,t0,-166 # 3000000 <__base_regs>
 20000ae:	0482a283          	lw	t0,72(t0)
 20000b2:	00028363          	beqz	t0,20000b8 <_boot>
 20000b6:	9282                	jalr	t0

00000000020000b8 <_boot>:
 20000b8:	4281                	li	t0,0
 20000ba:	4301                	li	t1,0
 20000bc:	0ff0000f          	fence
 20000c0:	0000100f          	fence.i
 20000c4:	0f3010ef          	jal	20019b6 <main>
 20000c8:	00000013          	nop
 20000cc:	00000013          	nop

00000000020000d0 <_exit>:
 20000d0:	0506                	slli	a0,a0,0x1
 20000d2:	00156513          	ori	a0,a0,1
 20000d6:	01000297          	auipc	t0,0x1000
 20000da:	f2a28293          	addi	t0,t0,-214 # 3000000 <__base_regs>
 20000de:	00a2a423          	sw	a0,8(t0)
 20000e2:	9002                	ebreak
 20000e4:	10500073          	wfi
 20000e8:	bff5                	j	20000e4 <_exit+0x14>
 20000ea:	00000013          	nop
 20000ee:	0001                	nop

00000000020000f0 <boot_next_stage>:
 20000f0:	01000297          	auipc	t0,0x1000
 20000f4:	f1028293          	addi	t0,t0,-240 # 3000000 <__base_regs>
 20000f8:	00a2a823          	sw	a0,16(t0)
 20000fc:	9101                	srli	a0,a0,0x20
 20000fe:	00a2aa23          	sw	a0,20(t0)
 2000102:	0ff0000f          	fence
 2000106:	00040297          	auipc	t0,0x40
 200010a:	efa28293          	addi	t0,t0,-262 # 2040000 <__base_clint>
 200010e:	01000397          	auipc	t2,0x1000
 2000112:	ef238393          	addi	t2,t2,-270 # 3000000 <__base_regs>
 2000116:	04c3a383          	lw	t2,76(t2)
 200011a:	038a                	slli	t2,t2,0x2
 200011c:	9396                	add	t2,t2,t0
 200011e:	4305                	li	t1,1
 2000120:	0062a023          	sw	t1,0(t0)
 2000124:	0291                	addi	t0,t0,4
 2000126:	fe72cce3          	blt	t0,t2,200011e <boot_next_stage+0x2e>
 200012a:	10500073          	wfi
 200012e:	34402373          	csrr	t1,mip
 2000132:	00837313          	andi	t1,t1,8
 2000136:	fe030ae3          	beqz	t1,200012a <boot_next_stage+0x3a>
 200013a:	00040297          	auipc	t0,0x40
 200013e:	ec628293          	addi	t0,t0,-314 # 2040000 <__base_clint>
 2000142:	f1402373          	csrr	t1,mhartid
 2000146:	030a                	slli	t1,t1,0x2
 2000148:	9316                	add	t1,t1,t0
 200014a:	00032023          	sw	zero,0(t1)
 200014e:	01000397          	auipc	t2,0x1000
 2000152:	eb238393          	addi	t2,t2,-334 # 3000000 <__base_regs>
 2000156:	04c3a383          	lw	t2,76(t2)
 200015a:	038a                	slli	t2,t2,0x2
 200015c:	9396                	add	t2,t2,t0
 200015e:	0002a303          	lw	t1,0(t0)
 2000162:	fe031ee3          	bnez	t1,200015e <boot_next_stage+0x6e>
 2000166:	0291                	addi	t0,t0,4
 2000168:	fe72cbe3          	blt	t0,t2,200015e <boot_next_stage+0x6e>
 200016c:	01000297          	auipc	t0,0x1000
 2000170:	e9428293          	addi	t0,t0,-364 # 3000000 <__base_regs>
 2000174:	0142e303          	lwu	t1,20(t0)
 2000178:	1302                	slli	t1,t1,0x20
 200017a:	0102e283          	lwu	t0,16(t0)
 200017e:	0062e2b3          	or	t0,t0,t1
 2000182:	f1402573          	csrr	a0,mhartid
 2000186:	000280e7          	jalr	t0
 200018a:	8082                	ret
 200018c:	00000013          	nop

0000000002000190 <__bswapsi2>:
 2000190:	0185171b          	slliw	a4,a0,0x18
 2000194:	0185579b          	srliw	a5,a0,0x18
 2000198:	66c1                	lui	a3,0x10
 200019a:	8fd9                	or	a5,a5,a4
 200019c:	f0068693          	addi	a3,a3,-256 # ff00 <dif_spi_host_autogen.c.3aa79438+0x46f7>
 20001a0:	0085571b          	srliw	a4,a0,0x8
 20001a4:	8f75                	and	a4,a4,a3
 20001a6:	8fd9                	or	a5,a5,a4
 20001a8:	0085151b          	slliw	a0,a0,0x8
 20001ac:	00ff0737          	lui	a4,0xff0
 20001b0:	8d79                	and	a0,a0,a4
 20001b2:	8d5d                	or	a0,a0,a5
 20001b4:	8082                	ret

00000000020001b6 <clint_spin_until>:
#include "regs/clint.h"
#include "util.h"
#include "params.h"

uint64_t clint_get_mtime() {
    return (((uint64_t)*reg32(&__base_clint, CLINT_MTIME_HIGH_REG_OFFSET)) << 32) |
 20001b6:	6631                	lui	a2,0xc
 20001b8:	00040717          	auipc	a4,0x40
           ((uint64_t)*reg32(&__base_clint, CLINT_MTIME_LOW_REG_OFFSET));
 20001bc:	00040797          	auipc	a5,0x40
    return (((uint64_t)*reg32(&__base_clint, CLINT_MTIME_HIGH_REG_OFFSET)) << 32) |
 20001c0:	e4870713          	addi	a4,a4,-440 # 2040000 <__base_clint>
           ((uint64_t)*reg32(&__base_clint, CLINT_MTIME_LOW_REG_OFFSET));
 20001c4:	e4478793          	addi	a5,a5,-444 # 2040000 <__base_clint>
 20001c8:	97b2                	add	a5,a5,a2
    return (((uint64_t)*reg32(&__base_clint, CLINT_MTIME_HIGH_REG_OFFSET)) << 32) |
 20001ca:	9732                	add	a4,a4,a2
 20001cc:	ffc72703          	lw	a4,-4(a4)
           ((uint64_t)*reg32(&__base_clint, CLINT_MTIME_LOW_REG_OFFSET));
 20001d0:	ff87a683          	lw	a3,-8(a5)
    return (((uint64_t)*reg32(&__base_clint, CLINT_MTIME_HIGH_REG_OFFSET)) << 32) |
 20001d4:	02071793          	slli	a5,a4,0x20
           ((uint64_t)*reg32(&__base_clint, CLINT_MTIME_LOW_REG_OFFSET));
 20001d8:	02069713          	slli	a4,a3,0x20
 20001dc:	9301                	srli	a4,a4,0x20
    return (((uint64_t)*reg32(&__base_clint, CLINT_MTIME_HIGH_REG_OFFSET)) << 32) |
 20001de:	8fd9                	or	a5,a5,a4
}

void clint_spin_until(uint64_t tgt_mtime) {
    while (clint_get_mtime() < tgt_mtime)
 20001e0:	fca7ece3          	bltu	a5,a0,20001b8 <clint_spin_until+0x2>
        ;
}
 20001e4:	8082                	ret

00000000020001e6 <clint_get_core_freq.constprop.0>:
    clint_spin_until(clint_get_mtime() + ticks);
}

uint64_t clint_get_core_freq(uint64_t ref_freq, uint64_t ref_time_inv) {
    uint64_t end_mcycle, start_mcycle;
    uint64_t num_ticks = ref_freq / ref_time_inv;
 20001e6:	1a36e7b7          	lui	a5,0x1a36e
 20001ea:	2eb78793          	addi	a5,a5,747 # 1a36e2eb <__stack_pointer$+0xa35e2f3>
 20001ee:	38866737          	lui	a4,0x38866
 20001f2:	1786                	slli	a5,a5,0x21
 20001f4:	94b70713          	addi	a4,a4,-1717 # 3886594b <__stack_pointer$+0x28855953>
 20001f8:	00e78833          	add	a6,a5,a4
 20001fc:	03053833          	mulhu	a6,a0,a6
    return (((uint64_t)*reg32(&__base_clint, CLINT_MTIME_HIGH_REG_OFFSET)) << 32) |
 2000200:	00040717          	auipc	a4,0x40
           ((uint64_t)*reg32(&__base_clint, CLINT_MTIME_LOW_REG_OFFSET));
 2000204:	00040797          	auipc	a5,0x40
    return (((uint64_t)*reg32(&__base_clint, CLINT_MTIME_HIGH_REG_OFFSET)) << 32) |
 2000208:	6631                	lui	a2,0xc
 200020a:	e0070713          	addi	a4,a4,-512 # 2040000 <__base_clint>
           ((uint64_t)*reg32(&__base_clint, CLINT_MTIME_LOW_REG_OFFSET));
 200020e:	dfc78793          	addi	a5,a5,-516 # 2040000 <__base_clint>
    return (((uint64_t)*reg32(&__base_clint, CLINT_MTIME_HIGH_REG_OFFSET)) << 32) |
 2000212:	9732                	add	a4,a4,a2
           ((uint64_t)*reg32(&__base_clint, CLINT_MTIME_LOW_REG_OFFSET));
 2000214:	97b2                	add	a5,a5,a2
    return (((uint64_t)*reg32(&__base_clint, CLINT_MTIME_HIGH_REG_OFFSET)) << 32) |
 2000216:	ffc72883          	lw	a7,-4(a4)
           ((uint64_t)*reg32(&__base_clint, CLINT_MTIME_LOW_REG_OFFSET));
 200021a:	ff87a783          	lw	a5,-8(a5)
    uint64_t num_ticks = ref_freq / ref_time_inv;
 200021e:	00985813          	srli	a6,a6,0x9
    return (((uint64_t)*reg32(&__base_clint, CLINT_MTIME_HIGH_REG_OFFSET)) << 32) |
 2000222:	1882                	slli	a7,a7,0x20
           ((uint64_t)*reg32(&__base_clint, CLINT_MTIME_LOW_REG_OFFSET));
 2000224:	1782                	slli	a5,a5,0x20
 2000226:	9381                	srli	a5,a5,0x20
    return (((uint64_t)*reg32(&__base_clint, CLINT_MTIME_HIGH_REG_OFFSET)) << 32) |
 2000228:	00f8e8b3          	or	a7,a7,a5
}

// Get cycle count since reset
static inline uint64_t get_mcycle() {
    uint64_t mcycle;
    asm volatile("csrr %0, mcycle" : "=r"(mcycle)::"memory");
 200022c:	b00025f3          	csrr	a1,mcycle
 2000230:	00040717          	auipc	a4,0x40
           ((uint64_t)*reg32(&__base_clint, CLINT_MTIME_LOW_REG_OFFSET));
 2000234:	00040797          	auipc	a5,0x40
    return (((uint64_t)*reg32(&__base_clint, CLINT_MTIME_HIGH_REG_OFFSET)) << 32) |
 2000238:	dd070713          	addi	a4,a4,-560 # 2040000 <__base_clint>
           ((uint64_t)*reg32(&__base_clint, CLINT_MTIME_LOW_REG_OFFSET));
 200023c:	dcc78793          	addi	a5,a5,-564 # 2040000 <__base_clint>
    return (((uint64_t)*reg32(&__base_clint, CLINT_MTIME_HIGH_REG_OFFSET)) << 32) |
 2000240:	9732                	add	a4,a4,a2
           ((uint64_t)*reg32(&__base_clint, CLINT_MTIME_LOW_REG_OFFSET));
 2000242:	97b2                	add	a5,a5,a2
    return (((uint64_t)*reg32(&__base_clint, CLINT_MTIME_HIGH_REG_OFFSET)) << 32) |
 2000244:	ffc72683          	lw	a3,-4(a4)
           ((uint64_t)*reg32(&__base_clint, CLINT_MTIME_LOW_REG_OFFSET));
 2000248:	ff87a783          	lw	a5,-8(a5)
    return (((uint64_t)*reg32(&__base_clint, CLINT_MTIME_HIGH_REG_OFFSET)) << 32) |
 200024c:	1682                	slli	a3,a3,0x20
           ((uint64_t)*reg32(&__base_clint, CLINT_MTIME_LOW_REG_OFFSET));
 200024e:	1782                	slli	a5,a5,0x20
 2000250:	9381                	srli	a5,a5,0x20
    return (((uint64_t)*reg32(&__base_clint, CLINT_MTIME_HIGH_REG_OFFSET)) << 32) |
 2000252:	8edd                	or	a3,a3,a5
    uint64_t end_mtime = clint_get_mtime(), start_mtime;
    // Capture start times until we observe an RTC tick rollover
    do {
        start_mcycle = get_mcycle();
        start_mtime = clint_get_mtime();
    } while (start_mtime == end_mtime);
 2000254:	fcd88ce3          	beq	a7,a3,200022c <clint_get_core_freq.constprop.0+0x46>
    // Capture end times until we observe rollover to the past-the-end RTC tick
    do {
        end_mcycle = get_mcycle();
        end_mtime = clint_get_mtime();
    } while (end_mtime < start_mtime + num_ticks);
 2000258:	9836                	add	a6,a6,a3
    return (((uint64_t)*reg32(&__base_clint, CLINT_MTIME_HIGH_REG_OFFSET)) << 32) |
 200025a:	68b1                	lui	a7,0xc
 200025c:	b0002373          	csrr	t1,mcycle
 2000260:	00040717          	auipc	a4,0x40
           ((uint64_t)*reg32(&__base_clint, CLINT_MTIME_LOW_REG_OFFSET));
 2000264:	00040797          	auipc	a5,0x40
    return (((uint64_t)*reg32(&__base_clint, CLINT_MTIME_HIGH_REG_OFFSET)) << 32) |
 2000268:	da070713          	addi	a4,a4,-608 # 2040000 <__base_clint>
           ((uint64_t)*reg32(&__base_clint, CLINT_MTIME_LOW_REG_OFFSET));
 200026c:	d9c78793          	addi	a5,a5,-612 # 2040000 <__base_clint>
 2000270:	97c6                	add	a5,a5,a7
    return (((uint64_t)*reg32(&__base_clint, CLINT_MTIME_HIGH_REG_OFFSET)) << 32) |
 2000272:	9746                	add	a4,a4,a7
 2000274:	ffc72703          	lw	a4,-4(a4)
           ((uint64_t)*reg32(&__base_clint, CLINT_MTIME_LOW_REG_OFFSET));
 2000278:	ff87a603          	lw	a2,-8(a5)
    return (((uint64_t)*reg32(&__base_clint, CLINT_MTIME_HIGH_REG_OFFSET)) << 32) |
 200027c:	02071793          	slli	a5,a4,0x20
           ((uint64_t)*reg32(&__base_clint, CLINT_MTIME_LOW_REG_OFFSET));
 2000280:	02061713          	slli	a4,a2,0x20
 2000284:	9301                	srli	a4,a4,0x20
    return (((uint64_t)*reg32(&__base_clint, CLINT_MTIME_HIGH_REG_OFFSET)) << 32) |
 2000286:	8fd9                	or	a5,a5,a4
    } while (end_mtime < start_mtime + num_ticks);
 2000288:	fd07eae3          	bltu	a5,a6,200025c <clint_get_core_freq.constprop.0+0x76>
    // Compute current frequency in Hz
    return ((end_mcycle - start_mcycle) * ref_freq) / (end_mtime - start_mtime);
 200028c:	40b30333          	sub	t1,t1,a1
 2000290:	02a30533          	mul	a0,t1,a0
 2000294:	8f95                	sub	a5,a5,a3
}
 2000296:	02f55533          	divu	a0,a0,a5
 200029a:	8082                	ret

000000000200029c <uart_init.constprop.0>:
#include "dif/uart.h"
#include "util.h"
#include "params.h"

void uart_init(void *uart_base, uint64_t freq, uint64_t baud) {
    uint64_t divisor = freq / (baud << 4);
 200029c:	226af737          	lui	a4,0x226af
 20002a0:	012347b7          	lui	a5,0x1234
 20002a4:	38570713          	addi	a4,a4,901 # 226af385 <__stack_pointer$+0x1269f38d>
 20002a8:	56778793          	addi	a5,a5,1383 # 1234567 <__base_dma+0x234567>
 20002ac:	070a                	slli	a4,a4,0x2
 20002ae:	1782                	slli	a5,a5,0x20
 20002b0:	97ba                	add	a5,a5,a4
 20002b2:	8135                	srli	a0,a0,0xd
 20002b4:	02f53533          	mulhu	a0,a0,a5
    uint8_t dlo = (uint8_t)(divisor);
    uint8_t dhi = (uint8_t)(divisor >> 8);
    *reg8(uart_base, UART_INTR_ENABLE_REG_OFFSET) = 0x00;   // Disable all interrupts
 20002b8:	01002797          	auipc	a5,0x1002
 20002bc:	d4878793          	addi	a5,a5,-696 # 3002000 <__base_uart>
 20002c0:	00078223          	sb	zero,4(a5)
    *reg8(uart_base, UART_LINE_CONTROL_REG_OFFSET) = 0x80;  // Enable DLAB (set baud rate divisor)
 20002c4:	01002797          	auipc	a5,0x1002
 20002c8:	d3c78793          	addi	a5,a5,-708 # 3002000 <__base_uart>
 20002cc:	f8000713          	li	a4,-128
 20002d0:	00e78623          	sb	a4,12(a5)
    *reg8(uart_base, UART_DLAB_LSB_REG_OFFSET) = dlo;       // divisor (lo byte)
 20002d4:	01002797          	auipc	a5,0x1002
    *reg8(uart_base, UART_DLAB_MSB_REG_OFFSET) = dhi;       // divisor (hi byte)
 20002d8:	01002717          	auipc	a4,0x1002
    *reg8(uart_base, UART_DLAB_LSB_REG_OFFSET) = dlo;       // divisor (lo byte)
 20002dc:	d2a78623          	sb	a0,-724(a5) # 3002000 <__base_uart>
    uint8_t dhi = (uint8_t)(divisor >> 8);
 20002e0:	00855693          	srli	a3,a0,0x8
    *reg8(uart_base, UART_DLAB_MSB_REG_OFFSET) = dhi;       // divisor (hi byte)
 20002e4:	d2870713          	addi	a4,a4,-728 # 3002000 <__base_uart>
    *reg8(uart_base, UART_LINE_CONTROL_REG_OFFSET) = 0x03;  // 8 bits, no parity, one stop bit
 20002e8:	01002797          	auipc	a5,0x1002
    *reg8(uart_base, UART_DLAB_MSB_REG_OFFSET) = dhi;       // divisor (hi byte)
 20002ec:	00d70223          	sb	a3,4(a4)
    *reg8(uart_base, UART_LINE_CONTROL_REG_OFFSET) = 0x03;  // 8 bits, no parity, one stop bit
 20002f0:	d1878793          	addi	a5,a5,-744 # 3002000 <__base_uart>
 20002f4:	468d                	li	a3,3
    *reg8(uart_base, UART_FIFO_CONTROL_REG_OFFSET) = 0xC7;  // Enable & clear FIFO, 14B threshold
 20002f6:	01002717          	auipc	a4,0x1002
    *reg8(uart_base, UART_LINE_CONTROL_REG_OFFSET) = 0x03;  // 8 bits, no parity, one stop bit
 20002fa:	00d78623          	sb	a3,12(a5)
    *reg8(uart_base, UART_FIFO_CONTROL_REG_OFFSET) = 0xC7;  // Enable & clear FIFO, 14B threshold
 20002fe:	d0a70713          	addi	a4,a4,-758 # 3002000 <__base_uart>
 2000302:	fc700693          	li	a3,-57
    *reg8(uart_base, UART_MODEM_CONTROL_REG_OFFSET) = 0x20; // Autoflow mode
 2000306:	01002797          	auipc	a5,0x1002
    *reg8(uart_base, UART_FIFO_CONTROL_REG_OFFSET) = 0xC7;  // Enable & clear FIFO, 14B threshold
 200030a:	00d70423          	sb	a3,8(a4)
    *reg8(uart_base, UART_MODEM_CONTROL_REG_OFFSET) = 0x20; // Autoflow mode
 200030e:	cfa78793          	addi	a5,a5,-774 # 3002000 <__base_uart>
 2000312:	02000713          	li	a4,32
 2000316:	00e78823          	sb	a4,16(a5)
}
 200031a:	8082                	ret

000000000200031c <uart_write_str.constprop.0>:
        ;
    *reg8(uart_base, UART_THR_REG_OFFSET) = byte;
}

void uart_write_str(void *uart_base, void *src, uint64_t len) {
    for (uint64_t i = 0; i < len; ++i) uart_write(uart_base, ((uint8_t *)src)[i]);
 200031c:	c58d                	beqz	a1,2000346 <uart_write_str.constprop.0+0x2a>
 200031e:	00b506b3          	add	a3,a0,a1
 2000322:	00054703          	lbu	a4,0(a0)
    return *reg8(uart_base, UART_LINE_STATUS_REG_OFFSET) & (1 << UART_LINE_STATUS_THR_EMPTY_BIT);
 2000326:	01002797          	auipc	a5,0x1002
 200032a:	cda78793          	addi	a5,a5,-806 # 3002000 <__base_uart>
 200032e:	0147c783          	lbu	a5,20(a5)
    while (!__uart_write_ready(uart_base))
 2000332:	0207f793          	andi	a5,a5,32
 2000336:	dbe5                	beqz	a5,2000326 <uart_write_str.constprop.0+0xa>
    *reg8(uart_base, UART_THR_REG_OFFSET) = byte;
 2000338:	01002797          	auipc	a5,0x1002
    for (uint64_t i = 0; i < len; ++i) uart_write(uart_base, ((uint8_t *)src)[i]);
 200033c:	0505                	addi	a0,a0,1
    *reg8(uart_base, UART_THR_REG_OFFSET) = byte;
 200033e:	cce78423          	sb	a4,-824(a5) # 3002000 <__base_uart>
    for (uint64_t i = 0; i < len; ++i) uart_write(uart_base, ((uint8_t *)src)[i]);
 2000342:	fed510e3          	bne	a0,a3,2000322 <uart_write_str.constprop.0+0x6>
}
 2000346:	8082                	ret

0000000002000348 <uart_read_str.constprop.0>:
        ;
    return *reg8(uart_base, UART_RBR_REG_OFFSET);
}

void uart_read_str(void *uart_base, void *dst, uint64_t len) {
    for (uint64_t i = 0; i < len; ++i) ((uint8_t *)dst)[i] = uart_read(uart_base);
 2000348:	c585                	beqz	a1,2000370 <uart_read_str.constprop.0+0x28>
 200034a:	00b50733          	add	a4,a0,a1
    return *reg8(uart_base, UART_LINE_STATUS_REG_OFFSET) & (1 << UART_LINE_STATUS_DATA_READY_BIT);
 200034e:	01002797          	auipc	a5,0x1002
 2000352:	cb278793          	addi	a5,a5,-846 # 3002000 <__base_uart>
 2000356:	0147c783          	lbu	a5,20(a5)
    while (!uart_read_ready(uart_base))
 200035a:	8b85                	andi	a5,a5,1
 200035c:	dbed                	beqz	a5,200034e <uart_read_str.constprop.0+0x6>
    return *reg8(uart_base, UART_RBR_REG_OFFSET);
 200035e:	01002797          	auipc	a5,0x1002
 2000362:	ca27c783          	lbu	a5,-862(a5) # 3002000 <__base_uart>
    for (uint64_t i = 0; i < len; ++i) ((uint8_t *)dst)[i] = uart_read(uart_base);
 2000366:	0505                	addi	a0,a0,1
 2000368:	fef50fa3          	sb	a5,-1(a0)
 200036c:	fee511e3          	bne	a0,a4,200034e <uart_read_str.constprop.0+0x6>
}
 2000370:	8082                	ret

0000000002000372 <i2c_24fc1025_init>:
#include "dif/clint.h"

int i2c_24fc1025_init(dif_i2c_t *i2c, uint64_t core_freq) {
    // Check for legal arguments
    CHECK_ASSERT(0x11, i2c != 0);
    CHECK_ASSERT(0x12, core_freq != 0);
 2000372:	16058663          	beqz	a1,20004de <i2c_24fc1025_init+0x16c>
    CHECK_CALL(dif_i2c_reset_fmt_fifo(i2c))
    CHECK_CALL(dif_i2c_reset_rx_fifo(i2c))
    CHECK_CALL(dif_i2c_reset_tx_fifo(i2c))
    // Set up timing: worst case 24FC1025 @1.8V
    dif_i2c_timing_config_t timing_config = {
        .clock_period_nanos = (uint64_t)(1e9) / core_freq, // From system-side clock
 2000376:	3b9ad7b7          	lui	a5,0x3b9ad
 200037a:	a0078793          	addi	a5,a5,-1536 # 3b9aca00 <__stack_pointer$+0x2b99ca08>
    dif_i2c_timing_config_t timing_config = {
 200037e:	02b7d5b3          	divu	a1,a5,a1
 * @param offset the offset to read at, in bytes.
 * @return the read value.
 */
OT_WARN_UNUSED_RESULT
inline uint32_t mmio_region_read32(mmio_region_t base, ptrdiff_t offset) {
  return ((volatile uint32_t *)base.base)[offset / sizeof(uint32_t)];
 2000382:	01003817          	auipc	a6,0x1003
 2000386:	c7e80813          	addi	a6,a6,-898 # 3003000 <__base_i2c>
 200038a:	01082303          	lw	t1,16(a6)
dif_result_t dif_i2c_init(mmio_region_t base_addr, dif_i2c_t *i2c) {
  if (i2c == NULL) {
    return kDifBadArg;
  }

  i2c->base_addr = base_addr;
 200038e:	01003e17          	auipc	t3,0x1003
 2000392:	c72e0e13          	addi	t3,t3,-910 # 3003000 <__base_i2c>
 * @param offset the offset to write at, in bytes.
 * @param value the value to write.
 */
inline void mmio_region_write32(mmio_region_t base, ptrdiff_t offset,
                                uint32_t value) {
  ((volatile uint32_t *)base.base)[offset / sizeof(uint32_t)] = value;
 2000396:	01003817          	auipc	a6,0x1003
 200039a:	01c53023          	sd	t3,0(a0)
 */
OT_WARN_UNUSED_RESULT
inline uint32_t bitfield_field32_write(uint32_t bitfield,
                                       bitfield_field32_t field,
                                       uint32_t value) {
  bitfield &= ~(field.mask << field.index);
 200039e:	ffe37313          	andi	t1,t1,-2
 20003a2:	c6a80813          	addi	a6,a6,-918 # 3003000 <__base_i2c>
  return ((volatile uint32_t *)base.base)[offset / sizeof(uint32_t)];
 20003a6:	01003517          	auipc	a0,0x1003
  ((volatile uint32_t *)base.base)[offset / sizeof(uint32_t)] = value;
 20003aa:	00682823          	sw	t1,16(a6)
  return ((volatile uint32_t *)base.base)[offset / sizeof(uint32_t)];
 20003ae:	c5a50513          	addi	a0,a0,-934 # 3003000 <__base_i2c>
 20003b2:	02052303          	lw	t1,32(a0)
  ((volatile uint32_t *)base.base)[offset / sizeof(uint32_t)] = value;
 20003b6:	01003817          	auipc	a6,0x1003
 20003ba:	c4a80813          	addi	a6,a6,-950 # 3003000 <__base_i2c>
  bitfield |= (value & field.mask) << field.index;
 20003be:	08036313          	ori	t1,t1,128
  return ((volatile uint32_t *)base.base)[offset / sizeof(uint32_t)];
 20003c2:	01003517          	auipc	a0,0x1003
  ((volatile uint32_t *)base.base)[offset / sizeof(uint32_t)] = value;
 20003c6:	02682023          	sw	t1,32(a6)
  return ((volatile uint32_t *)base.base)[offset / sizeof(uint32_t)];
 20003ca:	c3e50513          	addi	a0,a0,-962 # 3003000 <__base_i2c>
 20003ce:	02052303          	lw	t1,32(a0)
  ((volatile uint32_t *)base.base)[offset / sizeof(uint32_t)] = value;
 20003d2:	01003817          	auipc	a6,0x1003
 20003d6:	c2e80813          	addi	a6,a6,-978 # 3003000 <__base_i2c>
 20003da:	00236313          	ori	t1,t1,2
  return ((volatile uint32_t *)base.base)[offset / sizeof(uint32_t)];
 20003de:	01003517          	auipc	a0,0x1003
  ((volatile uint32_t *)base.base)[offset / sizeof(uint32_t)] = value;
 20003e2:	02682023          	sw	t1,32(a6)
  return ((volatile uint32_t *)base.base)[offset / sizeof(uint32_t)];
 20003e6:	c2250513          	addi	a0,a0,-990 # 3003000 <__base_i2c>
 20003ea:	02052303          	lw	t1,32(a0)
  ((volatile uint32_t *)base.base)[offset / sizeof(uint32_t)] = value;
 20003ee:	01003817          	auipc	a6,0x1003
 20003f2:	c1280813          	addi	a6,a6,-1006 # 3003000 <__base_i2c>
 20003f6:	00136313          	ori	t1,t1,1
  return ((volatile uint32_t *)base.base)[offset / sizeof(uint32_t)];
 20003fa:	01003517          	auipc	a0,0x1003
  ((volatile uint32_t *)base.base)[offset / sizeof(uint32_t)] = value;
 20003fe:	02682023          	sw	t1,32(a6)
  return ((volatile uint32_t *)base.base)[offset / sizeof(uint32_t)];
 2000402:	c0650513          	addi	a0,a0,-1018 # 3003000 <__base_i2c>
 2000406:	02052803          	lw	a6,32(a0)
 * 16 bits of the result are then returned.
 *
 * As usual, a divisor of 0 is still Undefined Behavior.
 */
static uint16_t round_up_divide(uint32_t a, uint32_t b) {
  return ((a - 1) / b) + 1;
 200040a:	6785                	lui	a5,0x1
  ((volatile uint32_t *)base.base)[offset / sizeof(uint32_t)] = value;
 200040c:	01003517          	auipc	a0,0x1003
 2000410:	51300893          	li	a7,1299
 2000414:	bf450513          	addi	a0,a0,-1036 # 3003000 <__base_i2c>
 2000418:	10086813          	ori	a6,a6,256
 200041c:	9c37879b          	addiw	a5,a5,-1597 # 9c3 <gpt.c.d01acdb6-0x5e9f>
 2000420:	06300613          	li	a2,99
 2000424:	03052023          	sw	a6,32(a0)
 2000428:	12b00713          	li	a4,299
 200042c:	25700693          	li	a3,599
 2000430:	02b8d83b          	divuw	a6,a7,a1
 2000434:	68c1                	lui	a7,0x10
 2000436:	02b7d7bb          	divuw	a5,a5,a1
 200043a:	01081513          	slli	a0,a6,0x10
 200043e:	9546                	add	a0,a0,a7
 2000440:	02b6563b          	divuw	a2,a2,a1
  }
  uint16_t scl_period_cycles =
      round_up_divide(scl_period_nanos, timing_config.clock_period_nanos);

  // Lengthen the SCL high period to accommodate the desired SCL period.
  uint16_t lengthened_high_cycles = scl_period_cycles -
 2000444:	410787bb          	subw	a5,a5,a6
  return ((a - 1) / b) + 1;
 2000448:	02b7573b          	divuw	a4,a4,a1
 200044c:	0605                	addi	a2,a2,1 # c001 <dif_spi_host_autogen.c.3aa79438+0x7f8>
                                    config->scl_time_low_cycles -
 200044e:	9f91                	subw	a5,a5,a2
  return ((a - 1) / b) + 1;
 2000450:	02b6d6bb          	divuw	a3,a3,a1
 2000454:	0705                	addi	a4,a4,1
  uint16_t lengthened_high_cycles = scl_period_cycles -
 2000456:	9f99                	subw	a5,a5,a4
                                    config->rise_cycles - config->fall_cycles;
  if (lengthened_high_cycles > config->scl_time_high_cycles) {
 2000458:	03079813          	slli	a6,a5,0x30
 200045c:	03085813          	srli	a6,a6,0x30
 2000460:	00168593          	addi	a1,a3,1
  return ((a - 1) / b) + 1;
 2000464:	86ae                	mv	a3,a1
  if (lengthened_high_cycles > config->scl_time_high_cycles) {
 2000466:	06b86a63          	bltu	a6,a1,20004da <i2c_24fc1025_init+0x168>
 200046a:	65c1                	lui	a1,0x10
  timing1 = bitfield_field32_write(timing1, I2C_TIMING1_T_F_FIELD,
                                   config.fall_cycles);
  mmio_region_write32(i2c->base_addr, I2C_TIMING1_REG_OFFSET, timing1);

  uint32_t timing2 = 0;
  timing2 = bitfield_field32_write(timing2, I2C_TIMING2_TSU_STA_FIELD,
 200046c:	2681                	sext.w	a3,a3
 200046e:	2585                	addiw	a1,a1,1 # 10001 <dif_spi_host_autogen.c.3aa79438+0x47f8>
 2000470:	02b685bb          	mulw	a1,a3,a1
 2000474:	17c2                	slli	a5,a5,0x30
 2000476:	93c1                	srli	a5,a5,0x30
 2000478:	01003897          	auipc	a7,0x1003
 200047c:	8fc9                	or	a5,a5,a0
 200047e:	b8888893          	addi	a7,a7,-1144 # 3003000 <__base_i2c>
 2000482:	0107171b          	slliw	a4,a4,0x10
 2000486:	01003817          	auipc	a6,0x1003
 200048a:	02f8a823          	sw	a5,48(a7)
 200048e:	8f51                	or	a4,a4,a2
 2000490:	b7a80813          	addi	a6,a6,-1158 # 3003000 <__base_i2c>
 2000494:	02e82a23          	sw	a4,52(a6)
 2000498:	01003717          	auipc	a4,0x1003
 200049c:	b6870713          	addi	a4,a4,-1176 # 3003000 <__base_i2c>
 20004a0:	6841                	lui	a6,0x10
 20004a2:	01003797          	auipc	a5,0x1003
 20004a6:	df0c                	sw	a1,56(a4)
 20004a8:	01066633          	or	a2,a2,a6
 20004ac:	b5e78793          	addi	a5,a5,-1186 # 3003000 <__base_i2c>
 20004b0:	01003717          	auipc	a4,0x1003
 20004b4:	dfd0                	sw	a2,60(a5)
 20004b6:	8d55                	or	a0,a0,a3
 20004b8:	b5070713          	addi	a4,a4,-1200 # 3003000 <__base_i2c>
  return ((volatile uint32_t *)base.base)[offset / sizeof(uint32_t)];
 20004bc:	01003797          	auipc	a5,0x1003
  ((volatile uint32_t *)base.base)[offset / sizeof(uint32_t)] = value;
 20004c0:	c328                	sw	a0,64(a4)
  return ((volatile uint32_t *)base.base)[offset / sizeof(uint32_t)];
 20004c2:	b4478793          	addi	a5,a5,-1212 # 3003000 <__base_i2c>
 20004c6:	4b98                	lw	a4,16(a5)
  ((volatile uint32_t *)base.base)[offset / sizeof(uint32_t)] = value;
 20004c8:	01003797          	auipc	a5,0x1003
 20004cc:	b3878793          	addi	a5,a5,-1224 # 3003000 <__base_i2c>
 20004d0:	00176713          	ori	a4,a4,1
 20004d4:	cb98                	sw	a4,16(a5)
 20004d6:	4501                	li	a0,0
 20004d8:	8082                	ret
  if (lengthened_high_cycles > config->scl_time_high_cycles) {
 20004da:	87ae                	mv	a5,a1
 20004dc:	b779                	j	200046a <i2c_24fc1025_init+0xf8>
    CHECK_ASSERT(0x12, core_freq != 0);
 20004de:	4549                	li	a0,18
    CHECK_CALL(dif_i2c_configure(i2c, config))
    // Enable host functionality (no traps or interrupts)
    CHECK_CALL(dif_i2c_host_set_enabled(i2c, kDifToggleEnabled))
    // Nothing went wrong
    return 0;
}
 20004e0:	8082                	ret

00000000020004e2 <uart_debug_init.constprop.0.isra.0>:
} uart_debug_opcode_t;

int uart_debug_init(void *uart_base, uint64_t core_freq) {
    // Check arguments
    CHECK_ASSERT(0x11, uart_base != 0);
    CHECK_ASSERT(0x12, core_freq != 0);
 20004e2:	c911                	beqz	a0,20004f6 <uart_debug_init.constprop.0.isra.0+0x14>
int uart_debug_init(void *uart_base, uint64_t core_freq) {
 20004e4:	1141                	addi	sp,sp,-16
 20004e6:	e406                	sd	ra,8(sp)
    // The UART debug mode uses the sane default 115.2kBaud
    uart_init(uart_base, core_freq, __BOOT_BAUDRATE);
 20004e8:	db5ff0ef          	jal	200029c <uart_init.constprop.0>
    asm volatile("fence" ::: "memory");
 20004ec:	0ff0000f          	fence
    fence();
    // Nothing went wrong
    return 0;
}
 20004f0:	60a2                	ld	ra,8(sp)
 20004f2:	0141                	addi	sp,sp,16
 20004f4:	8082                	ret
 20004f6:	8082                	ret

00000000020004f8 <uart_debug_check.constprop.0>:
    return *reg8(uart_base, UART_LINE_STATUS_REG_OFFSET) & (1 << UART_LINE_STATUS_DATA_READY_BIT);
 20004f8:	01002797          	auipc	a5,0x1002
 20004fc:	b0878793          	addi	a5,a5,-1272 # 3002000 <__base_uart>
 2000500:	0147c783          	lbu	a5,20(a5)

int uart_debug_check(void *uart_base) {
    return (uart_read_ready(uart_base) && *reg8(uart_base, UART_RBR_REG_OFFSET) == kUartDebugAck);
 2000504:	8b85                	andi	a5,a5,1
 2000506:	cb89                	beqz	a5,2000518 <uart_debug_check.constprop.0+0x20>
 2000508:	01002797          	auipc	a5,0x1002
 200050c:	af87c503          	lbu	a0,-1288(a5) # 3002000 <__base_uart>
 2000510:	1569                	addi	a0,a0,-6
 2000512:	00153513          	seqz	a0,a0
 2000516:	8082                	ret
 2000518:	4501                	li	a0,0
}
 200051a:	8082                	ret

000000000200051c <uart_debug_serve.constprop.0>:

int uart_debug_serve(void *uart_base) {
 200051c:	7179                	addi	sp,sp,-48
 200051e:	f406                	sd	ra,40(sp)
 2000520:	f022                	sd	s0,32(sp)
 2000522:	ec26                	sd	s1,24(sp)
    return *reg8(uart_base, UART_LINE_STATUS_REG_OFFSET) & (1 << UART_LINE_STATUS_THR_EMPTY_BIT);
 2000524:	01002797          	auipc	a5,0x1002
 2000528:	adc78793          	addi	a5,a5,-1316 # 3002000 <__base_uart>
 200052c:	0147c783          	lbu	a5,20(a5)
    while (!__uart_write_ready(uart_base))
 2000530:	0207f793          	andi	a5,a5,32
 2000534:	dbe5                	beqz	a5,2000524 <uart_debug_serve.constprop.0+0x8>
    *reg8(uart_base, UART_THR_REG_OFFSET) = byte;
 2000536:	01002797          	auipc	a5,0x1002
 200053a:	4719                	li	a4,6
 200053c:	ace78523          	sb	a4,-1334(a5) # 3002000 <__base_uart>
        uint8_t cmd;
        uint64_t addr, len;
        uint32_t ret;
        fence();
        cmd = uart_read(uart_base);
        switch (cmd) {
 2000540:	4449                	li	s0,18
 2000542:	44cd                	li	s1,19
 2000544:	0ff0000f          	fence
    return *reg8(uart_base, UART_LINE_STATUS_REG_OFFSET) & (1 << UART_LINE_STATUS_DATA_READY_BIT);
 2000548:	01002797          	auipc	a5,0x1002
 200054c:	ab878793          	addi	a5,a5,-1352 # 3002000 <__base_uart>
 2000550:	0147c783          	lbu	a5,20(a5)
    while (!uart_read_ready(uart_base))
 2000554:	8b85                	andi	a5,a5,1
 2000556:	dbed                	beqz	a5,2000548 <uart_debug_serve.constprop.0+0x2c>
    return *reg8(uart_base, UART_RBR_REG_OFFSET);
 2000558:	01002797          	auipc	a5,0x1002
 200055c:	aa87c783          	lbu	a5,-1368(a5) # 3002000 <__base_uart>
 2000560:	0ff7f713          	zext.b	a4,a5
 2000564:	0c878363          	beq	a5,s0,200062a <uart_debug_serve.constprop.0+0x10e>
 2000568:	04970e63          	beq	a4,s1,20005c4 <uart_debug_serve.constprop.0+0xa8>
 200056c:	47c5                	li	a5,17
 200056e:	10f71763          	bne	a4,a5,200067c <uart_debug_serve.constprop.0+0x160>
        // READ addr64 len64 -> ACK str EOT
        case kUartDebugCmdRead:
            uart_read_str(uart_base, &addr, sizeof(uint64_t));
 2000572:	45a1                	li	a1,8
 2000574:	850a                	mv	a0,sp
 2000576:	dd3ff0ef          	jal	2000348 <uart_read_str.constprop.0>
            uart_read_str(uart_base, &len, sizeof(uint64_t));
 200057a:	0028                	addi	a0,sp,8
 200057c:	45a1                	li	a1,8
 200057e:	dcbff0ef          	jal	2000348 <uart_read_str.constprop.0>
    return *reg8(uart_base, UART_LINE_STATUS_REG_OFFSET) & (1 << UART_LINE_STATUS_THR_EMPTY_BIT);
 2000582:	01002797          	auipc	a5,0x1002
 2000586:	a7e78793          	addi	a5,a5,-1410 # 3002000 <__base_uart>
 200058a:	0147c783          	lbu	a5,20(a5)
    while (!__uart_write_ready(uart_base))
 200058e:	0207f793          	andi	a5,a5,32
 2000592:	dbe5                	beqz	a5,2000582 <uart_debug_serve.constprop.0+0x66>
            uart_write(uart_base, kUartDebugAck);
            uart_write_str(uart_base, (void *)(uintptr_t)addr, len);
 2000594:	65a2                	ld	a1,8(sp)
 2000596:	6502                	ld	a0,0(sp)
    *reg8(uart_base, UART_THR_REG_OFFSET) = byte;
 2000598:	01002797          	auipc	a5,0x1002
 200059c:	4719                	li	a4,6
 200059e:	a6e78423          	sb	a4,-1432(a5) # 3002000 <__base_uart>
 20005a2:	d7bff0ef          	jal	200031c <uart_write_str.constprop.0>
    return *reg8(uart_base, UART_LINE_STATUS_REG_OFFSET) & (1 << UART_LINE_STATUS_THR_EMPTY_BIT);
 20005a6:	01002797          	auipc	a5,0x1002
 20005aa:	a5a78793          	addi	a5,a5,-1446 # 3002000 <__base_uart>
 20005ae:	0147c783          	lbu	a5,20(a5)
    while (!__uart_write_ready(uart_base))
 20005b2:	0207f793          	andi	a5,a5,32
 20005b6:	dbe5                	beqz	a5,20005a6 <uart_debug_serve.constprop.0+0x8a>
    *reg8(uart_base, UART_THR_REG_OFFSET) = byte;
 20005b8:	01002797          	auipc	a5,0x1002
 20005bc:	4711                	li	a4,4
 20005be:	a4e78423          	sb	a4,-1464(a5) # 3002000 <__base_uart>
}
 20005c2:	b749                	j	2000544 <uart_debug_serve.constprop.0+0x28>
            uart_read_str(uart_base, (void *)(uintptr_t)addr, len);
            uart_write(uart_base, kUartDebugEot);
            break;
        // EXEC addr64 (->ACK) execute
        case kUartDebugCmdExec:
            uart_read_str(uart_base, &addr, sizeof(uint64_t));
 20005c4:	45a1                	li	a1,8
 20005c6:	850a                	mv	a0,sp
 20005c8:	d81ff0ef          	jal	2000348 <uart_read_str.constprop.0>
    return *reg8(uart_base, UART_LINE_STATUS_REG_OFFSET) & (1 << UART_LINE_STATUS_THR_EMPTY_BIT);
 20005cc:	01002797          	auipc	a5,0x1002
 20005d0:	a3478793          	addi	a5,a5,-1484 # 3002000 <__base_uart>
 20005d4:	0147c783          	lbu	a5,20(a5)
    while (!__uart_write_ready(uart_base))
 20005d8:	0207f793          	andi	a5,a5,32
 20005dc:	dbe5                	beqz	a5,20005cc <uart_debug_serve.constprop.0+0xb0>
    *reg8(uart_base, UART_THR_REG_OFFSET) = byte;
 20005de:	01002797          	auipc	a5,0x1002
 20005e2:	4719                	li	a4,6
 20005e4:	a2e78123          	sb	a4,-1502(a5) # 3002000 <__base_uart>
 20005e8:	0ff0000f          	fence
    return mcycle;
}

// This may also be used to invoke code that does not return.
static inline uint64_t invoke(void *code) {
    uint64_t (*code_fun_ptr)(void) = code;
 20005ec:	6782                	ld	a5,0(sp)
    asm volatile("fence.i" ::: "memory");
 20005ee:	0000100f          	fence.i
    fencei();
    return code_fun_ptr();
 20005f2:	9782                	jalr	a5
            uart_write(uart_base, kUartDebugAck);
            fence();
            ret = invoke((void *)(uintptr_t)addr);
 20005f4:	c42a                	sw	a0,8(sp)
    asm volatile("fence" ::: "memory");
 20005f6:	0ff0000f          	fence
    return *reg8(uart_base, UART_LINE_STATUS_REG_OFFSET) & (1 << UART_LINE_STATUS_THR_EMPTY_BIT);
 20005fa:	01002797          	auipc	a5,0x1002
 20005fe:	a0678793          	addi	a5,a5,-1530 # 3002000 <__base_uart>
 2000602:	0147c783          	lbu	a5,20(a5)
    while (!__uart_write_ready(uart_base))
 2000606:	0207f793          	andi	a5,a5,32
 200060a:	dbe5                	beqz	a5,20005fa <uart_debug_serve.constprop.0+0xde>
    *reg8(uart_base, UART_THR_REG_OFFSET) = byte;
 200060c:	01002797          	auipc	a5,0x1002
 2000610:	4751                	li	a4,20
            fence();
            // Report return code on UART
            uart_write(uart_base, kUartDebugEoc);
            uart_write_str(uart_base, (void *)(uintptr_t)&ret, sizeof(uint32_t));
 2000612:	0028                	addi	a0,sp,8
 2000614:	4591                	li	a1,4
 2000616:	9ee78a23          	sb	a4,-1548(a5) # 3002000 <__base_uart>
 200061a:	d03ff0ef          	jal	200031c <uart_write_str.constprop.0>
            return ret;
 200061e:	4522                	lw	a0,8(sp)
        // Unknown command
        default:
            return 1;
        }
    }
}
 2000620:	70a2                	ld	ra,40(sp)
 2000622:	7402                	ld	s0,32(sp)
 2000624:	64e2                	ld	s1,24(sp)
 2000626:	6145                	addi	sp,sp,48
 2000628:	8082                	ret
            uart_read_str(uart_base, &addr, sizeof(uint64_t));
 200062a:	45a1                	li	a1,8
 200062c:	850a                	mv	a0,sp
 200062e:	d1bff0ef          	jal	2000348 <uart_read_str.constprop.0>
            uart_read_str(uart_base, &len, sizeof(uint64_t));
 2000632:	0028                	addi	a0,sp,8
 2000634:	45a1                	li	a1,8
 2000636:	d13ff0ef          	jal	2000348 <uart_read_str.constprop.0>
    return *reg8(uart_base, UART_LINE_STATUS_REG_OFFSET) & (1 << UART_LINE_STATUS_THR_EMPTY_BIT);
 200063a:	01002797          	auipc	a5,0x1002
 200063e:	9c678793          	addi	a5,a5,-1594 # 3002000 <__base_uart>
 2000642:	0147c783          	lbu	a5,20(a5)
    while (!__uart_write_ready(uart_base))
 2000646:	0207f793          	andi	a5,a5,32
 200064a:	dbe5                	beqz	a5,200063a <uart_debug_serve.constprop.0+0x11e>
            uart_read_str(uart_base, (void *)(uintptr_t)addr, len);
 200064c:	65a2                	ld	a1,8(sp)
 200064e:	6502                	ld	a0,0(sp)
    *reg8(uart_base, UART_THR_REG_OFFSET) = byte;
 2000650:	01002797          	auipc	a5,0x1002
 2000654:	4719                	li	a4,6
 2000656:	9ae78823          	sb	a4,-1616(a5) # 3002000 <__base_uart>
 200065a:	cefff0ef          	jal	2000348 <uart_read_str.constprop.0>
    return *reg8(uart_base, UART_LINE_STATUS_REG_OFFSET) & (1 << UART_LINE_STATUS_THR_EMPTY_BIT);
 200065e:	01002797          	auipc	a5,0x1002
 2000662:	9a278793          	addi	a5,a5,-1630 # 3002000 <__base_uart>
 2000666:	0147c783          	lbu	a5,20(a5)
    while (!__uart_write_ready(uart_base))
 200066a:	0207f793          	andi	a5,a5,32
 200066e:	dbe5                	beqz	a5,200065e <uart_debug_serve.constprop.0+0x142>
    *reg8(uart_base, UART_THR_REG_OFFSET) = byte;
 2000670:	01002797          	auipc	a5,0x1002
 2000674:	4711                	li	a4,4
 2000676:	98e78823          	sb	a4,-1648(a5) # 3002000 <__base_uart>
    while (1) {
 200067a:	b5e9                	j	2000544 <uart_debug_serve.constprop.0+0x28>
        switch (cmd) {
 200067c:	4505                	li	a0,1
 200067e:	b74d                	j	2000620 <uart_debug_serve.constprop.0+0x104>

0000000002000680 <dif_i2c_write_byte>:
  return kDifOk;
}

dif_result_t dif_i2c_write_byte(const dif_i2c_t *i2c, uint8_t byte,
                                dif_i2c_fmt_t code, bool suppress_nak_irq) {
  if (i2c == NULL) {
 2000680:	c531                	beqz	a0,20006cc <dif_i2c_write_byte+0x4c>
    return kDifBadArg;
  }

  // Validate that `suppress_nak_irq` has not been mixed with an Rx code.
  if (suppress_nak_irq) {
 2000682:	ce99                	beqz	a3,20006a0 <dif_i2c_write_byte+0x20>
    switch (code) {
 2000684:	ffd6079b          	addiw	a5,a2,-3
 2000688:	4709                	li	a4,2
 200068a:	04f77163          	bgeu	a4,a5,20006cc <dif_i2c_write_byte+0x4c>
    }
  }

  // Convert the format code into flags.
  dif_i2c_fmt_flags_t flags = {.suppress_nak_irq = suppress_nak_irq};
  switch (code) {
 200068e:	04e60663          	beq	a2,a4,20006da <dif_i2c_write_byte+0x5a>
 2000692:	4785                	li	a5,1
 2000694:	02f61e63          	bne	a2,a5,20006d0 <dif_i2c_write_byte+0x50>
  dif_i2c_fmt_flags_t flags = {.suppress_nak_irq = suppress_nak_irq};
 2000698:	4781                	li	a5,0
  fmt_byte = bitfield_field32_write(fmt_byte, I2C_FDATA_FBYTE_FIELD, byte);
 200069a:	4701                	li	a4,0
 200069c:	4601                	li	a2,0
 200069e:	a819                	j	20006b4 <dif_i2c_write_byte+0x34>
  switch (code) {
 20006a0:	4789                	li	a5,2
 20006a2:	02f60c63          	beq	a2,a5,20006da <dif_i2c_write_byte+0x5a>
 20006a6:	478d                	li	a5,3
 20006a8:	fef615e3          	bne	a2,a5,2000692 <dif_i2c_write_byte+0x12>
 */
OT_WARN_UNUSED_RESULT
inline uint32_t bitfield_bit32_write(uint32_t bitfield,
                                     bitfield_bit32_index_t bit_index,
                                     bool value) {
  return bitfield_field32_write(bitfield, bitfield_bit32_to_field32(bit_index),
 20006ac:	4781                	li	a5,0
 20006ae:	4701                	li	a4,0
 20006b0:	40000613          	li	a2,1024
  bitfield |= (value & field.mask) << field.index;
 20006b4:	00c6969b          	slliw	a3,a3,0xc
 20006b8:	0097979b          	slliw	a5,a5,0x9
 20006bc:	8fd5                	or	a5,a5,a3
 20006be:	8fd9                	or	a5,a5,a4
 20006c0:	6118                	ld	a4,0(a0)
 20006c2:	8fd1                	or	a5,a5,a2
 20006c4:	8ddd                	or	a1,a1,a5
 20006c6:	cf4c                	sw	a1,28(a4)
      break;
    default:
      return kDifBadArg;
  }

  return dif_i2c_write_byte_raw(i2c, byte, flags);
 20006c8:	4501                	li	a0,0
 20006ca:	8082                	ret
    return kDifBadArg;
 20006cc:	450d                	li	a0,3
}
 20006ce:	8082                	ret
  fmt_byte = bitfield_field32_write(fmt_byte, I2C_FDATA_FBYTE_FIELD, byte);
 20006d0:	4781                	li	a5,0
 20006d2:	10000713          	li	a4,256
 20006d6:	4601                	li	a2,0
 20006d8:	bff1                	j	20006b4 <dif_i2c_write_byte+0x34>
  switch (code) {
 20006da:	4785                	li	a5,1
 20006dc:	bf7d                	j	200069a <dif_i2c_write_byte+0x1a>

00000000020006de <__i2c_24fc1025_access_chunk>:

static inline int __i2c_24fc1025_access_chunk(dif_i2c_t *i2c, void *buf, uint64_t addr,
                                              uint64_t len, int write) {
 20006de:	832e                	mv	t1,a1
 20006e0:	8eb2                	mv	t4,a2
 20006e2:	8e36                	mv	t3,a3
 20006e4:	8f2a                	mv	t5,a0
  if (i2c == NULL) {
 20006e6:	e119                	bnez	a0,20006ec <__i2c_24fc1025_access_chunk+0xe>
    // Wait for all FIFOs to be vacated
    uint8_t lfmt, lrx, ltx, lacq;
    do CHECK_CALL(dif_i2c_get_fifo_levels(i2c, &lfmt, &lrx, &ltx, &lacq))
 20006e8:	450d                	li	a0,3
        // Transfer chunk to memory destination
        for (uint64_t b = 0; b < len; b++) CHECK_CALL(dif_i2c_read_byte(i2c, (uint8_t *)buf + b))
    }
    // Nothing went wrong
    return 0;
}
 20006ea:	8082                	ret
                                              uint64_t len, int write) {
 20006ec:	711d                	addi	sp,sp,-96
 20006ee:	ec86                	sd	ra,88(sp)
 20006f0:	e8a2                	sd	s0,80(sp)
 20006f2:	e4a6                	sd	s1,72(sp)
 20006f4:	000f3803          	ld	a6,0(t5)
  return ((volatile uint32_t *)base.base)[offset / sizeof(uint32_t)];
 20006f8:	02482783          	lw	a5,36(a6) # 10024 <dif_spi_host_autogen.c.3aa79438+0x481b>
    while (lfmt || lrx || ltx || lacq);
 20006fc:	07f7f513          	andi	a0,a5,127
 2000700:	fd65                	bnez	a0,20006f8 <__i2c_24fc1025_access_chunk+0x1a>
  return (bitfield >> field.index) & field.mask;
 2000702:	0107d51b          	srliw	a0,a5,0x10
 2000706:	0087d89b          	srliw	a7,a5,0x8
 200070a:	01156533          	or	a0,a0,a7
 200070e:	0187d79b          	srliw	a5,a5,0x18
 2000712:	8fc9                	or	a5,a5,a0
 2000714:	07f7f793          	andi	a5,a5,127
 2000718:	f3e5                	bnez	a5,20006f8 <__i2c_24fc1025_access_chunk+0x1a>
    return (((uint64_t)*reg32(&__base_clint, CLINT_MTIME_HIGH_REG_OFFSET)) << 32) |
 200071a:	00040697          	auipc	a3,0x40
           ((uint64_t)*reg32(&__base_clint, CLINT_MTIME_LOW_REG_OFFSET));
 200071e:	00040797          	auipc	a5,0x40
    return (((uint64_t)*reg32(&__base_clint, CLINT_MTIME_HIGH_REG_OFFSET)) << 32) |
 2000722:	65b1                	lui	a1,0xc
 2000724:	8e668693          	addi	a3,a3,-1818 # 2040000 <__base_clint>
           ((uint64_t)*reg32(&__base_clint, CLINT_MTIME_LOW_REG_OFFSET));
 2000728:	8e278793          	addi	a5,a5,-1822 # 2040000 <__base_clint>
    return (((uint64_t)*reg32(&__base_clint, CLINT_MTIME_HIGH_REG_OFFSET)) << 32) |
 200072c:	96ae                	add	a3,a3,a1
           ((uint64_t)*reg32(&__base_clint, CLINT_MTIME_LOW_REG_OFFSET));
 200072e:	97ae                	add	a5,a5,a1
    return (((uint64_t)*reg32(&__base_clint, CLINT_MTIME_HIGH_REG_OFFSET)) << 32) |
 2000730:	ffc6a883          	lw	a7,-4(a3)
           ((uint64_t)*reg32(&__base_clint, CLINT_MTIME_LOW_REG_OFFSET));
 2000734:	ff87a783          	lw	a5,-8(a5)
    return (((uint64_t)*reg32(&__base_clint, CLINT_MTIME_HIGH_REG_OFFSET)) << 32) |
 2000738:	1882                	slli	a7,a7,0x20
           ((uint64_t)*reg32(&__base_clint, CLINT_MTIME_LOW_REG_OFFSET));
 200073a:	1782                	slli	a5,a5,0x20
 200073c:	9381                	srli	a5,a5,0x20
    return (((uint64_t)*reg32(&__base_clint, CLINT_MTIME_HIGH_REG_OFFSET)) << 32) |
 200073e:	00f8e8b3          	or	a7,a7,a5
    clint_spin_until(clint_get_mtime() + ticks);
 2000742:	0885                	addi	a7,a7,1
    return (((uint64_t)*reg32(&__base_clint, CLINT_MTIME_HIGH_REG_OFFSET)) << 32) |
 2000744:	00040517          	auipc	a0,0x40
           ((uint64_t)*reg32(&__base_clint, CLINT_MTIME_LOW_REG_OFFSET));
 2000748:	00040797          	auipc	a5,0x40
    return (((uint64_t)*reg32(&__base_clint, CLINT_MTIME_HIGH_REG_OFFSET)) << 32) |
 200074c:	8bc50513          	addi	a0,a0,-1860 # 2040000 <__base_clint>
           ((uint64_t)*reg32(&__base_clint, CLINT_MTIME_LOW_REG_OFFSET));
 2000750:	8b878793          	addi	a5,a5,-1864 # 2040000 <__base_clint>
 2000754:	97ae                	add	a5,a5,a1
    return (((uint64_t)*reg32(&__base_clint, CLINT_MTIME_HIGH_REG_OFFSET)) << 32) |
 2000756:	952e                	add	a0,a0,a1
 2000758:	ffc52683          	lw	a3,-4(a0)
           ((uint64_t)*reg32(&__base_clint, CLINT_MTIME_LOW_REG_OFFSET));
 200075c:	ff87a603          	lw	a2,-8(a5)
    return (((uint64_t)*reg32(&__base_clint, CLINT_MTIME_HIGH_REG_OFFSET)) << 32) |
 2000760:	02069793          	slli	a5,a3,0x20
           ((uint64_t)*reg32(&__base_clint, CLINT_MTIME_LOW_REG_OFFSET));
 2000764:	02061693          	slli	a3,a2,0x20
 2000768:	9281                	srli	a3,a3,0x20
    return (((uint64_t)*reg32(&__base_clint, CLINT_MTIME_HIGH_REG_OFFSET)) << 32) |
 200076a:	8fd5                	or	a5,a5,a3
    while (clint_get_mtime() < tgt_mtime)
 200076c:	fd17ece3          	bltu	a5,a7,2000744 <__i2c_24fc1025_access_chunk+0x66>
 2000770:	01082783          	lw	a5,16(a6)
    CHECK_CALL(dif_i2c_write_byte(i2c, ctrl_waddr, kDifI2cFmtStart, true))
 2000774:	4685                	li	a3,1
 2000776:	4601                	li	a2,0
  bitfield &= ~(field.mask << field.index);
 2000778:	9bf9                	andi	a5,a5,-2
  ((volatile uint32_t *)base.base)[offset / sizeof(uint32_t)] = value;
 200077a:	00f82823          	sw	a5,16(a6)
 200077e:	0a000593          	li	a1,160
 2000782:	857a                	mv	a0,t5
 2000784:	ec3a                	sd	a4,24(sp)
 2000786:	f872                	sd	t3,48(sp)
 2000788:	e876                	sd	t4,16(sp)
 200078a:	f41a                	sd	t1,40(sp)
 200078c:	f042                	sd	a6,32(sp)
 200078e:	e47a                	sd	t5,8(sp)
 2000790:	ef1ff0ef          	jal	2000680 <dif_i2c_write_byte>
 2000794:	e549                	bnez	a0,200081e <__i2c_24fc1025_access_chunk+0x140>
    CHECK_CALL(dif_i2c_write_byte(i2c, (addr >> 8) & 0xFF, kDifI2cFmtTx, true))
 2000796:	6ec2                	ld	t4,16(sp)
 2000798:	6522                	ld	a0,8(sp)
 200079a:	4685                	li	a3,1
 200079c:	008ed593          	srli	a1,t4,0x8
 20007a0:	0ff5f593          	zext.b	a1,a1
 20007a4:	8636                	mv	a2,a3
 20007a6:	edbff0ef          	jal	2000680 <dif_i2c_write_byte>
 20007aa:	e935                	bnez	a0,200081e <__i2c_24fc1025_access_chunk+0x140>
    CHECK_CALL(dif_i2c_write_byte(i2c, addr & 0xFF, write ? kDifI2cFmtTx : kDifI2cFmtTxStop, true))
 20007ac:	6762                	ld	a4,24(sp)
 20007ae:	01014583          	lbu	a1,16(sp)
 20007b2:	6522                	ld	a0,8(sp)
 20007b4:	4609                	li	a2,2
 20007b6:	9e19                	subw	a2,a2,a4
 20007b8:	4685                	li	a3,1
 20007ba:	ec7ff0ef          	jal	2000680 <dif_i2c_write_byte>
 20007be:	e125                	bnez	a0,200081e <__i2c_24fc1025_access_chunk+0x140>
    if (write) {
 20007c0:	6762                	ld	a4,24(sp)
 20007c2:	6f22                	ld	t5,8(sp)
 20007c4:	7802                	ld	a6,32(sp)
 20007c6:	7322                	ld	t1,40(sp)
 20007c8:	7e42                	ld	t3,48(sp)
 20007ca:	c325                	beqz	a4,200082a <__i2c_24fc1025_access_chunk+0x14c>
        for (uint64_t b = 0; b < MIN(len - 1, half_fill); b++)
 20007cc:	fffe0793          	addi	a5,t3,-1
 20007d0:	6ec2                	ld	t4,16(sp)
 20007d2:	84be                	mv	s1,a5
 20007d4:	10078463          	beqz	a5,20008dc <__i2c_24fc1025_access_chunk+0x1fe>
 20007d8:	02000793          	li	a5,32
 20007dc:	8426                	mv	s0,s1
 20007de:	0097f363          	bgeu	a5,s1,20007e4 <__i2c_24fc1025_access_chunk+0x106>
 20007e2:	843e                	mv	s0,a5
 20007e4:	4781                	li	a5,0
 20007e6:	a809                	j	20007f8 <__i2c_24fc1025_access_chunk+0x11a>
 20007e8:	6f22                	ld	t5,8(sp)
 20007ea:	6342                	ld	t1,16(sp)
 20007ec:	7e82                	ld	t4,32(sp)
 20007ee:	7e22                	ld	t3,40(sp)
 20007f0:	7842                	ld	a6,48(sp)
 20007f2:	7762                	ld	a4,56(sp)
 20007f4:	0887fe63          	bgeu	a5,s0,2000890 <__i2c_24fc1025_access_chunk+0x1b2>
            CHECK_CALL(dif_i2c_write_byte(i2c, ((uint8_t *)buf)[b], kDifI2cFmtTx, true))
 20007f8:	00f306b3          	add	a3,t1,a5
 20007fc:	0006c583          	lbu	a1,0(a3)
 2000800:	4685                	li	a3,1
 2000802:	8636                	mv	a2,a3
 2000804:	857a                	mv	a0,t5
 2000806:	ec3e                	sd	a5,24(sp)
 2000808:	fc3a                	sd	a4,56(sp)
 200080a:	f842                	sd	a6,48(sp)
 200080c:	f472                	sd	t3,40(sp)
 200080e:	f076                	sd	t4,32(sp)
 2000810:	e81a                	sd	t1,16(sp)
 2000812:	e47a                	sd	t5,8(sp)
 2000814:	e6dff0ef          	jal	2000680 <dif_i2c_write_byte>
        for (uint64_t b = 0; b < MIN(len - 1, half_fill); b++)
 2000818:	67e2                	ld	a5,24(sp)
 200081a:	0785                	addi	a5,a5,1
            CHECK_CALL(dif_i2c_write_byte(i2c, ((uint8_t *)buf)[b], kDifI2cFmtTx, true))
 200081c:	d571                	beqz	a0,20007e8 <__i2c_24fc1025_access_chunk+0x10a>
    do CHECK_CALL(dif_i2c_get_fifo_levels(i2c, &lfmt, &lrx, &ltx, &lacq))
 200081e:	450d                	li	a0,3
}
 2000820:	60e6                	ld	ra,88(sp)
 2000822:	6446                	ld	s0,80(sp)
 2000824:	64a6                	ld	s1,72(sp)
 2000826:	6125                	addi	sp,sp,96
 2000828:	8082                	ret
        CHECK_CALL(dif_i2c_write_byte(i2c, ctrl_rdata, kDifI2cFmtStart, true))
 200082a:	4685                	li	a3,1
 200082c:	4601                	li	a2,0
 200082e:	0a100593          	li	a1,161
 2000832:	857a                	mv	a0,t5
 2000834:	f042                	sd	a6,32(sp)
 2000836:	e872                	sd	t3,16(sp)
 2000838:	ec1a                	sd	t1,24(sp)
 200083a:	e47a                	sd	t5,8(sp)
 200083c:	e45ff0ef          	jal	2000680 <dif_i2c_write_byte>
 2000840:	fd79                	bnez	a0,200081e <__i2c_24fc1025_access_chunk+0x140>
        CHECK_CALL(dif_i2c_write_byte(i2c, len, kDifI2cFmtRx, false))
 2000842:	01014583          	lbu	a1,16(sp)
 2000846:	6522                	ld	a0,8(sp)
 2000848:	4681                	li	a3,0
 200084a:	460d                	li	a2,3
 200084c:	e35ff0ef          	jal	2000680 <dif_i2c_write_byte>
 2000850:	f579                	bnez	a0,200081e <__i2c_24fc1025_access_chunk+0x140>
  return ((volatile uint32_t *)base.base)[offset / sizeof(uint32_t)];
 2000852:	7802                	ld	a6,32(sp)
  ((volatile uint32_t *)base.base)[offset / sizeof(uint32_t)] = value;
 2000854:	6362                	ld	t1,24(sp)
 2000856:	6e42                	ld	t3,16(sp)
  return ((volatile uint32_t *)base.base)[offset / sizeof(uint32_t)];
 2000858:	01082783          	lw	a5,16(a6)
  ((volatile uint32_t *)base.base)[offset / sizeof(uint32_t)] = value;
 200085c:	6f22                	ld	t5,8(sp)
  bitfield |= (value & field.mask) << field.index;
 200085e:	0017e793          	ori	a5,a5,1
 2000862:	00f82823          	sw	a5,16(a6)
  return ((volatile uint32_t *)base.base)[offset / sizeof(uint32_t)];
 2000866:	02482783          	lw	a5,36(a6)
  return (bitfield >> field.index) & field.mask;
 200086a:	0107d79b          	srliw	a5,a5,0x10
        while (lrx < len);
 200086e:	07f7f793          	andi	a5,a5,127
 2000872:	ffc7eae3          	bltu	a5,t3,2000866 <__i2c_24fc1025_access_chunk+0x188>
 2000876:	9e1a                	add	t3,t3,t1
        for (uint64_t b = 0; b < len; b++) CHECK_CALL(dif_i2c_read_byte(i2c, (uint8_t *)buf + b))
 2000878:	000f3783          	ld	a5,0(t5)
 200087c:	4f9c                	lw	a5,24(a5)
  if (byte != NULL) {
 200087e:	00030463          	beqz	t1,2000886 <__i2c_24fc1025_access_chunk+0x1a8>
    *byte = bitfield_field32_read(values, I2C_RDATA_RDATA_FIELD);
 2000882:	00f30023          	sb	a5,0(t1)
 2000886:	0305                	addi	t1,t1,1
 2000888:	ffc318e3          	bne	t1,t3,2000878 <__i2c_24fc1025_access_chunk+0x19a>
    return 0;
 200088c:	4501                	li	a0,0
 200088e:	bf49                	j	2000820 <__i2c_24fc1025_access_chunk+0x142>
        CHECK_CALL(dif_i2c_write_byte(i2c, ((uint8_t *)buf)[len - 1], kDifI2cFmtTx, true))
 2000890:	009307b3          	add	a5,t1,s1
 2000894:	0007c583          	lbu	a1,0(a5)
 2000898:	4685                	li	a3,1
 200089a:	8636                	mv	a2,a3
 200089c:	857a                	mv	a0,t5
 200089e:	f83a                	sd	a4,48(sp)
 20008a0:	f442                	sd	a6,40(sp)
 20008a2:	f072                	sd	t3,32(sp)
 20008a4:	ec76                	sd	t4,24(sp)
 20008a6:	e81a                	sd	t1,16(sp)
 20008a8:	e47a                	sd	t5,8(sp)
 20008aa:	dd7ff0ef          	jal	2000680 <dif_i2c_write_byte>
 20008ae:	f925                	bnez	a0,200081e <__i2c_24fc1025_access_chunk+0x140>
dif_result_t dif_i2c_host_set_enabled(const dif_i2c_t *i2c,
 20008b0:	7822                	ld	a6,40(sp)
 20008b2:	7e02                	ld	t3,32(sp)
        if (len > half_fill)
 20008b4:	02000693          	li	a3,32
 20008b8:	01082783          	lw	a5,16(a6)
 20008bc:	6f22                	ld	t5,8(sp)
 20008be:	6342                	ld	t1,16(sp)
  bitfield |= (value & field.mask) << field.index;
 20008c0:	0017e793          	ori	a5,a5,1
  ((volatile uint32_t *)base.base)[offset / sizeof(uint32_t)] = value;
 20008c4:	00f82823          	sw	a5,16(a6)
 20008c8:	6ee2                	ld	t4,24(sp)
 20008ca:	7742                	ld	a4,48(sp)
 20008cc:	fdc6f0e3          	bgeu	a3,t3,200088c <__i2c_24fc1025_access_chunk+0x1ae>
            CHECK_CALL(__i2c_24fc1025_access_chunk(i2c, (uint8_t *)buf + len, addr + len,
 20008d0:	9372                	add	t1,t1,t3
 20008d2:	9ef2                	add	t4,t4,t3
 20008d4:	1e01                	addi	t3,t3,-32
  if (i2c == NULL) {
 20008d6:	f40f04e3          	beqz	t5,200081e <__i2c_24fc1025_access_chunk+0x140>
 20008da:	bd29                	j	20006f4 <__i2c_24fc1025_access_chunk+0x16>
        CHECK_CALL(dif_i2c_write_byte(i2c, ((uint8_t *)buf)[len - 1], kDifI2cFmtTx, true))
 20008dc:	00034583          	lbu	a1,0(t1)
 20008e0:	4685                	li	a3,1
 20008e2:	857a                	mv	a0,t5
 20008e4:	8636                	mv	a2,a3
 20008e6:	e442                	sd	a6,8(sp)
 20008e8:	d99ff0ef          	jal	2000680 <dif_i2c_write_byte>
 20008ec:	f90d                	bnez	a0,200081e <__i2c_24fc1025_access_chunk+0x140>
dif_result_t dif_i2c_host_set_enabled(const dif_i2c_t *i2c,
 20008ee:	6822                	ld	a6,8(sp)
    return 0;
 20008f0:	4501                	li	a0,0
  return ((volatile uint32_t *)base.base)[offset / sizeof(uint32_t)];
 20008f2:	01082783          	lw	a5,16(a6)
 20008f6:	0017e793          	ori	a5,a5,1
  ((volatile uint32_t *)base.base)[offset / sizeof(uint32_t)] = value;
 20008fa:	00f82823          	sw	a5,16(a6)
        if (len > half_fill)
 20008fe:	b70d                	j	2000820 <__i2c_24fc1025_access_chunk+0x142>

0000000002000900 <i2c_24fc1025_read>:
    }
    // Nothing went wrong
    return 0;
}

int i2c_24fc1025_read(void *priv, void *buf, uint64_t addr, uint64_t len) {
 2000900:	7139                	addi	sp,sp,-64
 2000902:	f822                	sd	s0,48(sp)
 2000904:	f426                	sd	s1,40(sp)
 2000906:	f04a                	sd	s2,32(sp)
 2000908:	ec4e                	sd	s3,24(sp)
 200090a:	e852                	sd	s4,16(sp)
 200090c:	fc06                	sd	ra,56(sp)
    uint64_t addr_offs = addr % I2C_PARAM_FIFO_DEPTH;
 200090e:	03f67413          	andi	s0,a2,63
int i2c_24fc1025_read(void *priv, void *buf, uint64_t addr, uint64_t len) {
 2000912:	8932                	mv	s2,a2
 2000914:	84b6                	mv	s1,a3
 2000916:	89aa                	mv	s3,a0
 2000918:	8a2e                	mv	s4,a1
    if (addr_offs) {
 200091a:	ec31                	bnez	s0,2000976 <i2c_24fc1025_read+0x76>
 200091c:	e456                	sd	s5,8(sp)
        uint64_t chunk_len = MIN(I2C_PARAM_FIFO_DEPTH, len - offs);
 200091e:	04000a93          	li	s5,64
    for (; offs < len; offs += I2C_PARAM_FIFO_DEPTH) {
 2000922:	00946563          	bltu	s0,s1,200092c <i2c_24fc1025_read+0x2c>
 2000926:	a835                	j	2000962 <i2c_24fc1025_read+0x62>
 2000928:	02947d63          	bgeu	s0,s1,2000962 <i2c_24fc1025_read+0x62>
        uint64_t chunk_len = MIN(I2C_PARAM_FIFO_DEPTH, len - offs);
 200092c:	408486b3          	sub	a3,s1,s0
        CHECK_CALL(
 2000930:	4701                	li	a4,0
 2000932:	00890633          	add	a2,s2,s0
 2000936:	008a05b3          	add	a1,s4,s0
 200093a:	854e                	mv	a0,s3
        uint64_t chunk_len = MIN(I2C_PARAM_FIFO_DEPTH, len - offs);
 200093c:	00daf463          	bgeu	s5,a3,2000944 <i2c_24fc1025_read+0x44>
 2000940:	04000693          	li	a3,64
        CHECK_CALL(
 2000944:	d9bff0ef          	jal	20006de <__i2c_24fc1025_access_chunk>
    for (; offs < len; offs += I2C_PARAM_FIFO_DEPTH) {
 2000948:	04040413          	addi	s0,s0,64
        CHECK_CALL(
 200094c:	dd71                	beqz	a0,2000928 <i2c_24fc1025_read+0x28>
 200094e:	6aa2                	ld	s5,8(sp)
    return __i2c_24fc1025_access(priv, buf, addr, len, 0);
}
 2000950:	70e2                	ld	ra,56(sp)
 2000952:	7442                	ld	s0,48(sp)
 2000954:	74a2                	ld	s1,40(sp)
 2000956:	7902                	ld	s2,32(sp)
 2000958:	69e2                	ld	s3,24(sp)
 200095a:	6a42                	ld	s4,16(sp)
        CHECK_CALL(__i2c_24fc1025_access_chunk(i2c, buf, addr, offs, write))
 200095c:	450d                	li	a0,3
}
 200095e:	6121                	addi	sp,sp,64
 2000960:	8082                	ret
 2000962:	70e2                	ld	ra,56(sp)
 2000964:	7442                	ld	s0,48(sp)
    return 0;
 2000966:	6aa2                	ld	s5,8(sp)
}
 2000968:	74a2                	ld	s1,40(sp)
 200096a:	7902                	ld	s2,32(sp)
 200096c:	69e2                	ld	s3,24(sp)
 200096e:	6a42                	ld	s4,16(sp)
    return 0;
 2000970:	4501                	li	a0,0
}
 2000972:	6121                	addi	sp,sp,64
 2000974:	8082                	ret
        offs = I2C_PARAM_FIFO_DEPTH - addr_offs;
 2000976:	04000793          	li	a5,64
 200097a:	40878433          	sub	s0,a5,s0
        CHECK_CALL(__i2c_24fc1025_access_chunk(i2c, buf, addr, offs, write))
 200097e:	86a2                	mv	a3,s0
 2000980:	4701                	li	a4,0
 2000982:	d5dff0ef          	jal	20006de <__i2c_24fc1025_access_chunk>
 2000986:	d959                	beqz	a0,200091c <i2c_24fc1025_read+0x1c>
 2000988:	b7e1                	j	2000950 <i2c_24fc1025_read+0x50>

000000000200098a <spi_host_reset.isra.0>:
 200098a:	400007b7          	lui	a5,0x40000
 200098e:	c91c                	sw	a5,16(a0)
  return ((volatile uint32_t *)base.base)[offset / sizeof(uint32_t)];
 2000990:	495c                	lw	a5,20(a0)
  bool active;
  do {
    uint32_t reg =
        mmio_region_read32(spi_host->base_addr, SPI_HOST_STATUS_REG_OFFSET);
    active = bitfield_bit32_read(reg, SPI_HOST_STATUS_ACTIVE_BIT);
  } while (active);
 2000992:	02179713          	slli	a4,a5,0x21
 2000996:	fe074de3          	bltz	a4,2000990 <spi_host_reset.isra.0+0x6>
 200099a:	4958                	lw	a4,20(a0)
  return (bitfield >> field.index) & field.mask;
 200099c:	0087579b          	srliw	a5,a4,0x8
  do {
    uint32_t reg =
        mmio_region_read32(spi_host->base_addr, SPI_HOST_STATUS_REG_OFFSET);
    txqd = bitfield_field32_read(reg, SPI_HOST_STATUS_TXQD_FIELD);
    rxqd = bitfield_field32_read(reg, SPI_HOST_STATUS_RXQD_FIELD);
  } while (txqd != 0 || rxqd != 0);
 20009a0:	8fd9                	or	a5,a5,a4
 20009a2:	0ff7f793          	zext.b	a5,a5
 20009a6:	fbf5                	bnez	a5,200099a <spi_host_reset.isra.0+0x10>
  ((volatile uint32_t *)base.base)[offset / sizeof(uint32_t)] = value;
 20009a8:	00052823          	sw	zero,16(a0)

  // Clear the software reset request bit.
  mmio_region_write32(
      spi_host->base_addr, SPI_HOST_CONTROL_REG_OFFSET,
      bitfield_bit32_write(0, SPI_HOST_CONTROL_SW_RST_BIT, false));
}
 20009ac:	8082                	ret

00000000020009ae <dif_spi_host_configure_cs.isra.0>:

void dif_spi_host_enable(const dif_spi_host_t *spi_host, bool enable) {
  spi_host_enable(spi_host, enable);
}

dif_result_t dif_spi_host_configure_cs(const dif_spi_host_t *spi_host,
 20009ae:	00014e03          	lbu	t3,0(sp)
 20009b2:	4322                	lw	t1,8(sp)
                                    dif_spi_host_config_t config,
                                    uint32_t csid) {
  if (spi_host == NULL) {
 20009b4:	c939                	beqz	a0,2000a0a <dif_spi_host_configure_cs.isra.0+0x5c>
    return kDifBadArg;
  }
  if (config.peripheral_clock_freq_hz == 0 || config.spi_clock == 0) {
 20009b6:	ca31                	beqz	a2,2000a0a <dif_spi_host_configure_cs.isra.0+0x5c>
 20009b8:	c9a9                	beqz	a1,2000a0a <dif_spi_host_configure_cs.isra.0+0x5c>
    uint32_t cpol_bit       = SPI_HOST_CONFIGOPTS_0_CPOL_0_BIT;
    uint32_t reg_offset     = SPI_HOST_CONFIGOPTS_0_REG_OFFSET + 4*csid;
#endif

  uint32_t divider =
      ((config.peripheral_clock_freq_hz / config.spi_clock) / 2) - 1;
 20009ba:	02b6563b          	divuw	a2,a2,a1
  if (divider & ~clkdiv_mask) {
 20009be:	65c1                	lui	a1,0x10
      ((config.peripheral_clock_freq_hz / config.spi_clock) / 2) - 1;
 20009c0:	0016561b          	srliw	a2,a2,0x1
  uint32_t divider =
 20009c4:	367d                	addiw	a2,a2,-1
  if (divider & ~clkdiv_mask) {
 20009c6:	04b67263          	bgeu	a2,a1,2000a0a <dif_spi_host_configure_cs.isra.0+0x5c>
  bitfield |= (value & field.mask) << field.index;
 20009ca:	01fe1e1b          	slliw	t3,t3,0x1f
 20009ce:	01e8989b          	slliw	a7,a7,0x1e
 20009d2:	01c8e8b3          	or	a7,a7,t3
 20009d6:	01d8181b          	slliw	a6,a6,0x1d
 20009da:	8bbd                	andi	a5,a5,15
 20009dc:	01186833          	or	a6,a6,a7
 20009e0:	07e2                	slli	a5,a5,0x18
 20009e2:	8b3d                	andi	a4,a4,15
    uint32_t reg_offset     = SPI_HOST_CONFIGOPTS_0_REG_OFFSET + 4*csid;
 20009e4:	030a                	slli	t1,t1,0x2
 20009e6:	610c                	ld	a1,0(a0)
 20009e8:	0107e7b3          	or	a5,a5,a6
 20009ec:	2361                	addiw	t1,t1,24
 20009ee:	0752                	slli	a4,a4,0x14
 20009f0:	8abd                	andi	a3,a3,15
 20009f2:	8f5d                	or	a4,a4,a5
 20009f4:	1302                	slli	t1,t1,0x20
 20009f6:	06c2                	slli	a3,a3,0x10
 20009f8:	02035313          	srli	t1,t1,0x20
 20009fc:	8ed9                	or	a3,a3,a4
 20009fe:	8ed1                	or	a3,a3,a2
 2000a00:	006587b3          	add	a5,a1,t1
 2000a04:	c394                	sw	a3,0(a5)
                             config.full_cycle);
  reg = bitfield_bit32_write(reg, cpha_bit, config.cpha);
  reg = bitfield_bit32_write(reg, cpol_bit, config.cpol);
  mmio_region_write32(spi_host->base_addr, reg_offset, reg);

  return kDifOk;
 2000a06:	4501                	li	a0,0
 2000a08:	8082                	ret
    return kDifBadArg;
 2000a0a:	450d                	li	a0,3
}
 2000a0c:	8082                	ret

0000000002000a0e <spi_s25fs512s_init.constprop.0>:

int spi_s25fs512s_init(spi_s25fs512s_t *handle, uint64_t core_freq) {
    // Check for legal arguments
    CHECK_ASSERT(0x11, handle != 0)
    CHECK_ASSERT(0x12, handle->csid < SPI_HOST_PARAM_NUM_C_S)
    CHECK_ASSERT(0x13, handle->spi_freq != 0)
 2000a0e:	6514                	ld	a3,8(a0)
 2000a10:	c2b9                	beqz	a3,2000a56 <spi_s25fs512s_init.constprop.0+0x48>
    CHECK_ASSERT(0x14, handle->spi_freq <= core_freq)
 2000a12:	04d5e063          	bltu	a1,a3,2000a52 <spi_s25fs512s_init.constprop.0+0x44>
int spi_s25fs512s_init(spi_s25fs512s_t *handle, uint64_t core_freq) {
 2000a16:	7139                	addi	sp,sp,-64
 2000a18:	872a                	mv	a4,a0
                               dif_spi_host_t *spi_host) {
  if (spi_host == NULL) {
    return kDifBadArg;
  }

  spi_host->base_addr = base_addr;
 2000a1a:	01003517          	auipc	a0,0x1003
 2000a1e:	fc06                	sd	ra,56(sp)
 2000a20:	5e650513          	addi	a0,a0,1510 # 3004000 <__base_spih>
 2000a24:	e308                	sd	a0,0(a4)
 2000a26:	f02e                	sd	a1,32(sp)
 2000a28:	ec3a                	sd	a4,24(sp)
  spi_host_reset(spi_host);
 2000a2a:	f436                	sd	a3,40(sp)
 2000a2c:	f5fff0ef          	jal	200098a <spi_host_reset.isra.0>
                                    .cpha = 0,
                                    .cpol = 0,
                                    .full_cycle = false,
                                    .peripheral_clock_freq_hz = core_freq,
                                    .spi_clock = handle->spi_freq};
    CHECK_CALL(dif_spi_host_configure_cs(&handle->spi_host, config, handle->csid))
 2000a30:	4785                	li	a5,1
 2000a32:	5602                	lw	a2,32(sp)
 2000a34:	55a2                	lw	a1,40(sp)
 2000a36:	6562                	ld	a0,24(sp)
 2000a38:	e43e                	sd	a5,8(sp)
 2000a3a:	47bd                	li	a5,15
 2000a3c:	e002                	sd	zero,0(sp)
 2000a3e:	873e                	mv	a4,a5
 2000a40:	86be                	mv	a3,a5
 2000a42:	4881                	li	a7,0
 2000a44:	4801                	li	a6,0
 2000a46:	f69ff0ef          	jal	20009ae <dif_spi_host_configure_cs.isra.0>
 2000a4a:	c901                	beqz	a0,2000a5a <spi_s25fs512s_init.constprop.0+0x4c>
    // Enable SPI host (no traps or interrupts)
    dif_spi_host_enable(&handle->spi_host, 1);
    CHECK_CALL(dif_spi_host_output_set_enabled(&handle->spi_host, 1))
    // Nothing went wrong
    return 0;
}
 2000a4c:	70e2                	ld	ra,56(sp)
 2000a4e:	6121                	addi	sp,sp,64
 2000a50:	8082                	ret
    CHECK_ASSERT(0x14, handle->spi_freq <= core_freq)
 2000a52:	4551                	li	a0,20
}
 2000a54:	8082                	ret
    CHECK_ASSERT(0x13, handle->spi_freq != 0)
 2000a56:	454d                	li	a0,19
 2000a58:	8082                	ret
 2000a5a:	01003717          	auipc	a4,0x1003
 2000a5e:	5a670713          	addi	a4,a4,1446 # 3004000 <__base_spih>
 2000a62:	800006b7          	lui	a3,0x80000
  return ((volatile uint32_t *)base.base)[offset / sizeof(uint32_t)];
 2000a66:	01003797          	auipc	a5,0x1003
  ((volatile uint32_t *)base.base)[offset / sizeof(uint32_t)] = value;
 2000a6a:	cb14                	sw	a3,16(a4)
  return ((volatile uint32_t *)base.base)[offset / sizeof(uint32_t)];
 2000a6c:	59a78793          	addi	a5,a5,1434 # 3004000 <__base_spih>
 2000a70:	4b98                	lw	a4,16(a5)
 2000a72:	200006b7          	lui	a3,0x20000
  ((volatile uint32_t *)base.base)[offset / sizeof(uint32_t)] = value;
 2000a76:	01003797          	auipc	a5,0x1003
 2000a7a:	8f55                	or	a4,a4,a3
 2000a7c:	58a78793          	addi	a5,a5,1418 # 3004000 <__base_spih>
 2000a80:	cb98                	sw	a4,16(a5)
 2000a82:	b7e9                	j	2000a4c <spi_s25fs512s_init.constprop.0+0x3e>

0000000002000a84 <gpt_boot_part_else_raw.constprop.0>:
    }
    // Nothing went wrong
    return 0;
}

int gpt_boot_part_else_raw(gpt_read_t read, void *priv, void *code_buf, uint64_t max_lbas,
 2000a84:	7119                	addi	sp,sp,-128
 2000a86:	f4a6                	sd	s1,104(sp)
 2000a88:	84ae                	mv	s1,a1
 2000a8a:	f0ca                	sd	s2,96(sp)
 2000a8c:	fc86                	sd	ra,120(sp)
 2000a8e:	ecce                	sd	s3,88(sp)
 2000a90:	e8d2                	sd	s4,80(sp)
 2000a92:	892a                	mv	s2,a0
    if (read(priv, &sig, 0x200, sizeof(sig))) return 0;
 2000a94:	100c                	addi	a1,sp,32
 2000a96:	8526                	mv	a0,s1
 2000a98:	46a1                	li	a3,8
 2000a9a:	20000613          	li	a2,512
 2000a9e:	9902                	jalr	s2
 2000aa0:	e165                	bnez	a0,2000b80 <gpt_boot_part_else_raw.constprop.0+0xfc>
                           const uint64_t *tguid, const uint64_t *pguid) {
    uint64_t lba_begin = 0, lba_end = max_lbas - 1;
    int64_t part_idx;
    if (gpt_check_signature(read, priv))
 2000aa2:	054527b7          	lui	a5,0x5452
 2000aa6:	41578793          	addi	a5,a5,1045 # 5452415 <__base_plic+0x1452415>
 2000aaa:	20494737          	lui	a4,0x20494
    return (sig == 0x5452415020494645UL /*EFI PART*/);
 2000aae:	7682                	ld	a3,32(sp)
    if (gpt_check_signature(read, priv))
 2000ab0:	1792                	slli	a5,a5,0x24
 2000ab2:	64570713          	addi	a4,a4,1605 # 20494645 <__stack_pointer$+0x1048464d>
 2000ab6:	97ba                	add	a5,a5,a4
 2000ab8:	0cf69463          	bne	a3,a5,2000b80 <gpt_boot_part_else_raw.constprop.0+0xfc>
    CHECK_CALL(read(priv, &hf, hf_offs, sizeof(hf)));
 2000abc:	46c1                	li	a3,16
 2000abe:	24800613          	li	a2,584
 2000ac2:	858a                	mv	a1,sp
 2000ac4:	8526                	mv	a0,s1
 2000ac6:	9902                	jalr	s2
 2000ac8:	87aa                	mv	a5,a0
 2000aca:	12051663          	bnez	a0,2000bf6 <gpt_boot_part_else_raw.constprop.0+0x172>
    for (p = 0; p < hf.count; ++p) {
 2000ace:	47a2                	lw	a5,8(sp)
 2000ad0:	cbc5                	beqz	a5,2000b80 <gpt_boot_part_else_raw.constprop.0+0xfc>
 2000ad2:	e0da                	sd	s6,64(sp)
            if (guid[0] == tguid[0] && guid[1] == tguid[1]) break;
 2000ad4:	622c47b7          	lui	a5,0x622c4
 2000ad8:	4ce50b37          	lui	s6,0x4ce50
 2000adc:	d95b0b13          	addi	s6,s6,-619 # 4ce4fd95 <__stack_pointer$+0x3ce3fd9d>
 2000ae0:	0269b6b7          	lui	a3,0x269b
 2000ae4:	10178793          	addi	a5,a5,257 # 622c4101 <__stack_pointer$+0x522b4109>
 2000ae8:	1494d737          	lui	a4,0x1494d
 2000aec:	1b02                	slli	s6,s6,0x20
 2000aee:	26a68693          	addi	a3,a3,618 # 269b26a <__base_axirtgrd+0x5d926e>
 2000af2:	1782                	slli	a5,a5,0x20
 2000af4:	f9870713          	addi	a4,a4,-104 # 1494cf98 <__stack_pointer$+0x493cfa0>
    uint64_t lba_begin = 0, lba_end = max_lbas - 1;
 2000af8:	05f00993          	li	s3,95
 2000afc:	e4d6                	sd	s5,72(sp)
 2000afe:	fc5e                	sd	s7,56(sp)
 2000b00:	f862                	sd	s8,48(sp)
 2000b02:	f8a2                	sd	s0,112(sp)
            if (guid[0] == tguid[0] && guid[1] == tguid[1]) break;
 2000b04:	9b36                	add	s6,s6,a3
 2000b06:	00e78c33          	add	s8,a5,a4
        if (dim.lba_end - dim.lba_begin >= max_lbas) continue;
 2000b0a:	8ace                	mv	s5,s3
    uint64_t lba_begin = 0, lba_end = max_lbas - 1;
 2000b0c:	4a01                	li	s4,0
    for (p = 0; p < hf.count; ++p) {
 2000b0e:	4b81                	li	s7,0
        uint64_t pe_offs = 0x200 * hf.lba + p * hf.size;
 2000b10:	00c16783          	lwu	a5,12(sp)
 2000b14:	6402                	ld	s0,0(sp)
        CHECK_CALL(read(priv, &dim, pe_offs + 0x20, sizeof(dim)));
 2000b16:	46c1                	li	a3,16
        uint64_t pe_offs = 0x200 * hf.lba + p * hf.size;
 2000b18:	037787b3          	mul	a5,a5,s7
 2000b1c:	0426                	slli	s0,s0,0x9
        CHECK_CALL(read(priv, &dim, pe_offs + 0x20, sizeof(dim)));
 2000b1e:	00d105b3          	add	a1,sp,a3
 2000b22:	8526                	mv	a0,s1
        uint64_t pe_offs = 0x200 * hf.lba + p * hf.size;
 2000b24:	943e                	add	s0,s0,a5
        CHECK_CALL(read(priv, &dim, pe_offs + 0x20, sizeof(dim)));
 2000b26:	02040613          	addi	a2,s0,32
 2000b2a:	9902                	jalr	s2
 2000b2c:	87aa                	mv	a5,a0
            CHECK_CALL(read(priv, &guid[0], pe_offs, sizeof(guid)))
 2000b2e:	46c1                	li	a3,16
 2000b30:	8622                	mv	a2,s0
 2000b32:	100c                	addi	a1,sp,32
 2000b34:	8526                	mv	a0,s1
        CHECK_CALL(read(priv, &dim, pe_offs + 0x20, sizeof(dim)));
 2000b36:	ebdd                	bnez	a5,2000bec <gpt_boot_part_else_raw.constprop.0+0x168>
            *lba_begin = dim.lba_begin;
 2000b38:	6742                	ld	a4,16(sp)
            *lba_end = MIN(dim.lba_end, dim.lba_begin + max_lbas - 1);
 2000b3a:	67e2                	ld	a5,24(sp)
        if (p == 0) {
 2000b3c:	000b9863          	bnez	s7,2000b4c <gpt_boot_part_else_raw.constprop.0+0xc8>
            *lba_end = MIN(dim.lba_end, dim.lba_begin + max_lbas - 1);
 2000b40:	05f70993          	addi	s3,a4,95
 2000b44:	0137f363          	bgeu	a5,s3,2000b4a <gpt_boot_part_else_raw.constprop.0+0xc6>
 2000b48:	89be                	mv	s3,a5
            *lba_begin = dim.lba_begin;
 2000b4a:	8a3a                	mv	s4,a4
        if (dim.lba_end - dim.lba_begin >= max_lbas) continue;
 2000b4c:	8f99                	sub	a5,a5,a4
 2000b4e:	00fae863          	bltu	s5,a5,2000b5e <gpt_boot_part_else_raw.constprop.0+0xda>
            CHECK_CALL(read(priv, &guid[0], pe_offs, sizeof(guid)))
 2000b52:	9902                	jalr	s2
 2000b54:	87aa                	mv	a5,a0
 2000b56:	e959                	bnez	a0,2000bec <gpt_boot_part_else_raw.constprop.0+0x168>
            if (guid[0] == tguid[0] && guid[1] == tguid[1]) break;
 2000b58:	7782                	ld	a5,32(sp)
 2000b5a:	09678563          	beq	a5,s6,2000be4 <gpt_boot_part_else_raw.constprop.0+0x160>
    for (p = 0; p < hf.count; ++p) {
 2000b5e:	00816783          	lwu	a5,8(sp)
 2000b62:	0b85                	addi	s7,s7,1
 2000b64:	fafbc6e3          	blt	s7,a5,2000b10 <gpt_boot_part_else_raw.constprop.0+0x8c>
    if (p != hf.count) {
 2000b68:	00816783          	lwu	a5,8(sp)
 2000b6c:	01778463          	beq	a5,s7,2000b74 <gpt_boot_part_else_raw.constprop.0+0xf0>
        *lba_begin = dim.lba_begin;
 2000b70:	6a42                	ld	s4,16(sp)
        *lba_end = dim.lba_end;
 2000b72:	69e2                	ld	s3,24(sp)
 2000b74:	7446                	ld	s0,112(sp)
 2000b76:	6aa6                	ld	s5,72(sp)
 2000b78:	6b06                	ld	s6,64(sp)
 2000b7a:	7be2                	ld	s7,56(sp)
 2000b7c:	7c42                	ld	s8,48(sp)
 2000b7e:	a021                	j	2000b86 <gpt_boot_part_else_raw.constprop.0+0x102>
    uint64_t lba_begin = 0, lba_end = max_lbas - 1;
 2000b80:	05f00993          	li	s3,95
 2000b84:	4a01                	li	s4,0
        CHECK_CALL(
            gpt_find_partition(read, priv, &part_idx, &lba_begin, &lba_end, max_lbas, tguid, pguid))
    // Copy code to SPM (end is *inclusive*, not past-the-end)
    uint64_t addr = 0x200 * lba_begin;
    uint64_t len = 0x200 * (lba_end - lba_begin + 1);
 2000b86:	414986b3          	sub	a3,s3,s4
    CHECK_CALL(read(priv, code_buf, addr, len));
 2000b8a:	0dfff597          	auipc	a1,0xdfff
 2000b8e:	06a6                	slli	a3,a3,0x9
 2000b90:	20068693          	addi	a3,a3,512
 2000b94:	009a1613          	slli	a2,s4,0x9
 2000b98:	47658593          	addi	a1,a1,1142 # 10000000 <__base_spm>
 2000b9c:	8526                	mv	a0,s1
 2000b9e:	9902                	jalr	s2
 2000ba0:	87aa                	mv	a5,a0
 2000ba2:	e931                	bnez	a0,2000bf6 <gpt_boot_part_else_raw.constprop.0+0x172>
    // Write pointers for used read function to scratch registers for use in following stages
    *reg32(&__base_regs, CHESHIRE_SCRATCH_0_REG_OFFSET) = (uintptr_t)((void *)read) | 1;
 2000ba4:	00196913          	ori	s2,s2,1
 2000ba8:	2901                	sext.w	s2,s2
 2000baa:	00fff717          	auipc	a4,0xfff
    *reg32(&__base_regs, CHESHIRE_SCRATCH_1_REG_OFFSET) = (uintptr_t)priv;
 2000bae:	00fff797          	auipc	a5,0xfff
 2000bb2:	2481                	sext.w	s1,s1
    *reg32(&__base_regs, CHESHIRE_SCRATCH_0_REG_OFFSET) = (uintptr_t)((void *)read) | 1;
 2000bb4:	45272b23          	sw	s2,1110(a4) # 3000000 <__base_regs>
    *reg32(&__base_regs, CHESHIRE_SCRATCH_1_REG_OFFSET) = (uintptr_t)priv;
 2000bb8:	45278793          	addi	a5,a5,1106 # 3000000 <__base_regs>
 2000bbc:	c3c4                	sw	s1,4(a5)
}

// Set global pointer and return prior value. Use with caution.
static inline void *gprw(void *gp) {
    void *ret;
    asm volatile("mv %0, gp" : "=r"(ret)::"memory");
 2000bbe:	870e                	mv	a4,gp
    *reg32(&__base_regs, CHESHIRE_SCRATCH_3_REG_OFFSET) = (uintptr_t)gprw(0);
 2000bc0:	00fff797          	auipc	a5,0xfff
    // Invoke code
    return boot_next_stage((void *)code_buf);
}
 2000bc4:	70e6                	ld	ra,120(sp)
 2000bc6:	74a6                	ld	s1,104(sp)
 2000bc8:	7906                	ld	s2,96(sp)
 2000bca:	69e6                	ld	s3,88(sp)
 2000bcc:	6a46                	ld	s4,80(sp)
    *reg32(&__base_regs, CHESHIRE_SCRATCH_3_REG_OFFSET) = (uintptr_t)gprw(0);
 2000bce:	2701                	sext.w	a4,a4
 2000bd0:	44078793          	addi	a5,a5,1088 # 3000000 <__base_regs>
    return boot_next_stage((void *)code_buf);
 2000bd4:	0dfff517          	auipc	a0,0xdfff
    *reg32(&__base_regs, CHESHIRE_SCRATCH_3_REG_OFFSET) = (uintptr_t)gprw(0);
 2000bd8:	c7d8                	sw	a4,12(a5)
    return boot_next_stage((void *)code_buf);
 2000bda:	42c50513          	addi	a0,a0,1068 # 10000000 <__base_spm>
}
 2000bde:	6109                	addi	sp,sp,128
    return boot_next_stage((void *)code_buf);
 2000be0:	d10ff06f          	j	20000f0 <boot_next_stage>
            if (guid[0] == tguid[0] && guid[1] == tguid[1]) break;
 2000be4:	77a2                	ld	a5,40(sp)
 2000be6:	f7879ce3          	bne	a5,s8,2000b5e <gpt_boot_part_else_raw.constprop.0+0xda>
 2000bea:	bfbd                	j	2000b68 <gpt_boot_part_else_raw.constprop.0+0xe4>
 2000bec:	7446                	ld	s0,112(sp)
 2000bee:	6aa6                	ld	s5,72(sp)
 2000bf0:	6b06                	ld	s6,64(sp)
 2000bf2:	7be2                	ld	s7,56(sp)
 2000bf4:	7c42                	ld	s8,48(sp)
}
 2000bf6:	70e6                	ld	ra,120(sp)
 2000bf8:	74a6                	ld	s1,104(sp)
 2000bfa:	7906                	ld	s2,96(sp)
 2000bfc:	69e6                	ld	s3,88(sp)
 2000bfe:	6a46                	ld	s4,80(sp)
 2000c00:	853e                	mv	a0,a5
 2000c02:	6109                	addi	sp,sp,128
 2000c04:	8082                	ret

0000000002000c06 <dif_spi_host_fifo_write.isra.0>:
}

dif_result_t dif_spi_host_fifo_write(const dif_spi_host_t *spi_host,
                                     const void *src, uint16_t len) {
  uintptr_t ptr = (uintptr_t)src;
  if (spi_host == NULL || (src == NULL && len > 0)) {
 2000c06:	cd51                	beqz	a0,2000ca2 <dif_spi_host_fifo_write.isra.0+0x9c>
 2000c08:	e191                	bnez	a1,2000c0c <dif_spi_host_fifo_write.isra.0+0x6>
 2000c0a:	ee41                	bnez	a2,2000ca2 <dif_spi_host_fifo_write.isra.0+0x9c>
    return kDifBadArg;
  }

  // If the pointer starts mis-aligned, write until we are aligned.
  while (misalignment32_of(ptr) && len > 0) {
 2000c0c:	0035f793          	andi	a5,a1,3
  } while (txqd == SPI_HOST_PARAM_TX_DEPTH);
 2000c10:	04800693          	li	a3,72
  while (misalignment32_of(ptr) && len > 0) {
 2000c14:	c39d                	beqz	a5,2000c3a <dif_spi_host_fifo_write.isra.0+0x34>
 2000c16:	c659                	beqz	a2,2000ca4 <dif_spi_host_fifo_write.isra.0+0x9e>
 2000c18:	6118                	ld	a4,0(a0)
  return ((volatile uint32_t *)base.base)[offset / sizeof(uint32_t)];
 2000c1a:	4b5c                	lw	a5,20(a4)
  } while (txqd == SPI_HOST_PARAM_TX_DEPTH);
 2000c1c:	0ff7f793          	zext.b	a5,a5
 2000c20:	fed78de3          	beq	a5,a3,2000c1a <dif_spi_host_fifo_write.isra.0+0x14>
  mmio_region_write8(spi_host->base_addr, SPI_HOST_TXDATA_REG_OFFSET, *src);
 2000c24:	0005c783          	lbu	a5,0(a1)
    tx_fifo_write8(spi_host, ptr);
    ptr += 1;
    len -= 1;
 2000c28:	367d                	addiw	a2,a2,-1
    ptr += 1;
 2000c2a:	0585                	addi	a1,a1,1
  ((volatile uint8_t *)base.base)[offset / sizeof(uint8_t)] = value;
 2000c2c:	02f70823          	sb	a5,48(a4)
    len -= 1;
 2000c30:	1642                	slli	a2,a2,0x30
  while (misalignment32_of(ptr) && len > 0) {
 2000c32:	0035f793          	andi	a5,a1,3
    len -= 1;
 2000c36:	9241                	srli	a2,a2,0x30
  while (misalignment32_of(ptr) && len > 0) {
 2000c38:	fff9                	bnez	a5,2000c16 <dif_spi_host_fifo_write.isra.0+0x10>
  }

  // Write complete 32-bit words to the fifo.
  while (len > 3) {
 2000c3a:	478d                	li	a5,3
 2000c3c:	882e                	mv	a6,a1
 2000c3e:	02c7fa63          	bgeu	a5,a2,2000c72 <dif_spi_host_fifo_write.isra.0+0x6c>
 2000c42:	0026581b          	srliw	a6,a2,0x2
 2000c46:	387d                	addiw	a6,a6,-1
 2000c48:	1842                	slli	a6,a6,0x30
 2000c4a:	03085813          	srli	a6,a6,0x30
 2000c4e:	6118                	ld	a4,0(a0)
 2000c50:	00458793          	addi	a5,a1,4
 2000c54:	080a                	slli	a6,a6,0x2
 2000c56:	983e                	add	a6,a6,a5
  } while (txqd == SPI_HOST_PARAM_TX_DEPTH);
 2000c58:	04800693          	li	a3,72
  return ((volatile uint32_t *)base.base)[offset / sizeof(uint32_t)];
 2000c5c:	4b5c                	lw	a5,20(a4)
 2000c5e:	0ff7f793          	zext.b	a5,a5
 2000c62:	fed78de3          	beq	a5,a3,2000c5c <dif_spi_host_fifo_write.isra.0+0x56>
  // Failing to get that particular codegen in either GCC or Clang with -O2 or
  // -Os set shall be considered a bug in this function. The same applies to
  // `write32()`.
  ptr = __builtin_assume_aligned(ptr, alignof(uint32_t));
  uint32_t val;
  __builtin_memcpy(&val, ptr, sizeof(uint32_t));
 2000c66:	419c                	lw	a5,0(a1)
    tx_fifo_write32(spi_host, ptr);
    ptr += 4;
 2000c68:	0591                	addi	a1,a1,4
  ((volatile uint32_t *)base.base)[offset / sizeof(uint32_t)] = value;
 2000c6a:	db1c                	sw	a5,48(a4)
  while (len > 3) {
 2000c6c:	ff0598e3          	bne	a1,a6,2000c5c <dif_spi_host_fifo_write.isra.0+0x56>
 2000c70:	8a0d                	andi	a2,a2,3
    len -= 4;
  }

  // Clean up any leftover bytes.
  while (len > 0) {
 2000c72:	ca05                	beqz	a2,2000ca2 <dif_spi_host_fifo_write.isra.0+0x9c>
 2000c74:	00c8073b          	addw	a4,a6,a2
 2000c78:	1742                	slli	a4,a4,0x30
 2000c7a:	85c2                	mv	a1,a6
 2000c7c:	9341                	srli	a4,a4,0x30
  } while (txqd == SPI_HOST_PARAM_TX_DEPTH);
 2000c7e:	04800613          	li	a2,72
 2000c82:	6114                	ld	a3,0(a0)
  return ((volatile uint32_t *)base.base)[offset / sizeof(uint32_t)];
 2000c84:	4adc                	lw	a5,20(a3)
 2000c86:	0ff7f793          	zext.b	a5,a5
 2000c8a:	fec78de3          	beq	a5,a2,2000c84 <dif_spi_host_fifo_write.isra.0+0x7e>
  mmio_region_write8(spi_host->base_addr, SPI_HOST_TXDATA_REG_OFFSET, *src);
 2000c8e:	0005c803          	lbu	a6,0(a1)
    tx_fifo_write8(spi_host, ptr);
    ptr += 1;
 2000c92:	0585                	addi	a1,a1,1
  while (len > 0) {
 2000c94:	03059793          	slli	a5,a1,0x30
 2000c98:	93c1                	srli	a5,a5,0x30
  ((volatile uint8_t *)base.base)[offset / sizeof(uint8_t)] = value;
 2000c9a:	03068823          	sb	a6,48(a3)
 2000c9e:	fef712e3          	bne	a4,a5,2000c82 <dif_spi_host_fifo_write.isra.0+0x7c>
    len -= 1;
  }

  return kDifOk;
}
 2000ca2:	8082                	ret
 2000ca4:	8082                	ret

0000000002000ca6 <issue_data_phase>:
                    kDifSpiHostDirectionDummy, last_segment);
}

static dif_result_t issue_data_phase(const dif_spi_host_t *spi_host,
                                     dif_spi_host_segment_t *segment,
                                     bool last_segment) {
 2000ca6:	86ae                	mv	a3,a1
  size_t length;
  dif_spi_host_width_t width;
  dif_spi_host_direction_t direction;

  switch (segment->type) {
 2000ca8:	418c                	lw	a1,0(a1)
                                     bool last_segment) {
 2000caa:	7179                	addi	sp,sp,-48
 2000cac:	f406                	sd	ra,40(sp)
  switch (segment->type) {
 2000cae:	4711                	li	a4,4
                                     bool last_segment) {
 2000cb0:	87b2                	mv	a5,a2
 2000cb2:	882a                	mv	a6,a0
  switch (segment->type) {
 2000cb4:	06e58a63          	beq	a1,a4,2000d28 <issue_data_phase+0x82>
 2000cb8:	4715                	li	a4,5
 2000cba:	04e58763          	beq	a1,a4,2000d08 <issue_data_phase+0x62>
 2000cbe:	470d                	li	a4,3
 2000cc0:	06e59963          	bne	a1,a4,2000d32 <issue_data_phase+0x8c>
    case kDifSpiHostSegmentTypeTx:
      width = segment->tx.width;
      length = segment->tx.length;
      direction = kDifSpiHostDirectionTx;
      spi_host_fifo_write_alias(spi_host, segment->tx.buf, segment->tx.length);
 2000cc4:	0186d603          	lhu	a2,24(a3)
      width = segment->tx.width;
 2000cc8:	4698                	lw	a4,8(a3)
      spi_host_fifo_write_alias(spi_host, segment->tx.buf, segment->tx.length);
 2000cca:	6a8c                	ld	a1,16(a3)
 2000ccc:	e032                	sd	a2,0(sp)
      width = segment->tx.width;
 2000cce:	e43a                	sd	a4,8(sp)
      spi_host_fifo_write_alias(spi_host, segment->tx.buf, segment->tx.length);
 2000cd0:	ec3e                	sd	a5,24(sp)
 2000cd2:	e82a                	sd	a0,16(sp)
 2000cd4:	f33ff0ef          	jal	2000c06 <dif_spi_host_fifo_write.isra.0>
      break;
 2000cd8:	6602                	ld	a2,0(sp)
 2000cda:	6722                	ld	a4,8(sp)
 2000cdc:	6842                	ld	a6,16(sp)
 2000cde:	67e2                	ld	a5,24(sp)
 2000ce0:	6689                	lui	a3,0x2
  return bitfield_field32_write(bitfield, bitfield_bit32_to_field32(bit_index),
 2000ce2:	0017c793          	xori	a5,a5,1
  bitfield |= (value & field.mask) << field.index;
 2000ce6:	0097979b          	slliw	a5,a5,0x9
 2000cea:	8b0d                	andi	a4,a4,3
 2000cec:	8fd5                	or	a5,a5,a3
 2000cee:	072a                	slli	a4,a4,0xa
 2000cf0:	00083683          	ld	a3,0(a6)
  reg = bitfield_field32_write(reg, SPI_HOST_COMMAND_LEN_FIELD, length - 1);
 2000cf4:	367d                	addiw	a2,a2,-1
      // represent a data transfer.
      return kDifBadArg;
  }
  write_command_reg(spi_host, length, width, direction, last_segment);
  return kDifOk;
}
 2000cf6:	70a2                	ld	ra,40(sp)
 2000cf8:	8fd9                	or	a5,a5,a4
 2000cfa:	1ff67613          	andi	a2,a2,511
 2000cfe:	8fd1                	or	a5,a5,a2
  ((volatile uint32_t *)base.base)[offset / sizeof(uint32_t)] = value;
 2000d00:	d69c                	sw	a5,40(a3)
  return kDifOk;
 2000d02:	4501                	li	a0,0
}
 2000d04:	6145                	addi	sp,sp,48
 2000d06:	8082                	ret
      width = segment->bidir.width;
 2000d08:	4698                	lw	a4,8(a3)
      spi_host_fifo_write_alias(spi_host, segment->bidir.txbuf,
 2000d0a:	6a8c                	ld	a1,16(a3)
 2000d0c:	ec32                	sd	a2,24(sp)
 2000d0e:	0206d603          	lhu	a2,32(a3) # 2020 <gpt.c.d01acdb6-0x4842>
      width = segment->bidir.width;
 2000d12:	e43a                	sd	a4,8(sp)
      spi_host_fifo_write_alias(spi_host, segment->bidir.txbuf,
 2000d14:	e82a                	sd	a0,16(sp)
 2000d16:	e032                	sd	a2,0(sp)
 2000d18:	eefff0ef          	jal	2000c06 <dif_spi_host_fifo_write.isra.0>
      break;
 2000d1c:	6602                	ld	a2,0(sp)
 2000d1e:	6722                	ld	a4,8(sp)
 2000d20:	6842                	ld	a6,16(sp)
 2000d22:	67e2                	ld	a5,24(sp)
 2000d24:	668d                	lui	a3,0x3
 2000d26:	bf75                	j	2000ce2 <issue_data_phase+0x3c>
      width = segment->rx.width;
 2000d28:	4698                	lw	a4,8(a3)
  write_command_reg(spi_host, length, width, direction, last_segment);
 2000d2a:	0186d603          	lhu	a2,24(a3) # 3018 <gpt.c.d01acdb6-0x384a>
      break;
 2000d2e:	6685                	lui	a3,0x1
 2000d30:	bf4d                	j	2000ce2 <issue_data_phase+0x3c>
}
 2000d32:	70a2                	ld	ra,40(sp)
  switch (segment->type) {
 2000d34:	853a                	mv	a0,a4
}
 2000d36:	6145                	addi	sp,sp,48
 2000d38:	8082                	ret

0000000002000d3a <dif_spi_host_fifo_read.part.0.isra.0>:
dif_result_t dif_spi_host_fifo_read(const dif_spi_host_t *spi_host, void *dst,
 2000d3a:	1141                	addi	sp,sp,-16
  queue_t queue = {0};
 2000d3c:	e002                	sd	zero,0(sp)
 2000d3e:	e402                	sd	zero,8(sp)
  while (misalignment32_of(ptr) && len > 0) {
 2000d40:	0035f793          	andi	a5,a1,3
 2000d44:	cb85                	beqz	a5,2000d74 <dif_spi_host_fifo_read.part.0.isra.0+0x3a>
 2000d46:	6841                	lui	a6,0x10
 2000d48:	f0080813          	addi	a6,a6,-256 # ff00 <dif_spi_host_autogen.c.3aa79438+0x46f7>
 2000d4c:	c679                	beqz	a2,2000e1a <dif_spi_host_fifo_read.part.0.isra.0+0xe0>
    if (queue.length < 1) {
 2000d4e:	4702                	lw	a4,0(sp)
 2000d50:	0ce05763          	blez	a4,2000e1e <dif_spi_host_fifo_read.part.0.isra.0+0xe4>
  queue->length -= 1;
 2000d54:	377d                	addiw	a4,a4,-1
  write_64(qword >> 8, queue->data);
 2000d56:	67a2                	ld	a5,8(sp)
  uint8_t val = queue->data[0];
 2000d58:	00814683          	lbu	a3,8(sp)
    len -= 1;
 2000d5c:	367d                	addiw	a2,a2,-1
  write_64(qword >> 8, queue->data);
 2000d5e:	83a1                	srli	a5,a5,0x8
    *p = dequeue_byte(&queue);
 2000d60:	00d58023          	sb	a3,0(a1)
    ptr += 1;
 2000d64:	0585                	addi	a1,a1,1
inline void write_64(uint64_t value, void *ptr) {
  // Both GCC and Clang optimize the code below into a single word-store on most
  // platforms. See the comment in `read_64()` for more implementation-private
  // information.
  ptr = __builtin_assume_aligned(ptr, alignof(uint64_t));
  __builtin_memcpy(ptr, &value, sizeof(uint64_t));
 2000d66:	e43e                	sd	a5,8(sp)
    len -= 1;
 2000d68:	1642                	slli	a2,a2,0x30
  queue->length -= 1;
 2000d6a:	c03a                	sw	a4,0(sp)
  while (misalignment32_of(ptr) && len > 0) {
 2000d6c:	0035f793          	andi	a5,a1,3
    len -= 1;
 2000d70:	9241                	srli	a2,a2,0x30
  while (misalignment32_of(ptr) && len > 0) {
 2000d72:	ffe9                	bnez	a5,2000d4c <dif_spi_host_fifo_read.part.0.isra.0+0x12>
  while (len > 3) {
 2000d74:	430d                	li	t1,3
 2000d76:	86ae                	mv	a3,a1
 2000d78:	06c37a63          	bgeu	t1,a2,2000dec <dif_spi_host_fifo_read.part.0.isra.0+0xb2>
 2000d7c:	0026579b          	srliw	a5,a2,0x2
 2000d80:	37fd                	addiw	a5,a5,-1
 2000d82:	17c2                	slli	a5,a5,0x30
 2000d84:	93c1                	srli	a5,a5,0x30
 2000d86:	00458713          	addi	a4,a1,4
 2000d8a:	078a                	slli	a5,a5,0x2
  } while (rxqd == 0);
 2000d8c:	68c1                	lui	a7,0x10
 2000d8e:	00e786b3          	add	a3,a5,a4
 2000d92:	f0088893          	addi	a7,a7,-256 # ff00 <dif_spi_host_autogen.c.3aa79438+0x46f7>
 2000d96:	00410e93          	addi	t4,sp,4
 2000d9a:	a819                	j	2000db0 <dif_spi_host_fifo_read.part.0.isra.0+0x76>
  queue->length -= 4;
 2000d9c:	3771                	addiw	a4,a4,-4
  __builtin_memcpy(&val, ptr, sizeof(uint32_t));
 2000d9e:	4822                	lw	a6,8(sp)
  __builtin_memcpy(ptr, &value, sizeof(uint32_t));
 2000da0:	47b2                	lw	a5,12(sp)
 2000da2:	c03a                	sw	a4,0(sp)
 2000da4:	0105a023          	sw	a6,0(a1)
 2000da8:	c43e                	sw	a5,8(sp)
    ptr += 4;
 2000daa:	0591                	addi	a1,a1,4
  while (len > 3) {
 2000dac:	02b68f63          	beq	a3,a1,2000dea <dif_spi_host_fifo_read.part.0.isra.0+0xb0>
    if (queue.length < 4) {
 2000db0:	4702                	lw	a4,0(sp)
 2000db2:	fee345e3          	blt	t1,a4,2000d9c <dif_spi_host_fifo_read.part.0.isra.0+0x62>
 2000db6:	00053803          	ld	a6,0(a0)
  return ((volatile uint32_t *)base.base)[offset / sizeof(uint32_t)];
 2000dba:	01482783          	lw	a5,20(a6)
  } while (rxqd == 0);
 2000dbe:	0117f7b3          	and	a5,a5,a7
 2000dc2:	dfe5                	beqz	a5,2000dba <dif_spi_host_fifo_read.part.0.isra.0+0x80>
 2000dc4:	02c82783          	lw	a5,44(a6)
  if (queue->length % sizeof(uint32_t) == 0) {
 2000dc8:	00377813          	andi	a6,a4,3
 2000dcc:	2781                	sext.w	a5,a5
 2000dce:	06081763          	bnez	a6,2000e3c <dif_spi_host_fifo_read.part.0.isra.0+0x102>
 2000dd2:	970a                	add	a4,a4,sp
 2000dd4:	c71c                	sw	a5,8(a4)
    queue->length += 4;
 2000dd6:	4702                	lw	a4,0(sp)
  __builtin_memcpy(&val, ptr, sizeof(uint32_t));
 2000dd8:	4822                	lw	a6,8(sp)
  __builtin_memcpy(ptr, &value, sizeof(uint32_t));
 2000dda:	47b2                	lw	a5,12(sp)
  queue->length -= 4;
 2000ddc:	c03a                	sw	a4,0(sp)
 2000dde:	0105a023          	sw	a6,0(a1)
 2000de2:	c43e                	sw	a5,8(sp)
    ptr += 4;
 2000de4:	0591                	addi	a1,a1,4
  while (len > 3) {
 2000de6:	fcb695e3          	bne	a3,a1,2000db0 <dif_spi_host_fifo_read.part.0.isra.0+0x76>
 2000dea:	8a0d                	andi	a2,a2,3
  while (len > 0) {
 2000dec:	c61d                	beqz	a2,2000e1a <dif_spi_host_fifo_read.part.0.isra.0+0xe0>
 2000dee:	9e35                	addw	a2,a2,a3
 2000df0:	1642                	slli	a2,a2,0x30
 2000df2:	87b6                	mv	a5,a3
 2000df4:	9241                	srli	a2,a2,0x30
    if (queue.length < 1) {
 2000df6:	4682                	lw	a3,0(sp)
 2000df8:	06d05c63          	blez	a3,2000e70 <dif_spi_host_fifo_read.part.0.isra.0+0x136>
  queue->length -= 1;
 2000dfc:	36fd                	addiw	a3,a3,-1 # fff <gpt.c.d01acdb6-0x5863>
  write_64(qword >> 8, queue->data);
 2000dfe:	6722                	ld	a4,8(sp)
  queue->length -= 1;
 2000e00:	c036                	sw	a3,0(sp)
  uint8_t val = queue->data[0];
 2000e02:	00814683          	lbu	a3,8(sp)
  write_64(qword >> 8, queue->data);
 2000e06:	8321                	srli	a4,a4,0x8
  __builtin_memcpy(ptr, &value, sizeof(uint64_t));
 2000e08:	e43a                	sd	a4,8(sp)
    *p = dequeue_byte(&queue);
 2000e0a:	00d78023          	sb	a3,0(a5)
    ptr += 1;
 2000e0e:	0785                	addi	a5,a5,1
  while (len > 0) {
 2000e10:	03079713          	slli	a4,a5,0x30
 2000e14:	9341                	srli	a4,a4,0x30
 2000e16:	fec710e3          	bne	a4,a2,2000df6 <dif_spi_host_fifo_read.part.0.isra.0+0xbc>
}
 2000e1a:	0141                	addi	sp,sp,16
 2000e1c:	8082                	ret
 2000e1e:	6114                	ld	a3,0(a0)
 2000e20:	4adc                	lw	a5,20(a3)
  } while (rxqd == 0);
 2000e22:	0107f7b3          	and	a5,a5,a6
 2000e26:	dfed                	beqz	a5,2000e20 <dif_spi_host_fifo_read.part.0.isra.0+0xe6>
 2000e28:	56dc                	lw	a5,44(a3)
  if (queue->length % sizeof(uint32_t) == 0) {
 2000e2a:	00377693          	andi	a3,a4,3
 2000e2e:	2781                	sext.w	a5,a5
 2000e30:	e295                	bnez	a3,2000e54 <dif_spi_host_fifo_read.part.0.isra.0+0x11a>
  __builtin_memcpy(ptr, &value, sizeof(uint32_t));
 2000e32:	970a                	add	a4,a4,sp
 2000e34:	c71c                	sw	a5,8(a4)
  queue->length -= 1;
 2000e36:	4702                	lw	a4,0(sp)
 2000e38:	270d                	addiw	a4,a4,3
 2000e3a:	bf31                	j	2000d56 <dif_spi_host_fifo_read.part.0.isra.0+0x1c>
 2000e3c:	00e10833          	add	a6,sp,a4
 2000e40:	00ee8e33          	add	t3,t4,a4
      enqueue_byte(queue, (uint8_t)data);
 2000e44:	00f80423          	sb	a5,8(a6)
    for (size_t i = 0; i < sizeof(uint32_t); ++i) {
 2000e48:	0805                	addi	a6,a6,1
      data >>= 8;
 2000e4a:	0087d79b          	srliw	a5,a5,0x8
    for (size_t i = 0; i < sizeof(uint32_t); ++i) {
 2000e4e:	ffc81be3          	bne	a6,t3,2000e44 <dif_spi_host_fifo_read.part.0.isra.0+0x10a>
 2000e52:	b7b1                	j	2000d9e <dif_spi_host_fifo_read.part.0.isra.0+0x64>
 2000e54:	00410893          	addi	a7,sp,4
 2000e58:	00e106b3          	add	a3,sp,a4
 2000e5c:	98ba                	add	a7,a7,a4
      enqueue_byte(queue, (uint8_t)data);
 2000e5e:	00f68423          	sb	a5,8(a3)
    for (size_t i = 0; i < sizeof(uint32_t); ++i) {
 2000e62:	0685                	addi	a3,a3,1
      data >>= 8;
 2000e64:	0087d79b          	srliw	a5,a5,0x8
    for (size_t i = 0; i < sizeof(uint32_t); ++i) {
 2000e68:	fed89be3          	bne	a7,a3,2000e5e <dif_spi_host_fifo_read.part.0.isra.0+0x124>
 2000e6c:	270d                	addiw	a4,a4,3
 2000e6e:	b5e5                	j	2000d56 <dif_spi_host_fifo_read.part.0.isra.0+0x1c>
 2000e70:	00053803          	ld	a6,0(a0)
  } while (rxqd == 0);
 2000e74:	65c1                	lui	a1,0x10
 2000e76:	f0058593          	addi	a1,a1,-256 # ff00 <dif_spi_host_autogen.c.3aa79438+0x46f7>
 2000e7a:	01482703          	lw	a4,20(a6)
 2000e7e:	8f6d                	and	a4,a4,a1
 2000e80:	df6d                	beqz	a4,2000e7a <dif_spi_host_fifo_read.part.0.isra.0+0x140>
 2000e82:	02c82583          	lw	a1,44(a6)
  if (queue->length % sizeof(uint32_t) == 0) {
 2000e86:	0036f713          	andi	a4,a3,3
 2000e8a:	2581                	sext.w	a1,a1
 2000e8c:	cf19                	beqz	a4,2000eaa <dif_spi_host_fifo_read.part.0.isra.0+0x170>
 2000e8e:	00410813          	addi	a6,sp,4
 2000e92:	00d10733          	add	a4,sp,a3
 2000e96:	9836                	add	a6,a6,a3
      enqueue_byte(queue, (uint8_t)data);
 2000e98:	00b70423          	sb	a1,8(a4)
    for (size_t i = 0; i < sizeof(uint32_t); ++i) {
 2000e9c:	0705                	addi	a4,a4,1
      data >>= 8;
 2000e9e:	0085d59b          	srliw	a1,a1,0x8
    for (size_t i = 0; i < sizeof(uint32_t); ++i) {
 2000ea2:	ff071be3          	bne	a4,a6,2000e98 <dif_spi_host_fifo_read.part.0.isra.0+0x15e>
 2000ea6:	268d                	addiw	a3,a3,3
 2000ea8:	bf99                	j	2000dfe <dif_spi_host_fifo_read.part.0.isra.0+0xc4>
 2000eaa:	968a                	add	a3,a3,sp
 2000eac:	c68c                	sw	a1,8(a3)
  queue->length -= 1;
 2000eae:	4682                	lw	a3,0(sp)
 2000eb0:	268d                	addiw	a3,a3,3
 2000eb2:	b7b1                	j	2000dfe <dif_spi_host_fifo_read.part.0.isra.0+0xc4>

0000000002000eb4 <issue_address.isra.0>:
static void issue_address(const dif_spi_host_t *spi_host,
 2000eb4:	1101                	addi	sp,sp,-32
 2000eb6:	e822                	sd	s0,16(sp)
 2000eb8:	ec06                	sd	ra,24(sp)
 2000eba:	842a                	mv	s0,a0
  } while (txqd == SPI_HOST_PARAM_TX_DEPTH);
 2000ebc:	04800713          	li	a4,72
 2000ec0:	485c                	lw	a5,20(s0)
 2000ec2:	0ff7f793          	zext.b	a5,a5
 2000ec6:	fee78de3          	beq	a5,a4,2000ec0 <issue_address.isra.0+0xc>
 * @param bitfield Bitfield to reverse bytes of.
 * @return `bitfield` with the order of bytes reversed.
 */
OT_WARN_UNUSED_RESULT
inline uint32_t bitfield_byteswap32(uint32_t bitfield) {
  return __builtin_bswap32(bitfield);
 2000eca:	4988                	lw	a0,16(a1)
 2000ecc:	e432                	sd	a2,8(sp)
 2000ece:	e02e                	sd	a1,0(sp)
 2000ed0:	ac0ff0ef          	jal	2000190 <__bswapsi2>
  if (segment->address.mode == kDifSpiHostAddrMode4b) {
 2000ed4:	6582                	ld	a1,0(sp)
 2000ed6:	4785                	li	a5,1
 2000ed8:	6622                	ld	a2,8(sp)
 2000eda:	45d8                	lw	a4,12(a1)
 2000edc:	02f70663          	beq	a4,a5,2000f08 <issue_address.isra.0+0x54>
    address >>= 8;
 2000ee0:	0085551b          	srliw	a0,a0,0x8
  ((volatile uint32_t *)base.base)[offset / sizeof(uint32_t)] = value;
 2000ee4:	d808                	sw	a0,48(s0)
 2000ee6:	4709                	li	a4,2
  bitfield |= (value & field.mask) << field.index;
 2000ee8:	459c                	lw	a5,8(a1)
  return bitfield_field32_write(bitfield, bitfield_bit32_to_field32(bit_index),
 2000eea:	00164613          	xori	a2,a2,1
  bitfield |= (value & field.mask) << field.index;
 2000eee:	0096161b          	slliw	a2,a2,0x9
 2000ef2:	8b8d                	andi	a5,a5,3
 2000ef4:	8e59                	or	a2,a2,a4
 2000ef6:	07aa                	slli	a5,a5,0xa
 2000ef8:	8fd1                	or	a5,a5,a2
 2000efa:	6709                	lui	a4,0x2
 2000efc:	8fd9                	or	a5,a5,a4
}
 2000efe:	60e2                	ld	ra,24(sp)
 2000f00:	d41c                	sw	a5,40(s0)
 2000f02:	6442                	ld	s0,16(sp)
 2000f04:	6105                	addi	sp,sp,32
 2000f06:	8082                	ret
 2000f08:	d808                	sw	a0,48(s0)
 2000f0a:	470d                	li	a4,3
 2000f0c:	bff1                	j	2000ee8 <issue_address.isra.0+0x34>

0000000002000f0e <__spi_sdcard_csfree>:
// Issue 8 dummy cycles on an internal dummy CS.
// This deasserts our chip select and ensures the SD card releases sd[1].
static inline int __spi_sdcard_csfree(spi_sdcard_t *handle) {
    dif_spi_host_segment_t seg = {kDifSpiHostSegmentTypeDummy,
                                  {.dummy = {.width = kDifSpiHostWidthStandard, .length = 8}}};
    return dif_spi_host_transaction(&handle->spi_host, handle->csid_dummy, &seg, 1);
 2000f0e:	495c                	lw	a5,20(a0)
                                      uint32_t csid,
                                      dif_spi_host_segment_t *segments,
                                      size_t length,
                                      int csaat) {
  // Write to chip select ID.
  mmio_region_write32(spi_host->base_addr, SPI_HOST_CSID_REG_OFFSET, csid);
 2000f10:	6118                	ld	a4,0(a0)
 2000f12:	d35c                	sw	a5,36(a4)
  return ((volatile uint32_t *)base.base)[offset / sizeof(uint32_t)];
 2000f14:	4b5c                	lw	a5,20(a4)
  return (bitfield >> field.index) & field.mask;
 2000f16:	01f7d79b          	srliw	a5,a5,0x1f
  } while (!ready);
 2000f1a:	dfed                	beqz	a5,2000f14 <__spi_sdcard_csfree+0x6>
  ((volatile uint32_t *)base.base)[offset / sizeof(uint32_t)] = value;
 2000f1c:	479d                	li	a5,7
 2000f1e:	d71c                	sw	a5,40(a4)
}
 2000f20:	4501                	li	a0,0
 2000f22:	8082                	ret

0000000002000f24 <spi_s25fs512s_single_read>:

int spi_s25fs512s_single_read(void *priv, void *buf, uint64_t addr, uint64_t len) {
    // The private pointer passed is a device handle
    spi_s25fs512s_t *handle = (spi_s25fs512s_t *)priv;
    // Top speed for the used command is 50 MHz
    CHECK_ASSERT(0x15, handle->spi_freq < 50 * 1000 * 1000)
 2000f24:	6518                	ld	a4,8(a0)
 2000f26:	02faf7b7          	lui	a5,0x2faf
 2000f2a:	07f78793          	addi	a5,a5,127 # 2faf07f <__base_axirtgrd+0xeed083>
 2000f2e:	18e7eb63          	bltu	a5,a4,20010c4 <spi_s25fs512s_single_read+0x1a0>
int spi_s25fs512s_single_read(void *priv, void *buf, uint64_t addr, uint64_t len) {
 2000f32:	7111                	addi	sp,sp,-256
 2000f34:	f1ca                	sd	s2,224(sp)
 2000f36:	fd86                	sd	ra,248(sp)
    // Copy in chunks (no alignment necessary)
    for (uint64_t offs = 0; offs < len; offs += 4 * SPI_HOST_PARAM_RX_DEPTH) {
 2000f38:	4901                	li	s2,0
 2000f3a:	14068363          	beqz	a3,2001080 <spi_s25fs512s_single_read+0x15c>
 2000f3e:	e9d2                	sd	s4,208(sp)
    dif_spi_host_segment_t segs[] = {
 2000f40:	4a05                	li	s4,1
 2000f42:	f9a2                	sd	s0,240(sp)
 2000f44:	f5a6                	sd	s1,232(sp)
 2000f46:	edce                	sd	s3,216(sp)
 2000f48:	e5d6                	sd	s5,200(sp)
 2000f4a:	e1da                	sd	s6,192(sp)
 2000f4c:	fd5e                	sd	s7,184(sp)
 2000f4e:	f962                	sd	s8,176(sp)
 2000f50:	f566                	sd	s9,168(sp)
 2000f52:	f16a                	sd	s10,160(sp)
 2000f54:	ed6e                	sd	s11,152(sp)
 2000f56:	84b6                	mv	s1,a3
 2000f58:	89b2                	mv	s3,a2
 2000f5a:	e42e                	sd	a1,8(sp)
 2000f5c:	8baa                	mv	s7,a0
 2000f5e:	020a1b13          	slli	s6,s4,0x20
 2000f62:	4acd                	li	s5,19

  // For each segment, write the segment information to the
  // COMMAND register and transmit FIFO.
  for (size_t i = 0; i < length; ++i) {
 2000f64:	440d                	li	s0,3
 2000f66:	012987bb          	addw	a5,s3,s2
 2000f6a:	c8be                	sw	a5,80(sp)
 2000f6c:	4791                	li	a5,4
 2000f6e:	d4be                	sw	a5,104(sp)
        uint64_t chunk_len = MIN(4 * SPI_HOST_PARAM_RX_DEPTH, len - offs);
        CHECK_CALL(__spi_s25fs512s_single_read_chunk(handle, (uint8_t *)buf + offs, addr + offs,
 2000f70:	67a2                	ld	a5,8(sp)
    dif_spi_host_segment_t segs[] = {
 2000f72:	cc02                	sw	zero,24(sp)
 2000f74:	03510023          	sb	s5,32(sp)
        CHECK_CALL(__spi_s25fs512s_single_read_chunk(handle, (uint8_t *)buf + offs, addr + offs,
 2000f78:	97ca                	add	a5,a5,s2
    dif_spi_host_segment_t segs[] = {
 2000f7a:	fcbe                	sd	a5,120(sp)
 2000f7c:	c0d2                	sw	s4,64(sp)
 2000f7e:	e4da                	sd	s6,72(sp)
 2000f80:	d882                	sw	zero,112(sp)
        uint64_t chunk_len = MIN(4 * SPI_HOST_PARAM_RX_DEPTH, len - offs);
 2000f82:	412487b3          	sub	a5,s1,s2
 2000f86:	10000693          	li	a3,256
 2000f8a:	00f6f363          	bgeu	a3,a5,2000f90 <spi_s25fs512s_single_read+0x6c>
 2000f8e:	87b6                	mv	a5,a3
 2000f90:	000bb503          	ld	a0,0(s7)
    dif_spi_host_segment_t segs[] = {
 2000f94:	e13e                	sd	a5,128(sp)
    CHECK_CALL(dif_spi_host_transaction(&handle->spi_host, handle->csid, segs, 3))
 2000f96:	010ba783          	lw	a5,16(s7)
 2000f9a:	01810d93          	addi	s11,sp,24
 2000f9e:	8cee                	mv	s9,s11
 2000fa0:	d15c                	sw	a5,36(a0)
 2000fa2:	4c01                	li	s8,0
    // Only signal last segment if CSAAT is not requested
    bool last_segment = !csaat && (i == length - 1);
    wait_ready(spi_host);
    dif_spi_host_segment_t *segment = &segments[i];
    switch (segment->type) {
 2000fa4:	4d09                	li	s10,2
  return ((volatile uint32_t *)base.base)[offset / sizeof(uint32_t)];
 2000fa6:	495c                	lw	a5,20(a0)
 2000fa8:	01f7d79b          	srliw	a5,a5,0x1f
  } while (!ready);
 2000fac:	dfed                	beqz	a5,2000fa6 <spi_s25fs512s_single_read+0x82>
    switch (segment->type) {
 2000fae:	000ca783          	lw	a5,0(s9)
 2000fb2:	05a78c63          	beq	a5,s10,200100a <spi_s25fs512s_single_read+0xe6>
    bool last_segment = !csaat && (i == length - 1);
 2000fb6:	ffec0613          	addi	a2,s8,-2
 2000fba:	00163613          	seqz	a2,a2
    switch (segment->type) {
 2000fbe:	00fd6e63          	bltu	s10,a5,2000fda <spi_s25fs512s_single_read+0xb6>
 2000fc2:	c7e1                	beqz	a5,200108a <spi_s25fs512s_single_read+0x166>
      case kDifSpiHostSegmentTypeOpcode:
        issue_opcode(spi_host, segment, last_segment);
        break;
      case kDifSpiHostSegmentTypeAddress:
        issue_address(spi_host, segment, last_segment);
 2000fc4:	85e6                	mv	a1,s9
 2000fc6:	eefff0ef          	jal	2000eb4 <issue_address.isra.0>
  for (size_t i = 0; i < length; ++i) {
 2000fca:	0c05                	addi	s8,s8,1
 2000fcc:	068c0463          	beq	s8,s0,2001034 <spi_s25fs512s_single_read+0x110>
 2000fd0:	000bb503          	ld	a0,0(s7)
 2000fd4:	028c8c93          	addi	s9,s9,40
 2000fd8:	b7f9                	j	2000fa6 <spi_s25fs512s_single_read+0x82>
    switch (segment->type) {
 2000fda:	37f5                	addiw	a5,a5,-3
 2000fdc:	00fd6763          	bltu	s10,a5,2000fea <spi_s25fs512s_single_read+0xc6>
        issue_dummy(spi_host, segment, last_segment);
        break;
      case kDifSpiHostSegmentTypeTx:
      case kDifSpiHostSegmentTypeRx:
      case kDifSpiHostSegmentTypeBidirectional: {
        dif_result_t error = issue_data_phase(spi_host, segment, last_segment);
 2000fe0:	85e6                	mv	a1,s9
 2000fe2:	855e                	mv	a0,s7
 2000fe4:	cc3ff0ef          	jal	2000ca6 <issue_data_phase>
        if (error != kDifOk) {
 2000fe8:	d16d                	beqz	a0,2000fca <spi_s25fs512s_single_read+0xa6>
 2000fea:	744e                	ld	s0,240(sp)
                                                     chunk_len))
    }
    // Nothing went wrong
    return 0;
}
 2000fec:	70ee                	ld	ra,248(sp)
 2000fee:	74ae                	ld	s1,232(sp)
 2000ff0:	69ee                	ld	s3,216(sp)
 2000ff2:	6a4e                	ld	s4,208(sp)
 2000ff4:	6aae                	ld	s5,200(sp)
 2000ff6:	6b0e                	ld	s6,192(sp)
 2000ff8:	7bea                	ld	s7,184(sp)
 2000ffa:	7c4a                	ld	s8,176(sp)
 2000ffc:	7caa                	ld	s9,168(sp)
 2000ffe:	7d0a                	ld	s10,160(sp)
 2001000:	6dea                	ld	s11,152(sp)
 2001002:	790e                	ld	s2,224(sp)
        CHECK_CALL(__spi_s25fs512s_single_read_chunk(handle, (uint8_t *)buf + offs, addr + offs,
 2001004:	450d                	li	a0,3
}
 2001006:	6111                	addi	sp,sp,256
 2001008:	8082                	ret
  bitfield |= (value & field.mask) << field.index;
 200100a:	008ca603          	lw	a2,8(s9)
  reg = bitfield_field32_write(reg, SPI_HOST_COMMAND_LEN_FIELD, length - 1);
 200100e:	010cd683          	lhu	a3,16(s9)
  return bitfield_field32_write(bitfield, bitfield_bit32_to_field32(bit_index),
 2001012:	ffec0793          	addi	a5,s8,-2
  bitfield |= (value & field.mask) << field.index;
 2001016:	8a0d                	andi	a2,a2,3
  return bitfield_field32_write(bitfield, bitfield_bit32_to_field32(bit_index),
 2001018:	00f037b3          	snez	a5,a5
  bitfield |= (value & field.mask) << field.index;
 200101c:	062a                	slli	a2,a2,0xa
 200101e:	0097979b          	slliw	a5,a5,0x9
 2001022:	36fd                	addiw	a3,a3,-1
 2001024:	8fd1                	or	a5,a5,a2
 2001026:	1ff6f693          	andi	a3,a3,511
 200102a:	8fd5                	or	a5,a5,a3
  ((volatile uint32_t *)base.base)[offset / sizeof(uint32_t)] = value;
 200102c:	d51c                	sw	a5,40(a0)
  for (size_t i = 0; i < length; ++i) {
 200102e:	0c05                	addi	s8,s8,1
 2001030:	fa8c10e3          	bne	s8,s0,2000fd0 <spi_s25fs512s_single_read+0xac>
 2001034:	078d8c93          	addi	s9,s11,120
  }

  // For each segment which receives data, read from the receive FIFO.
  for (size_t i = 0; i < length; ++i) {
    dif_spi_host_segment_t *segment = &segments[i];
    switch (segment->type) {
 2001038:	4c11                	li	s8,4
 200103a:	000da783          	lw	a5,0(s11)
 200103e:	07878c63          	beq	a5,s8,20010b6 <spi_s25fs512s_single_read+0x192>
 2001042:	4715                	li	a4,5
 2001044:	00e79b63          	bne	a5,a4,200105a <spi_s25fs512s_single_read+0x136>
      case kDifSpiHostSegmentTypeRx:
        spi_host_fifo_read_alias(spi_host, segment->rx.buf, segment->rx.length);
        break;
      case kDifSpiHostSegmentTypeBidirectional:
        spi_host_fifo_read_alias(spi_host, segment->bidir.rxbuf,
 2001048:	018db583          	ld	a1,24(s11)
 200104c:	020dd603          	lhu	a2,32(s11)
dif_result_t dif_spi_host_fifo_read(const dif_spi_host_t *spi_host, void *dst,
 2001050:	855e                	mv	a0,s7
  if (spi_host == NULL || (dst == NULL && len > 0)) {
 2001052:	e191                	bnez	a1,2001056 <spi_s25fs512s_single_read+0x132>
 2001054:	e219                	bnez	a2,200105a <spi_s25fs512s_single_read+0x136>
 2001056:	ce5ff0ef          	jal	2000d3a <dif_spi_host_fifo_read.part.0.isra.0>
  for (size_t i = 0; i < length; ++i) {
 200105a:	028d8d93          	addi	s11,s11,40
 200105e:	fdbc9ee3          	bne	s9,s11,200103a <spi_s25fs512s_single_read+0x116>
    for (uint64_t offs = 0; offs < len; offs += 4 * SPI_HOST_PARAM_RX_DEPTH) {
 2001062:	10090913          	addi	s2,s2,256
 2001066:	f09960e3          	bltu	s2,s1,2000f66 <spi_s25fs512s_single_read+0x42>
 200106a:	744e                	ld	s0,240(sp)
 200106c:	74ae                	ld	s1,232(sp)
 200106e:	69ee                	ld	s3,216(sp)
 2001070:	6a4e                	ld	s4,208(sp)
 2001072:	6aae                	ld	s5,200(sp)
 2001074:	6b0e                	ld	s6,192(sp)
 2001076:	7bea                	ld	s7,184(sp)
 2001078:	7c4a                	ld	s8,176(sp)
 200107a:	7caa                	ld	s9,168(sp)
 200107c:	7d0a                	ld	s10,160(sp)
 200107e:	6dea                	ld	s11,152(sp)
}
 2001080:	70ee                	ld	ra,248(sp)
 2001082:	790e                	ld	s2,224(sp)
    return 0;
 2001084:	4501                	li	a0,0
}
 2001086:	6111                	addi	sp,sp,256
 2001088:	8082                	ret
  } while (txqd == SPI_HOST_PARAM_TX_DEPTH);
 200108a:	04800693          	li	a3,72
  return ((volatile uint32_t *)base.base)[offset / sizeof(uint32_t)];
 200108e:	495c                	lw	a5,20(a0)
 2001090:	0ff7f793          	zext.b	a5,a5
 2001094:	fed78de3          	beq	a5,a3,200108e <spi_s25fs512s_single_read+0x16a>
  mmio_region_write8(spi_host->base_addr, SPI_HOST_TXDATA_REG_OFFSET,
 2001098:	008cc683          	lbu	a3,8(s9)
  return bitfield_field32_write(bitfield, bitfield_bit32_to_field32(bit_index),
 200109c:	ffec0793          	addi	a5,s8,-2
 20010a0:	00f037b3          	snez	a5,a5
  ((volatile uint8_t *)base.base)[offset / sizeof(uint8_t)] = value;
 20010a4:	02d50823          	sb	a3,48(a0)
  bitfield |= (value & field.mask) << field.index;
 20010a8:	000bb683          	ld	a3,0(s7)
 20010ac:	0107e793          	ori	a5,a5,16
 20010b0:	07a6                	slli	a5,a5,0x9
  ((volatile uint32_t *)base.base)[offset / sizeof(uint32_t)] = value;
 20010b2:	d69c                	sw	a5,40(a3)
}
 20010b4:	bf19                	j	2000fca <spi_s25fs512s_single_read+0xa6>
        spi_host_fifo_read_alias(spi_host, segment->rx.buf, segment->rx.length);
 20010b6:	010db583          	ld	a1,16(s11)
 20010ba:	018dd603          	lhu	a2,24(s11)
dif_result_t dif_spi_host_fifo_read(const dif_spi_host_t *spi_host, void *dst,
 20010be:	855e                	mv	a0,s7
  if (spi_host == NULL || (dst == NULL && len > 0)) {
 20010c0:	d9d1                	beqz	a1,2001054 <spi_s25fs512s_single_read+0x130>
 20010c2:	bf51                	j	2001056 <spi_s25fs512s_single_read+0x132>
    CHECK_ASSERT(0x15, handle->spi_freq < 50 * 1000 * 1000)
 20010c4:	4555                	li	a0,21
}
 20010c6:	8082                	ret

00000000020010c8 <dif_spi_host_transaction_csaat.constprop.0>:
                                      size_t length) {
  return spi_host_transaction(spi_host, csid, segments, length, 0);
}


dif_result_t dif_spi_host_transaction_csaat(const dif_spi_host_t *spi_host,
 20010c8:	882a                	mv	a6,a0
 20010ca:	6108                	ld	a0,0(a0)
 20010cc:	1101                	addi	sp,sp,-32
 20010ce:	ec06                	sd	ra,24(sp)
 20010d0:	8732                	mv	a4,a2
 20010d2:	d14c                	sw	a1,36(a0)
  return ((volatile uint32_t *)base.base)[offset / sizeof(uint32_t)];
 20010d4:	495c                	lw	a5,20(a0)
  return (bitfield >> field.index) & field.mask;
 20010d6:	01f7d79b          	srliw	a5,a5,0x1f
  } while (!ready);
 20010da:	dfed                	beqz	a5,20010d4 <dif_spi_host_transaction_csaat.constprop.0+0xc>
    switch (segment->type) {
 20010dc:	431c                	lw	a5,0(a4)
 20010de:	4689                	li	a3,2
 20010e0:	04d78f63          	beq	a5,a3,200113e <dif_spi_host_transaction_csaat.constprop.0+0x76>
 20010e4:	02f6ee63          	bltu	a3,a5,2001120 <dif_spi_host_transaction_csaat.constprop.0+0x58>
 20010e8:	c3c9                	beqz	a5,200116a <dif_spi_host_transaction_csaat.constprop.0+0xa2>
        issue_address(spi_host, segment, last_segment);
 20010ea:	85ba                	mv	a1,a4
 20010ec:	4601                	li	a2,0
 20010ee:	e442                	sd	a6,8(sp)
 20010f0:	e03a                	sd	a4,0(sp)
 20010f2:	dc3ff0ef          	jal	2000eb4 <issue_address.isra.0>
 20010f6:	6822                	ld	a6,8(sp)
 20010f8:	6702                	ld	a4,0(sp)
    switch (segment->type) {
 20010fa:	431c                	lw	a5,0(a4)
 20010fc:	4691                	li	a3,4
 20010fe:	06d78063          	beq	a5,a3,200115e <dif_spi_host_transaction_csaat.constprop.0+0x96>
 2001102:	4695                	li	a3,5
 2001104:	00d79a63          	bne	a5,a3,2001118 <dif_spi_host_transaction_csaat.constprop.0+0x50>
        spi_host_fifo_read_alias(spi_host, segment->bidir.rxbuf,
 2001108:	02075603          	lhu	a2,32(a4) # 2020 <gpt.c.d01acdb6-0x4842>
 200110c:	6f0c                	ld	a1,24(a4)
  if (spi_host == NULL || (dst == NULL && len > 0)) {
 200110e:	c211                	beqz	a2,2001112 <dif_spi_host_transaction_csaat.constprop.0+0x4a>
 2001110:	c581                	beqz	a1,2001118 <dif_spi_host_transaction_csaat.constprop.0+0x50>
 2001112:	8542                	mv	a0,a6
 2001114:	c27ff0ef          	jal	2000d3a <dif_spi_host_fifo_read.part.0.isra.0>
          return error;
 2001118:	4501                	li	a0,0
                                            uint32_t csid,
                                            dif_spi_host_segment_t *segments,
                                            size_t length) {
  return spi_host_transaction(spi_host, csid, segments, length, 1);
}
 200111a:	60e2                	ld	ra,24(sp)
 200111c:	6105                	addi	sp,sp,32
 200111e:	8082                	ret
    switch (segment->type) {
 2001120:	37f5                	addiw	a5,a5,-3
 2001122:	00f6ec63          	bltu	a3,a5,200113a <dif_spi_host_transaction_csaat.constprop.0+0x72>
        dif_result_t error = issue_data_phase(spi_host, segment, last_segment);
 2001126:	85ba                	mv	a1,a4
 2001128:	8542                	mv	a0,a6
 200112a:	4601                	li	a2,0
 200112c:	e43a                	sd	a4,8(sp)
 200112e:	e042                	sd	a6,0(sp)
 2001130:	b77ff0ef          	jal	2000ca6 <issue_data_phase>
        if (error != kDifOk) {
 2001134:	6802                	ld	a6,0(sp)
 2001136:	6722                	ld	a4,8(sp)
 2001138:	d169                	beqz	a0,20010fa <dif_spi_host_transaction_csaat.constprop.0+0x32>
          return error;
 200113a:	450d                	li	a0,3
 200113c:	bff9                	j	200111a <dif_spi_host_transaction_csaat.constprop.0+0x52>
  reg = bitfield_field32_write(reg, SPI_HOST_COMMAND_LEN_FIELD, length - 1);
 200113e:	01075783          	lhu	a5,16(a4)
  bitfield |= (value & field.mask) << field.index;
 2001142:	4714                	lw	a3,8(a4)
 2001144:	37fd                	addiw	a5,a5,-1
 2001146:	8a8d                	andi	a3,a3,3
 2001148:	06aa                	slli	a3,a3,0xa
 200114a:	1ff7f793          	andi	a5,a5,511
 200114e:	8fd5                	or	a5,a5,a3
 2001150:	2007e793          	ori	a5,a5,512
  ((volatile uint32_t *)base.base)[offset / sizeof(uint32_t)] = value;
 2001154:	d51c                	sw	a5,40(a0)
    switch (segment->type) {
 2001156:	431c                	lw	a5,0(a4)
 2001158:	4691                	li	a3,4
 200115a:	fad794e3          	bne	a5,a3,2001102 <dif_spi_host_transaction_csaat.constprop.0+0x3a>
        spi_host_fifo_read_alias(spi_host, segment->rx.buf, segment->rx.length);
 200115e:	01875603          	lhu	a2,24(a4)
 2001162:	6b0c                	ld	a1,16(a4)
  if (spi_host == NULL || (dst == NULL && len > 0)) {
 2001164:	d65d                	beqz	a2,2001112 <dif_spi_host_transaction_csaat.constprop.0+0x4a>
 2001166:	f5d5                	bnez	a1,2001112 <dif_spi_host_transaction_csaat.constprop.0+0x4a>
 2001168:	bf45                	j	2001118 <dif_spi_host_transaction_csaat.constprop.0+0x50>
  } while (txqd == SPI_HOST_PARAM_TX_DEPTH);
 200116a:	04800693          	li	a3,72
  return ((volatile uint32_t *)base.base)[offset / sizeof(uint32_t)];
 200116e:	495c                	lw	a5,20(a0)
 2001170:	0ff7f793          	zext.b	a5,a5
 2001174:	fed78de3          	beq	a5,a3,200116e <dif_spi_host_transaction_csaat.constprop.0+0xa6>
  mmio_region_write8(spi_host->base_addr, SPI_HOST_TXDATA_REG_OFFSET,
 2001178:	00874683          	lbu	a3,8(a4)
  ((volatile uint32_t *)base.base)[offset / sizeof(uint32_t)] = value;
 200117c:	6789                	lui	a5,0x2
 200117e:	20078793          	addi	a5,a5,512 # 2200 <gpt.c.d01acdb6-0x4662>
  ((volatile uint8_t *)base.base)[offset / sizeof(uint8_t)] = value;
 2001182:	02d50823          	sb	a3,48(a0)
 2001186:	00083683          	ld	a3,0(a6)
  ((volatile uint32_t *)base.base)[offset / sizeof(uint32_t)] = value;
 200118a:	d69c                	sw	a5,40(a3)
 200118c:	b7bd                	j	20010fa <dif_spi_host_transaction_csaat.constprop.0+0x32>

000000000200118e <__spi_sdcard_cmd>:

// Send an SD card command and obtain the data for the expected response
static inline int __spi_sdcard_cmd(spi_sdcard_t *handle, uint64_t cmd, spi_sdcard_resp_t resp,
                                   uint8_t *rdata, int csaat) {
 200118e:	7119                	addi	sp,sp,-128
 2001190:	f8a2                	sd	s0,112(sp)
 2001192:	f0ca                	sd	s2,96(sp)
 2001194:	e4d6                	sd	s5,72(sp)
 2001196:	e0da                	sd	s6,64(sp)
 2001198:	fc86                	sd	ra,120(sp)
 200119a:	e42e                	sd	a1,8(sp)
 200119c:	842a                	mv	s0,a0
 200119e:	8ab2                	mv	s5,a2
 20011a0:	8936                	mv	s2,a3
 20011a2:	8b3a                	mv	s6,a4
    uint8_t rdummy;
    // If a command is provided, Start CS phase by sending 6-byte command or a 1-byte stop tran
    if (cmd) CHECK_CALL(__spi_sdcard_xfer_csaat(handle, NULL, &cmd, cmd == 0xFD ? 1 : 6))
 20011a4:	c5b1                	beqz	a1,20011f0 <__spi_sdcard_cmd+0x62>
 20011a6:	0fd00793          	li	a5,253
 20011aa:	10f58063          	beq	a1,a5,20012aa <__spi_sdcard_cmd+0x11c>
 20011ae:	4799                	li	a5,6
    return dif_spi_host_transaction_csaat(&handle->spi_host, handle->csid, &seg, 1);
 20011b0:	480c                	lw	a1,16(s0)
        seg = (dif_spi_host_segment_t){
 20011b2:	f83e                	sd	a5,48(sp)
 20011b4:	470d                	li	a4,3
 20011b6:	003c                	addi	a5,sp,8
    return dif_spi_host_transaction_csaat(&handle->spi_host, handle->csid, &seg, 1);
 20011b8:	0830                	addi	a2,sp,24
 20011ba:	8522                	mv	a0,s0
        seg = (dif_spi_host_segment_t){
 20011bc:	d002                	sw	zero,32(sp)
 20011be:	cc3a                	sw	a4,24(sp)
 20011c0:	f43e                	sd	a5,40(sp)
    return dif_spi_host_transaction_csaat(&handle->spi_host, handle->csid, &seg, 1);
 20011c2:	f07ff0ef          	jal	20010c8 <dif_spi_host_transaction_csaat.constprop.0>
    if (cmd) CHECK_CALL(__spi_sdcard_xfer_csaat(handle, NULL, &cmd, cmd == 0xFD ? 1 : 6))
 20011c6:	e971                	bnez	a0,200129a <__spi_sdcard_cmd+0x10c>
    // If we sent CMD12, discard stuff byte after command
    if ((cmd & 0xFF) == 0x4C) CHECK_CALL(__spi_sdcard_xfer_csaat(handle, &rdummy, NULL, 1))
 20011c8:	00814703          	lbu	a4,8(sp)
 20011cc:	04c00793          	li	a5,76
 20011d0:	02f71063          	bne	a4,a5,20011f0 <__spi_sdcard_cmd+0x62>
    return dif_spi_host_transaction_csaat(&handle->spi_host, handle->csid, &seg, 1);
 20011d4:	480c                	lw	a1,16(s0)
        seg = (dif_spi_host_segment_t){
 20011d6:	4691                	li	a3,4
 20011d8:	01710713          	addi	a4,sp,23
 20011dc:	4785                	li	a5,1
    return dif_spi_host_transaction_csaat(&handle->spi_host, handle->csid, &seg, 1);
 20011de:	0830                	addi	a2,sp,24
 20011e0:	8522                	mv	a0,s0
        seg = (dif_spi_host_segment_t){
 20011e2:	d002                	sw	zero,32(sp)
 20011e4:	cc36                	sw	a3,24(sp)
 20011e6:	f43a                	sd	a4,40(sp)
 20011e8:	f83e                	sd	a5,48(sp)
    return dif_spi_host_transaction_csaat(&handle->spi_host, handle->csid, &seg, 1);
 20011ea:	edfff0ef          	jal	20010c8 <dif_spi_host_transaction_csaat.constprop.0>
    if ((cmd & 0xFF) == 0x4C) CHECK_CALL(__spi_sdcard_xfer_csaat(handle, &rdummy, NULL, 1))
 20011ee:	e555                	bnez	a0,200129a <__spi_sdcard_cmd+0x10c>
 20011f0:	f4a6                	sd	s1,104(sp)
 20011f2:	ecce                	sd	s3,88(sp)
 20011f4:	e8d2                	sd	s4,80(sp)
    if (cmd) CHECK_CALL(__spi_sdcard_xfer_csaat(handle, NULL, &cmd, cmd == 0xFD ? 1 : 6))
 20011f6:	44a1                	li	s1,8
        seg = (dif_spi_host_segment_t){
 20011f8:	4a11                	li	s4,4
 20011fa:	4985                	li	s3,1
 20011fc:	a029                	j	2001206 <__spi_sdcard_cmd+0x78>
    // Poll bytes until we get a response (i.e. most significant bit low)
    int timeout = 8;
    do CHECK_CALL(__spi_sdcard_xfer_csaat(handle, rdata, NULL, 1))
    while (--timeout && *rdata & 0x80);
 20011fe:	00090783          	lb	a5,0(s2)
 2001202:	0207d963          	bgez	a5,2001234 <__spi_sdcard_cmd+0xa6>
    return dif_spi_host_transaction_csaat(&handle->spi_host, handle->csid, &seg, 1);
 2001206:	480c                	lw	a1,16(s0)
 2001208:	0830                	addi	a2,sp,24
 200120a:	8522                	mv	a0,s0
        seg = (dif_spi_host_segment_t){
 200120c:	cc52                	sw	s4,24(sp)
 200120e:	d002                	sw	zero,32(sp)
 2001210:	f44a                	sd	s2,40(sp)
 2001212:	f84e                	sd	s3,48(sp)
    return dif_spi_host_transaction_csaat(&handle->spi_host, handle->csid, &seg, 1);
 2001214:	eb5ff0ef          	jal	20010c8 <dif_spi_host_transaction_csaat.constprop.0>
    while (--timeout && *rdata & 0x80);
 2001218:	34fd                	addiw	s1,s1,-1
    do CHECK_CALL(__spi_sdcard_xfer_csaat(handle, rdata, NULL, 1))
 200121a:	ed2d                	bnez	a0,2001294 <__spi_sdcard_cmd+0x106>
    while (--timeout && *rdata & 0x80);
 200121c:	f0ed                	bnez	s1,20011fe <__spi_sdcard_cmd+0x70>
 200121e:	74a6                	ld	s1,104(sp)
 2001220:	69e6                	ld	s3,88(sp)
 2001222:	6a46                	ld	s4,80(sp)
    if (timeout == 0) return 0x12;
 2001224:	4549                	li	a0,18
        CHECK_CALL(__spi_sdcard_xfer_csaat(handle, rdata + 1, NULL, rem_bytes))
    // Release CS and data lanes if requested
    if (!csaat) CHECK_CALL(__spi_sdcard_csfree(handle));
    // Nothing went wrong
    return 0;
}
 2001226:	70e6                	ld	ra,120(sp)
 2001228:	7446                	ld	s0,112(sp)
 200122a:	7906                	ld	s2,96(sp)
 200122c:	6aa6                	ld	s5,72(sp)
 200122e:	6b06                	ld	s6,64(sp)
 2001230:	6109                	addi	sp,sp,128
 2001232:	8082                	ret
    if (resp == kSpiSdcardRespR1b) {
 2001234:	033a8963          	beq	s5,s3,2001266 <__spi_sdcard_cmd+0xd8>
    uint64_t rem_bytes = __spi_sdcard_resp_len[resp] - 1;
 2001238:	020a9713          	slli	a4,s5,0x20
 200123c:	01d75793          	srli	a5,a4,0x1d
 2001240:	17418613          	addi	a2,gp,372 # 2001f90 <__spi_sdcard_resp_len>
 2001244:	963e                	add	a2,a2,a5
 2001246:	621c                	ld	a5,0(a2)
 2001248:	17fd                	addi	a5,a5,-1
    else if (rem_bytes)
 200124a:	e3b5                	bnez	a5,20012ae <__spi_sdcard_cmd+0x120>
    if (!csaat) CHECK_CALL(__spi_sdcard_csfree(handle));
 200124c:	060b0e63          	beqz	s6,20012c8 <__spi_sdcard_cmd+0x13a>
}
 2001250:	70e6                	ld	ra,120(sp)
 2001252:	7446                	ld	s0,112(sp)
 2001254:	74a6                	ld	s1,104(sp)
 2001256:	69e6                	ld	s3,88(sp)
 2001258:	6a46                	ld	s4,80(sp)
 200125a:	7906                	ld	s2,96(sp)
 200125c:	6aa6                	ld	s5,72(sp)
 200125e:	6b06                	ld	s6,64(sp)
    return 0;
 2001260:	4501                	li	a0,0
}
 2001262:	6109                	addi	sp,sp,128
 2001264:	8082                	ret
        timeout = __spi_sdcard_r1b_timeout;
 2001266:	64e1                	lui	s1,0x18
 2001268:	6a048493          	addi	s1,s1,1696 # 186a0 <dif_spi_host_autogen.c.3aa79438+0xce97>
        seg = (dif_spi_host_segment_t){
 200126c:	4a11                	li	s4,4
 200126e:	01710993          	addi	s3,sp,23
 2001272:	4905                	li	s2,1
 2001274:	a029                	j	200127e <__spi_sdcard_cmd+0xf0>
        while (--timeout && rdummy == 0);
 2001276:	cca9                	beqz	s1,20012d0 <__spi_sdcard_cmd+0x142>
 2001278:	01714783          	lbu	a5,23(sp)
 200127c:	fbe1                	bnez	a5,200124c <__spi_sdcard_cmd+0xbe>
    return dif_spi_host_transaction_csaat(&handle->spi_host, handle->csid, &seg, 1);
 200127e:	480c                	lw	a1,16(s0)
 2001280:	0830                	addi	a2,sp,24
 2001282:	8522                	mv	a0,s0
        seg = (dif_spi_host_segment_t){
 2001284:	cc52                	sw	s4,24(sp)
 2001286:	d002                	sw	zero,32(sp)
 2001288:	f44e                	sd	s3,40(sp)
 200128a:	f84a                	sd	s2,48(sp)
    return dif_spi_host_transaction_csaat(&handle->spi_host, handle->csid, &seg, 1);
 200128c:	e3dff0ef          	jal	20010c8 <dif_spi_host_transaction_csaat.constprop.0>
        while (--timeout && rdummy == 0);
 2001290:	34fd                	addiw	s1,s1,-1
        do CHECK_CALL(__spi_sdcard_xfer_csaat(handle, &rdummy, NULL, 1))
 2001292:	d175                	beqz	a0,2001276 <__spi_sdcard_cmd+0xe8>
 2001294:	74a6                	ld	s1,104(sp)
 2001296:	69e6                	ld	s3,88(sp)
 2001298:	6a46                	ld	s4,80(sp)
}
 200129a:	70e6                	ld	ra,120(sp)
 200129c:	7446                	ld	s0,112(sp)
 200129e:	7906                	ld	s2,96(sp)
 20012a0:	6aa6                	ld	s5,72(sp)
 20012a2:	6b06                	ld	s6,64(sp)
    if (cmd) CHECK_CALL(__spi_sdcard_xfer_csaat(handle, NULL, &cmd, cmd == 0xFD ? 1 : 6))
 20012a4:	450d                	li	a0,3
}
 20012a6:	6109                	addi	sp,sp,128
 20012a8:	8082                	ret
    if (cmd) CHECK_CALL(__spi_sdcard_xfer_csaat(handle, NULL, &cmd, cmd == 0xFD ? 1 : 6))
 20012aa:	4785                	li	a5,1
 20012ac:	b711                	j	20011b0 <__spi_sdcard_cmd+0x22>
    return dif_spi_host_transaction_csaat(&handle->spi_host, handle->csid, &seg, 1);
 20012ae:	480c                	lw	a1,16(s0)
        CHECK_CALL(__spi_sdcard_xfer_csaat(handle, rdata + 1, NULL, rem_bytes))
 20012b0:	0905                	addi	s2,s2,1
    return dif_spi_host_transaction_csaat(&handle->spi_host, handle->csid, &seg, 1);
 20012b2:	0830                	addi	a2,sp,24
 20012b4:	8522                	mv	a0,s0
        seg = (dif_spi_host_segment_t){
 20012b6:	f44a                	sd	s2,40(sp)
 20012b8:	cc52                	sw	s4,24(sp)
 20012ba:	d002                	sw	zero,32(sp)
 20012bc:	f83e                	sd	a5,48(sp)
    return dif_spi_host_transaction_csaat(&handle->spi_host, handle->csid, &seg, 1);
 20012be:	e0bff0ef          	jal	20010c8 <dif_spi_host_transaction_csaat.constprop.0>
        CHECK_CALL(__spi_sdcard_xfer_csaat(handle, rdata + 1, NULL, rem_bytes))
 20012c2:	f969                	bnez	a0,2001294 <__spi_sdcard_cmd+0x106>
    if (!csaat) CHECK_CALL(__spi_sdcard_csfree(handle));
 20012c4:	f80b16e3          	bnez	s6,2001250 <__spi_sdcard_cmd+0xc2>
 20012c8:	8522                	mv	a0,s0
 20012ca:	c45ff0ef          	jal	2000f0e <__spi_sdcard_csfree>
 20012ce:	b749                	j	2001250 <__spi_sdcard_cmd+0xc2>
        if (timeout == 0) return 0x13;
 20012d0:	74a6                	ld	s1,104(sp)
 20012d2:	69e6                	ld	s3,88(sp)
 20012d4:	6a46                	ld	s4,80(sp)
 20012d6:	454d                	li	a0,19
 20012d8:	b7b9                	j	2001226 <__spi_sdcard_cmd+0x98>

00000000020012da <__spi_sdcard_cmd_check>:

// Handle a command and check its response against an expected value or discard it
static inline int __spi_sdcard_cmd_check(spi_sdcard_t *handle, uint64_t cmd, spi_sdcard_resp_t resp,
                                         int check_exp, uint64_t exp) {
 20012da:	7179                	addi	sp,sp,-48
 20012dc:	f022                	sd	s0,32(sp)
 20012de:	e84a                	sd	s2,16(sp)
 20012e0:	8436                	mv	s0,a3
 20012e2:	893a                	mv	s2,a4
    uint64_t buf;
    CHECK_CALL(__spi_sdcard_cmd(handle, cmd, resp, (uint8_t *)&buf, 0))
 20012e4:	0034                	addi	a3,sp,8
 20012e6:	4701                	li	a4,0
                                         int check_exp, uint64_t exp) {
 20012e8:	ec26                	sd	s1,24(sp)
 20012ea:	f406                	sd	ra,40(sp)
 20012ec:	84b2                	mv	s1,a2
    CHECK_CALL(__spi_sdcard_cmd(handle, cmd, resp, (uint8_t *)&buf, 0))
 20012ee:	ea1ff0ef          	jal	200118e <__spi_sdcard_cmd>
 20012f2:	e50d                	bnez	a0,200131c <__spi_sdcard_cmd_check+0x42>
    uint64_t resp_mask = (1 << (8UL * __spi_sdcard_resp_len[resp])) - 1;
    if (check_exp && ((buf & resp_mask) != (exp & resp_mask))) return buf & resp_mask;
 20012f4:	c405                	beqz	s0,200131c <__spi_sdcard_cmd_check+0x42>
    uint64_t resp_mask = (1 << (8UL * __spi_sdcard_resp_len[resp])) - 1;
 20012f6:	02049713          	slli	a4,s1,0x20
 20012fa:	01d75793          	srli	a5,a4,0x1d
 20012fe:	17418613          	addi	a2,gp,372 # 2001f90 <__spi_sdcard_resp_len>
 2001302:	963e                	add	a2,a2,a5
 2001304:	621c                	ld	a5,0(a2)
    if (check_exp && ((buf & resp_mask) != (exp & resp_mask))) return buf & resp_mask;
 2001306:	66a2                	ld	a3,8(sp)
    uint64_t resp_mask = (1 << (8UL * __spi_sdcard_resp_len[resp])) - 1;
 2001308:	4705                	li	a4,1
 200130a:	0037979b          	slliw	a5,a5,0x3
 200130e:	00f7173b          	sllw	a4,a4,a5
 2001312:	377d                	addiw	a4,a4,-1
    if (check_exp && ((buf & resp_mask) != (exp & resp_mask))) return buf & resp_mask;
 2001314:	0126c7b3          	xor	a5,a3,s2
 2001318:	8ff9                	and	a5,a5,a4
 200131a:	e799                	bnez	a5,2001328 <__spi_sdcard_cmd_check+0x4e>
    return 0;
}
 200131c:	70a2                	ld	ra,40(sp)
 200131e:	7402                	ld	s0,32(sp)
 2001320:	64e2                	ld	s1,24(sp)
 2001322:	6942                	ld	s2,16(sp)
 2001324:	6145                	addi	sp,sp,48
 2001326:	8082                	ret
 2001328:	70a2                	ld	ra,40(sp)
 200132a:	7402                	ld	s0,32(sp)
    if (check_exp && ((buf & resp_mask) != (exp & resp_mask))) return buf & resp_mask;
 200132c:	8f75                	and	a4,a4,a3
}
 200132e:	64e2                	ld	s1,24(sp)
 2001330:	6942                	ld	s2,16(sp)
    if (check_exp && ((buf & resp_mask) != (exp & resp_mask))) return buf & resp_mask;
 2001332:	0007051b          	sext.w	a0,a4
}
 2001336:	6145                	addi	sp,sp,48
 2001338:	8082                	ret

000000000200133a <spi_sdcard_init.constprop.0>:
}

int spi_sdcard_init(spi_sdcard_t *handle, uint64_t core_freq) {
    // Check for legal arguments
    CHECK_ASSERT(0x14, handle != 0)
    CHECK_ASSERT(0x15, handle->csid < SPI_HOST_PARAM_NUM_C_S)
 200133a:	4914                	lw	a3,16(a0)
 200133c:	4309                	li	t1,2
 200133e:	06d34563          	blt	t1,a3,20013a8 <spi_sdcard_init.constprop.0+0x6e>
    CHECK_ASSERT(0x15, handle->csid_dummy < SPI_HOST_PARAM_NUM_C_S)
    CHECK_ASSERT(0x16, handle->spi_freq != 0)
 2001342:	651c                	ld	a5,8(a0)
 2001344:	1e078f63          	beqz	a5,2001542 <spi_sdcard_init.constprop.0+0x208>
    CHECK_ASSERT(0x17, handle->spi_freq <= 25 * 1000 * 1000) // Max SD spi speed is 25 MHz
 2001348:	017d8737          	lui	a4,0x17d8
 200134c:	84070713          	addi	a4,a4,-1984 # 17d7840 <__base_dma+0x7d7840>
 2001350:	1ef76563          	bltu	a4,a5,200153a <spi_sdcard_init.constprop.0+0x200>
    CHECK_ASSERT(0x18, handle->spi_freq <= core_freq)
 2001354:	1ef5e563          	bltu	a1,a5,200153e <spi_sdcard_init.constprop.0+0x204>
int spi_sdcard_init(spi_sdcard_t *handle, uint64_t core_freq) {
 2001358:	7119                	addi	sp,sp,-128
 200135a:	f8a2                	sd	s0,112(sp)
 200135c:	842a                	mv	s0,a0
 200135e:	01003517          	auipc	a0,0x1003
 2001362:	f4a6                	sd	s1,104(sp)
 2001364:	fc86                	sd	ra,120(sp)
 2001366:	ca250513          	addi	a0,a0,-862 # 3004000 <__base_spih>
 200136a:	e008                	sd	a0,0(s0)
 200136c:	ec2e                	sd	a1,24(sp)
  spi_host_reset(spi_host);
 200136e:	f036                	sd	a3,32(sp)
 2001370:	e1aff0ef          	jal	200098a <spi_host_reset.isra.0>
    mmio_region_t spi_host_base = (mmio_region_t){.base = (void *)&__base_spih};
    CHECK_CALL(dif_spi_host_init(spi_host_base, &handle->spi_host))
    // Reset SPI host
    dif_spi_host_reset(&handle->spi_host);
    // Configure SPI host for SD card
    dif_spi_host_config_t config = {// TODO: what are appropriate values for these?
 2001374:	47e2                	lw	a5,24(sp)
                                    .cpol = 0,
                                    .full_cycle = false,
                                    .peripheral_clock_freq_hz = core_freq,
                                    .spi_clock = __spi_sdcard_init_clock};
    // Configure both regular CS and dummy at same speed
    CHECK_CALL(dif_spi_host_configure_cs(&handle->spi_host, config, handle->csid))
 2001376:	7682                	ld	a3,32(sp)
 2001378:	000315b7          	lui	a1,0x31
    dif_spi_host_config_t config = {// TODO: what are appropriate values for these?
 200137c:	84be                	mv	s1,a5
    CHECK_CALL(dif_spi_host_configure_cs(&handle->spi_host, config, handle->csid))
 200137e:	e436                	sd	a3,8(sp)
 2001380:	863e                	mv	a2,a5
 2001382:	e002                	sd	zero,0(sp)
 2001384:	8522                	mv	a0,s0
 2001386:	d4058593          	addi	a1,a1,-704 # 30d40 <dif_spi_host_autogen.c.3aa79438+0x25537>
 200138a:	4881                	li	a7,0
 200138c:	4801                	li	a6,0
 200138e:	4781                	li	a5,0
 2001390:	4701                	li	a4,0
 2001392:	4681                	li	a3,0
 2001394:	e1aff0ef          	jal	20009ae <dif_spi_host_configure_cs.isra.0>
 2001398:	c919                	beqz	a0,20013ae <spi_sdcard_init.constprop.0+0x74>
 200139a:	430d                	li	t1,3
    CHECK_CALL(dif_spi_host_configure_cs(&handle->spi_host, config, handle->csid))
    CHECK_CALL(dif_spi_host_configure_cs(&handle->spi_host, config, handle->csid_dummy))
    CHECK_CALL(dif_spi_host_output_set_enabled(&handle->spi_host, 1))
    // Nothing went wrong
    return 0;
}
 200139c:	70e6                	ld	ra,120(sp)
 200139e:	7446                	ld	s0,112(sp)
 20013a0:	74a6                	ld	s1,104(sp)
 20013a2:	851a                	mv	a0,t1
 20013a4:	6109                	addi	sp,sp,128
 20013a6:	8082                	ret
    CHECK_ASSERT(0x15, handle->csid < SPI_HOST_PARAM_NUM_C_S)
 20013a8:	4355                	li	t1,21
}
 20013aa:	851a                	mv	a0,t1
 20013ac:	8082                	ret
    CHECK_CALL(dif_spi_host_configure_cs(&handle->spi_host, config, handle->csid_dummy))
 20013ae:	485c                	lw	a5,20(s0)
 20013b0:	000315b7          	lui	a1,0x31
 20013b4:	e002                	sd	zero,0(sp)
 20013b6:	e43e                	sd	a5,8(sp)
 20013b8:	d4058593          	addi	a1,a1,-704 # 30d40 <dif_spi_host_autogen.c.3aa79438+0x25537>
 20013bc:	4881                	li	a7,0
 20013be:	4801                	li	a6,0
 20013c0:	4781                	li	a5,0
 20013c2:	4701                	li	a4,0
 20013c4:	4681                	li	a3,0
 20013c6:	8626                	mv	a2,s1
 20013c8:	8522                	mv	a0,s0
 20013ca:	de4ff0ef          	jal	20009ae <dif_spi_host_configure_cs.isra.0>
 20013ce:	f571                	bnez	a0,200139a <spi_sdcard_init.constprop.0+0x60>
        seg = (dif_spi_host_segment_t){
 20013d0:	4309                	li	t1,2
 20013d2:	01003797          	auipc	a5,0x1003
 20013d6:	dc1a                	sw	t1,56(sp)
 20013d8:	c2e78793          	addi	a5,a5,-978 # 3004000 <__base_spih>
 20013dc:	80000737          	lui	a4,0x80000
 20013e0:	cb98                	sw	a4,16(a5)
  return ((volatile uint32_t *)base.base)[offset / sizeof(uint32_t)];
 20013e2:	01003797          	auipc	a5,0x1003
 20013e6:	c1e78793          	addi	a5,a5,-994 # 3004000 <__base_spih>
 20013ea:	4b98                	lw	a4,16(a5)
 20013ec:	200006b7          	lui	a3,0x20000
  ((volatile uint32_t *)base.base)[offset / sizeof(uint32_t)] = value;
 20013f0:	01003797          	auipc	a5,0x1003
 20013f4:	c1078793          	addi	a5,a5,-1008 # 3004000 <__base_spih>
 20013f8:	8f55                	or	a4,a4,a3
 20013fa:	cb98                	sw	a4,16(a5)
    return dif_spi_host_transaction_csaat(&handle->spi_host, handle->csid, &seg, 1);
 20013fc:	480c                	lw	a1,16(s0)
        seg = (dif_spi_host_segment_t){
 20013fe:	05000793          	li	a5,80
    return dif_spi_host_transaction_csaat(&handle->spi_host, handle->csid, &seg, 1);
 2001402:	1830                	addi	a2,sp,56
 2001404:	8522                	mv	a0,s0
        seg = (dif_spi_host_segment_t){
 2001406:	c082                	sw	zero,64(sp)
 2001408:	e4be                	sd	a5,72(sp)
    return dif_spi_host_transaction_csaat(&handle->spi_host, handle->csid, &seg, 1);
 200140a:	cbfff0ef          	jal	20010c8 <dif_spi_host_transaction_csaat.constprop.0>
    CHECK_CALL(__spi_sdcard_xfer_csaat(handle, NULL, NULL, 10))
 200140e:	f551                	bnez	a0,200139a <spi_sdcard_init.constprop.0+0x60>
    /*CMD0*/ CHECK_CALL(
 2001410:	09500593          	li	a1,149
 2001414:	4705                	li	a4,1
 2001416:	15a2                	slli	a1,a1,0x28
 2001418:	04058593          	addi	a1,a1,64
 200141c:	86ba                	mv	a3,a4
 200141e:	4601                	li	a2,0
 2001420:	8522                	mv	a0,s0
 2001422:	eb9ff0ef          	jal	20012da <__spi_sdcard_cmd_check>
 2001426:	832a                	mv	t1,a0
 2001428:	f935                	bnez	a0,200139c <spi_sdcard_init.constprop.0+0x62>
    /*CMD8*/ CHECK_CALL(
 200142a:	0087b5b7          	lui	a1,0x87b
 200142e:	a0158593          	addi	a1,a1,-1535 # 87aa01 <dif_spi_host_autogen.c.3aa79438+0x86f1f8>
 2001432:	0aa01737          	lui	a4,0xaa01
 2001436:	05e2                	slli	a1,a1,0x18
 2001438:	0732                	slli	a4,a4,0xc
 200143a:	04858593          	addi	a1,a1,72
 200143e:	0705                	addi	a4,a4,1 # aa01001 <__base_clic+0x2a01001>
 2001440:	4685                	li	a3,1
 2001442:	4611                	li	a2,4
 2001444:	8522                	mv	a0,s0
 2001446:	e95ff0ef          	jal	20012da <__spi_sdcard_cmd_check>
 200144a:	832a                	mv	t1,a0
 200144c:	f921                	bnez	a0,200139c <spi_sdcard_init.constprop.0+0x62>
    uint8_t ret = 1;
 200144e:	4705                	li	a4,1
 2001450:	02e10c23          	sb	a4,56(sp)
        /*CMD55*/ CHECK_CALL(
 2001454:	06500593          	li	a1,101
 2001458:	15a2                	slli	a1,a1,0x28
 200145a:	07758593          	addi	a1,a1,119
 200145e:	4701                	li	a4,0
 2001460:	4681                	li	a3,0
 2001462:	4601                	li	a2,0
 2001464:	8522                	mv	a0,s0
 2001466:	e75ff0ef          	jal	20012da <__spi_sdcard_cmd_check>
        /*ACMD41*/ CHECK_CALL(__spi_sdcard_cmd(handle, 0x770000004069UL, kSpiSdcardRespR1, &ret, 0))
 200146a:	07700593          	li	a1,119
 200146e:	05ea                	slli	a1,a1,0x1a
 2001470:	0585                	addi	a1,a1,1
        /*CMD55*/ CHECK_CALL(
 2001472:	832a                	mv	t1,a0
        /*ACMD41*/ CHECK_CALL(__spi_sdcard_cmd(handle, 0x770000004069UL, kSpiSdcardRespR1, &ret, 0))
 2001474:	05ba                	slli	a1,a1,0xe
 2001476:	4701                	li	a4,0
 2001478:	1834                	addi	a3,sp,56
 200147a:	4601                	li	a2,0
 200147c:	06958593          	addi	a1,a1,105
 2001480:	8522                	mv	a0,s0
        /*CMD55*/ CHECK_CALL(
 2001482:	f0031de3          	bnez	t1,200139c <spi_sdcard_init.constprop.0+0x62>
        /*ACMD41*/ CHECK_CALL(__spi_sdcard_cmd(handle, 0x770000004069UL, kSpiSdcardRespR1, &ret, 0))
 2001486:	d09ff0ef          	jal	200118e <__spi_sdcard_cmd>
 200148a:	832a                	mv	t1,a0
 200148c:	f00518e3          	bnez	a0,200139c <spi_sdcard_init.constprop.0+0x62>
    } while (ret);
 2001490:	03814783          	lbu	a5,56(sp)
 2001494:	f3e1                	bnez	a5,2001454 <spi_sdcard_init.constprop.0+0x11a>
    /*CMD58*/ CHECK_CALL(__spi_sdcard_cmd_check(handle, 0xFD000000007AUL, kSpiSdcardRespR3, 0, 0))
 2001496:	0fd00593          	li	a1,253
 200149a:	15a2                	slli	a1,a1,0x28
 200149c:	07a58593          	addi	a1,a1,122
 20014a0:	4701                	li	a4,0
 20014a2:	4681                	li	a3,0
 20014a4:	460d                	li	a2,3
 20014a6:	8522                	mv	a0,s0
 20014a8:	e33ff0ef          	jal	20012da <__spi_sdcard_cmd_check>
 20014ac:	832a                	mv	t1,a0
 20014ae:	ee0517e3          	bnez	a0,200139c <spi_sdcard_init.constprop.0+0x62>
    /*CMD16*/ CHECK_CALL(
 20014b2:	000a85b7          	lui	a1,0xa8
 20014b6:	0585                	addi	a1,a1,1 # a8001 <dif_spi_host_autogen.c.3aa79438+0x9c7f8>
 20014b8:	05e6                	slli	a1,a1,0x19
 20014ba:	05058593          	addi	a1,a1,80
 20014be:	4701                	li	a4,0
 20014c0:	4685                	li	a3,1
 20014c2:	4601                	li	a2,0
 20014c4:	8522                	mv	a0,s0
 20014c6:	e15ff0ef          	jal	20012da <__spi_sdcard_cmd_check>
 20014ca:	832a                	mv	t1,a0
    CHECK_CALL(__spi_sdcard_activate(handle))
 20014cc:	ec0518e3          	bnez	a0,200139c <spi_sdcard_init.constprop.0+0x62>
 20014d0:	00043e03          	ld	t3,0(s0)
  bitfield &= ~(field.mask << field.index);
 20014d4:	e0000737          	lui	a4,0xe0000
 20014d8:	177d                	addi	a4,a4,-1 # ffffffffdfffffff <__base_dram+0xffffffff5fffffff>
  return ((volatile uint32_t *)base.base)[offset / sizeof(uint32_t)];
 20014da:	010e2783          	lw	a5,16(t3)
    config.spi_clock = handle->spi_freq;
 20014de:	440c                	lw	a1,8(s0)
 20014e0:	f42a                	sd	a0,40(sp)
 20014e2:	8ff9                	and	a5,a5,a4
  ((volatile uint32_t *)base.base)[offset / sizeof(uint32_t)] = value;
 20014e4:	00fe2823          	sw	a5,16(t3)
    CHECK_CALL(dif_spi_host_configure_cs(&handle->spi_host, config, handle->csid))
 20014e8:	481c                	lw	a5,16(s0)
 20014ea:	4881                	li	a7,0
 20014ec:	e002                	sd	zero,0(sp)
 20014ee:	e43e                	sd	a5,8(sp)
 20014f0:	4801                	li	a6,0
 20014f2:	4781                	li	a5,0
 20014f4:	4701                	li	a4,0
 20014f6:	4681                	li	a3,0
 20014f8:	8626                	mv	a2,s1
 20014fa:	8522                	mv	a0,s0
 20014fc:	f072                	sd	t3,32(sp)
 20014fe:	ec2e                	sd	a1,24(sp)
 2001500:	caeff0ef          	jal	20009ae <dif_spi_host_configure_cs.isra.0>
 2001504:	e8051be3          	bnez	a0,200139a <spi_sdcard_init.constprop.0+0x60>
    CHECK_CALL(dif_spi_host_configure_cs(&handle->spi_host, config, handle->csid_dummy))
 2001508:	485c                	lw	a5,20(s0)
 200150a:	65e2                	ld	a1,24(sp)
 200150c:	8522                	mv	a0,s0
 200150e:	e43e                	sd	a5,8(sp)
 2001510:	e002                	sd	zero,0(sp)
 2001512:	8626                	mv	a2,s1
 2001514:	4881                	li	a7,0
 2001516:	4801                	li	a6,0
 2001518:	4781                	li	a5,0
 200151a:	4701                	li	a4,0
 200151c:	4681                	li	a3,0
 200151e:	c90ff0ef          	jal	20009ae <dif_spi_host_configure_cs.isra.0>
 2001522:	e6051ce3          	bnez	a0,200139a <spi_sdcard_init.constprop.0+0x60>
  return ((volatile uint32_t *)base.base)[offset / sizeof(uint32_t)];
 2001526:	7e02                	ld	t3,32(sp)
  bitfield |= (value & field.mask) << field.index;
 2001528:	20000737          	lui	a4,0x20000
 200152c:	7322                	ld	t1,40(sp)
 200152e:	010e2783          	lw	a5,16(t3)
 2001532:	8fd9                	or	a5,a5,a4
  ((volatile uint32_t *)base.base)[offset / sizeof(uint32_t)] = value;
 2001534:	00fe2823          	sw	a5,16(t3)
 2001538:	b595                	j	200139c <spi_sdcard_init.constprop.0+0x62>
    CHECK_ASSERT(0x17, handle->spi_freq <= 25 * 1000 * 1000) // Max SD spi speed is 25 MHz
 200153a:	435d                	li	t1,23
 200153c:	b5bd                	j	20013aa <spi_sdcard_init.constprop.0+0x70>
    CHECK_ASSERT(0x18, handle->spi_freq <= core_freq)
 200153e:	4361                	li	t1,24
 2001540:	b5ad                	j	20013aa <spi_sdcard_init.constprop.0+0x70>
    CHECK_ASSERT(0x16, handle->spi_freq != 0)
 2001542:	4359                	li	t1,22
 2001544:	b59d                	j	20013aa <spi_sdcard_init.constprop.0+0x70>

0000000002001546 <__spi_sdcard_read.part.0.constprop.0>:
    else
        return __spi_sdcard_csfree(handle);
}

// Read any alignment abstracted through blocks with or without CRC
static int __spi_sdcard_read(void *priv, void *buf, uint64_t addr, uint64_t len, int check_crc) {
 2001546:	d3010113          	addi	sp,sp,-720
 200154a:	29613823          	sd	s6,656(sp)
    uint8_t swap[512];
    // Handle block alignment
    if (len == 0) return 0;
    uint64_t block = addr / 512;
    uint64_t first_offs = addr % 512;
    uint64_t pte_offs = (addr + len) % 512;
 200154e:	00d60b33          	add	s6,a2,a3
static int __spi_sdcard_read(void *priv, void *buf, uint64_t addr, uint64_t len, int check_crc) {
 2001552:	29713423          	sd	s7,648(sp)
 2001556:	2c113423          	sd	ra,712(sp)
 200155a:	2b213823          	sd	s2,688(sp)
    uint64_t pte_offs = (addr + len) % 512;
 200155e:	1ffb7b13          	andi	s6,s6,511
    uint64_t first_offs = addr % 512;
 2001562:	1ff67b93          	andi	s7,a2,511
    uint64_t last_len = (pte_offs == 0) ? 512 : pte_offs;
 2001566:	000b1463          	bnez	s6,200156e <__spi_sdcard_read.part.0.constprop.0+0x28>
 200156a:	20000b13          	li	s6,512
    uint64_t len_blocks = (len + first_offs + 511) / 512;
 200156e:	1ff68913          	addi	s2,a3,511 # 200001ff <__stack_pointer$+0xfff0207>
 2001572:	995e                	add	s2,s2,s7
 2001574:	00995913          	srli	s2,s2,0x9
    if (len == 0) return 0;
 2001578:	3e090c63          	beqz	s2,2001970 <__spi_sdcard_read.part.0.constprop.0+0x42a>
 200157c:	2c813023          	sd	s0,704(sp)
 2001580:	27b13423          	sd	s11,616(sp)
    uint64_t cmd = __spi_sdcard_build_cmd((len > 1) ? 0x52 : 0x51, block);
 2001584:	4785                	li	a5,1
    uint64_t block = addr / 512;
 2001586:	8225                	srli	a2,a2,0x9
    uint64_t cmd = __spi_sdcard_build_cmd((len > 1) ? 0x52 : 0x51, block);
 2001588:	0ef90963          	beq	s2,a5,200167a <__spi_sdcard_read.part.0.constprop.0+0x134>
 200158c:	05200693          	li	a3,82
    cmd |= (((uint64_t)(arg) >> 24) & 0xff) << 8;
 2001590:	0186581b          	srliw	a6,a2,0x18
    cmd |= (((uint64_t)(arg) >> 0) & 0xff) << 32;
 2001594:	0ff67713          	zext.b	a4,a2
    cmd |= (((uint64_t)(arg) >> 16) & 0xff) << 16;
 2001598:	00ff08b7          	lui	a7,0xff0
    cmd |= (((uint64_t)(arg) >> 8) & 0xff) << 24;
 200159c:	0086579b          	srliw	a5,a2,0x8
    cmd |= (((uint64_t)(arg) >> 24) & 0xff) << 8;
 20015a0:	0822                	slli	a6,a6,0x8
    cmd |= (((uint64_t)(arg) >> 0) & 0xff) << 32;
 20015a2:	1702                	slli	a4,a4,0x20
    cmd |= (((uint64_t)(arg) >> 16) & 0xff) << 16;
 20015a4:	01167633          	and	a2,a2,a7
    cmd |= (((uint64_t)(arg) >> 0) & 0xff) << 32;
 20015a8:	00e86833          	or	a6,a6,a4
    cmd |= (((uint64_t)(arg) >> 8) & 0xff) << 24;
 20015ac:	0ff7f793          	zext.b	a5,a5
 20015b0:	07e2                	slli	a5,a5,0x18
    cmd |= (((uint64_t)(arg) >> 0) & 0xff) << 32;
 20015b2:	00c86833          	or	a6,a6,a2
 20015b6:	00f86833          	or	a6,a6,a5
 20015ba:	00d86833          	or	a6,a6,a3
 20015be:	f0c2                	sd	a6,96(sp)
 20015c0:	1094                	addi	a3,sp,96
 20015c2:	06510893          	addi	a7,sp,101
    uint8_t state = 0;
 20015c6:	4781                	li	a5,0
        state = __spi_sdcard_crc7_lookup[(data[i] ^ (state << 1)) & 0xFFU];
 20015c8:	0006c603          	lbu	a2,0(a3)
 20015cc:	0017979b          	slliw	a5,a5,0x1
 20015d0:	8fb1                	xor	a5,a5,a2
 20015d2:	0ff7f793          	zext.b	a5,a5
 20015d6:	07418713          	addi	a4,gp,116 # 2001e90 <__spi_sdcard_crc7_lookup>
 20015da:	97ba                	add	a5,a5,a4
    for (uint64_t i = 0; i < len; ++i)
 20015dc:	0685                	addi	a3,a3,1
        state = __spi_sdcard_crc7_lookup[(data[i] ^ (state << 1)) & 0xFFU];
 20015de:	0007c783          	lbu	a5,0(a5)
    for (uint64_t i = 0; i < len; ++i)
 20015e2:	ff1693e3          	bne	a3,a7,20015c8 <__spi_sdcard_read.part.0.constprop.0+0x82>
    uint64_t crcbyte = (__spi_sdcard_crc7((uint8_t *)&cmd, 5)) << 1 | 1;
 20015e6:	0017979b          	slliw	a5,a5,0x1
 20015ea:	0017e793          	ori	a5,a5,1
 20015ee:	8dae                	mv	s11,a1
    return (crcbyte << 40) | cmd;
 20015f0:	17a2                	slli	a5,a5,0x28
    return dif_spi_host_transaction_csaat(&handle->spi_host, handle->csid, &seg, 1);
 20015f2:	490c                	lw	a1,16(a0)
    return (crcbyte << 40) | cmd;
 20015f4:	0107e7b3          	or	a5,a5,a6
 20015f8:	fc3e                	sd	a5,56(sp)
        seg = (dif_spi_host_segment_t){
 20015fa:	468d                	li	a3,3
 20015fc:	1838                	addi	a4,sp,56
 20015fe:	4799                	li	a5,6
    return dif_spi_host_transaction_csaat(&handle->spi_host, handle->csid, &seg, 1);
 2001600:	1090                	addi	a2,sp,96
 2001602:	842a                	mv	s0,a0
        seg = (dif_spi_host_segment_t){
 2001604:	d482                	sw	zero,104(sp)
 2001606:	d0b6                	sw	a3,96(sp)
 2001608:	f8ba                	sd	a4,112(sp)
 200160a:	fcbe                	sd	a5,120(sp)
    return dif_spi_host_transaction_csaat(&handle->spi_host, handle->csid, &seg, 1);
 200160c:	abdff0ef          	jal	20010c8 <dif_spi_host_transaction_csaat.constprop.0>
    if (cmd) CHECK_CALL(__spi_sdcard_xfer_csaat(handle, NULL, &cmd, cmd == 0xFD ? 1 : 6))
 2001610:	22051d63          	bnez	a0,200184a <__spi_sdcard_read.part.0.constprop.0+0x304>
    if ((cmd & 0xFF) == 0x4C) CHECK_CALL(__spi_sdcard_xfer_csaat(handle, &rdummy, NULL, 1))
 2001614:	03814703          	lbu	a4,56(sp)
 2001618:	04c00793          	li	a5,76
 200161c:	26f70b63          	beq	a4,a5,2001892 <__spi_sdcard_read.part.0.constprop.0+0x34c>
 2001620:	2a913c23          	sd	s1,696(sp)
 2001624:	2b313423          	sd	s3,680(sp)
 2001628:	2b413023          	sd	s4,672(sp)
 200162c:	29513c23          	sd	s5,664(sp)
    uint8_t state = 0;
 2001630:	44a1                	li	s1,8
        seg = (dif_spi_host_segment_t){
 2001632:	4a91                	li	s5,4
 2001634:	02610a13          	addi	s4,sp,38
 2001638:	4985                	li	s3,1
 200163a:	a029                	j	2001644 <__spi_sdcard_read.part.0.constprop.0+0xfe>
    while (--timeout && *rdata & 0x80);
 200163c:	02610783          	lb	a5,38(sp)
 2001640:	0407d063          	bgez	a5,2001680 <__spi_sdcard_read.part.0.constprop.0+0x13a>
    return dif_spi_host_transaction_csaat(&handle->spi_host, handle->csid, &seg, 1);
 2001644:	480c                	lw	a1,16(s0)
 2001646:	1090                	addi	a2,sp,96
 2001648:	8522                	mv	a0,s0
        seg = (dif_spi_host_segment_t){
 200164a:	d0d6                	sw	s5,96(sp)
 200164c:	d482                	sw	zero,104(sp)
 200164e:	f8d2                	sd	s4,112(sp)
 2001650:	fcce                	sd	s3,120(sp)
    return dif_spi_host_transaction_csaat(&handle->spi_host, handle->csid, &seg, 1);
 2001652:	a77ff0ef          	jal	20010c8 <dif_spi_host_transaction_csaat.constprop.0>
    while (--timeout && *rdata & 0x80);
 2001656:	34fd                	addiw	s1,s1,-1
    do CHECK_CALL(__spi_sdcard_xfer_csaat(handle, rdata, NULL, 1))
 2001658:	1e051163          	bnez	a0,200183a <__spi_sdcard_read.part.0.constprop.0+0x2f4>
    while (--timeout && *rdata & 0x80);
 200165c:	f0e5                	bnez	s1,200163c <__spi_sdcard_read.part.0.constprop.0+0xf6>
 200165e:	2c013403          	ld	s0,704(sp)
 2001662:	2b813483          	ld	s1,696(sp)
 2001666:	2a813983          	ld	s3,680(sp)
 200166a:	2a013a03          	ld	s4,672(sp)
 200166e:	29813a83          	ld	s5,664(sp)
 2001672:	26813d83          	ld	s11,616(sp)
    CHECK_CALL(__spi_sdcard_cmd(handle, cmd, kSpiSdcardRespR1, &rx, 1))
 2001676:	4549                	li	a0,18
 2001678:	aaf1                	j	2001854 <__spi_sdcard_read.part.0.constprop.0+0x30e>
 200167a:	05100693          	li	a3,81
 200167e:	bf09                	j	2001590 <__spi_sdcard_read.part.0.constprop.0+0x4a>
 2001680:	27913c23          	sd	s9,632(sp)
 2001684:	27a13823          	sd	s10,624(sp)
 2001688:	29813023          	sd	s8,640(sp)
 200168c:	417d8d33          	sub	s10,s11,s7
 2001690:	4c81                	li	s9,0
        seg = (dif_spi_host_segment_t){
 2001692:	4a11                	li	s4,4
 2001694:	02610493          	addi	s1,sp,38
 2001698:	4985                	li	s3,1
        while (--timeout && rx == 0xFF);
 200169a:	0ff00a93          	li	s5,255
    CHECK_CALL(__spi_sdcard_cmd(handle, cmd, kSpiSdcardRespR1, &rx, 1))
 200169e:	6c61                	lui	s8,0x18
 20016a0:	6a0c0c13          	addi	s8,s8,1696 # 186a0 <dif_spi_host_autogen.c.3aa79438+0xce97>
    return dif_spi_host_transaction_csaat(&handle->spi_host, handle->csid, &seg, 1);
 20016a4:	481c                	lw	a5,16(s0)
 20016a6:	6018                	ld	a4,0(s0)
        seg = (dif_spi_host_segment_t){
 20016a8:	dc52                	sw	s4,56(sp)
 20016aa:	c082                	sw	zero,64(sp)
 20016ac:	e4a6                	sd	s1,72(sp)
 20016ae:	e8ce                	sd	s3,80(sp)
 20016b0:	d35c                	sw	a5,36(a4)
  return ((volatile uint32_t *)base.base)[offset / sizeof(uint32_t)];
 20016b2:	4b5c                	lw	a5,20(a4)
  return (bitfield >> field.index) & field.mask;
 20016b4:	01f7d79b          	srliw	a5,a5,0x1f
  } while (!ready);
 20016b8:	dfed                	beqz	a5,20016b2 <__spi_sdcard_read.part.0.constprop.0+0x16c>
        dif_result_t error = issue_data_phase(spi_host, segment, last_segment);
 20016ba:	4601                	li	a2,0
 20016bc:	182c                	addi	a1,sp,56
 20016be:	8522                	mv	a0,s0
 20016c0:	de6ff0ef          	jal	2000ca6 <issue_data_phase>
        if (error != kDifOk) {
 20016c4:	26051f63          	bnez	a0,2001942 <__spi_sdcard_read.part.0.constprop.0+0x3fc>
 20016c8:	4605                	li	a2,1
 20016ca:	85a6                	mv	a1,s1
 20016cc:	8522                	mv	a0,s0
        while (--timeout && rx == 0xFF);
 20016ce:	3c7d                	addiw	s8,s8,-1
 20016d0:	e6aff0ef          	jal	2000d3a <dif_spi_host_fifo_read.part.0.isra.0>
 20016d4:	200c0263          	beqz	s8,20018d8 <__spi_sdcard_read.part.0.constprop.0+0x392>
 20016d8:	02614783          	lbu	a5,38(sp)
 20016dc:	fd5784e3          	beq	a5,s5,20016a4 <__spi_sdcard_read.part.0.constprop.0+0x15e>
        if (rx != 0xFE) return 0x20;
 20016e0:	0fe00713          	li	a4,254
 20016e4:	28e79863          	bne	a5,a4,2001974 <__spi_sdcard_read.part.0.constprop.0+0x42e>
        int first_block = (b == 0 && first_offs != 0);
 20016e8:	001cb793          	seqz	a5,s9
 20016ec:	01703733          	snez	a4,s7
 20016f0:	8ff9                	and	a5,a5,a4
 20016f2:	e83e                	sd	a5,16(sp)
        int last_block = (b == len - 1 && last_len != 512);
 20016f4:	fff90793          	addi	a5,s2,-1
 20016f8:	17978963          	beq	a5,s9,200186a <__spi_sdcard_read.part.0.constprop.0+0x324>
        uint8_t *block_buf = (first_block || last_block) ? block_swap : block_dst;
 20016fc:	67c2                	ld	a5,16(sp)
 20016fe:	16079f63          	bnez	a5,200187c <__spi_sdcard_read.part.0.constprop.0+0x336>
 2001702:	8c6a                	mv	s8,s10
 2001704:	ec02                	sd	zero,24(sp)
 2001706:	200c0813          	addi	a6,s8,512
 200170a:	87e2                	mv	a5,s8
    else if (rx)
 200170c:	16078c63          	beqz	a5,2001884 <__spi_sdcard_read.part.0.constprop.0+0x33e>
        seg = (dif_spi_host_segment_t){
 2001710:	10000713          	li	a4,256
 2001714:	e8ba                	sd	a4,80(sp)
 2001716:	c082                	sw	zero,64(sp)
 2001718:	e4be                	sd	a5,72(sp)
 200171a:	4711                	li	a4,4
    return dif_spi_host_transaction_csaat(&handle->spi_host, handle->csid, &seg, 1);
 200171c:	480c                	lw	a1,16(s0)
 200171e:	1830                	addi	a2,sp,56
 2001720:	8522                	mv	a0,s0
 2001722:	e03e                	sd	a5,0(sp)
 2001724:	e442                	sd	a6,8(sp)
 2001726:	dc3a                	sw	a4,56(sp)
 2001728:	9a1ff0ef          	jal	20010c8 <dif_spi_host_transaction_csaat.constprop.0>
        for (uint64_t offs = 0; offs < 512; offs += 4 * SPI_HOST_PARAM_RX_DEPTH) {
 200172c:	6782                	ld	a5,0(sp)
 200172e:	10078793          	addi	a5,a5,256
            CHECK_CALL(__spi_sdcard_xfer_csaat(handle, block_buf + offs, NULL, chunk_len))
 2001732:	20051863          	bnez	a0,2001942 <__spi_sdcard_read.part.0.constprop.0+0x3fc>
        for (uint64_t offs = 0; offs < 512; offs += 4 * SPI_HOST_PARAM_RX_DEPTH) {
 2001736:	6822                	ld	a6,8(sp)
 2001738:	fd079ae3          	bne	a5,a6,200170c <__spi_sdcard_read.part.0.constprop.0+0x1c6>
        seg = (dif_spi_host_segment_t){
 200173c:	4791                	li	a5,4
    return dif_spi_host_transaction_csaat(&handle->spi_host, handle->csid, &seg, 1);
 200173e:	480c                	lw	a1,16(s0)
        seg = (dif_spi_host_segment_t){
 2001740:	dc3e                	sw	a5,56(sp)
 2001742:	181c                	addi	a5,sp,48
 2001744:	e4be                	sd	a5,72(sp)
    return dif_spi_host_transaction_csaat(&handle->spi_host, handle->csid, &seg, 1);
 2001746:	1830                	addi	a2,sp,56
        seg = (dif_spi_host_segment_t){
 2001748:	4789                	li	a5,2
    return dif_spi_host_transaction_csaat(&handle->spi_host, handle->csid, &seg, 1);
 200174a:	8522                	mv	a0,s0
 200174c:	e042                	sd	a6,0(sp)
        seg = (dif_spi_host_segment_t){
 200174e:	c082                	sw	zero,64(sp)
 2001750:	e8be                	sd	a5,80(sp)
    return dif_spi_host_transaction_csaat(&handle->spi_host, handle->csid, &seg, 1);
 2001752:	977ff0ef          	jal	20010c8 <dif_spi_host_transaction_csaat.constprop.0>
        CHECK_CALL(__spi_sdcard_xfer_csaat(handle, &crc, NULL, 2))
 2001756:	1e051663          	bnez	a0,2001942 <__spi_sdcard_read.part.0.constprop.0+0x3fc>
    uint16_t state = 0;
 200175a:	6802                	ld	a6,0(sp)
 200175c:	4701                	li	a4,0
            (__spi_sdcard_crc16_lookup[(data[i] ^ (state >> 8)) & 0xFFU] ^ (state << 8)) & 0xFFFFU;
 200175e:	000c4683          	lbu	a3,0(s8)
 2001762:	01871793          	slli	a5,a4,0x18
 2001766:	0207d613          	srli	a2,a5,0x20
 200176a:	8eb1                	xor	a3,a3,a2
 200176c:	02069613          	slli	a2,a3,0x20
 2001770:	01f65693          	srli	a3,a2,0x1f
 2001774:	e7418793          	addi	a5,gp,-396 # 2001c90 <__spi_sdcard_crc16_lookup>
 2001778:	97b6                	add	a5,a5,a3
 200177a:	0007d683          	lhu	a3,0(a5)
        state =
 200177e:	0ff77793          	zext.b	a5,a4
 2001782:	07a2                	slli	a5,a5,0x8
    for (uint64_t i = 0; i < len; ++i)
 2001784:	0c05                	addi	s8,s8,1
        state =
 2001786:	00d7c733          	xor	a4,a5,a3
    for (uint64_t i = 0; i < len; ++i)
 200178a:	fd0c1ae3          	bne	s8,a6,200175e <__spi_sdcard_read.part.0.constprop.0+0x218>
    return ((state & 0xFF) << 8) | ((state & 0xFF00) >> 8);
 200178e:	0087569b          	srliw	a3,a4,0x8
 2001792:	0087179b          	slliw	a5,a4,0x8
 2001796:	9fb5                	addw	a5,a5,a3
        if (check_crc && crc != __spi_sdcard_crc16((uint8_t *)block_buf, 512)) return 0x21;
 2001798:	03015703          	lhu	a4,48(sp)
 200179c:	17c2                	slli	a5,a5,0x30
 200179e:	93c1                	srli	a5,a5,0x30
 20017a0:	1cf71d63          	bne	a4,a5,200197a <__spi_sdcard_read.part.0.constprop.0+0x434>
        if (first_block && last_block)
 20017a4:	67e2                	ld	a5,24(sp)
 20017a6:	10078d63          	beqz	a5,20018c0 <__spi_sdcard_read.part.0.constprop.0+0x37a>
 20017aa:	67c2                	ld	a5,16(sp)
 20017ac:	10078263          	beqz	a5,20018b0 <__spi_sdcard_read.part.0.constprop.0+0x36a>
            __builtin_memcpy(block_dst + first_offs, block_swap + first_offs,
 20017b0:	108c                	addi	a1,sp,96
 20017b2:	95de                	add	a1,a1,s7
 20017b4:	417b0633          	sub	a2,s6,s7
 20017b8:	01ab8533          	add	a0,s7,s10
 20017bc:	3d6000ef          	jal	2001b92 <memcpy>
    for (uint64_t b = 0; b < len; ++b) {
 20017c0:	001c8793          	addi	a5,s9,1
 20017c4:	8cbe                	mv	s9,a5
 20017c6:	200d0d13          	addi	s10,s10,512
 20017ca:	ecf91ae3          	bne	s2,a5,200169e <__spi_sdcard_read.part.0.constprop.0+0x158>
    if (len > 1)
 20017ce:	4485                	li	s1,1
 20017d0:	16990b63          	beq	s2,s1,2001946 <__spi_sdcard_read.part.0.constprop.0+0x400>
 20017d4:	06100793          	li	a5,97
 20017d8:	17a2                	slli	a5,a5,0x28
    return dif_spi_host_transaction_csaat(&handle->spi_host, handle->csid, &seg, 1);
 20017da:	480c                	lw	a1,16(s0)
 20017dc:	04c78793          	addi	a5,a5,76
 20017e0:	f83e                	sd	a5,48(sp)
        seg = (dif_spi_host_segment_t){
 20017e2:	468d                	li	a3,3
 20017e4:	1818                	addi	a4,sp,48
 20017e6:	4799                	li	a5,6
    return dif_spi_host_transaction_csaat(&handle->spi_host, handle->csid, &seg, 1);
 20017e8:	1830                	addi	a2,sp,56
 20017ea:	8522                	mv	a0,s0
        seg = (dif_spi_host_segment_t){
 20017ec:	c082                	sw	zero,64(sp)
 20017ee:	dc36                	sw	a3,56(sp)
 20017f0:	e4ba                	sd	a4,72(sp)
 20017f2:	e8be                	sd	a5,80(sp)
    return dif_spi_host_transaction_csaat(&handle->spi_host, handle->csid, &seg, 1);
 20017f4:	8d5ff0ef          	jal	20010c8 <dif_spi_host_transaction_csaat.constprop.0>
    if (cmd) CHECK_CALL(__spi_sdcard_xfer_csaat(handle, NULL, &cmd, cmd == 0xFD ? 1 : 6))
 20017f8:	14051563          	bnez	a0,2001942 <__spi_sdcard_read.part.0.constprop.0+0x3fc>
    if ((cmd & 0xFF) == 0x4C) CHECK_CALL(__spi_sdcard_xfer_csaat(handle, &rdummy, NULL, 1))
 20017fc:	03014703          	lbu	a4,48(sp)
 2001800:	04c00793          	li	a5,76
 2001804:	16f70e63          	beq	a4,a5,2001980 <__spi_sdcard_read.part.0.constprop.0+0x43a>
        if (check_crc && crc != __spi_sdcard_crc16((uint8_t *)block_buf, 512)) return 0x21;
 2001808:	44a1                	li	s1,8
        seg = (dif_spi_host_segment_t){
 200180a:	4a11                	li	s4,4
 200180c:	02810993          	addi	s3,sp,40
 2001810:	4905                	li	s2,1
 2001812:	a029                	j	200181c <__spi_sdcard_read.part.0.constprop.0+0x2d6>
    while (--timeout && *rdata & 0x80);
 2001814:	02810783          	lb	a5,40(sp)
 2001818:	0e07de63          	bgez	a5,2001914 <__spi_sdcard_read.part.0.constprop.0+0x3ce>
    return dif_spi_host_transaction_csaat(&handle->spi_host, handle->csid, &seg, 1);
 200181c:	480c                	lw	a1,16(s0)
 200181e:	1830                	addi	a2,sp,56
 2001820:	8522                	mv	a0,s0
        seg = (dif_spi_host_segment_t){
 2001822:	dc52                	sw	s4,56(sp)
 2001824:	c082                	sw	zero,64(sp)
 2001826:	e4ce                	sd	s3,72(sp)
 2001828:	e8ca                	sd	s2,80(sp)
    return dif_spi_host_transaction_csaat(&handle->spi_host, handle->csid, &seg, 1);
 200182a:	89fff0ef          	jal	20010c8 <dif_spi_host_transaction_csaat.constprop.0>
    while (--timeout && *rdata & 0x80);
 200182e:	34fd                	addiw	s1,s1,-1
    do CHECK_CALL(__spi_sdcard_xfer_csaat(handle, rdata, NULL, 1))
 2001830:	10051963          	bnez	a0,2001942 <__spi_sdcard_read.part.0.constprop.0+0x3fc>
    while (--timeout && *rdata & 0x80);
 2001834:	f0e5                	bnez	s1,2001814 <__spi_sdcard_read.part.0.constprop.0+0x2ce>
    if (timeout == 0) return 0x12;
 2001836:	4549                	li	a0,18
 2001838:	a04d                	j	20018da <__spi_sdcard_read.part.0.constprop.0+0x394>
 200183a:	2b813483          	ld	s1,696(sp)
 200183e:	2a813983          	ld	s3,680(sp)
 2001842:	2a013a03          	ld	s4,672(sp)
 2001846:	29813a83          	ld	s5,664(sp)
    CHECK_CALL(__spi_sdcard_cmd(handle, cmd, kSpiSdcardRespR1, &rx, 1))
 200184a:	2c013403          	ld	s0,704(sp)
 200184e:	26813d83          	ld	s11,616(sp)
 2001852:	450d                	li	a0,3
    // Read blocks
    return __spi_sdcard_read_blocks((spi_sdcard_t *)priv, buf, block, len_blocks, swap, first_offs,
                                    last_len, check_crc);
}
 2001854:	2c813083          	ld	ra,712(sp)
 2001858:	2b013903          	ld	s2,688(sp)
 200185c:	29013b03          	ld	s6,656(sp)
 2001860:	28813b83          	ld	s7,648(sp)
 2001864:	2d010113          	addi	sp,sp,720
 2001868:	8082                	ret
        int last_block = (b == len - 1 && last_len != 512);
 200186a:	20000793          	li	a5,512
 200186e:	e8fb07e3          	beq	s6,a5,20016fc <__spi_sdcard_read.part.0.constprop.0+0x1b6>
 2001872:	4785                	li	a5,1
 2001874:	ec3e                	sd	a5,24(sp)
        uint8_t *block_buf = (first_block || last_block) ? block_swap : block_dst;
 2001876:	06010c13          	addi	s8,sp,96
 200187a:	b571                	j	2001706 <__spi_sdcard_read.part.0.constprop.0+0x1c0>
 200187c:	ec02                	sd	zero,24(sp)
 200187e:	06010c13          	addi	s8,sp,96
 2001882:	b551                	j	2001706 <__spi_sdcard_read.part.0.constprop.0+0x1c0>
        seg = (dif_spi_host_segment_t){
 2001884:	6705                	lui	a4,0x1
 2001886:	80070713          	addi	a4,a4,-2048 # 800 <gpt.c.d01acdb6-0x6062>
 200188a:	e4ba                	sd	a4,72(sp)
 200188c:	c082                	sw	zero,64(sp)
 200188e:	4709                	li	a4,2
 2001890:	b571                	j	200171c <__spi_sdcard_read.part.0.constprop.0+0x1d6>
    return dif_spi_host_transaction_csaat(&handle->spi_host, handle->csid, &seg, 1);
 2001892:	480c                	lw	a1,16(s0)
        seg = (dif_spi_host_segment_t){
 2001894:	4691                	li	a3,4
 2001896:	1818                	addi	a4,sp,48
 2001898:	4785                	li	a5,1
    return dif_spi_host_transaction_csaat(&handle->spi_host, handle->csid, &seg, 1);
 200189a:	1090                	addi	a2,sp,96
 200189c:	8522                	mv	a0,s0
        seg = (dif_spi_host_segment_t){
 200189e:	d482                	sw	zero,104(sp)
 20018a0:	d0b6                	sw	a3,96(sp)
 20018a2:	f8ba                	sd	a4,112(sp)
 20018a4:	fcbe                	sd	a5,120(sp)
    return dif_spi_host_transaction_csaat(&handle->spi_host, handle->csid, &seg, 1);
 20018a6:	823ff0ef          	jal	20010c8 <dif_spi_host_transaction_csaat.constprop.0>
    if ((cmd & 0xFF) == 0x4C) CHECK_CALL(__spi_sdcard_xfer_csaat(handle, &rdummy, NULL, 1))
 20018aa:	d6050be3          	beqz	a0,2001620 <__spi_sdcard_read.part.0.constprop.0+0xda>
 20018ae:	bf71                	j	200184a <__spi_sdcard_read.part.0.constprop.0+0x304>
        else if (last_block)
 20018b0:	67e2                	ld	a5,24(sp)
 20018b2:	d799                	beqz	a5,20017c0 <__spi_sdcard_read.part.0.constprop.0+0x27a>
            __builtin_memcpy(block_dst, block_swap, last_len);
 20018b4:	865a                	mv	a2,s6
 20018b6:	108c                	addi	a1,sp,96
 20018b8:	856a                	mv	a0,s10
 20018ba:	2d8000ef          	jal	2001b92 <memcpy>
 20018be:	b709                	j	20017c0 <__spi_sdcard_read.part.0.constprop.0+0x27a>
        else if (first_block)
 20018c0:	67c2                	ld	a5,16(sp)
 20018c2:	d7fd                	beqz	a5,20018b0 <__spi_sdcard_read.part.0.constprop.0+0x36a>
            __builtin_memcpy(block_dst + first_offs, block_swap + first_offs, 512 - first_offs);
 20018c4:	108c                	addi	a1,sp,96
 20018c6:	20000613          	li	a2,512
 20018ca:	41760633          	sub	a2,a2,s7
 20018ce:	95de                	add	a1,a1,s7
 20018d0:	856e                	mv	a0,s11
 20018d2:	2c0000ef          	jal	2001b92 <memcpy>
 20018d6:	b5ed                	j	20017c0 <__spi_sdcard_read.part.0.constprop.0+0x27a>
        if (timeout == 0) return 0x19;
 20018d8:	4565                	li	a0,25
 20018da:	2c013403          	ld	s0,704(sp)
}
 20018de:	2c813083          	ld	ra,712(sp)
 20018e2:	2b813483          	ld	s1,696(sp)
 20018e6:	2a813983          	ld	s3,680(sp)
 20018ea:	2a013a03          	ld	s4,672(sp)
 20018ee:	29813a83          	ld	s5,664(sp)
 20018f2:	28013c03          	ld	s8,640(sp)
 20018f6:	27813c83          	ld	s9,632(sp)
 20018fa:	27013d03          	ld	s10,624(sp)
 20018fe:	26813d83          	ld	s11,616(sp)
 2001902:	2b013903          	ld	s2,688(sp)
 2001906:	29013b03          	ld	s6,656(sp)
 200190a:	28813b83          	ld	s7,648(sp)
 200190e:	2d010113          	addi	sp,sp,720
 2001912:	8082                	ret
        timeout = __spi_sdcard_r1b_timeout;
 2001914:	64e1                	lui	s1,0x18
 2001916:	6a048493          	addi	s1,s1,1696 # 186a0 <dif_spi_host_autogen.c.3aa79438+0xce97>
        seg = (dif_spi_host_segment_t){
 200191a:	4a11                	li	s4,4
 200191c:	02710993          	addi	s3,sp,39
 2001920:	4905                	li	s2,1
 2001922:	a029                	j	200192c <__spi_sdcard_read.part.0.constprop.0+0x3e6>
        while (--timeout && rdummy == 0);
 2001924:	c0d9                	beqz	s1,20019aa <__spi_sdcard_read.part.0.constprop.0+0x464>
 2001926:	02714783          	lbu	a5,39(sp)
 200192a:	ebbd                	bnez	a5,20019a0 <__spi_sdcard_read.part.0.constprop.0+0x45a>
    return dif_spi_host_transaction_csaat(&handle->spi_host, handle->csid, &seg, 1);
 200192c:	480c                	lw	a1,16(s0)
 200192e:	1830                	addi	a2,sp,56
 2001930:	8522                	mv	a0,s0
        seg = (dif_spi_host_segment_t){
 2001932:	dc52                	sw	s4,56(sp)
 2001934:	c082                	sw	zero,64(sp)
 2001936:	e4ce                	sd	s3,72(sp)
 2001938:	e8ca                	sd	s2,80(sp)
    return dif_spi_host_transaction_csaat(&handle->spi_host, handle->csid, &seg, 1);
 200193a:	f8eff0ef          	jal	20010c8 <dif_spi_host_transaction_csaat.constprop.0>
        while (--timeout && rdummy == 0);
 200193e:	34fd                	addiw	s1,s1,-1
        do CHECK_CALL(__spi_sdcard_xfer_csaat(handle, &rdummy, NULL, 1))
 2001940:	d175                	beqz	a0,2001924 <__spi_sdcard_read.part.0.constprop.0+0x3de>
    if (cmd) CHECK_CALL(__spi_sdcard_xfer_csaat(handle, NULL, &cmd, cmd == 0xFD ? 1 : 6))
 2001942:	450d                	li	a0,3
 2001944:	bf59                	j	20018da <__spi_sdcard_read.part.0.constprop.0+0x394>
        return __spi_sdcard_csfree(handle);
 2001946:	8522                	mv	a0,s0
 2001948:	dc6ff0ef          	jal	2000f0e <__spi_sdcard_csfree>
 200194c:	2c013403          	ld	s0,704(sp)
 2001950:	2b813483          	ld	s1,696(sp)
 2001954:	2a813983          	ld	s3,680(sp)
 2001958:	2a013a03          	ld	s4,672(sp)
 200195c:	29813a83          	ld	s5,664(sp)
 2001960:	28013c03          	ld	s8,640(sp)
 2001964:	27813c83          	ld	s9,632(sp)
 2001968:	27013d03          	ld	s10,624(sp)
 200196c:	26813d83          	ld	s11,616(sp)
    if (len == 0) return 0;
 2001970:	4501                	li	a0,0
 2001972:	b5cd                	j	2001854 <__spi_sdcard_read.part.0.constprop.0+0x30e>
        if (rx != 0xFE) return 0x20;
 2001974:	02000513          	li	a0,32
 2001978:	b78d                	j	20018da <__spi_sdcard_read.part.0.constprop.0+0x394>
        if (check_crc && crc != __spi_sdcard_crc16((uint8_t *)block_buf, 512)) return 0x21;
 200197a:	02100513          	li	a0,33
 200197e:	bfb1                	j	20018da <__spi_sdcard_read.part.0.constprop.0+0x394>
    return dif_spi_host_transaction_csaat(&handle->spi_host, handle->csid, &seg, 1);
 2001980:	480c                	lw	a1,16(s0)
        seg = (dif_spi_host_segment_t){
 2001982:	4711                	li	a4,4
 2001984:	02710793          	addi	a5,sp,39
    return dif_spi_host_transaction_csaat(&handle->spi_host, handle->csid, &seg, 1);
 2001988:	1830                	addi	a2,sp,56
 200198a:	8522                	mv	a0,s0
        seg = (dif_spi_host_segment_t){
 200198c:	e8a6                	sd	s1,80(sp)
 200198e:	c082                	sw	zero,64(sp)
 2001990:	dc3a                	sw	a4,56(sp)
 2001992:	e4be                	sd	a5,72(sp)
    return dif_spi_host_transaction_csaat(&handle->spi_host, handle->csid, &seg, 1);
 2001994:	f34ff0ef          	jal	20010c8 <dif_spi_host_transaction_csaat.constprop.0>
    if ((cmd & 0xFF) == 0x4C) CHECK_CALL(__spi_sdcard_xfer_csaat(handle, &rdummy, NULL, 1))
 2001998:	e60508e3          	beqz	a0,2001808 <__spi_sdcard_read.part.0.constprop.0+0x2c2>
    if (cmd) CHECK_CALL(__spi_sdcard_xfer_csaat(handle, NULL, &cmd, cmd == 0xFD ? 1 : 6))
 200199c:	450d                	li	a0,3
 200199e:	bf35                	j	20018da <__spi_sdcard_read.part.0.constprop.0+0x394>
    if (!csaat) CHECK_CALL(__spi_sdcard_csfree(handle));
 20019a0:	8522                	mv	a0,s0
 20019a2:	d6cff0ef          	jal	2000f0e <__spi_sdcard_csfree>
    return 0;
 20019a6:	4501                	li	a0,0
 20019a8:	bf0d                	j	20018da <__spi_sdcard_read.part.0.constprop.0+0x394>
        if (timeout == 0) return 0x13;
 20019aa:	454d                	li	a0,19
 20019ac:	b73d                	j	20018da <__spi_sdcard_read.part.0.constprop.0+0x394>

00000000020019ae <spi_sdcard_read_checkcrc>:
    if (len == 0) return 0;
 20019ae:	c291                	beqz	a3,20019b2 <spi_sdcard_read_checkcrc+0x4>

int spi_sdcard_read_checkcrc(void *priv, void *buf, uint64_t addr, uint64_t len) {
 20019b0:	be59                	j	2001546 <__spi_sdcard_read.part.0.constprop.0>
    return __spi_sdcard_read(priv, buf, addr, len, 1);
}
 20019b2:	4501                	li	a0,0
 20019b4:	8082                	ret

00000000020019b6 <main>:
    CHECK_CALL(i2c_24fc1025_init(&i2c, core_freq))
    return gpt_boot_part_else_raw(i2c_24fc1025_read, &i2c, &__base_spm, __BOOT_SPM_MAX_LBAS,
                                  __BOOT_ZSL_TYPE_GUID, 0);
}

int main() {
 20019b6:	7159                	addi	sp,sp,-112
 20019b8:	e0d2                	sd	s4,64(sp)
    // Read boot mode and reference frequency
    uint32_t bootmode = *reg32(&__base_regs, CHESHIRE_BOOT_MODE_REG_OFFSET);
 20019ba:	03000a37          	lui	s4,0x3000
int main() {
 20019be:	e8ca                	sd	s2,80(sp)
    uint32_t bootmode = *reg32(&__base_regs, CHESHIRE_BOOT_MODE_REG_OFFSET);
 20019c0:	000a0913          	mv	s2,s4
int main() {
 20019c4:	f0a2                	sd	s0,96(sp)
 20019c6:	e4ce                	sd	s3,72(sp)
    uint32_t bootmode = *reg32(&__base_regs, CHESHIRE_BOOT_MODE_REG_OFFSET);
 20019c8:	04092983          	lw	s3,64(s2)
    uint32_t rtc_freq = *reg32(&__base_regs, CHESHIRE_RTC_FREQ_REG_OFFSET);
 20019cc:	04492403          	lw	s0,68(s2)
int main() {
 20019d0:	eca6                	sd	s1,88(sp)
 20019d2:	fc56                	sd	s5,56(sp)
    // Compute the boot core frequency using the reference clock
    uint64_t core_freq = clint_get_core_freq(rtc_freq, 2500);
 20019d4:	1402                	slli	s0,s0,0x20
 20019d6:	9001                	srli	s0,s0,0x20
 20019d8:	8522                	mv	a0,s0
int main() {
 20019da:	f486                	sd	ra,104(sp)
    uint32_t bootmode = *reg32(&__base_regs, CHESHIRE_BOOT_MODE_REG_OFFSET);
 20019dc:	2981                	sext.w	s3,s3
    uint64_t core_freq = clint_get_core_freq(rtc_freq, 2500);
 20019de:	809fe0ef          	jal	20001e6 <clint_get_core_freq.constprop.0>
    // In case of reentry, store return in scratch0 as is convention
    switch (bootmode) {
 20019e2:	4a89                	li	s5,2
    uint64_t core_freq = clint_get_core_freq(rtc_freq, 2500);
 20019e4:	84aa                	mv	s1,a0
    switch (bootmode) {
 20019e6:	13598163          	beq	s3,s5,2001b08 <main+0x152>
 20019ea:	093ae863          	bltu	s5,s3,2001a7a <main+0xc4>
 20019ee:	0c099463          	bnez	s3,2001ab6 <main+0x100>
    clint_spin_until((500 * rtc_freq) / (1000 * 1000) + 1);
 20019f2:	1f400513          	li	a0,500
 20019f6:	02a40533          	mul	a0,s0,a0
 20019fa:	000f47b7          	lui	a5,0xf4
 20019fe:	24078793          	addi	a5,a5,576 # f4240 <dif_spi_host_autogen.c.3aa79438+0xe8a37>
 2001a02:	02f55533          	divu	a0,a0,a5
 2001a06:	0505                	addi	a0,a0,1
 2001a08:	faefe0ef          	jal	20001b6 <clint_spin_until>
    dynamic_info.magic = FW_DYNAMIC_INFO_MAGIC_VALUE;
 2001a0c:	494257b7          	lui	a5,0x49425
 2001a10:	34f78793          	addi	a5,a5,847 # 4942534f <__stack_pointer$+0x39415357>
 2001a14:	e03e                	sd	a5,0(sp)
    dynamic_info.next_addr = FW_DYNAMIC_NEXT_ADDRESS;
 2001a16:	40100793          	li	a5,1025
 2001a1a:	07d6                	slli	a5,a5,0x15
 2001a1c:	e83e                	sd	a5,16(sp)
    dynamic_info.next_mode = FW_DYNAMIC_INFO_NEXT_MODE_S;
 2001a1e:	4785                	li	a5,1
    dynamic_info.version = FW_DYNAMIC_INFO_VERSION_MAX;
 2001a20:	e456                	sd	s5,8(sp)
    dynamic_info.next_mode = FW_DYNAMIC_INFO_NEXT_MODE_S;
 2001a22:	ec3e                	sd	a5,24(sp)
    dynamic_info.options = 0x00000000;
 2001a24:	f002                	sd	zero,32(sp)
    dynamic_info.boot_hart = BOOT_HART_ID;
 2001a26:	f402                	sd	zero,40(sp)
	__asm__ volatile("csrr %0, mhartid" : "=r"(hart_id));
 2001a28:	f14027f3          	csrr	a5,mhartid
    __asm__ volatile (
 2001a2c:	4725                	li	a4,9
	__asm__ volatile("csrr %0, mhartid" : "=r"(hart_id));
 2001a2e:	2781                	sext.w	a5,a5
    __asm__ volatile (
 2001a30:	0772                	slli	a4,a4,0x1c
 2001a32:	853e                	mv	a0,a5
 2001a34:	85ba                	mv	a1,a4
 2001a36:	860a                	mv	a2,sp
    scratch[0] = (uint32_t)(next_addr & 0xFFFFFFFF);
 2001a38:	800007b7          	lui	a5,0x80000
 2001a3c:	00fa2023          	sw	a5,0(s4) # 3000000 <__base_regs>
    uart_init(&__base_uart, core_freq, __BOOT_BAUDRATE);
 2001a40:	8526                	mv	a0,s1
    scratch[1] = (uint32_t)(next_addr >> 32);
 2001a42:	00092223          	sw	zero,4(s2)
    uart_init(&__base_uart, core_freq, __BOOT_BAUDRATE);
 2001a46:	857fe0ef          	jal	200029c <uart_init.constprop.0>
    uart_write_str(&__base_uart, "BOOTING...", 10);
 2001a4a:	e6418513          	addi	a0,gp,-412 # 2001c80 <memcpy+0xee>
 2001a4e:	45a9                	li	a1,10
 2001a50:	8cdfe0ef          	jal	200031c <uart_write_str.constprop.0>
    return boot_next_stage((void *)(uintptr_t)(((uint64_t)scratch[1] << 32) | scratch[0]));
 2001a54:	00492503          	lw	a0,4(s2)
 2001a58:	000a2783          	lw	a5,0(s4)
 2001a5c:	1502                	slli	a0,a0,0x20
 2001a5e:	1782                	slli	a5,a5,0x20
 2001a60:	9381                	srli	a5,a5,0x20
 2001a62:	8d5d                	or	a0,a0,a5
 2001a64:	e8cfe0ef          	jal	20000f0 <boot_next_stage>
    case 3:
        return boot_i2c_24fc1025(core_freq);
    default:
        return boot_passive(core_freq);
    }
}
 2001a68:	70a6                	ld	ra,104(sp)
 2001a6a:	7406                	ld	s0,96(sp)
 2001a6c:	64e6                	ld	s1,88(sp)
 2001a6e:	6946                	ld	s2,80(sp)
 2001a70:	69a6                	ld	s3,72(sp)
 2001a72:	6a06                	ld	s4,64(sp)
 2001a74:	7ae2                	ld	s5,56(sp)
 2001a76:	6165                	addi	sp,sp,112
 2001a78:	8082                	ret
    switch (bootmode) {
 2001a7a:	478d                	li	a5,3
 2001a7c:	0cf98f63          	beq	s3,a5,2001b5a <main+0x1a4>
    uart_debug_init(&__base_uart, core_freq);
 2001a80:	a63fe0ef          	jal	20004e2 <uart_debug_init.constprop.0.isra.0>
    while (!(scratch[2] & 2))
 2001a84:	00892783          	lw	a5,8(s2)
 2001a88:	8b89                	andi	a5,a5,2
 2001a8a:	0e078663          	beqz	a5,2001b76 <main+0x1c0>
    scratch[2] = 0;
 2001a8e:	00092423          	sw	zero,8(s2)
    return boot_next_stage((void *)(uintptr_t)(((uint64_t)scratch[1] << 32) | scratch[0]));
 2001a92:	00492503          	lw	a0,4(s2)
 2001a96:	000a2783          	lw	a5,0(s4)
}
 2001a9a:	7406                	ld	s0,96(sp)
 2001a9c:	70a6                	ld	ra,104(sp)
 2001a9e:	64e6                	ld	s1,88(sp)
 2001aa0:	6946                	ld	s2,80(sp)
 2001aa2:	69a6                	ld	s3,72(sp)
 2001aa4:	6a06                	ld	s4,64(sp)
 2001aa6:	7ae2                	ld	s5,56(sp)
    return boot_next_stage((void *)(uintptr_t)(((uint64_t)scratch[1] << 32) | scratch[0]));
 2001aa8:	1782                	slli	a5,a5,0x20
 2001aaa:	1502                	slli	a0,a0,0x20
 2001aac:	9381                	srli	a5,a5,0x20
 2001aae:	8d5d                	or	a0,a0,a5
}
 2001ab0:	6165                	addi	sp,sp,112
    return boot_next_stage((void *)(uintptr_t)(((uint64_t)scratch[1] << 32) | scratch[0]));
 2001ab2:	e3efe06f          	j	20000f0 <boot_next_stage>
        .spi_freq = MIN(24 * 1000 * 1000, core_freq / 2), // Up to half core freq or 24MHz (<25MHz)
 2001ab6:	02dc7737          	lui	a4,0x2dc7
 2001aba:	016e37b7          	lui	a5,0x16e3
    spi_sdcard_t device = {
 2001abe:	e002                	sd	zero,0(sp)
 2001ac0:	c802                	sw	zero,16(sp)
        .spi_freq = MIN(24 * 1000 * 1000, core_freq / 2), // Up to half core freq or 24MHz (<25MHz)
 2001ac2:	bff70713          	addi	a4,a4,-1025 # 2dc6bff <__base_axirtgrd+0xd04c03>
 2001ac6:	60078793          	addi	a5,a5,1536 # 16e3600 <__base_dma+0x6e3600>
 2001aca:	00a76463          	bltu	a4,a0,2001ad2 <main+0x11c>
 2001ace:	00155793          	srli	a5,a0,0x1
    spi_sdcard_t device = {
 2001ad2:	e43e                	sd	a5,8(sp)
    CHECK_CALL(spi_sdcard_init(&device, core_freq))
 2001ad4:	85a6                	mv	a1,s1
    spi_sdcard_t device = {
 2001ad6:	4789                	li	a5,2
    CHECK_CALL(spi_sdcard_init(&device, core_freq))
 2001ad8:	850a                	mv	a0,sp
    spi_sdcard_t device = {
 2001ada:	ca3e                	sw	a5,20(sp)
    CHECK_CALL(spi_sdcard_init(&device, core_freq))
 2001adc:	85fff0ef          	jal	200133a <spi_sdcard_init.constprop.0>
 2001ae0:	f541                	bnez	a0,2001a68 <main+0xb2>
    clint_spin_until((1000 * rtc_freq) / (1000 * 1000) + 1);
 2001ae2:	3e800513          	li	a0,1000
 2001ae6:	02a40533          	mul	a0,s0,a0
 2001aea:	000f47b7          	lui	a5,0xf4
 2001aee:	24078793          	addi	a5,a5,576 # f4240 <dif_spi_host_autogen.c.3aa79438+0xe8a37>
 2001af2:	02f55533          	divu	a0,a0,a5
 2001af6:	0505                	addi	a0,a0,1
 2001af8:	ebefe0ef          	jal	20001b6 <clint_spin_until>
    return gpt_boot_part_else_raw(spi_sdcard_read_checkcrc, &device, &__base_spm,
 2001afc:	858a                	mv	a1,sp
 2001afe:	b9218513          	addi	a0,gp,-1134 # 20019ae <spi_sdcard_read_checkcrc>
    return gpt_boot_part_else_raw(i2c_24fc1025_read, &i2c, &__base_spm, __BOOT_SPM_MAX_LBAS,
 2001b02:	f83fe0ef          	jal	2000a84 <gpt_boot_part_else_raw.constprop.0>
 2001b06:	b78d                	j	2001a68 <main+0xb2>
        .spi_freq = MIN(40 * 1000 * 1000, core_freq / 4), // Up to quarter core freq or 40MHz
 2001b08:	09896737          	lui	a4,0x9896
 2001b0c:	026267b7          	lui	a5,0x2626
    spi_s25fs512s_t device = {
 2001b10:	e002                	sd	zero,0(sp)
 2001b12:	e802                	sd	zero,16(sp)
        .spi_freq = MIN(40 * 1000 * 1000, core_freq / 4), // Up to quarter core freq or 40MHz
 2001b14:	7ff70713          	addi	a4,a4,2047 # 98967ff <__base_clic+0x18967ff>
 2001b18:	a0078793          	addi	a5,a5,-1536 # 2625a00 <__base_axirtgrd+0x563a04>
 2001b1c:	00a76463          	bltu	a4,a0,2001b24 <main+0x16e>
 2001b20:	00255793          	srli	a5,a0,0x2
    spi_s25fs512s_t device = {
 2001b24:	e43e                	sd	a5,8(sp)
    CHECK_CALL(spi_s25fs512s_init(&device, core_freq))
 2001b26:	85a6                	mv	a1,s1
    spi_s25fs512s_t device = {
 2001b28:	4785                	li	a5,1
    CHECK_CALL(spi_s25fs512s_init(&device, core_freq))
 2001b2a:	850a                	mv	a0,sp
    spi_s25fs512s_t device = {
 2001b2c:	c83e                	sw	a5,16(sp)
    CHECK_CALL(spi_s25fs512s_init(&device, core_freq))
 2001b2e:	ee1fe0ef          	jal	2000a0e <spi_s25fs512s_init.constprop.0>
 2001b32:	f91d                	bnez	a0,2001a68 <main+0xb2>
    clint_spin_until((350 * rtc_freq) / (1000 * 1000) + 1);
 2001b34:	15e00793          	li	a5,350
 2001b38:	02f40533          	mul	a0,s0,a5
 2001b3c:	000f47b7          	lui	a5,0xf4
 2001b40:	24078793          	addi	a5,a5,576 # f4240 <dif_spi_host_autogen.c.3aa79438+0xe8a37>
 2001b44:	02f55533          	divu	a0,a0,a5
 2001b48:	0505                	addi	a0,a0,1
 2001b4a:	e6cfe0ef          	jal	20001b6 <clint_spin_until>
    return gpt_boot_part_else_raw(spi_s25fs512s_single_read, &device, &__base_spm,
 2001b4e:	02001537          	lui	a0,0x2001
 2001b52:	858a                	mv	a1,sp
 2001b54:	f2450513          	addi	a0,a0,-220 # 2000f24 <spi_s25fs512s_single_read>
 2001b58:	b76d                	j	2001b02 <main+0x14c>
    CHECK_CALL(i2c_24fc1025_init(&i2c, core_freq))
 2001b5a:	85aa                	mv	a1,a0
 2001b5c:	850a                	mv	a0,sp
 2001b5e:	815fe0ef          	jal	2000372 <i2c_24fc1025_init>
 2001b62:	87aa                	mv	a5,a0
 2001b64:	4549                	li	a0,18
 2001b66:	f00791e3          	bnez	a5,2001a68 <main+0xb2>
    return gpt_boot_part_else_raw(i2c_24fc1025_read, &i2c, &__base_spm, __BOOT_SPM_MAX_LBAS,
 2001b6a:	02001537          	lui	a0,0x2001
 2001b6e:	858a                	mv	a1,sp
 2001b70:	90050513          	addi	a0,a0,-1792 # 2000900 <i2c_24fc1025_read>
 2001b74:	b779                	j	2001b02 <main+0x14c>
        if (uart_debug_check(&__base_uart)) return uart_debug_serve(&__base_uart);
 2001b76:	983fe0ef          	jal	20004f8 <uart_debug_check.constprop.0>
 2001b7a:	f00505e3          	beqz	a0,2001a84 <main+0xce>
}
 2001b7e:	7406                	ld	s0,96(sp)
 2001b80:	70a6                	ld	ra,104(sp)
 2001b82:	64e6                	ld	s1,88(sp)
 2001b84:	6946                	ld	s2,80(sp)
 2001b86:	69a6                	ld	s3,72(sp)
 2001b88:	6a06                	ld	s4,64(sp)
 2001b8a:	7ae2                	ld	s5,56(sp)
 2001b8c:	6165                	addi	sp,sp,112
        if (uart_debug_check(&__base_uart)) return uart_debug_serve(&__base_uart);
 2001b8e:	98ffe06f          	j	200051c <uart_debug_serve.constprop.0>

0000000002001b92 <memcpy>:
 2001b92:	00a5c7b3          	xor	a5,a1,a0
 2001b96:	8b9d                	andi	a5,a5,7
 2001b98:	00c508b3          	add	a7,a0,a2
 2001b9c:	e7b1                	bnez	a5,2001be8 <memcpy+0x56>
 2001b9e:	00863613          	sltiu	a2,a2,8
 2001ba2:	e239                	bnez	a2,2001be8 <memcpy+0x56>
 2001ba4:	00757793          	andi	a5,a0,7
 2001ba8:	872a                	mv	a4,a0
 2001baa:	e7cd                	bnez	a5,2001c54 <memcpy+0xc2>
 2001bac:	ff88f613          	andi	a2,a7,-8
 2001bb0:	40e606b3          	sub	a3,a2,a4
 2001bb4:	04000793          	li	a5,64
 2001bb8:	04d7c463          	blt	a5,a3,2001c00 <memcpy+0x6e>
 2001bbc:	86ae                	mv	a3,a1
 2001bbe:	87ba                	mv	a5,a4
 2001bc0:	02c77163          	bgeu	a4,a2,2001be2 <memcpy+0x50>
 2001bc4:	0006b803          	ld	a6,0(a3)
 2001bc8:	07a1                	addi	a5,a5,8
 2001bca:	06a1                	addi	a3,a3,8
 2001bcc:	ff07bc23          	sd	a6,-8(a5)
 2001bd0:	fec7eae3          	bltu	a5,a2,2001bc4 <memcpy+0x32>
 2001bd4:	167d                	addi	a2,a2,-1
 2001bd6:	8e19                	sub	a2,a2,a4
 2001bd8:	9a61                	andi	a2,a2,-8
 2001bda:	05a1                	addi	a1,a1,8
 2001bdc:	0721                	addi	a4,a4,8
 2001bde:	95b2                	add	a1,a1,a2
 2001be0:	9732                	add	a4,a4,a2
 2001be2:	01176663          	bltu	a4,a7,2001bee <memcpy+0x5c>
 2001be6:	8082                	ret
 2001be8:	872a                	mv	a4,a0
 2001bea:	ff157ee3          	bgeu	a0,a7,2001be6 <memcpy+0x54>
 2001bee:	0005c783          	lbu	a5,0(a1)
 2001bf2:	0705                	addi	a4,a4,1
 2001bf4:	0585                	addi	a1,a1,1
 2001bf6:	fef70fa3          	sb	a5,-1(a4)
 2001bfa:	fee89ae3          	bne	a7,a4,2001bee <memcpy+0x5c>
 2001bfe:	8082                	ret
 2001c00:	6194                	ld	a3,0(a1)
 2001c02:	0085b283          	ld	t0,8(a1)
 2001c06:	0105bf83          	ld	t6,16(a1)
 2001c0a:	0185bf03          	ld	t5,24(a1)
 2001c0e:	0205be83          	ld	t4,32(a1)
 2001c12:	0285be03          	ld	t3,40(a1)
 2001c16:	0305b303          	ld	t1,48(a1)
 2001c1a:	0385b803          	ld	a6,56(a1)
 2001c1e:	e314                	sd	a3,0(a4)
 2001c20:	61b4                	ld	a3,64(a1)
 2001c22:	04870713          	addi	a4,a4,72
 2001c26:	fc573023          	sd	t0,-64(a4)
 2001c2a:	fed73c23          	sd	a3,-8(a4)
 2001c2e:	fdf73423          	sd	t6,-56(a4)
 2001c32:	40e606b3          	sub	a3,a2,a4
 2001c36:	fde73823          	sd	t5,-48(a4)
 2001c3a:	fdd73c23          	sd	t4,-40(a4)
 2001c3e:	ffc73023          	sd	t3,-32(a4)
 2001c42:	fe673423          	sd	t1,-24(a4)
 2001c46:	ff073823          	sd	a6,-16(a4)
 2001c4a:	04858593          	addi	a1,a1,72
 2001c4e:	fad7c9e3          	blt	a5,a3,2001c00 <memcpy+0x6e>
 2001c52:	b7ad                	j	2001bbc <memcpy+0x2a>
 2001c54:	0005c683          	lbu	a3,0(a1)
 2001c58:	0705                	addi	a4,a4,1
 2001c5a:	00777793          	andi	a5,a4,7
 2001c5e:	fed70fa3          	sb	a3,-1(a4)
 2001c62:	0585                	addi	a1,a1,1
 2001c64:	d7a1                	beqz	a5,2001bac <memcpy+0x1a>
 2001c66:	0005c683          	lbu	a3,0(a1)
 2001c6a:	0705                	addi	a4,a4,1
 2001c6c:	00777793          	andi	a5,a4,7
 2001c70:	fed70fa3          	sb	a3,-1(a4)
 2001c74:	0585                	addi	a1,a1,1
 2001c76:	fff9                	bnez	a5,2001c54 <memcpy+0xc2>
 2001c78:	bf15                	j	2001bac <memcpy+0x1a>
